$GPGGA,080000.00,5431.79982,N,01834.80145,E,1,12,0.9,16.7,M,26.5,M,,*57
$GPRMC,080000.00,A,5431.79982,N,01834.80145,E,15.07,83.7,140625,,,A*65
$GPVTG,83.7,T,,M,15.07,N,27.90,K,A*3E
$HEHDT,83.3,T*17
$VWVHW,83.3,T,,M,14.66,N,27.14,K*47
$GPGSV,2,1,08,03,62,040,50,08,40,095,46,11,24,150,41,14,51,205,47*74
$GPGSV,2,2,08,17,68,262,49,22,21,310,41,28,07,350,37,31,55,120,48*74
$GAGSV,2,1,05,04,49,070,48,09,37,180,44,12,68,235,50,24,12,285,41*6B
$GAGSV,2,2,05,31,18,020,40*50
$GPZDA,080000.00,14,06,2025,00,00*68
$GPGGA,080001.00,5431.80055,N,01834.80751,E,1,12,0.9,16.7,M,26.5,M,,*50
$GPRMC,080001.00,A,5431.80055,N,01834.80751,E,14.96,83.9,140625,,,A*65
$GPVTG,83.9,T,,M,14.96,N,27.71,K,A*36
$HEHDT,83.7,T*13
$VWVHW,83.7,T,,M,14.56,N,26.97,K*4A
$GPGGA,080002.00,5431.80047,N,01834.81538,E,1,12,0.9,16.5,M,26.5,M,,*5E
$GPRMC,080002.00,A,5431.80047,N,01834.81538,E,15.00,83.9,140625,,,A*67
$GPVTG,83.9,T,,M,15.00,N,27.78,K,A*31
$HEHDT,83.2,T*16
$VWVHW,83.2,T,,M,14.73,N,27.28,K*4D
$GPGGA,080003.00,5431.80104,N,01834.82175,E,1,12,0.9,16.0,M,26.5,M,,*52
$GPRMC,080003.00,A,5431.80104,N,01834.82175,E,15.00,84.5,140625,,,A*65
$GPVTG,84.5,T,,M,15.00,N,27.79,K,A*3B
$HEHDT,83.3,T*17
$VWVHW,83.3,T,,M,14.67,N,27.17,K*45
$GPGGA,080004.00,5431.80120,N,01834.82906,E,1,12,0.9,15.7,M,26.5,M,,*5B
$GPRMC,080004.00,A,5431.80120,N,01834.82906,E,14.94,84.6,140625,,,A*67
$GPVTG,84.6,T,,M,14.94,N,27.67,K,A*3B
$HEHDT,83.2,T*16
$VWVHW,83.2,T,,M,14.55,N,26.95,K*4E
$GPGGA,080005.00,5431.80235,N,01834.83596,E,1,12,0.9,15.7,M,26.5,M,,*59
$GPRMC,080005.00,A,5431.80235,N,01834.83596,E,14.92,84.3,140625,,,A*66
$GPVTG,84.3,T,,M,14.92,N,27.64,K,A*3B
$HEHDT,83.2,T*16
$VWVHW,83.2,T,,M,14.58,N,27.00,K*4E
$GPGSV,2,1,08,03,62,040,50,08,40,095,46,11,24,150,41,14,51,205,47*74
$GPGSV,2,2,08,17,68,262,50,22,21,310,41,28,07,350,38,31,55,120,48*73
$GAGSV,2,1,05,04,49,070,47,09,37,180,44,12,68,235,49,24,12,285,42*6F
$GAGSV,2,2,05,31,18,020,40*50
$GPZDA,080005.00,14,06,2025,00,00*6D
$GPGGA,080006.00,5431.80272,N,01834.84329,E,1,12,0.9,16.3,M,26.5,M,,*5B
$GPRMC,080006.00,A,5431.80272,N,01834.84329,E,15.15,83.9,140625,,,A*60
$GPVTG,83.9,T,,M,15.15,N,28.06,K,A*33
$HEHDT,83.4,T*10
$VWVHW,83.4,T,,M,14.58,N,27.00,K*48
$GPGGA,080007.00,5431.80269,N,01834.84925,E,1,12,0.9,15.8,M,26.5,M,,*5E
$GPRMC,080007.00,A,5431.80269,N,01834.84925,E,15.02,84.0,140625,,,A*65
$GPVTG,84.0,T,,M,15.02,N,27.82,K,A*38
$HEHDT,82.9,T*1C
$VWVHW,82.9,T,,M,14.56,N,26.96,K*44
$GPGGA,080008.00,5431.80305,N,01834.85653,E,1,12,0.9,15.9,M,26.5,M,,*54
$GPRMC,080008.00,A,5431.80305,N,01834.85653,E,15.09,84.1,140625,,,A*64
$GPVTG,84.1,T,,M,15.09,N,27.95,K,A*34
$HEHDT,83.2,T*16
$VWVHW,83.2,T,,M,14.65,N,27.13,K*42
$GPGGA,080009.00,5431.80332,N,01834.86429,E,1,12,0.9,15.8,M,26.5,M,,*5C
$GPRMC,080009.00,A,5431.80332,N,01834.86429,E,15.14,83.9,140625,,,A*6E
$GPVTG,83.9,T,,M,15.14,N,28.04,K,A*30
$HEHDT,83.7,T*13
$VWVHW,83.7,T,,M,14.52,N,26.89,K*41
$GPGGA,080010.00,5431.80384,N,01834.87036,E,1,12,0.9,16.2,M,26.5,M,,*5B
$GPRMC,080010.00,A,5431.80384,N,01834.87036,E,15.09,84.3,140625,,,A*61
$GPVTG,84.3,T,,M,15.09,N,27.94,K,A*37
$HEHDT,83.4,T*10
$VWVHW,83.4,T,,M,14.65,N,27.13,K*44
$GPGSV,2,1,08,03,62,040,50,08,40,095,46,11,24,150,40,14,51,205,46*74
$GPGSV,2,2,08,17,68,262,48,22,21,310,41,28,07,350,38,31,55,120,48*7A
$GAGSV,2,1,05,04,49,070,46,09,37,180,45,12,68,235,50,24,12,285,41*64
$GAGSV,2,2,05,31,18,020,40*50
$GPZDA,080010.00,14,06,2025,00,00*69
$GPGGA,080011.00,5431.80432,N,01834.87867,E,1,12,0.9,15.8,M,26.5,M,,*55
$GPRMC,080011.00,A,5431.80432,N,01834.87867,E,15.15,83.7,140625,,,A*68
$GPVTG,83.7,T,,M,15.15,N,28.06,K,A*3D
$HEHDT,83.5,T*11
$VWVHW,83.5,T,,M,14.71,N,27.25,K*45
$GPGGA,080012.00,5431.80466,N,01834.88476,E,1,12,0.9,15.7,M,26.5,M,,*5B
$GPRMC,080012.00,A,5431.80466,N,01834.88476,E,15.13,84.4,140625,,,A*6B
$GPVTG,84.4,T,,M,15.13,N,28.02,K,A*3B
$HEHDT,83.3,T*17
$VWVHW,83.3,T,,M,14.79,N,27.39,K*46
$GPGGA,080013.00,5431.80528,N,01834.89232,E,1,12,0.9,15.9,M,26.5,M,,*58
$GPRMC,080013.00,A,5431.80528,N,01834.89232,E,15.10,84.8,140625,,,A*69
$GPVTG,84.8,T,,M,15.10,N,27.96,K,A*36
$HEHDT,83.3,T*17
$VWVHW,83.3,T,,M,14.75,N,27.32,K*41
$GPGGA,080014.00,5431.80547,N,01834.90000,E,1,12,0.9,15.6,M,26.5,M,,*52
$GPRMC,080014.00,A,5431.80547,N,01834.90000,E,15.04,84.3,140625,,,A*62
$GPVTG,84.3,T,,M,15.04,N,27.85,K,A*3A
$HEHDT,83.0,T*14
$VWVHW,83.0,T,,M,14.70,N,27.23,K*47
$GPGGA,080015.00,5431.80618,N,01834.90657,E,1,12,0.9,15.6,M,26.5,M,,*5E
$GPRMC,080015.00,A,5431.80618,N,01834.90657,E,14.86,84.0,140625,,,A*66
$GPVTG,84.0,T,,M,14.86,N,27.53,K,A*39
$HEHDT,83.0,T*14
$VWVHW,83.0,T,,M,14.85,N,27.51,K*48
$GPGSV,2,1,08,03,62,040,50,08,40,095,46,11,24,150,41,14,51,205,47*74
$GPGSV,2,2,08,17,68,262,47,22,21,310,41,28,07,350,37,31,55,120,48*7A
$GAGSV,2,1,05,04,49,070,48,09,37,180,45,12,68,235,50,24,12,285,41*6A
$GAGSV,2,2,05,31,18,020,40*50
$GPZDA,080015.00,14,06,2025,00,00*6C
$GPGGA,080016.00,5431.80688,N,01834.91423,E,1,12,0.9,15.4,M,26.5,M,,*56
$GPRMC,080016.00,A,5431.80688,N,01834.91423,E,14.86,84.2,140625,,,A*6E
$GPVTG,84.2,T,,M,14.86,N,27.53,K,A*3B
$HEHDT,82.8,T*1D
$VWVHW,82.8,T,,M,14.67,N,27.17,K*4F
$GPGGA,080017.00,5431.80654,N,01834.92119,E,1,12,0.9,15.7,M,26.5,M,,*5A
$GPRMC,080017.00,A,5431.80654,N,01834.92119,E,15.08,84.2,140625,,,A*66
$GPVTG,84.2,T,,M,15.08,N,27.93,K,A*30
$HEHDT,83.4,T*10
$VWVHW,83.4,T,,M,14.85,N,27.50,K*4D
$GPGGA,080018.00,5431.80735,N,01834.92830,E,1,12,0.9,15.1,M,26.5,M,,*57
$GPRMC,080018.00,A,5431.80735,N,01834.92830,E,15.08,84.0,140625,,,A*6F
$GPVTG,84.0,T,,M,15.08,N,27.93,K,A*32
$HEHDT,83.3,T*17
$VWVHW,83.3,T,,M,14.74,N,27.30,K*42
$GPGGA,080019.00,5431.80772,N,01834.93502,E,1,12,0.9,15.7,M,26.5,M,,*5E
$GPRMC,080019.00,A,5431.80772,N,01834.93502,E,14.99,84.4,140625,,,A*6D
$GPVTG,84.4,T,,M,14.99,N,27.75,K,A*37
$HEHDT,83.4,T*10
$VWVHW,83.4,T,,M,14.58,N,27.00,K*48
$GPGGA,080020.00,5431.80839,N,01834.94191,E,1,12,0.9,15.2,M,26.5,M,,*58
$GPRMC,080020.00,A,5431.80839,N,01834.94191,E,15.06,84.2,140625,,,A*6F
$GPVTG,84.2,T,,M,15.06,N,27.88,K,A*34
$HEHDT,83.5,T*11
$VWVHW,83.5,T,,M,14.63,N,27.10,K*40
$GPGSV,2,1,08,03,62,040,50,08,40,095,47,11,24,150,41,14,51,205,47*75
$GPGSV,2,2,08,17,68,262,48,22,21,310,42,28,07,350,37,31,55,120,48*76
$GAGSV,2,1,05,04,49,070,48,09,37,180,44,12,68,235,51,24,12,285,41*6A
$GAGSV,2,2,05,31,18,020,40*50
$GPZDA,080020.00,14,06,2025,00,00*6A
$GPGGA,080021.00,5431.80880,N,01834.94961,E,1,12,0.9,15.5,M,26.5,M,,*5B
$GPRMC,080021.00,A,5431.80880,N,01834.94961,E,15.00,84.3,140625,,,A*6C
$GPVTG,84.3,T,,M,15.00,N,27.78,K,A*3C
$HEHDT,83.5,T*11
$VWVHW,83.5,T,,M,14.71,N,27.25,K*45
$GPGGA,080022.00,5431.80903,N,01834.95638,E,1,12,0.9,16.1,M,26.5,M,,*57
$GPRMC,080022.00,A,5431.80903,N,01834.95638,E,14.94,84.2,140625,,,A*6A
$GPVTG,84.2,T,,M,14.94,N,27.67,K,A*3F
$HEHDT,83.0,T*14
$VWVHW,83.0,T,,M,14.72,N,27.26,K*40
$GPGGA,080023.00,5431.80955,N,01834.96449,E,1,12,0.9,15.8,M,26.5,M,,*58
$GPRMC,080023.00,A,5431.80955,N,01834.96449,E,15.10,83.4,140625,,,A*63
$GPVTG,83.4,T,,M,15.10,N,27.97,K,A*3C
$HEHDT,82.7,T*12
$VWVHW,82.7,T,,M,14.62,N,27.08,K*4B
$GPGGA,080024.00,5431.80986,N,01834.97096,E,1,12,0.9,16.2,M,26.5,M,,*5F
$GPRMC,080024.00,A,5431.80986,N,01834.97096,E,14.92,84.2,140625,,,A*67
$GPVTG,84.2,T,,M,14.92,N,27.63,K,A*3D
$HEHDT,83.2,T*16
$VWVHW,83.2,T,,M,14.68,N,27.20,K*4F
$GPGGA,080025.00,5431.81044,N,01834.97875,E,1,12,0.9,16.2,M,26.5,M,,*5D
$GPRMC,080025.00,A,5431.81044,N,01834.97875,E,15.08,83.8,140625,,,A*6A
$GPVTG,83.8,T,,M,15.08,N,27.93,K,A*3D
$HEHDT,83.0,T*14
$VWVHW,83.0,T,,M,14.74,N,27.30,K*41
$GPGSV,2,1,08,03,62,040,50,08,40,095,47,11,24,150,39,14,51,205,46*7B
$GPGSV,2,2,08,17,68,262,49,22,21,310,41,28,07,350,36,31,55,120,48*75
$GAGSV,2,1,05,04,49,070,47,09,37,180,44,12,68,235,49,24,12,285,42*6F
$GAGSV,2,2,05,31,18,020,40*50
$GPZDA,080025.00,14,06,2025,00,00*6F
$GPGGA,080026.00,5431.81085,N,01834.98584,E,1,12,0.9,16.2,M,26.5,M,,*5F
$GPRMC,080026.00,A,5431.81085,N,01834.98584,E,15.03,84.6,140625,,,A*6A
$GPVTG,84.6,T,,M,15.03,N,27.83,K,A*3E
$HEHDT,83.1,T*15
$VWVHW,83.1,T,,M,14.62,N,27.07,K*43
$GPGGA,080027.00,5431.81144,N,01834.99305,E,1,12,0.9,16.5,M,26.5,M,,*5B
$GPRMC,080027.00,A,5431.81144,N,01834.99305,E,15.11,84.1,140625,,,A*6D
$GPVTG,84.1,T,,M,15.11,N,27.98,K,A*30
$HEHDT,83.0,T*14
$VWVHW,83.0,T,,M,14.66,N,27.15,K*45
$GPGGA,080028.00,5431.81231,N,01835.00013,E,1,12,0.9,15.7,M,26.5,M,,*51
$GPRMC,080028.00,A,5431.81231,N,01835.00013,E,14.94,84.6,140625,,,A*6D
$GPVTG,84.6,T,,M,14.94,N,27.66,K,A*3A
$HEHDT,83.1,T*15
$VWVHW,83.1,T,,M,14.69,N,27.20,K*4D
$GPGGA,080029.00,5431.81243,N,01835.00740,E,1,12,1.0,15.8,M,26.5,M,,*53
$GPRMC,080029.00,A,5431.81243,N,01835.00740,E,15.09,84.0,140625,,,A*6B
$GPVTG,84.0,T,,M,15.09,N,27.94,K,A*34
$HEHDT,82.9,T*1C
$VWVHW,82.9,T,,M,14.76,N,27.34,K*4F
$GPGGA,080030.00,5431.81257,N,01835.01421,E,1,12,1.0,15.9,M,26.5,M,,*5A
$GPRMC,080030.00,A,5431.81257,N,01835.01421,E,15.17,83.9,140625,,,A*62
$GPVTG,83.9,T,,M,15.17,N,28.10,K,A*36
$HEHDT,83.2,T*16
$VWVHW,83.2,T,,M,14.70,N,27.23,K*45
$GPGSV,2,1,08,03,62,040,50,08,40,095,48,11,24,150,40,14,50,205,46*7B
$GPGSV,2,2,08,17,68,262,49,22,21,310,40,28,07,350,37,31,55,120,48*75
$GAGSV,2,1,05,04,49,070,48,09,37,180,44,12,68,235,49,24,12,285,41*63
$GAGSV,2,2,05,31,18,020,40*50
$GPZDA,080030.00,14,06,2025,00,00*6B
$GPGGA,080031.00,5431.81318,N,01835.02154,E,1,12,1.0,15.9,M,26.5,M,,*55
$GPRMC,080031.00,A,5431.81318,N,01835.02154,E,15.12,84.1,140625,,,A*67
$GPVTG,84.1,T,,M,15.12,N,28.00,K,A*3D
$HEHDT,83.3,T*17
$VWVHW,83.3,T,,M,14.75,N,27.32,K*41
$GPGGA,080032.00,5431.81425,N,01835.02909,E,1,12,1.0,15.7,M,26.5,M,,*51
$GPRMC,080032.00,A,5431.81425,N,01835.02909,E,14.99,83.8,140625,,,A*61
$GPVTG,83.8,T,,M,14.99,N,27.76,K,A*3F
$HEHDT,83.7,T*13
$VWVHW,83.7,T,,M,14.65,N,27.13,K*47
$GPGGA,080033.00,5431.81405,N,01835.03614,E,1,12,1.0,15.7,M,26.5,M,,*50
$GPRMC,080033.00,A,5431.81405,N,01835.03614,E,15.08,84.5,140625,,,A*63
$GPVTG,84.5,T,,M,15.08,N,27.94,K,A*30
$HEHDT,83.5,T*11
$VWVHW,83.5,T,,M,14.74,N,27.30,K*44
$GPGGA,080034.00,5431.81512,N,01835.04310,E,1,12,1.0,15.9,M,26.5,M,,*58
$GPRMC,080034.00,A,5431.81512,N,01835.04310,E,15.25,83.7,140625,,,A*6F
$GPVTG,83.7,T,,M,15.25,N,28.24,K,A*3E
$HEHDT,83.6,T*12
$VWVHW,83.6,T,,M,14.74,N,27.29,K*4F
$GPGGA,080035.00,5431.81540,N,01835.05034,E,1,12,1.0,15.7,M,26.5,M,,*54
$GPRMC,080035.00,A,5431.81540,N,01835.05034,E,15.18,84.3,140625,,,A*60
$GPVTG,84.3,T,,M,15.18,N,28.11,K,A*35
$HEHDT,83.0,T*14
$VWVHW,83.0,T,,M,14.71,N,27.25,K*40
$GPGSV,2,1,08,03,62,040,50,08,40,095,45,11,24,150,40,14,50,205,47*77
$GPGSV,2,2,08,17,68,262,49,22,21,310,41,28,07,350,36,31,55,120,48*75
$GAGSV,2,1,05,04,49,070,49,09,37,180,44,12,68,235,49,24,12,285,41*62
$GAGSV,2,2,05,31,18,020,41*51
$GPZDA,080035.00,14,06,2025,00,00*6E
$GPGGA,080036.00,5431.81547,N,01835.05661,E,1,12,1.0,16.2,M,26.5,M,,*50
$GPRMC,080036.00,A,5431.81547,N,01835.05661,E,15.09,84.2,140625,,,A*63
$GPVTG,84.2,T,,M,15.09,N,27.96,K,A*34
$HEHDT,83.3,T*17
$VWVHW,83.3,T,,M,14.77,N,27.36,K*47
$GPGGA,080037.00,5431.81554,N,01835.06419,E,1,12,1.0,16.2,M,26.5,M,,*5D
$GPRMC,080037.00,A,5431.81554,N,01835.06419,E,15.13,84.4,140625,,,A*63
$GPVTG,84.4,T,,M,15.13,N,28.03,K,A*3A
$HEHDT,83.4,T*10
$VWVHW,83.4,T,,M,14.74,N,27.29,K*4D
$GPGGA,080038.00,5431.81640,N,01835.07106,E,1,12,1.0,15.6,M,26.5,M,,*59
$GPRMC,080038.00,A,5431.81640,N,01835.07106,E,15.12,83.9,140625,,,A*6B
$GPVTG,83.9,T,,M,15.12,N,28.00,K,A*32
$HEHDT,83.3,T*17
$VWVHW,83.3,T,,M,14.88,N,27.56,K*41
$GPGGA,080039.00,5431.81648,N,01835.07919,E,1,12,1.0,15.9,M,26.5,M,,*59
$GPRMC,080039.00,A,5431.81648,N,01835.07919,E,15.08,84.5,140625,,,A*64
$GPVTG,84.5,T,,M,15.08,N,27.93,K,A*37
$HEHDT,83.3,T*17
$VWVHW,83.3,T,,M,14.71,N,27.25,K*43
$GPGGA,080040.00,5431.81726,N,01835.08555,E,1,12,1.0,15.2,M,26.5,M,,*5E
$GPRMC,080040.00,A,5431.81726,N,01835.08555,E,15.16,84.3,140625,,,A*61
$GPVTG,84.3,T,,M,15.16,N,28.07,K,A*3C
$HEHDT,83.3,T*17
$VWVHW,83.3,T,,M,14.82,N,27.45,K*49
$GPGSV,2,1,08,03,62,040,50,08,40,095,46,11,24,150,39,14,50,205,46*7B
$GPGSV,2,2,08,17,68,262,48,22,21,310,41,28,07,350,35,31,55,120,49*76
$GAGSV,2,1,05,04,49,070,47,09,37,180,45,12,68,235,48,24,12,285,40*6D
$GAGSV,2,2,05,31,18,020,40*50
$GPZDA,080040.00,14,06,2025,00,00*6C
$GPGGA,080041.00,5431.81715,N,01835.09337,E,1,12,1.0,16.2,M,26.5,M,,*5F
$GPRMC,080041.00,A,5431.81715,N,01835.09337,E,15.12,84.1,140625,,,A*65
$GPVTG,84.1,T,,M,15.12,N,28.00,K,A*3D
$HEHDT,83.3,T*17
$VWVHW,83.3,T,,M,14.94,N,27.67,K*4E
$GPGGA,080042.00,5431.81785,N,01835.10082,E,1,12,1.0,15.9,M,26.5,M,,*58
$GPRMC,080042.00,A,5431.81785,N,01835.10082,E,15.17,84.0,140625,,,A*6E
$GPVTG,84.0,T,,M,15.17,N,28.10,K,A*38
$HEHDT,83.0,T*14
$VWVHW,83.0,T,,M,14.92,N,27.62,K*4E
$GPGGA,080043.00,5431.81831,N,01835.10781,E,1,12,1.0,16.8,M,26.5,M,,*5F
$GPRMC,080043.00,A,5431.81831,N,01835.10781,E,15.05,84.6,140625,,,A*6E
$GPVTG,84.6,T,,M,15.05,N,27.87,K,A*3C
$HEHDT,82.9,T*1C
$VWVHW,82.9,T,,M,14.71,N,27.25,K*48
$GPGGA,080044.00,5431.81796,N,01835.11565,E,1,12,1.0,16.7,M,26.5,M,,*5C
$GPRMC,080044.00,A,5431.81796,N,01835.11565,E,15.24,83.4,140625,,,A*64
$GPVTG,83.4,T,,M,15.24,N,28.23,K,A*3B
$HEHDT,83.1,T*15
$VWVHW,83.1,T,,M,14.62,N,27.08,K*4C
$GPGGA,080045.00,5431.81916,N,01835.12260,E,1,12,1.0,17.1,M,26.5,M,,*5D
$GPRMC,080045.00,A,5431.81916,N,01835.12260,E,15.14,83.7,140625,,,A*62
$GPVTG,83.7,T,,M,15.14,N,28.03,K,A*39
$HEHDT,83.1,T*15
$VWVHW,83.1,T,,M,14.86,N,27.52,K*49
$GPGSV,2,1,08,03,62,040,51,08,40,095,46,11,24,150,40,14,50,205,46*74
$GPGSV,2,2,08,17,68,262,49,22,21,310,42,28,07,350,36,31,55,120,49*77
$GAGSV,2,1,05,04,49,070,46,09,37,180,46,12,68,235,49,24,12,285,41*6F
$GAGSV,2,2,05,31,18,020,40*50
$GPZDA,080045.00,14,06,2025,00,00*69
$GPGGA,080046.00,5431.81953,N,01835.13001,E,1,12,1.0,17.2,M,26.5,M,,*58
$GPRMC,080046.00,A,5431.81953,N,01835.13001,E,15.28,84.1,140625,,,A*6A
$GPVTG,84.1,T,,M,15.28,N,28.30,K,A*37
$HEHDT,83.1,T*15
$VWVHW,83.1,T,,M,14.75,N,27.31,K*40
$GPGGA,080047.00,5431.81948,N,01835.13749,E,1,12,1.0,17.0,M,26.5,M,,*5A
$GPRMC,080047.00,A,5431.81948,N,01835.13749,E,15.15,84.4,140625,,,A*61
$GPVTG,84.4,T,,M,15.15,N,28.05,K,A*3A
$HEHDT,83.1,T*15
$VWVHW,83.1,T,,M,14.70,N,27.23,K*46
$GPGGA,080048.00,5431.81974,N,01835.14495,E,1,12,1.0,17.4,M,26.5,M,,*5B
$GPRMC,080048.00,A,5431.81974,N,01835.14495,E,14.98,83.7,140625,,,A*64
$GPVTG,83.7,T,,M,14.98,N,27.74,K,A*33
$HEHDT,83.1,T*15
$VWVHW,83.1,T,,M,14.72,N,27.26,K*41
$GPGGA,080049.00,5431.82071,N,01835.15123,E,1,12,1.0,16.7,M,26.5,M,,*5E
$GPRMC,080049.00,A,5431.82071,N,01835.15123,E,15.25,84.0,140625,,,A*64
$GPVTG,84.0,T,,M,15.25,N,28.25,K,A*3F
$HEHDT,83.3,T*17
$VWVHW,83.3,T,,M,14.66,N,27.15,K*46
$GPGGA,080050.00,5431.82092,N,01835.15855,E,1,12,1.0,16.8,M,26.5,M,,*5C
$GPRMC,080050.00,A,5431.82092,N,01835.15855,E,15.18,83.8,140625,,,A*68
$GPVTG,83.8,T,,M,15.18,N,28.12,K,A*3A
$HEHDT,83.5,T*11
$VWVHW,83.5,T,,M,14.74,N,27.29,K*4C
$GPGSV,2,1,08,03,62,040,51,08,40,095,46,11,24,150,40,14,50,205,45*77
$GPGSV,2,2,08,17,68,262,49,22,21,310,41,28,07,350,38,31,55,120,49*7A
$GAGSV,2,1,05,04,49,070,46,09,37,180,45,12,68,235,49,24,12,285,40*6D
$GAGSV,2,2,05,31,18,020,42*52
$GPZDA,080050.00,14,06,2025,00,00*6D
$GPGGA,080051.00,5431.82171,N,01835.16566,E,1,12,1.0,17.1,M,26.5,M,,*57
$GPRMC,080051.00,A,5431.82171,N,01835.16566,E,15.31,84.7,140625,,,A*68
$GPVTG,84.7,T,,M,15.31,N,28.36,K,A*3F
$HEHDT,83.2,T*16
$VWVHW,83.2,T,,M,14.69,N,27.21,K*4F
$GPGGA,080052.00,5431.82190,N,01835.17299,E,1,12,1.0,17.2,M,26.5,M,,*5E
$GPRMC,080052.00,A,5431.82190,N,01835.17299,E,15.16,84.4,140625,,,A*64
$GPVTG,84.4,T,,M,15.16,N,28.08,K,A*34
$HEHDT,83.0,T*14
$VWVHW,83.0,T,,M,14.91,N,27.61,K*4E
$GPGGA,080053.00,5431.82250,N,01835.17993,E,1,12,1.0,17.1,M,26.5,M,,*52
$GPRMC,080053.00,A,5431.82250,N,01835.17993,E,15.20,84.3,140625,,,A*69
$GPVTG,84.3,T,,M,15.20,N,28.16,K,A*39
$HEHDT,82.9,T*1C
$VWVHW,82.9,T,,M,14.86,N,27.52,K*40
$GPGGA,080054.00,5431.82280,N,01835.18713,E,1,12,1.0,16.4,M,26.5,M,,*55
$GPRMC,080054.00,A,5431.82280,N,01835.18713,E,15.05,83.8,140625,,,A*61
$GPVTG,83.8,T,,M,15.05,N,27.87,K,A*35
$HEHDT,83.4,T*10
$VWVHW,83.4,T,,M,14.83,N,27.47,K*4D
$GPGGA,080055.00,5431.82331,N,01835.19484,E,1,12,1.0,16.3,M,26.5,M,,*54
$GPRMC,080055.00,A,5431.82331,N,01835.19484,E,15.38,83.5,140625,,,A*64
$GPVTG,83.5,T,,M,15.38,N,28.48,K,A*3A
$HEHDT,82.7,T*12
$VWVHW,82.7,T,,M,14.82,N,27.45,K*4C
$GPGSV,2,1,08,03,62,040,49,08,40,095,47,11,24,150,41,14,50,205,46*7D
$GPGSV,2,2,08,17,68,262,49,22,21,310,42,28,07,350,37,31,55,120,49*76
$GAGSV,2,1,05,04,49,070,47,09,37,180,46,12,68,235,49,24,12,285,41*6E
$GAGSV,2,2,05,31,18,020,41*51
$GPZDA,080055.00,14,06,2025,00,00*68
$GPGGA,080056.00,5431.82364,N,01835.20208,E,1,12,1.0,17.0,M,26.5,M,,*5D
$GPRMC,080056.00,A,5431.82364,N,01835.20208,E,15.20,84.3,140625,,,A*67
$GPVTG,84.3,T,,M,15.20,N,28.15,K,A*3A
$HEHDT,84.0,T*13
$VWVHW,84.0,T,,M,14.82,N,27.44,K*4C
$GPGGA,080057.00,5431.82419,N,01835.20846,E,1,12,1.0,16.4,M,26.5,M,,*54
$GPRMC,080057.00,A,5431.82419,N,01835.20846,E,15.16,84.2,140625,,,A*6F
$GPVTG,84.2,T,,M,15.16,N,28.07,K,A*3D
$HEHDT,83.3,T*17
$VWVHW,83.3,T,,M,14.81,N,27.44,K*4B
$GPGGA,080058.00,5431.82454,N,01835.21542,E,1,12,1.0,16.6,M,26.5,M,,*58
$GPRMC,080058.00,A,5431.82454,N,01835.21542,E,15.20,84.1,140625,,,A*67
$GPVTG,84.1,T,,M,15.20,N,28.14,K,A*39
$HEHDT,83.4,T*10
$VWVHW,83.4,T,,M,14.92,N,27.62,K*4A
$GPGGA,080059.00,5431.82536,N,01835.22330,E,1,12,1.0,16.8,M,26.5,M,,*52
$GPRMC,080059.00,A,5431.82536,N,01835.22330,E,15.15,84.3,140625,,,A*67
$GPVTG,84.3,T,,M,15.15,N,28.06,K,A*3E
$HEHDT,83.2,T*16
$VWVHW,83.2,T,,M,14.74,N,27.29,K*4B
$GPGGA,080100.00,5431.82551,N,01835.23028,E,1,12,1.0,17.2,M,26.5,M,,*5E
$GPRMC,080100.00,A,5431.82551,N,01835.23028,E,15.11,84.1,140625,,,A*66
$GPVTG,84.1,T,,M,15.11,N,27.98,K,A*30
$HEHDT,83.2,T*16
$VWVHW,83.2,T,,M,14.77,N,27.36,K*46
$GPGSV,2,1,08,03,62,040,51,08,40,095,46,11,24,150,40,14,50,205,46*74
$GPGSV,2,2,08,17,68,262,48,22,21,310,42,28,07,350,37,31,55,120,49*77
$GAGSV,2,1,05,04,49,070,47,09,37,180,46,12,68,235,50,24,12,285,41*66
$GAGSV,2,2,05,31,18,020,40*50
$GPZDA,080100.00,14,06,2025,00,00*69
$GPGGA,080101.00,5431.82556,N,01835.23802,E,1,12,1.0,17.3,M,26.5,M,,*59
$GPRMC,080101.00,A,5431.82556,N,01835.23802,E,15.05,84.2,140625,,,A*66
$GPVTG,84.2,T,,M,15.05,N,27.87,K,A*38
$HEHDT,82.6,T*13
$VWVHW,82.6,T,,M,14.78,N,27.38,K*42
$GPGGA,080102.00,5431.82641,N,01835.24538,E,1,12,1.0,16.4,M,26.5,M,,*5A
$GPRMC,080102.00,A,5431.82641,N,01835.24538,E,15.17,84.2,140625,,,A*60
$GPVTG,84.2,T,,M,15.17,N,28.10,K,A*3A
$HEHDT,83.7,T*13
$VWVHW,83.7,T,,M,14.82,N,27.44,K*4C
$GPGGA,080103.00,5431.82679,N,01835.25322,E,1,12,1.0,17.2,M,26.5,M,,*5B
$GPRMC,080103.00,A,5431.82679,N,01835.25322,E,15.14,84.4,140625,,,A*63
$GPVTG,84.4,T,,M,15.14,N,28.03,K,A*3D
$HEHDT,83.4,T*10
$VWVHW,83.4,T,,M,14.84,N,27.49,K*44
$GPGGA,080104.00,5431.82706,N,01835.25990,E,1,12,1.0,17.3,M,26.5,M,,*57
$GPRMC,080104.00,A,5431.82706,N,01835.25990,E,15.16,84.0,140625,,,A*68
$GPVTG,84.0,T,,M,15.16,N,28.07,K,A*3F
$HEHDT,83.4,T*10
$VWVHW,83.4,T,,M,14.80,N,27.40,K*49
$GPGGA,080105.00,5431.82791,N,01835.26693,E,1,12,1.0,16.4,M,26.5,M,,*51
$GPRMC,080105.00,A,5431.82791,N,01835.26693,E,15.14,84.1,140625,,,A*6B
$GPVTG,84.1,T,,M,15.14,N,28.03,K,A*38
$HEHDT,83.3,T*17
$VWVHW,83.3,T,,M,14.84,N,27.49,K*43
$GPGSV,2,1,08,03,62,040,50,08,40,095,46,11,24,150,41,14,50,205,45*77
$GPGSV,2,2,08,17,68,262,48,22,21,310,42,28,07,350,36,31,55,120,49*76
$GAGSV,2,1,05,04,49,070,48,09,37,180,45,12,68,235,50,24,12,285,41*6A
$GAGSV,2,2,05,31,18,020,40*50
$GPZDA,080105.00,14,06,2025,00,00*6C
$GPGGA,080106.00,5431.82818,N,01835.27309,E,1,12,1.0,17.8,M,26.5,M,,*56
$GPRMC,080106.00,A,5431.82818,N,01835.27309,E,15.13,84.2,140625,,,A*65
$GPVTG,84.2,T,,M,15.13,N,28.03,K,A*3C
$HEHDT,83.1,T*15
$VWVHW,83.1,T,,M,14.78,N,27.37,K*4B
$GPGGA,080107.00,5431.82841,N,01835.28111,E,1,12,1.0,17.2,M,26.5,M,,*55
$GPRMC,080107.00,A,5431.82841,N,01835.28111,E,15.10,84.2,140625,,,A*6F
$GPVTG,84.2,T,,M,15.10,N,27.97,K,A*3D
$HEHDT,83.1,T*15
$VWVHW,83.1,T,,M,14.76,N,27.33,K*41
$GPGGA,080108.00,5431.82874,N,01835.28790,E,1,12,1.0,16.9,M,26.5,M,,*59
$GPRMC,080108.00,A,5431.82874,N,01835.28790,E,15.13,84.3,140625,,,A*6B
$GPVTG,84.3,T,,M,15.13,N,28.02,K,A*3C
$HEHDT,83.3,T*17
$VWVHW,83.3,T,,M,14.90,N,27.59,K*47
$GPGGA,080109.00,5431.82902,N,01835.29506,E,1,12,1.0,17.1,M,26.5,M,,*5D
$GPRMC,080109.00,A,5431.82902,N,01835.29506,E,15.18,84.4,140625,,,A*6A
$GPVTG,84.4,T,,M,15.18,N,28.12,K,A*31
$HEHDT,83.0,T*14
$VWVHW,83.0,T,,M,14.80,N,27.41,K*4C
$GPGGA,080110.00,5431.82942,N,01835.30165,E,1,12,1.0,16.8,M,26.5,M,,*50
$GPRMC,080110.00,A,5431.82942,N,01835.30165,E,15.16,84.8,140625,,,A*6D
$GPVTG,84.8,T,,M,15.16,N,28.07,K,A*37
$HEHDT,83.2,T*16
$VWVHW,83.2,T,,M,14.74,N,27.30,K*43
$GPGSV,2,1,08,03,62,040,50,08,40,095,46,11,24,150,42,14,50,205,46*77
$GPGSV,2,2,08,17,68,262,48,22,21,310,42,28,07,350,37,31,55,120,49*77
$GAGSV,2,1,05,04,49,070,47,09,37,180,47,12,68,235,50,24,12,285,40*66
$GAGSV,2,2,05,31,18,020,42*52
$GPZDA,080110.00,14,06,2025,00,00*68
$GPGGA,080111.00,5431.82971,N,01835.30920,E,1,12,1.0,17.6,M,26.5,M,,*57
$GPRMC,080111.00,A,5431.82971,N,01835.30920,E,15.20,83.8,140625,,,A*67
$GPVTG,83.8,T,,M,15.20,N,28.15,K,A*36
$HEHDT,83.1,T*15
$VWVHW,83.1,T,,M,15.06,N,27.89,K*46
$GPGGA,080112.00,5431.82973,N,01835.31652,E,1,12,1.0,17.4,M,26.5,M,,*5F
$GPRMC,080112.00,A,5431.82973,N,01835.31652,E,15.18,84.0,140625,,,A*69
$GPVTG,84.0,T,,M,15.18,N,28.12,K,A*35
$HEHDT,83.1,T*15
$VWVHW,83.1,T,,M,14.83,N,27.47,K*48
$GPGGA,080113.00,5431.83078,N,01835.32323,E,1,12,1.0,17.6,M,26.5,M,,*5F
$GPRMC,080113.00,A,5431.83078,N,01835.32323,E,15.16,83.7,140625,,,A*65
$GPVTG,83.7,T,,M,15.16,N,28.08,K,A*30
$HEHDT,83.1,T*15
$VWVHW,83.1,T,,M,14.89,N,27.58,K*4C
$GPGGA,080114.00,5431.83084,N,01835.33068,E,1,12,1.0,17.1,M,26.5,M,,*51
$GPRMC,080114.00,A,5431.83084,N,01835.33068,E,15.21,84.1,140625,,,A*69
$GPVTG,84.1,T,,M,15.21,N,28.17,K,A*3B
$HEHDT,83.5,T*11
$VWVHW,83.5,T,,M,14.82,N,27.44,K*4E
$GPGGA,080115.00,5431.83156,N,01835.33830,E,1,12,1.0,17.1,M,26.5,M,,*5B
$GPRMC,080115.00,A,5431.83156,N,01835.33830,E,15.21,84.0,140625,,,A*62
$GPVTG,84.0,T,,M,15.21,N,28.17,K,A*3A
$HEHDT,83.0,T*14
$VWVHW,83.0,T,,M,14.84,N,27.48,K*41
$GPGSV,2,1,08,03,62,040,50,08,40,095,46,11,24,150,41,14,50,205,45*77
$GPGSV,2,2,08,17,68,262,49,22,21,310,42,28,07,350,36,31,55,120,49*77
$GAGSV,2,1,05,04,49,070,46,09,37,180,46,12,68,235,50,24,12,285,40*66
$GAGSV,2,2,05,31,18,020,42*52
$GPZDA,080115.00,14,06,2025,00,00*6D
$GPGGA,080116.00,5431.83202,N,01835.34557,E,1,12,1.0,17.1,M,26.5,M,,*51
$GPRMC,080116.00,A,5431.83202,N,01835.34557,E,15.06,83.6,140625,,,A*6C
$GPVTG,83.6,T,,M,15.06,N,27.89,K,A*36
$HEHDT,82.5,T*10
$VWVHW,82.5,T,,M,14.83,N,27.46,K*4C
$GPGGA,080117.00,5431.83176,N,01835.35332,E,1,12,1.0,17.5,M,26.5,M,,*50
$GPRMC,080117.00,A,5431.83176,N,01835.35332,E,15.27,84.2,140625,,,A*69
$GPVTG,84.2,T,,M,15.27,N,28.28,K,A*32
$HEHDT,83.0,T*14
$VWVHW,83.0,T,,M,14.88,N,27.56,K*42
$GPGGA,080118.00,5431.83270,N,01835.35956,E,1,12,1.0,17.5,M,26.5,M,,*52
$GPRMC,080118.00,A,5431.83270,N,01835.35956,E,15.21,84.6,140625,,,A*69
$GPVTG,84.6,T,,M,15.21,N,28.18,K,A*33
$HEHDT,83.5,T*11
$VWVHW,83.5,T,,M,14.72,N,27.27,K*44
$GPGGA,080119.00,5431.83304,N,01835.36739,E,1,12,1.0,17.5,M,26.5,M,,*55
$GPRMC,080119.00,A,5431.83304,N,01835.36739,E,15.15,84.7,140625,,,A*68
$GPVTG,84.7,T,,M,15.15,N,28.06,K,A*3A
$HEHDT,82.9,T*1C
$VWVHW,82.9,T,,M,14.81,N,27.44,K*40
$GPGGA,080120.00,5431.83295,N,01835.37429,E,1,12,1.0,17.2,M,26.5,M,,*52
$GPRMC,080120.00,A,5431.83295,N,01835.37429,E,15.26,84.4,140625,,,A*6B
$GPVTG,84.4,T,,M,15.26,N,28.26,K,A*3B
$HEHDT,83.5,T*11
$VWVHW,83.5,T,,M,14.96,N,27.70,K*4C
$GPGSV,2,1,08,03,62,040,50,08,40,095,47,11,24,150,42,14,50,205,45*75
$GPGSV,2,2,08,17,68,262,48,22,21,310,41,28,07,350,37,31,55,120,49*74
$GAGSV,2,1,05,04,49,070,46,09,37,180,46,12,68,235,50,24,12,285,40*66
$GAGSV,2,2,05,31,18,020,41*51
$GPZDA,080120.00,14,06,2025,00,00*6B
$GPGGA,080121.00,5431.83371,N,01835.38172,E,1,12,1.0,17.2,M,26.5,M,,*5C
$GPRMC,080121.00,A,5431.83371,N,01835.38172,E,15.26,84.5,140625,,,A*64
$GPVTG,84.5,T,,M,15.26,N,28.26,K,A*3A
$HEHDT,83.2,T*16
$VWVHW,83.2,T,,M,14.84,N,27.48,K*43
$GPGGA,080122.00,5431.83431,N,01835.38915,E,1,12,1.0,18.0,M,26.5,M,,*58
$GPRMC,080122.00,A,5431.83431,N,01835.38915,E,15.08,84.6,140625,,,A*62
$GPVTG,84.6,T,,M,15.08,N,27.93,K,A*34
$HEHDT,83.0,T*14
$VWVHW,83.0,T,,M,14.77,N,27.36,K*44
$GPGGA,080123.00,5431.83483,N,01835.39621,E,1,12,1.0,17.4,M,26.5,M,,*52
$GPRMC,080123.00,A,5431.83483,N,01835.39621,E,14.98,84.0,140625,,,A*6D
$GPVTG,84.0,T,,M,14.98,N,27.74,K,A*33
$HEHDT,83.1,T*15
$VWVHW,83.1,T,,M,14.78,N,27.37,K*4B
$GPGGA,080124.00,5431.83474,N,01835.40378,E,1,12,1.0,17.4,M,26.5,M,,*5A
$GPRMC,080124.00,A,5431.83474,N,01835.40378,E,15.18,84.5,140625,,,A*69
$GPVTG,84.5,T,,M,15.18,N,28.11,K,A*33
$HEHDT,83.3,T*17
$VWVHW,83.3,T,,M,14.89,N,27.58,K*4E
$GPGGA,080125.00,5431.83510,N,01835.41054,E,1,12,1.0,16.9,M,26.5,M,,*58
$GPRMC,080125.00,A,5431.83510,N,01835.41054,E,15.05,84.2,140625,,,A*6C
$GPVTG,84.2,T,,M,15.05,N,27.87,K,A*38
$HEHDT,83.0,T*14
$VWVHW,83.0,T,,M,14.73,N,27.29,K*4E
$GPGSV,2,1,08,03,62,040,49,08,40,095,46,11,24,150,41,14,50,205,46*7C
$GPGSV,2,2,08,17,68,262,48,22,21,310,42,28,08,350,36,31,55,120,50*71
$GAGSV,2,1,05,04,49,070,47,09,37,180,45,12,68,235,51,24,12,285,41*64
$GAGSV,2,2,05,31,18,020,41*51
$GPZDA,080125.00,14,06,2025,00,00*6E
$GPGGA,080126.00,5431.83562,N,01835.41814,E,1,12,1.0,18.0,M,26.5,M,,*55
$GPRMC,080126.00,A,5431.83562,N,01835.41814,E,15.20,83.8,140625,,,A*6C
$GPVTG,83.8,T,,M,15.20,N,28.15,K,A*36
$HEHDT,83.4,T*10
$VWVHW,83.4,T,,M,14.90,N,27.59,K*40
$GPGGA,080127.00,5431.83615,N,01835.42482,E,1,12,1.0,17.1,M,26.5,M,,*59
$GPRMC,080127.00,A,5431.83615,N,01835.42482,E,15.11,84.0,140625,,,A*63
$GPVTG,84.0,T,,M,15.11,N,27.99,K,A*30
$HEHDT,83.1,T*15
$VWVHW,83.1,T,,M,14.70,N,27.23,K*46
$GPGGA,080128.00,5431.83605,N,01835.43119,E,1,12,1.0,17.5,M,26.5,M,,*55
$GPRMC,080128.00,A,5431.83605,N,01835.43119,E,15.20,84.6,140625,,,A*6F
$GPVTG,84.6,T,,M,15.20,N,28.16,K,A*3C
$HEHDT,82.9,T*1C
$VWVHW,82.9,T,,M,14.87,N,27.54,K*47
$GPGGA,080129.00,5431.83697,N,01835.43940,E,1,12,1.0,17.2,M,26.5,M,,*5C
$GPRMC,080129.00,A,5431.83697,N,01835.43940,E,15.20,83.6,140625,,,A*66
$GPVTG,83.6,T,,M,15.20,N,28.16,K,A*3B
$HEHDT,83.3,T*17
$VWVHW,83.3,T,,M,14.85,N,27.51,K*4B
$GPGGA,080130.00,5431.83690,N,01835.44673,E,1,12,1.0,17.1,M,26.5,M,,*58
$GPRMC,080130.00,A,5431.83690,N,01835.44673,E,15.16,83.8,140625,,,A*6A
$GPVTG,83.8,T,,M,15.16,N,28.07,K,A*30
$HEHDT,83.6,T*12
$VWVHW,83.6,T,,M,14.83,N,27.47,K*4F
$GPGSV,2,1,08,03,62,040,49,08,40,095,45,11,24,150,42,14,50,205,46*7C
$GPGSV,2,2,08,17,68,262,48,22,21,310,42,28,08,350,36,31,55,120,50*71
$GAGSV,2,1,05,04,49,070,46,09,37,180,45,12,68,235,50,24,12,285,41*64
$GAGSV,2,2,05,31,18,020,40*50
$GPZDA,080130.00,14,06,2025,00,00*6A
$GPGGA,080131.00,5431.83785,N,01835.45384,E,1,12,1.0,17.5,M,26.5,M,,*54
$GPRMC,080131.00,A,5431.83785,N,01835.45384,E,15.20,83.7,140625,,,A*68
$GPVTG,83.7,T,,M,15.20,N,28.16,K,A*3A
$HEHDT,83.1,T*15
$VWVHW,83.1,T,,M,14.90,N,27.60,K*4F
$GPGGA,080132.00,5431.83729,N,01835.46103,E,1,12,1.0,17.9,M,26.5,M,,*53
$GPRMC,080132.00,A,5431.83729,N,01835.46103,E,15.15,84.4,140625,,,A*61
$GPVTG,84.4,T,,M,15.15,N,28.06,K,A*39
$HEHDT,83.4,T*10
$VWVHW,83.4,T,,M,14.73,N,27.29,K*4A
$GPGGA,080133.00,5431.83824,N,01835.46923,E,1,12,1.0,17.3,M,26.5,M,,*50
$GPRMC,080133.00,A,5431.83824,N,01835.46923,E,15.15,83.7,140625,,,A*6C
$GPVTG,83.7,T,,M,15.15,N,28.06,K,A*3D
$HEHDT,82.7,T*12
$VWVHW,82.7,T,,M,15.04,N,27.86,K*4C
$GPGGA,080134.00,5431.83882,N,01835.47470,E,1,12,1.0,17.7,M,26.5,M,,*55
$GPRMC,080134.00,A,5431.83882,N,01835.47470,E,15.24,84.2,140625,,,A*6D
$GPVTG,84.2,T,,M,15.24,N,28.23,K,A*3A
$HEHDT,83.2,T*16
$VWVHW,83.2,T,,M,14.78,N,27.37,K*48
$GPGGA,080135.00,5431.83879,N,01835.48273,E,1,12,1.1,18.1,M,26.5,M,,*52
$GPRMC,080135.00,A,5431.83879,N,01835.48273,E,15.11,83.9,140625,,,A*68
$GPVTG,83.9,T,,M,15.11,N,27.99,K,A*3E
$HEHDT,83.1,T*15
$VWVHW,83.1,T,,M,14.83,N,27.47,K*48
$GPGSV,2,1,08,03,62,040,49,08,40,095,46,11,24,150,42,14,50,205,46*7F
$GPGSV,2,2,08,17,68,262,47,22,21,310,42,28,08,350,37,31,55,120,49*77
$GAGSV,2,1,05,04,49,070,47,09,37,180,45,12,68,235,50,24,12,285,40*64
$GAGSV,2,2,05,31,18,020,40*50
$GPZDA,080135.00,14,06,2025,00,00*6F
$GPGGA,080136.00,5431.83888,N,01835.48949,E,1,12,1.1,18.0,M,26.5,M,,*5C
$GPRMC,080136.00,A,5431.83888,N,01835.48949,E,15.14,83.4,140625,,,A*6F
$GPVTG,83.4,T,,M,15.14,N,28.03,K,A*3A
$HEHDT,83.5,T*11
$VWVHW,83.5,T,,M,14.80,N,27.41,K*49
$GPGGA,080137.00,5431.83999,N,01835.49760,E,1,12,1.1,17.3,M,26.5,M,,*54
$GPRMC,080137.00,A,5431.83999,N,01835.49760,E,15.11,84.2,140625,,,A*6F
$GPVTG,84.2,T,,M,15.11,N,27.98,K,A*33
$HEHDT,83.0,T*14
$VWVHW,83.0,T,,M,14.91,N,27.62,K*4D
$GPGGA,080138.00,5431.84037,N,01835.50481,E,1,12,1.1,17.3,M,26.5,M,,*55
$GPRMC,080138.00,A,5431.84037,N,01835.50481,E,15.11,84.0,140625,,,A*6C
$GPVTG,84.0,T,,M,15.11,N,27.99,K,A*30
$HEHDT,83.0,T*14
$VWVHW,83.0,T,,M,14.64,N,27.11,K*43
$GPGGA,080139.00,5431.84071,N,01835.51170,E,1,12,1.1,17.2,M,26.5,M,,*5D
$GPRMC,080139.00,A,5431.84071,N,01835.51170,E,15.22,84.1,140625,,,A*64
$GPVTG,84.1,T,,M,15.22,N,28.18,K,A*37
$HEHDT,83.3,T*17
$VWVHW,83.3,T,,M,14.74,N,27.31,K*43
$GPGGA,080140.00,5431.84152,N,01835.51890,E,1,12,1.1,17.3,M,26.5,M,,*55
$GPRMC,080140.00,A,5431.84152,N,01835.51890,E,15.17,84.3,140625,,,A*69
$GPVTG,84.3,T,,M,15.17,N,28.09,K,A*33
$HEHDT,83.1,T*15
$VWVHW,83.1,T,,M,14.86,N,27.53,K*48
$GPGSV,2,1,08,03,62,040,49,08,40,095,46,11,24,150,41,14,50,205,48*72
$GPGSV,2,2,08,17,68,262,48,22,21,310,41,28,08,350,37,31,55,120,50*73
$GAGSV,2,1,05,04,49,070,46,09,37,180,46,12,68,235,49,24,12,285,40*6E
$GAGSV,2,2,05,31,18,020,41*51
$GPZDA,080140.00,14,06,2025,00,00*6D
$GPGGA,080141.00,5431.84198,N,01835.52572,E,1,12,1.1,17.5,M,26.5,M,,*56
$GPRMC,080141.00,A,5431.84198,N,01835.52572,E,15.24,84.2,140625,,,A*6D
$GPVTG,84.2,T,,M,15.24,N,28.23,K,A*3A
$HEHDT,82.7,T*12
$VWVHW,82.7,T,,M,14.71,N,27.24,K*47
$GPGGA,080142.00,5431.84208,N,01835.53241,E,1,12,1.1,17.3,M,26.5,M,,*5F
$GPRMC,080142.00,A,5431.84208,N,01835.53241,E,15.12,84.1,140625,,,A*64
$GPVTG,84.1,T,,M,15.12,N,28.00,K,A*3D
$HEHDT,83.5,T*11
$VWVHW,83.5,T,,M,14.85,N,27.49,K*44
$GPGGA,080143.00,5431.84242,N,01835.53980,E,1,12,1.1,17.3,M,26.5,M,,*56
$GPRMC,080143.00,A,5431.84242,N,01835.53980,E,15.17,83.8,140625,,,A*66
$GPVTG,83.8,T,,M,15.17,N,28.10,K,A*37
$HEHDT,83.5,T*11
$VWVHW,83.5,T,,M,14.92,N,27.63,K*4A
$GPGGA,080144.00,5431.84310,N,01835.54701,E,1,12,1.1,17.3,M,26.5,M,,*57
$GPRMC,080144.00,A,5431.84310,N,01835.54701,E,15.13,84.3,140625,,,A*6F
$GPVTG,84.3,T,,M,15.13,N,28.01,K,A*3F
$HEHDT,83.5,T*11
$VWVHW,83.5,T,,M,14.64,N,27.11,K*46
$GPGGA,080145.00,5431.84334,N,01835.55437,E,1,12,1.1,17.9,M,26.5,M,,*5D
$GPRMC,080145.00,A,5431.84334,N,01835.55437,E,15.06,84.2,140625,,,A*6A
$GPVTG,84.2,T,,M,15.06,N,27.90,K,A*3D
$HEHDT,83.3,T*17
$VWVHW,83.3,T,,M,14.66,N,27.16,K*45
$GPGSV,2,1,08,03,62,040,49,08,40,095,45,11,24,150,40,14,50,205,47*7F
$GPGSV,2,2,08,17,68,262,48,22,21,310,41,28,08,350,37,31,55,120,49*7B
$GAGSV,2,1,05,04,49,070,45,09,37,180,45,12,68,235,49,24,12,285,41*6F
$GAGSV,2,2,05,31,18,020,40*50
$GPZDA,080145.00,14,06,2025,00,00*68
$GPGGA,080146.00,5431.84393,N,01835.56120,E,1,12,1.1,18.1,M,26.5,M,,*54
$GPRMC,080146.00,A,5431.84393,N,01835.56120,E,15.11,84.2,140625,,,A*62
$GPVTG,84.2,T,,M,15.11,N,27.98,K,A*33
$HEHDT,83.2,T*16
$VWVHW,83.2,T,,M,14.74,N,27.31,K*42
$GPGGA,080147.00,5431.84422,N,01835.56846,E,1,12,1.1,17.1,M,26.5,M,,*5E
$GPRMC,080147.00,A,5431.84422,N,01835.56846,E,15.17,84.3,140625,,,A*60
$GPVTG,84.3,T,,M,15.17,N,28.10,K,A*3B
$HEHDT,83.4,T*10
$VWVHW,83.4,T,,M,14.86,N,27.53,K*4D
$GPGGA,080148.00,5431.84435,N,01835.57599,E,1,12,1.1,17.6,M,26.5,M,,*5E
$GPRMC,080148.00,A,5431.84435,N,01835.57599,E,15.20,83.2,140625,,,A*65
$GPVTG,83.2,T,,M,15.20,N,28.15,K,A*3C
$HEHDT,83.4,T*10
$VWVHW,83.4,T,,M,14.85,N,27.49,K*45
$GPGGA,080149.00,5431.84484,N,01835.58281,E,1,12,1.1,17.8,M,26.5,M,,*5A
$GPRMC,080149.00,A,5431.84484,N,01835.58281,E,15.10,83.5,140625,,,A*6B
$GPVTG,83.5,T,,M,15.10,N,27.97,K,A*3D
$HEHDT,83.0,T*14
$VWVHW,83.0,T,,M,14.65,N,27.12,K*41
$GPGGA,080150.00,5431.84518,N,01835.59035,E,1,12,1.1,18.1,M,26.5,M,,*5C
$GPRMC,080150.00,A,5431.84518,N,01835.59035,E,15.08,84.0,140625,,,A*60
$GPVTG,84.0,T,,M,15.08,N,27.93,K,A*32
$HEHDT,83.1,T*15
$VWVHW,83.1,T,,M,14.72,N,27.26,K*41
$GPGSV,2,1,08,03,62,040,49,08,40,095,46,11,24,150,43,14,50,205,46*7E
$GPGSV,2,2,08,17,68,262,47,22,21,310,42,28,08,350,35,31,55,120,50*7D
$GAGSV,2,1,05,04,49,070,46,09,37,180,44,12,68,235,50,24,12,285,40*64
$GAGSV,2,2,05,31,18,020,41*51
$GPZDA,080150.00,14,06,2025,00,00*6C
$GPGGA,080151.00,5431.84566,N,01835.59736,E,1,12,1.1,17.4,M,26.5,M,,*5A
$GPRMC,080151.00,A,5431.84566,N,01835.59736,E,15.04,83.7,140625,,,A*60
$GPVTG,83.7,T,,M,15.04,N,27.86,K,A*3A
$HEHDT,83.0,T*14
$VWVHW,83.0,T,,M,14.74,N,27.30,K*41
$GPGGA,080152.00,5431.84666,N,01835.60469,E,1,12,1.1,17.9,M,26.5,M,,*54
$GPRMC,080152.00,A,5431.84666,N,01835.60469,E,15.14,84.4,140625,,,A*66
$GPVTG,84.4,T,,M,15.14,N,28.04,K,A*3A
$HEHDT,83.2,T*16
$VWVHW,83.2,T,,M,14.79,N,27.39,K*47
$GPGGA,080153.00,5431.84659,N,01835.61178,E,1,12,1.1,17.9,M,26.5,M,,*5D
$GPRMC,080153.00,A,5431.84659,N,01835.61178,E,15.17,84.8,140625,,,A*60
$GPVTG,84.8,T,,M,15.17,N,28.09,K,A*38
$HEHDT,83.4,T*10
$VWVHW,83.4,T,,M,14.78,N,27.37,K*4E
$GPGGA,080154.00,5431.84730,N,01835.61859,E,1,12,1.1,18.2,M,26.5,M,,*5A
$GPRMC,080154.00,A,5431.84730,N,01835.61859,E,15.07,84.6,140625,,,A*6C
$GPVTG,84.6,T,,M,15.07,N,27.90,K,A*38
$HEHDT,83.0,T*14
$VWVHW,83.0,T,,M,14.77,N,27.35,K*47
$GPGGA,080155.00,5431.84783,N,01835.62610,E,1,12,1.1,17.8,M,26.5,M,,*56
$GPRMC,080155.00,A,5431.84783,N,01835.62610,E,15.20,84.4,140625,,,A*62
$GPVTG,84.4,T,,M,15.20,N,28.16,K,A*3E
$HEHDT,83.1,T*15
$VWVHW,83.1,T,,M,14.87,N,27.54,K*4E
$GPGSV,2,1,08,03,62,040,49,08,40,095,46,11,24,150,42,14,50,205,47*7E
$GPGSV,2,2,08,17,68,262,48,22,21,310,41,28,08,350,37,31,55,120,49*7B
$GAGSV,2,1,05,04,49,070,45,09,37,180,45,12,68,235,50,24,12,285,39*68
$GAGSV,2,2,05,31,18,020,41*51
$GPZDA,080155.00,14,06,2025,00,00*69
$GPGGA,080156.00,5431.84799,N,01835.63289,E,1,12,1.1,18.2,M,26.5,M,,*5E
$GPRMC,080156.00,A,5431.84799,N,01835.63289,E,15.13,83.4,140625,,,A*68
$GPVTG,83.4,T,,M,15.13,N,28.01,K,A*3F
$HEHDT,83.3,T*17
$VWVHW,83.3,T,,M,14.70,N,27.22,K*45
$GPGGA,080157.00,5431.84901,N,01835.64030,E,1,12,1.1,18.2,M,26.5,M,,*57
$GPRMC,080157.00,A,5431.84901,N,01835.64030,E,15.16,84.2,140625,,,A*65
$GPVTG,84.2,T,,M,15.16,N,28.07,K,A*3D
$HEHDT,83.3,T*17
$VWVHW,83.3,T,,M,14.91,N,27.61,K*4D
$GPGGA,080158.00,5431.84934,N,01835.64740,E,1,12,1.1,18.3,M,26.5,M,,*5F
$GPRMC,080158.00,A,5431.84934,N,01835.64740,E,14.94,84.0,140625,,,A*65
$GPVTG,84.0,T,,M,14.94,N,27.68,K,A*32
$HEHDT,83.1,T*15
$VWVHW,83.1,T,,M,14.78,N,27.36,K*4A
$GPGGA,080159.00,5431.84980,N,01835.65457,E,1,12,1.1,17.9,M,26.5,M,,*50
$GPRMC,080159.00,A,5431.84980,N,01835.65457,E,15.08,83.6,140625,,,A*6A
$GPVTG,83.6,T,,M,15.08,N,27.92,K,A*32
$HEHDT,83.2,T*16
$VWVHW,83.2,T,,M,14.70,N,27.22,K*44
$GPGGA,080200.00,5431.85014,N,01835.66212,E,1,12,1.1,17.6,M,26.5,M,,*51
$GPRMC,080200.00,A,5431.85014,N,01835.66212,E,15.08,84.2,140625,,,A*67
$GPVTG,84.2,T,,M,15.08,N,27.93,K,A*30
$HEHDT,83.2,T*16
$VWVHW,83.2,T,,M,14.79,N,27.39,K*47
$GPGSV,2,1,08,03,62,040,49,08,40,095,46,11,24,150,41,14,50,205,47*7D
$GPGSV,2,2,08,17,68,262,47,22,21,310,42,28,08,350,36,31,55,120,49*76
$GAGSV,2,1,05,04,49,070,45,09,37,180,45,12,68,235,50,24,12,285,40*66
$GAGSV,2,2,05,31,18,020,41*51
$GPZDA,080200.00,14,06,2025,00,00*6A
$GPGGA,080201.00,5431.85093,N,01835.66907,E,1,12,1.1,18.2,M,26.5,M,,*5B
$GPRMC,080201.00,A,5431.85093,N,01835.66907,E,15.21,84.5,140625,,,A*6A
$GPVTG,84.5,T,,M,15.21,N,28.17,K,A*3F
$HEHDT,83.6,T*12
$VWVHW,83.6,T,,M,14.75,N,27.32,K*44
$GPGGA,080202.00,5431.85111,N,01835.67660,E,1,12,1.1,18.2,M,26.5,M,,*5C
$GPRMC,080202.00,A,5431.85111,N,01835.67660,E,15.13,84.3,140625,,,A*6A
$GPVTG,84.3,T,,M,15.13,N,28.02,K,A*3C
$HEHDT,83.4,T*10
$VWVHW,83.4,T,,M,14.74,N,27.30,K*45
$GPGGA,080203.00,5431.85218,N,01835.68356,E,1,12,1.1,18.2,M,26.5,M,,*58
$GPRMC,080203.00,A,5431.85218,N,01835.68356,E,15.08,84.3,140625,,,A*64
$GPVTG,84.3,T,,M,15.08,N,27.94,K,A*36
$HEHDT,83.4,T*10
$VWVHW,83.4,T,,M,14.70,N,27.23,K*43
$GPGGA,080204.00,5431.85204,N,01835.69046,E,1,12,1.1,18.0,M,26.5,M,,*53
$GPRMC,080204.00,A,5431.85204,N,01835.69046,E,15.11,84.6,140625,,,A*60
$GPVTG,84.6,T,,M,15.11,N,27.99,K,A*36
$HEHDT,83.0,T*14
$VWVHW,83.0,T,,M,14.65,N,27.14,K*47
$GPGGA,080205.00,5431.85248,N,01835.69732,E,1,12,1.1,18.4,M,26.5,M,,*5A
$GPRMC,080205.00,A,5431.85248,N,01835.69732,E,15.02,83.5,140625,,,A*6B
$GPVTG,83.5,T,,M,15.02,N,27.81,K,A*39
$HEHDT,82.9,T*1C
$VWVHW,82.9,T,,M,14.72,N,27.27,K*49
$GPGSV,2,1,08,03,62,040,50,08,40,096,46,11,24,150,41,14,50,206,46*74
$GPGSV,2,2,08,17,68,262,48,22,21,310,42,28,08,350,37,31,55,120,49*78
$GAGSV,2,1,05,04,49,070,47,09,37,180,45,12,68,236,49,24,12,286,40*6C
$GAGSV,2,2,05,31,18,020,40*50
$GPZDA,080205.00,14,06,2025,00,00*6F
$GPGGA,080206.00,5431.85311,N,01835.70504,E,1,12,1.1,18.4,M,26.5,M,,*5B
$GPRMC,080206.00,A,5431.85311,N,01835.70504,E,15.16,84.2,140625,,,A*6F
$GPVTG,84.2,T,,M,15.16,N,28.07,K,A*3D
$HEHDT,83.4,T*10
$VWVHW,83.4,T,,M,14.74,N,27.29,K*4D
$GPGGA,080207.00,5431.85312,N,01835.71155,E,1,12,1.1,18.4,M,26.5,M,,*58
$GPRMC,080207.00,A,5431.85312,N,01835.71155,E,15.05,83.6,140625,,,A*6D
$GPVTG,83.6,T,,M,15.05,N,27.87,K,A*3B
$HEHDT,83.1,T*15
$VWVHW,83.1,T,,M,14.70,N,27.22,K*47
$GPGGA,080208.00,5431.85395,N,01835.71944,E,1,12,1.1,18.4,M,26.5,M,,*50
$GPRMC,080208.00,A,5431.85395,N,01835.71944,E,15.05,84.3,140625,,,A*67
$GPVTG,84.3,T,,M,15.05,N,27.88,K,A*36
$HEHDT,83.3,T*17
$VWVHW,83.3,T,,M,14.70,N,27.23,K*44
$GPGGA,080209.00,5431.85458,N,01835.72565,E,1,12,1.1,18.5,M,26.5,M,,*5A
$GPRMC,080209.00,A,5431.85458,N,01835.72565,E,15.15,84.3,140625,,,A*6D
$GPVTG,84.3,T,,M,15.15,N,28.05,K,A*3D
$HEHDT,83.0,T*14
$VWVHW,83.0,T,,M,14.68,N,27.19,K*47
$GPGGA,080210.00,5431.85500,N,01835.73391,E,1,12,1.1,18.9,M,26.5,M,,*5E
$GPRMC,080210.00,A,5431.85500,N,01835.73391,E,15.00,83.2,140625,,,A*67
$GPVTG,83.2,T,,M,15.00,N,27.77,K,A*35
$HEHDT,83.5,T*11
$VWVHW,83.5,T,,M,14.80,N,27.40,K*48
$GPGSV,2,1,08,03,62,041,49,08,40,096,46,11,24,151,40,14,50,206,47*7C
$GPGSV,2,2,08,17,68,263,48,22,21,311,42,28,08,351,37,31,55,121,50*70
$GAGSV,2,1,05,04,49,071,46,09,37,181,45,12,68,236,49,24,12,286,40*6D
$GAGSV,2,2,05,31,18,021,41*50
$GPZDA,080210.00,14,06,2025,00,00*6B
$GPGGA,080211.00,5431.85551,N,01835.74076,E,1,12,1.1,18.7,M,26.5,M,,*58
$GPRMC,080211.00,A,5431.85551,N,01835.74076,E,15.02,84.1,140625,,,A*69
$GPVTG,84.1,T,,M,15.02,N,27.83,K,A*38
$HEHDT,83.1,T*15
$VWVHW,83.1,T,,M,14.65,N,27.13,K*41
$GPGGA,080212.00,5431.85562,N,01835.74819,E,1,12,1.1,18.7,M,26.5,M,,*5A
$GPRMC,080212.00,A,5431.85562,N,01835.74819,E,15.19,84.2,140625,,,A*62
$GPVTG,84.2,T,,M,15.19,N,28.13,K,A*37
$HEHDT,83.2,T*16
$VWVHW,83.2,T,,M,14.66,N,27.16,K*44
$GPGGA,080213.00,5431.85615,N,01835.75539,E,1,12,1.1,18.6,M,26.5,M,,*57
$GPRMC,080213.00,A,5431.85615,N,01835.75539,E,15.05,84.2,140625,,,A*63
$GPVTG,84.2,T,,M,15.05,N,27.87,K,A*38
$HEHDT,83.4,T*10
$VWVHW,83.4,T,,M,14.74,N,27.30,K*45
$GPGGA,080214.00,5431.85596,N,01835.76301,E,1,12,1.1,18.7,M,26.5,M,,*57
$GPRMC,080214.00,A,5431.85596,N,01835.76301,E,14.96,84.5,140625,,,A*6E
$GPVTG,84.5,T,,M,14.96,N,27.71,K,A*3D
$HEHDT,83.7,T*13
$VWVHW,83.7,T,,M,14.68,N,27.18,K*41
$GPGGA,080215.00,5431.85697,N,01835.77009,E,1,12,1.1,19.5,M,26.5,M,,*5D
$GPRMC,080215.00,A,5431.85697,N,01835.77009,E,15.05,84.3,140625,,,A*6A
$GPVTG,84.3,T,,M,15.05,N,27.87,K,A*39
$HEHDT,83.2,T*16
$VWVHW,83.2,T,,M,14.74,N,27.30,K*43
$GPGSV,2,1,08,03,62,041,49,08,40,096,45,11,24,151,41,14,50,206,46*7F
$GPGSV,2,2,08,17,68,263,48,22,21,311,43,28,08,351,36,31,55,121,49*78
$GAGSV,2,1,05,04,49,071,46,09,37,181,45,12,68,236,50,24,12,286,40*65
$GAGSV,2,2,05,31,18,021,41*50
$GPZDA,080215.00,14,06,2025,00,00*6E
$GPGGA,080216.00,5431.85721,N,01835.77615,E,1,12,1.1,19.3,M,26.5,M,,*5F
$GPRMC,080216.00,A,5431.85721,N,01835.77615,E,15.06,84.1,140625,,,A*6F
$GPVTG,84.1,T,,M,15.06,N,27.88,K,A*37
$HEHDT,83.0,T*14
$VWVHW,83.0,T,,M,14.73,N,27.28,K*4F
$GPGGA,080217.00,5431.85754,N,01835.78278,E,1,12,1.1,19.3,M,26.5,M,,*5C
$GPRMC,080217.00,A,5431.85754,N,01835.78278,E,14.93,84.3,140625,,,A*63
$GPVTG,84.3,T,,M,14.93,N,27.66,K,A*38
$HEHDT,83.2,T*16
$VWVHW,83.2,T,,M,14.59,N,27.02,K*4D
$GPGGA,080218.00,5431.85811,N,01835.79063,E,1,12,1.1,19.0,M,26.5,M,,*57
$GPRMC,080218.00,A,5431.85811,N,01835.79063,E,15.05,83.8,140625,,,A*69
$GPVTG,83.8,T,,M,15.05,N,27.87,K,A*35
$HEHDT,83.5,T*11
$VWVHW,83.5,T,,M,14.73,N,27.27,K*45
$GPGGA,080219.00,5431.85851,N,01835.79764,E,1,12,1.1,18.9,M,26.5,M,,*5A
$GPRMC,080219.00,A,5431.85851,N,01835.79764,E,15.05,83.9,140625,,,A*6D
$GPVTG,83.9,T,,M,15.05,N,27.87,K,A*34
$HEHDT,83.0,T*14
$VWVHW,83.0,T,,M,14.77,N,27.35,K*47
$GPGGA,080220.00,5431.85908,N,01835.80473,E,1,12,1.1,18.5,M,26.5,M,,*52
$GPRMC,080220.00,A,5431.85908,N,01835.80473,E,15.08,84.3,140625,,,A*69
$GPVTG,84.3,T,,M,15.08,N,27.92,K,A*30
$HEHDT,83.1,T*15
$VWVHW,83.1,T,,M,14.64,N,27.11,K*42
$GPGSV,2,1,08,03,62,041,50,08,40,096,46,11,24,151,41,14,50,206,46*74
$GPGSV,2,2,08,17,68,263,47,22,21,311,42,28,08,351,37,31,55,121,48*76
$GAGSV,2,1,05,04,49,071,46,09,37,181,45,12,68,236,49,24,12,286,40*6D
$GAGSV,2,2,05,31,18,021,42*53
$GPZDA,080220.00,14,06,2025,00,00*68
$GPGGA,080221.00,5431.85977,N,01835.81181,E,1,12,1.1,19.1,M,26.5,M,,*57
$GPRMC,080221.00,A,5431.85977,N,01835.81181,E,15.01,83.5,140625,,,A*61
$GPVTG,83.5,T,,M,15.01,N,27.80,K,A*3B
$HEHDT,83.8,T*1C
$VWVHW,83.8,T,,M,14.69,N,27.21,K*45
$GPGGA,080222.00,5431.86009,N,01835.81893,E,1,12,1.1,19.4,M,26.5,M,,*58
$GPRMC,080222.00,A,5431.86009,N,01835.81893,E,15.04,83.8,140625,,,A*63
$GPVTG,83.8,T,,M,15.04,N,27.86,K,A*35
$HEHDT,82.8,T*1D
$VWVHW,82.8,T,,M,14.63,N,27.10,K*4C
$GPGGA,080223.00,5431.86002,N,01835.82680,E,1,12,1.1,18.9,M,26.5,M,,*51
$GPRMC,080223.00,A,5431.86002,N,01835.82680,E,15.08,84.0,140625,,,A*65
$GPVTG,84.0,T,,M,15.08,N,27.93,K,A*32
$HEHDT,83.0,T*14
$VWVHW,83.0,T,,M,14.57,N,26.98,K*43
$GPGGA,080224.00,5431.86064,N,01835.83304,E,1,12,1.1,19.6,M,26.5,M,,*50
$GPRMC,080224.00,A,5431.86064,N,01835.83304,E,15.03,83.7,140625,,,A*61
$GPVTG,83.7,T,,M,15.03,N,27.84,K,A*3F
$HEHDT,83.5,T*11
$VWVHW,83.5,T,,M,14.68,N,27.18,K*43
$GPGGA,080225.00,5431.86081,N,01835.84117,E,1,12,1.1,19.6,M,26.5,M,,*5D
$GPRMC,080225.00,A,5431.86081,N,01835.84117,E,15.04,84.4,140625,,,A*6F
$GPVTG,84.4,T,,M,15.04,N,27.86,K,A*3E
$HEHDT,83.5,T*11
$VWVHW,83.5,T,,M,14.73,N,27.28,K*4A
$GPGSV,2,1,08,03,62,041,50,08,40,096,46,11,24,151,42,14,50,206,46*77
$GPGSV,2,2,08,17,68,263,48,22,21,311,43,28,08,351,36,31,55,121,49*78
$GAGSV,2,1,05,04,49,071,46,09,37,181,45,12,68,236,49,24,12,286,39*63
$GAGSV,2,2,05,31,18,021,41*50
$GPZDA,080225.00,14,06,2025,00,00*6D
$GPGGA,080226.00,5431.86178,N,01835.84751,E,1,12,1.1,19.4,M,26.5,M,,*5F
$GPRMC,080226.00,A,5431.86178,N,01835.84751,E,14.96,83.8,140625,,,A*6E
$GPVTG,83.8,T,,M,14.96,N,27.71,K,A*37
$HEHDT,83.1,T*15
$VWVHW,83.1,T,,M,14.47,N,26.80,K*4A
$GPGGA,080227.00,5431.86183,N,01835.85550,E,1,12,1.1,19.8,M,26.5,M,,*54
$GPRMC,080227.00,A,5431.86183,N,01835.85550,E,15.07,84.2,140625,,,A*6D
$GPVTG,84.2,T,,M,15.07,N,27.91,K,A*3D
$HEHDT,83.8,T*1C
$VWVHW,83.8,T,,M,14.68,N,27.19,K*4F
$GPGGA,080228.00,5431.86263,N,01835.86123,E,1,12,1.1,19.7,M,26.5,M,,*5A
$GPRMC,080228.00,A,5431.86263,N,01835.86123,E,15.01,84.3,140625,,,A*6B
$GPVTG,84.3,T,,M,15.01,N,27.81,K,A*3B
$HEHDT,82.9,T*1C
$VWVHW,82.9,T,,M,14.73,N,27.28,K*47
$GPGGA,080229.00,5431.86296,N,01835.86899,E,1,12,1.1,19.3,M,26.5,M,,*5D
$GPRMC,080229.00,A,5431.86296,N,01835.86899,E,15.06,83.9,140625,,,A*62
$GPVTG,83.9,T,,M,15.06,N,27.88,K,A*38
$HEHDT,83.2,T*16
$VWVHW,83.2,T,,M,14.65,N,27.13,K*42
$GPGGA,080230.00,5431.86325,N,01835.87580,E,1,12,1.1,19.3,M,26.5,M,,*58
$GPRMC,080230.00,A,5431.86325,N,01835.87580,E,15.11,84.0,140625,,,A*6F
$GPVTG,84.0,T,,M,15.11,N,27.99,K,A*30
$HEHDT,82.9,T*1C
$VWVHW,82.9,T,,M,14.66,N,27.15,K*4D
$GPGSV,2,1,08,03,62,041,49,08,40,096,45,11,24,151,43,14,50,206,47*7C
$GPGSV,2,2,08,17,68,263,48,22,21,311,41,28,08,351,36,31,55,121,49*7A
$GAGSV,2,1,05,04,49,071,47,09,37,181,46,12,68,236,48,24,12,286,40*6E
$GAGSV,2,2,05,31,18,021,41*50
$GPZDA,080230.00,14,06,2025,00,00*69
$GPGGA,080231.00,5431.86368,N,01835.88336,E,1,12,1.1,18.7,M,26.5,M,,*51
$GPRMC,080231.00,A,5431.86368,N,01835.88336,E,15.00,83.9,140625,,,A*6D
$GPVTG,83.9,T,,M,15.00,N,27.78,K,A*31
$HEHDT,83.2,T*16
$VWVHW,83.2,T,,M,14.69,N,27.20,K*4E
$GPGGA,080232.00,5431.86396,N,01835.89005,E,1,12,1.1,18.9,M,26.5,M,,*5F
$GPRMC,080232.00,A,5431.86396,N,01835.89005,E,15.03,84.3,140625,,,A*63
$GPVTG,84.3,T,,M,15.03,N,27.84,K,A*3C
$HEHDT,83.2,T*16
$VWVHW,83.2,T,,M,14.54,N,26.92,K*48
$GPGGA,080233.00,5431.86459,N,01835.89682,E,1,12,1.1,19.3,M,26.5,M,,*58
$GPRMC,080233.00,A,5431.86459,N,01835.89682,E,14.92,84.7,140625,,,A*62
$GPVTG,84.7,T,,M,14.92,N,27.63,K,A*38
$HEHDT,83.2,T*16
$VWVHW,83.2,T,,M,14.60,N,27.04,K*41
$GPGGA,080234.00,5431.86505,N,01835.90446,E,1,12,1.1,18.8,M,26.5,M,,*5F
$GPRMC,080234.00,A,5431.86505,N,01835.90446,E,14.92,84.5,140625,,,A*6D
$GPVTG,84.5,T,,M,14.92,N,27.63,K,A*3A
$HEHDT,83.2,T*16
$VWVHW,83.2,T,,M,14.56,N,26.97,K*4F
$GPGGA,080235.00,5431.86539,N,01835.91164,E,1,12,1.1,19.0,M,26.5,M,,*5C
$GPRMC,080235.00,A,5431.86539,N,01835.91164,E,15.09,83.9,140625,,,A*6F
$GPVTG,83.9,T,,M,15.09,N,27.95,K,A*3B
$HEHDT,82.9,T*1C
$VWVHW,82.9,T,,M,14.70,N,27.23,K*4F
$GPGSV,2,1,08,03,62,041,50,08,40,096,45,11,24,151,42,14,50,206,47*75
$GPGSV,2,2,08,17,68,263,48,22,21,311,42,28,08,351,36,31,56,121,48*7B
$GAGSV,2,1,05,04,49,071,46,09,37,181,46,12,68,236,49,24,12,286,41*6F
$GAGSV,2,2,05,31,18,021,40*51
$GPZDA,080235.00,14,06,2025,00,00*6C
$GPGGA,080236.00,5431.86552,N,01835.91937,E,1,12,1.1,19.0,M,26.5,M,,*5C
$GPRMC,080236.00,A,5431.86552,N,01835.91937,E,14.84,84.2,140625,,,A*67
$GPVTG,84.2,T,,M,14.84,N,27.49,K,A*32
$HEHDT,82.9,T*1C
$VWVHW,82.9,T,,M,14.48,N,26.82,K*4E
$GPGGA,080237.00,5431.86576,N,01835.92609,E,1,12,1.1,18.5,M,26.5,M,,*5E
$GPRMC,080237.00,A,5431.86576,N,01835.92609,E,15.05,84.1,140625,,,A*6A
$GPVTG,84.1,T,,M,15.05,N,27.87,K,A*3B
$HEHDT,83.4,T*10
$VWVHW,83.4,T,,M,14.64,N,27.11,K*47
$GPGGA,080238.00,5431.86652,N,01835.93220,E,1,12,1.1,18.7,M,26.5,M,,*58
$GPRMC,080238.00,A,5431.86652,N,01835.93220,E,15.00,84.3,140625,,,A*69
$GPVTG,84.3,T,,M,15.00,N,27.78,K,A*3C
$HEHDT,83.3,T*17
$VWVHW,83.3,T,,M,14.54,N,26.93,K*48
$GPGGA,080239.00,5431.86678,N,01835.94028,E,1,12,1.1,18.5,M,26.5,M,,*5E
$GPRMC,080239.00,A,5431.86678,N,01835.94028,E,15.08,84.4,140625,,,A*62
$GPVTG,84.4,T,,M,15.08,N,27.93,K,A*36
$HEHDT,83.3,T*17
$VWVHW,83.3,T,,M,14.57,N,26.99,K*41
$GPGGA,080240.00,5431.86720,N,01835.94760,E,1,12,1.1,19.0,M,26.5,M,,*53
$GPRMC,080240.00,A,5431.86720,N,01835.94760,E,14.85,84.1,140625,,,A*6A
$GPVTG,84.1,T,,M,14.85,N,27.51,K,A*39
$HEHDT,83.6,T*12
$VWVHW,83.6,T,,M,14.64,N,27.10,K*44
$GPGSV,2,1,08,03,62,041,50,08,40,096,46,11,24,151,41,14,50,206,47*75
$GPGSV,2,2,08,17,68,263,49,22,21,311,42,28,08,351,36,31,56,121,50*73
$GAGSV,2,1,05,04,49,071,47,09,37,181,45,12,68,236,49,24,12,286,39*62
$GAGSV,2,2,05,31,18,021,40*51
$GPZDA,080240.00,14,06,2025,00,00*6E
$GPGGA,080241.00,5431.86801,N,01835.95460,E,1,12,1.1,18.3,M,26.5,M,,*5E
$GPRMC,080241.00,A,5431.86801,N,01835.95460,E,14.93,84.2,140625,,,A*61
$GPVTG,84.2,T,,M,14.93,N,27.66,K,A*39
$HEHDT,83.4,T*10
$VWVHW,83.4,T,,M,14.61,N,27.06,K*44
$GPGGA,080242.00,5431.86865,N,01835.96135,E,1,12,1.1,18.8,M,26.5,M,,*52
$GPRMC,080242.00,A,5431.86865,N,01835.96135,E,14.96,84.8,140625,,,A*69
$GPVTG,84.8,T,,M,14.96,N,27.71,K,A*30
$HEHDT,83.5,T*11
$VWVHW,83.5,T,,M,14.57,N,26.98,K*46
$GPGGA,080243.00,5431.86875,N,01835.96918,E,1,12,1.1,19.1,M,26.5,M,,*5D
$GPRMC,080243.00,A,5431.86875,N,01835.96918,E,15.11,84.5,140625,,,A*6D
$GPVTG,84.5,T,,M,15.11,N,27.98,K,A*34
$HEHDT,83.6,T*12
$VWVHW,83.6,T,,M,14.55,N,26.95,K*4A
$GPGGA,080244.00,5431.86958,N,01835.97602,E,1,12,1.1,19.4,M,26.5,M,,*54
$GPRMC,080244.00,A,5431.86958,N,01835.97602,E,14.89,84.6,140625,,,A*62
$GPVTG,84.6,T,,M,14.89,N,27.57,K,A*34
$HEHDT,83.3,T*17
$VWVHW,83.3,T,,M,14.51,N,26.87,K*48
$GPGGA,080245.00,5431.86945,N,01835.98222,E,1,12,1.1,19.2,M,26.5,M,,*56
$GPRMC,080245.00,A,5431.86945,N,01835.98222,E,14.96,84.5,140625,,,A*6B
$GPVTG,84.5,T,,M,14.96,N,27.71,K,A*3D
$HEHDT,83.1,T*15
$VWVHW,83.1,T,,M,14.52,N,26.90,K*4F
$GPGSV,2,1,08,03,62,041,50,08,40,096,46,11,24,151,42,14,50,206,47*76
$GPGSV,2,2,08,17,68,263,48,22,21,311,43,28,08,351,37,31,56,121,49*7A
$GAGSV,2,1,05,04,49,071,47,09,37,181,45,12,68,236,49,24,12,286,40*6C
$GAGSV,2,2,05,31,18,021,39*5F
$GPZDA,080245.00,14,06,2025,00,00*6B
$GPGGA,080246.00,5431.86948,N,01835.99011,E,1,12,1.1,19.1,M,26.5,M,,*58
$GPRMC,080246.00,A,5431.86948,N,01835.99011,E,15.00,83.9,140625,,,A*63
$GPVTG,83.9,T,,M,15.00,N,27.79,K,A*30
$HEHDT,83.2,T*16
$VWVHW,83.2,T,,M,14.60,N,27.05,K*40
$GPGGA,080247.00,5431.87077,N,01835.99730,E,1,12,1.1,19.5,M,26.5,M,,*5D
$GPRMC,080247.00,A,5431.87077,N,01835.99730,E,14.99,84.2,140625,,,A*6F
$GPVTG,84.2,T,,M,14.99,N,27.76,K,A*32
$HEHDT,83.2,T*16
$VWVHW,83.2,T,,M,14.48,N,26.81,K*47
$GPGGA,080248.00,5431.87071,N,01836.00409,E,1,12,1.1,18.9,M,26.5,M,,*53
$GPRMC,080248.00,A,5431.87071,N,01836.00409,E,14.94,84.0,140625,,,A*63
$GPVTG,84.0,T,,M,14.94,N,27.66,K,A*3C
$HEHDT,83.3,T*17
$VWVHW,83.3,T,,M,14.54,N,26.93,K*48
$GPGGA,080249.00,5431.87121,N,01836.01160,E,1,12,1.1,19.9,M,26.5,M,,*5C
$GPRMC,080249.00,A,5431.87121,N,01836.01160,E,14.86,84.0,140625,,,A*6E
$GPVTG,84.0,T,,M,14.86,N,27.53,K,A*39
$HEHDT,83.1,T*15
$VWVHW,83.1,T,,M,14.57,N,26.99,K*43
$GPGGA,080250.00,5431.87149,N,01836.01853,E,1,12,1.1,19.6,M,26.5,M,,*5C
$GPRMC,080250.00,A,5431.87149,N,01836.01853,E,14.89,84.0,140625,,,A*6E
$GPVTG,84.0,T,,M,14.89,N,27.57,K,A*32
$HEHDT,83.3,T*17
$VWVHW,83.3,T,,M,14.52,N,26.88,K*44
$GPGSV,2,1,08,03,62,041,49,08,40,096,46,11,24,151,42,14,50,206,46*7F
$GPGSV,2,2,08,17,68,263,49,22,21,311,42,28,08,351,37,31,56,121,49*7A
$GAGSV,2,1,05,04,49,071,46,09,37,181,46,12,68,236,48,24,12,286,39*61
$GAGSV,2,2,05,31,18,021,39*5F
$GPZDA,080250.00,14,06,2025,00,00*6F
$GPGGA,080251.00,5431.87152,N,01836.02510,E,1,12,1.1,19.3,M,26.5,M,,*5B
$GPRMC,080251.00,A,5431.87152,N,01836.02510,E,14.93,84.3,140625,,,A*64
$GPVTG,84.3,T,,M,14.93,N,27.65,K,A*3B
$HEHDT,83.2,T*16
$VWVHW,83.2,T,,M,14.57,N,26.97,K*4E
$GPGGA,080252.00,5431.87258,N,01836.03199,E,1,12,1.1,19.2,M,26.5,M,,*54
$GPRMC,080252.00,A,5431.87258,N,01836.03199,E,14.93,84.3,140625,,,A*6A
$GPVTG,84.3,T,,M,14.93,N,27.66,K,A*38
$HEHDT,83.2,T*16
$VWVHW,83.2,T,,M,14.52,N,26.90,K*4C
$GPGGA,080253.00,5431.87288,N,01836.03916,E,1,12,1.1,19.2,M,26.5,M,,*57
$GPRMC,080253.00,A,5431.87288,N,01836.03916,E,14.86,84.5,140625,,,A*6B
$GPVTG,84.5,T,,M,14.86,N,27.52,K,A*3D
$HEHDT,82.9,T*1C
$VWVHW,82.9,T,,M,14.50,N,26.86,K*43
$GPGGA,080254.00,5431.87295,N,01836.04652,E,1,12,1.1,19.3,M,26.5,M,,*55
$GPRMC,080254.00,A,5431.87295,N,01836.04652,E,14.91,83.7,140625,,,A*6B
$GPVTG,83.7,T,,M,14.91,N,27.61,K,A*3E
$HEHDT,83.1,T*15
$VWVHW,83.1,T,,M,14.54,N,26.93,K*4A
$GPGGA,080255.00,5431.87342,N,01836.05391,E,1,12,1.1,19.4,M,26.5,M,,*53
$GPRMC,080255.00,A,5431.87342,N,01836.05391,E,14.89,84.3,140625,,,A*60
$GPVTG,84.3,T,,M,14.89,N,27.57,K,A*31
$HEHDT,83.6,T*12
$VWVHW,83.6,T,,M,14.66,N,27.16,K*40
$GPGSV,2,1,08,03,62,041,51,08,40,096,44,11,24,151,42,14,50,206,46*74
$GPGSV,2,2,08,17,68,263,48,22,21,311,43,28,08,351,37,31,56,121,49*7A
$GAGSV,2,1,05,04,49,071,46,09,37,181,44,12,68,236,48,24,12,286,39*63
$GAGSV,2,2,05,31,18,021,39*5F
$GPZDA,080255.00,14,06,2025,00,00*6A
$GPGGA,080256.00,5431.87436,N,01836.06082,E,1,12,1.1,19.7,M,26.5,M,,*55
$GPRMC,080256.00,A,5431.87436,N,01836.06082,E,14.81,83.4,140625,,,A*6D
$GPVTG,83.4,T,,M,14.81,N,27.43,K,A*3C
$HEHDT,83.4,T*10
$VWVHW,83.4,T,,M,14.64,N,27.12,K*44
$GPGGA,080257.00,5431.87420,N,01836.06836,E,1,12,1.1,19.5,M,26.5,M,,*56
$GPRMC,080257.00,A,5431.87420,N,01836.06836,E,14.84,83.9,140625,,,A*64
$GPVTG,83.9,T,,M,14.84,N,27.49,K,A*3E
$HEHDT,83.4,T*10
$VWVHW,83.4,T,,M,14.51,N,26.88,K*40
$GPGGA,080258.00,5431.87499,N,01836.07500,E,1,12,1.1,19.6,M,26.5,M,,*51
$GPRMC,080258.00,A,5431.87499,N,01836.07500,E,14.98,83.7,140625,,,A*63
$GPVTG,83.7,T,,M,14.98,N,27.74,K,A*33
$HEHDT,83.3,T*17
$VWVHW,83.3,T,,M,14.56,N,26.97,K*4E
$GPGGA,080259.00,5431.87579,N,01836.08237,E,1,12,1.1,19.8,M,26.5,M,,*5D
$GPRMC,080259.00,A,5431.87579,N,01836.08237,E,14.98,84.0,140625,,,A*61
$GPVTG,84.0,T,,M,14.98,N,27.74,K,A*33
$HEHDT,83.1,T*15
$VWVHW,83.1,T,,M,14.61,N,27.06,K*41
$GPGGA,080300.00,5431.87635,N,01836.08929,E,1,12,1.1,18.8,M,26.5,M,,*5E
$GPRMC,080300.00,A,5431.87635,N,01836.08929,E,14.82,84.1,140625,,,A*69
$GPVTG,84.1,T,,M,14.82,N,27.45,K,A*3B
$HEHDT,83.2,T*16
$VWVHW,83.2,T,,M,14.52,N,26.88,K*45
$GPGSV,2,1,08,03,62,041,50,08,40,096,46,11,24,151,42,14,50,206,48*79
$GPGSV,2,2,08,17,68,263,48,22,21,311,42,28,08,351,37,31,56,121,49*7B
$GAGSV,2,1,05,04,49,071,46,09,37,181,45,12,68,236,49,24,12,286,38*62
$GAGSV,2,2,05,31,18,021,39*5F
$GPZDA,080300.00,14,06,2025,00,00*6B
$GPGGA,080301.00,5431.87621,N,01836.09712,E,1,12,1.1,19.2,M,26.5,M,,*56
$GPRMC,080301.00,A,5431.87621,N,01836.09712,E,14.77,84.2,140625,,,A*63
$GPVTG,84.2,T,,M,14.77,N,27.35,K,A*35
$HEHDT,83.4,T*10
$VWVHW,83.4,T,,M,14.68,N,27.19,K*43
$GPGGA,080302.00,5431.87685,N,01836.10450,E,1,12,1.1,18.8,M,26.5,M,,*5D
$GPRMC,080302.00,A,5431.87685,N,01836.10450,E,14.82,84.0,140625,,,A*6B
$GPVTG,84.0,T,,M,14.82,N,27.45,K,A*3A
$HEHDT,82.9,T*1C
$VWVHW,82.9,T,,M,14.45,N,26.77,K*49
$GPGGA,080303.00,5431.87747,N,01836.11150,E,1,12,1.1,19.3,M,26.5,M,,*5D
$GPRMC,080303.00,A,5431.87747,N,01836.11150,E,14.83,83.9,140625,,,A*6E
$GPVTG,83.9,T,,M,14.83,N,27.46,K,A*36
$HEHDT,83.3,T*17
$VWVHW,83.3,T,,M,14.52,N,26.89,K*45
$GPGGA,080304.00,5431.87784,N,01836.11839,E,1,12,1.1,19.2,M,26.5,M,,*52
$GPRMC,080304.00,A,5431.87784,N,01836.11839,E,14.88,84.3,140625,,,A*66
$GPVTG,84.3,T,,M,14.88,N,27.56,K,A*31
$HEHDT,83.0,T*14
$VWVHW,83.0,T,,M,14.54,N,26.92,K*4A
$GPGGA,080305.00,5431.87829,N,01836.12596,E,1,12,1.1,19.0,M,26.5,M,,*52
$GPRMC,080305.00,A,5431.87829,N,01836.12596,E,14.97,84.1,140625,,,A*68
$GPVTG,84.1,T,,M,14.97,N,27.73,K,A*3A
$HEHDT,82.7,T*12
$VWVHW,82.7,T,,M,14.45,N,26.77,K*47
$GPGSV,2,1,08,03,62,041,49,08,40,096,45,11,24,151,42,14,50,206,47*7D
$GPGSV,2,2,08,17,68,263,47,22,21,311,42,28,08,351,37,31,56,121,48*75
$GAGSV,2,1,05,04,49,071,47,09,37,181,46,12,68,236,49,24,12,286,39*61
$GAGSV,2,2,05,31,18,021,40*51
$GPZDA,080305.00,14,06,2025,00,00*6E
$GPGGA,080306.00,5431.87900,N,01836.13237,E,1,12,1.1,19.3,M,26.5,M,,*55
$GPRMC,080306.00,A,5431.87900,N,01836.13237,E,14.78,83.9,140625,,,A*62
$GPVTG,83.9,T,,M,14.78,N,27.38,K,A*3B
$HEHDT,83.3,T*17
$VWVHW,83.3,T,,M,14.57,N,26.99,K*41
$GPGGA,080307.00,5431.87921,N,01836.13882,E,1,12,1.1,19.4,M,26.5,M,,*54
$GPRMC,080307.00,A,5431.87921,N,01836.13882,E,14.79,84.1,140625,,,A*6A
$GPVTG,84.1,T,,M,14.79,N,27.39,K,A*34
$HEHDT,83.2,T*16
$VWVHW,83.2,T,,M,14.49,N,26.83,K*44
$GPGGA,080308.00,5431.87999,N,01836.14705,E,1,12,1.1,18.7,M,26.5,M,,*5D
$GPRMC,080308.00,A,5431.87999,N,01836.14705,E,14.83,84.2,140625,,,A*67
$GPVTG,84.2,T,,M,14.83,N,27.46,K,A*3A
$HEHDT,83.1,T*15
$VWVHW,83.1,T,,M,14.45,N,26.76,K*41
$GPGGA,080309.00,5431.88037,N,01836.15320,E,1,12,1.1,18.9,M,26.5,M,,*52
$GPRMC,080309.00,A,5431.88037,N,01836.15320,E,14.84,83.5,140625,,,A*61
$GPVTG,83.5,T,,M,14.84,N,27.48,K,A*33
$HEHDT,82.8,T*1D
$VWVHW,82.8,T,,M,14.42,N,26.70,K*48
$GPGGA,080310.00,5431.88065,N,01836.16055,E,1,12,1.1,18.7,M,26.5,M,,*51
$GPRMC,080310.00,A,5431.88065,N,01836.16055,E,14.88,84.1,140625,,,A*63
$GPVTG,84.1,T,,M,14.88,N,27.56,K,A*33
$HEHDT,83.1,T*15
$VWVHW,83.1,T,,M,14.38,N,26.63,K*4F
$GPGSV,2,1,08,03,62,041,49,08,40,096,46,11,24,151,42,14,50,206,47*7E
$GPGSV,2,2,08,17,68,263,48,22,21,311,42,28,08,351,37,31,56,121,49*7B
$GAGSV,2,1,05,04,49,071,46,09,37,181,44,12,68,236,49,24,12,286,39*62
$GAGSV,2,2,05,31,18,021,40*51
$GPZDA,080310.00,14,06,2025,00,00*6A
$GPGGA,080311.00,5431.88103,N,01836.16781,E,1,12,1.1,19.3,M,26.5,M,,*5A
$GPRMC,080311.00,A,5431.88103,N,01836.16781,E,14.85,84.1,140625,,,A*60
$GPVTG,84.1,T,,M,14.85,N,27.51,K,A*39
$HEHDT,83.3,T*17
$VWVHW,83.3,T,,M,14.43,N,26.73,K*40
$GPGGA,080312.00,5431.88155,N,01836.17441,E,1,12,1.1,19.2,M,26.5,M,,*55
$GPRMC,080312.00,A,5431.88155,N,01836.17441,E,14.80,84.4,140625,,,A*6E
$GPVTG,84.4,T,,M,14.80,N,27.40,K,A*39
$HEHDT,83.0,T*14
$VWVHW,83.0,T,,M,14.50,N,26.85,K*48
$GPGGA,080313.00,5431.88195,N,01836.18212,E,1,12,1.1,18.9,M,26.5,M,,*5D
$GPRMC,080313.00,A,5431.88195,N,01836.18212,E,14.89,84.3,140625,,,A*62
$GPVTG,84.3,T,,M,14.89,N,27.58,K,A*3E
$HEHDT,83.8,T*1C
$VWVHW,83.8,T,,M,14.48,N,26.83,K*4F
$GPGGA,080314.00,5431.88211,N,01836.18928,E,1,12,1.1,18.6,M,26.5,M,,*58
$GPRMC,080314.00,A,5431.88211,N,01836.18928,E,14.81,84.4,140625,,,A*67
$GPVTG,84.4,T,,M,14.81,N,27.44,K,A*3C
$HEHDT,83.7,T*13
$VWVHW,83.7,T,,M,14.57,N,26.98,K*44
$GPGGA,080315.00,5431.88247,N,01836.19637,E,1,12,1.1,18.9,M,26.5,M,,*55
$GPRMC,080315.00,A,5431.88247,N,01836.19637,E,14.77,83.8,140625,,,A*67
$GPVTG,83.8,T,,M,14.77,N,27.36,K,A*3B
$HEHDT,83.3,T*17
$VWVHW,83.3,T,,M,14.49,N,26.84,K*42
$GPGSV,2,1,08,03,63,041,50,08,40,096,45,11,24,151,42,14,50,206,47*74
$GPGSV,2,2,08,17,68,263,48,22,21,311,43,28,08,351,37,31,56,121,47*74
$GAGSV,2,1,05,04,49,071,47,09,37,181,45,12,68,236,48,24,12,286,38*62
$GAGSV,2,2,05,31,18,021,40*51
$GPZDA,080315.00,14,06,2025,00,00*6F
$GPGGA,080316.00,5431.88299,N,01836.20355,E,1,12,1.1,18.3,M,26.5,M,,*54
$GPRMC,080316.00,A,5431.88299,N,01836.20355,E,14.80,83.7,140625,,,A*6B
$GPVTG,83.7,T,,M,14.80,N,27.41,K,A*3C
$HEHDT,83.3,T*17
$VWVHW,83.3,T,,M,14.53,N,26.91,K*4D
$GPGGA,080317.00,5431.88364,N,01836.20983,E,1,12,1.1,18.1,M,26.5,M,,*55
$GPRMC,080317.00,A,5431.88364,N,01836.20983,E,14.88,83.9,140625,,,A*6E
$GPVTG,83.9,T,,M,14.88,N,27.56,K,A*3C
$HEHDT,83.2,T*16
$VWVHW,83.2,T,,M,14.49,N,26.84,K*43
$GPGGA,080318.00,5431.88373,N,01836.21766,E,1,12,1.1,18.5,M,26.5,M,,*5C
$GPRMC,080318.00,A,5431.88373,N,01836.21766,E,14.85,84.3,140625,,,A*63
$GPVTG,84.3,T,,M,14.85,N,27.50,K,A*3A
$HEHDT,83.3,T*17
$VWVHW,83.3,T,,M,14.44,N,26.74,K*40
$GPGGA,080319.00,5431.88423,N,01836.22457,E,1,12,1.1,18.8,M,26.5,M,,*50
$GPRMC,080319.00,A,5431.88423,N,01836.22457,E,14.73,84.3,140625,,,A*6B
$GPVTG,84.3,T,,M,14.73,N,27.27,K,A*33
$HEHDT,83.2,T*16
$VWVHW,83.2,T,,M,14.59,N,27.02,K*4D
$GPGGA,080320.00,5431.88459,N,01836.23193,E,1,12,1.1,18.8,M,26.5,M,,*5B
$GPRMC,080320.00,A,5431.88459,N,01836.23193,E,14.82,83.3,140625,,,A*69
$GPVTG,83.3,T,,M,14.82,N,27.45,K,A*3E
$HEHDT,83.3,T*17
$VWVHW,83.3,T,,M,14.58,N,27.00,K*4F
$GPGSV,2,1,08,03,63,041,48,08,40,096,46,11,24,151,42,14,50,206,47*7E
$GPGSV,2,2,08,17,68,263,47,22,21,311,43,28,08,351,38,31,56,121,48*7B
$GAGSV,2,1,05,04,49,071,47,09,37,181,46,12,68,236,47,24,12,286,39*6F
$GAGSV,2,2,05,31,18,021,40*51
$GPZDA,080320.00,14,06,2025,00,00*69
$GPGGA,080321.00,5431.88508,N,01836.23879,E,1,12,1.1,18.6,M,26.5,M,,*5C
$GPRMC,080321.00,A,5431.88508,N,01836.23879,E,14.79,84.0,140625,,,A*60
$GPVTG,84.0,T,,M,14.79,N,27.38,K,A*34
$HEHDT,82.8,T*1D
$VWVHW,82.8,T,,M,14.43,N,26.73,K*4A
$GPGGA,080322.00,5431.88553,N,01836.24554,E,1,12,1.1,17.9,M,26.5,M,,*54
$GPRMC,080322.00,A,5431.88553,N,01836.24554,E,14.89,84.2,140625,,,A*65
$GPVTG,84.2,T,,M,14.89,N,27.58,K,A*3F
$HEHDT,83.3,T*17
$VWVHW,83.3,T,,M,14.56,N,26.97,K*4E
$GPGGA,080323.00,5431.88550,N,01836.25239,E,1,12,1.1,18.3,M,26.5,M,,*5E
$GPRMC,080323.00,A,5431.88550,N,01836.25239,E,14.84,84.0,140625,,,A*65
$GPVTG,84.0,T,,M,14.84,N,27.49,K,A*30
$HEHDT,83.1,T*15
$VWVHW,83.1,T,,M,14.52,N,26.90,K*4F
$GPGGA,080324.00,5431.88630,N,01836.25915,E,1,12,1.1,18.4,M,26.5,M,,*5E
$GPRMC,080324.00,A,5431.88630,N,01836.25915,E,14.92,84.0,140625,,,A*65
$GPVTG,84.0,T,,M,14.92,N,27.63,K,A*3F
$HEHDT,82.7,T*12
$VWVHW,82.7,T,,M,14.56,N,26.97,K*4B
$GPGGA,080325.00,5431.88655,N,01836.26535,E,1,12,1.1,17.6,M,26.5,M,,*5C
$GPRMC,080325.00,A,5431.88655,N,01836.26535,E,14.85,84.5,140625,,,A*69
$GPVTG,84.5,T,,M,14.85,N,27.51,K,A*3D
$HEHDT,83.3,T*17
$VWVHW,83.3,T,,M,14.40,N,26.66,K*47
$GPGSV,2,1,08,03,63,041,48,08,40,096,46,11,24,151,42,14,50,206,46*7F
$GPGSV,2,2,08,17,68,263,46,22,21,311,43,28,08,351,38,31,56,121,48*7A
$GAGSV,2,1,05,04,49,071,47,09,37,181,46,12,68,236,49,24,12,286,37*6F
$GAGSV,2,2,05,31,18,021,39*5F
$GPZDA,080325.00,14,06,2025,00,00*6C
$GPGGA,080326.00,5431.88732,N,01836.27328,E,1,12,1.1,17.2,M,26.5,M,,*50
$GPRMC,080326.00,A,5431.88732,N,01836.27328,E,14.94,84.3,140625,,,A*67
$GPVTG,84.3,T,,M,14.94,N,27.67,K,A*3E
$HEHDT,83.4,T*10
$VWVHW,83.4,T,,M,14.47,N,26.80,K*4F
$GPGGA,080327.00,5431.88762,N,01836.28052,E,1,12,1.1,17.8,M,26.5,M,,*5F
$GPRMC,080327.00,A,5431.88762,N,01836.28052,E,14.76,83.9,140625,,,A*63
$GPVTG,83.9,T,,M,14.76,N,27.34,K,A*39
$HEHDT,83.1,T*15
$VWVHW,83.1,T,,M,14.38,N,26.64,K*48
$GPGGA,080328.00,5431.88733,N,01836.28679,E,1,12,1.1,18.0,M,26.5,M,,*5C
$GPRMC,080328.00,A,5431.88733,N,01836.28679,E,14.91,84.0,140625,,,A*60
$GPVTG,84.0,T,,M,14.91,N,27.62,K,A*3D
$HEHDT,83.3,T*17
$VWVHW,83.3,T,,M,14.36,N,26.59,K*4A
$GPGGA,080329.00,5431.88852,N,01836.29423,E,1,12,1.1,17.3,M,26.5,M,,*55
$GPRMC,080329.00,A,5431.88852,N,01836.29423,E,14.81,84.1,140625,,,A*65
$GPVTG,84.1,T,,M,14.81,N,27.43,K,A*3E
$HEHDT,83.4,T*10
$VWVHW,83.4,T,,M,14.44,N,26.74,K*47
$GPGGA,080330.00,5431.88905,N,01836.30167,E,1,12,1.1,18.2,M,26.5,M,,*5D
$GPRMC,080330.00,A,5431.88905,N,01836.30167,E,14.85,84.0,140625,,,A*66
$GPVTG,84.0,T,,M,14.85,N,27.50,K,A*39
$HEHDT,83.0,T*14
$VWVHW,83.0,T,,M,14.51,N,26.87,K*4B
$GPGSV,2,1,08,03,63,041,48,08,40,096,45,11,24,151,43,14,50,206,49*72
$GPGSV,2,2,08,17,68,263,48,22,21,311,43,28,08,351,37,31,56,121,49*7A
$GAGSV,2,1,05,04,49,071,47,09,37,181,46,12,68,236,49,24,12,286,37*6F
$GAGSV,2,2,05,31,18,021,38*5E
$GPZDA,080330.00,14,06,2025,00,00*68
$GPGGA,080331.00,5431.88934,N,01836.30849,E,1,12,1.1,18.1,M,26.5,M,,*58
$GPRMC,080331.00,A,5431.88934,N,01836.30849,E,14.69,83.5,140625,,,A*60
$GPVTG,83.5,T,,M,14.69,N,27.21,K,A*3F
$HEHDT,83.2,T*16
$VWVHW,83.2,T,,M,14.45,N,26.76,K*42
$GPGGA,080332.00,5431.88973,N,01836.31516,E,1,12,1.1,18.0,M,26.5,M,,*5F
$GPRMC,080332.00,A,5431.88973,N,01836.31516,E,14.80,84.7,140625,,,A*64
$GPVTG,84.7,T,,M,14.80,N,27.40,K,A*3A
$HEHDT,83.1,T*15
$VWVHW,83.1,T,,M,14.43,N,26.72,K*43
$GPGGA,080333.00,5431.89004,N,01836.32251,E,1,12,1.1,17.1,M,26.5,M,,*5F
$GPRMC,080333.00,A,5431.89004,N,01836.32251,E,14.99,83.7,140625,,,A*65
$GPVTG,83.7,T,,M,14.99,N,27.76,K,A*30
$HEHDT,83.3,T*17
$VWVHW,83.3,T,,M,14.57,N,26.98,K*40
$GPGGA,080334.00,5431.89040,N,01836.32947,E,1,12,1.1,17.9,M,26.5,M,,*5C
$GPRMC,080334.00,A,5431.89040,N,01836.32947,E,14.78,84.4,140625,,,A*65
$GPVTG,84.4,T,,M,14.78,N,27.37,K,A*3E
$HEHDT,83.1,T*15
$VWVHW,83.1,T,,M,14.49,N,26.84,K*40
$GPGGA,080335.00,5431.89082,N,01836.33630,E,1,12,1.1,17.8,M,26.5,M,,*5C
$GPRMC,080335.00,A,5431.89082,N,01836.33630,E,14.82,84.3,140625,,,A*66
$GPVTG,84.3,T,,M,14.82,N,27.44,K,A*38
$HEHDT,83.5,T*11
$VWVHW,83.5,T,,M,14.43,N,26.72,K*47
$GPGSV,2,1,08,03,63,041,48,08,40,096,46,11,24,151,42,14,50,206,49*70
$GPGSV,2,2,08,17,68,263,48,22,21,311,42,28,08,351,37,31,56,121,49*7B
$GAGSV,2,1,05,04,49,071,48,09,37,181,44,12,68,236,48,24,12,286,37*63
$GAGSV,2,2,05,31,18,021,40*51
$GPZDA,080335.00,14,06,2025,00,00*6D
$GPGGA,080336.00,5431.89144,N,01836.34313,E,1,12,1.1,17.6,M,26.5,M,,*59
$GPRMC,080336.00,A,5431.89144,N,01836.34313,E,14.73,84.1,140625,,,A*61
$GPVTG,84.1,T,,M,14.73,N,27.29,K,A*3F
$HEHDT,82.8,T*1D
$VWVHW,82.8,T,,M,14.52,N,26.89,K*4F
$GPGGA,080337.00,5431.89111,N,01836.35060,E,1,12,1.1,18.0,M,26.5,M,,*57
$GPRMC,080337.00,A,5431.89111,N,01836.35060,E,14.77,83.4,140625,,,A*60
$GPVTG,83.4,T,,M,14.77,N,27.36,K,A*37
$HEHDT,82.9,T*1C
$VWVHW,82.9,T,,M,14.51,N,26.87,K*43
$GPGGA,080338.00,5431.89211,N,01836.35769,E,1,12,1.1,17.2,M,26.5,M,,*58
$GPRMC,080338.00,A,5431.89211,N,01836.35769,E,14.86,84.2,140625,,,A*6D
$GPVTG,84.2,T,,M,14.86,N,27.53,K,A*3B
$HEHDT,83.1,T*15
$VWVHW,83.1,T,,M,14.36,N,26.60,K*42
$GPGGA,080339.00,5431.89247,N,01836.36479,E,1,12,1.1,17.4,M,26.5,M,,*5D
$GPRMC,080339.00,A,5431.89247,N,01836.36479,E,14.75,84.3,140625,,,A*63
$GPVTG,84.3,T,,M,14.75,N,27.32,K,A*31
$HEHDT,83.1,T*15
$VWVHW,83.1,T,,M,14.51,N,26.88,K*45
$GPGGA,080340.00,5431.89275,N,01836.37167,E,1,12,1.1,17.6,M,26.5,M,,*5B
$GPRMC,080340.00,A,5431.89275,N,01836.37167,E,14.90,84.1,140625,,,A*6E
$GPVTG,84.1,T,,M,14.90,N,27.60,K,A*3F
$HEHDT,83.4,T*10
$VWVHW,83.4,T,,M,14.48,N,26.83,K*43
$GPGSV,2,1,08,03,63,041,48,08,40,096,45,11,24,151,43,14,50,206,48*73
$GPGSV,2,2,08,17,68,263,48,22,21,311,42,28,08,351,37,31,56,121,48*7A
$GAGSV,2,1,05,04,49,071,47,09,37,181,45,12,68,236,48,24,12,286,37*6D
$GAGSV,2,2,05,31,18,021,40*51
$GPZDA,080340.00,14,06,2025,00,00*6F
$GPGGA,080341.00,5431.89333,N,01836.37864,E,1,12,1.1,18.0,M,26.5,M,,*5A
$GPRMC,080341.00,A,5431.89333,N,01836.37864,E,14.74,84.1,140625,,,A*6C
$GPVTG,84.1,T,,M,14.74,N,27.29,K,A*38
$HEHDT,83.0,T*14
$VWVHW,83.0,T,,M,14.41,N,26.69,K*4A
$GPGGA,080342.00,5431.89362,N,01836.38517,E,1,12,1.1,17.3,M,26.5,M,,*57
$GPRMC,080342.00,A,5431.89362,N,01836.38517,E,14.75,83.9,140625,,,A*63
$GPVTG,83.9,T,,M,14.75,N,27.32,K,A*3C
$HEHDT,83.1,T*15
$VWVHW,83.1,T,,M,14.50,N,26.86,K*4A
$GPGGA,080343.00,5431.89366,N,01836.39180,E,1,12,1.1,18.0,M,26.5,M,,*55
$GPRMC,080343.00,A,5431.89366,N,01836.39180,E,14.80,84.4,140625,,,A*6D
$GPVTG,84.4,T,,M,14.80,N,27.41,K,A*38
$HEHDT,83.2,T*16
$VWVHW,83.2,T,,M,14.39,N,26.66,K*48
$GPGGA,080344.00,5431.89444,N,01836.39971,E,1,12,1.1,18.5,M,26.5,M,,*56
$GPRMC,080344.00,A,5431.89444,N,01836.39971,E,14.88,84.1,140625,,,A*66
$GPVTG,84.1,T,,M,14.88,N,27.56,K,A*33
$HEHDT,83.3,T*17
$VWVHW,83.3,T,,M,14.38,N,26.64,K*4A
$GPGGA,080345.00,5431.89465,N,01836.40800,E,1,12,1.1,18.3,M,26.5,M,,*5B
$GPRMC,080345.00,A,5431.89465,N,01836.40800,E,14.87,84.7,140625,,,A*64
$GPVTG,84.7,T,,M,14.87,N,27.54,K,A*38
$HEHDT,83.4,T*10
$VWVHW,83.4,T,,M,14.39,N,26.64,K*4C
$GPGSV,2,1,08,03,63,041,48,08,40,096,45,11,24,151,42,14,50,206,48*72
$GPGSV,2,2,08,17,68,263,49,22,21,311,43,28,08,351,37,31,56,121,48*7A
$GAGSV,2,1,05,04,49,071,48,09,37,181,45,12,68,236,48,24,12,286,37*62
$GAGSV,2,2,05,31,18,021,40*51
$GPZDA,080345.00,14,06,2025,00,00*6A
$GPGGA,080346.00,5431.89551,N,01836.41354,E,1,12,1.1,18.0,M,26.5,M,,*56
$GPRMC,080346.00,A,5431.89551,N,01836.41354,E,14.94,84.1,140625,,,A*6E
$GPVTG,84.1,T,,M,14.94,N,27.67,K,A*3C
$HEHDT,83.4,T*10
$VWVHW,83.4,T,,M,14.57,N,26.99,K*46
$GPGGA,080347.00,5431.89575,N,01836.42032,E,1,12,1.1,18.2,M,26.5,M,,*53
$GPRMC,080347.00,A,5431.89575,N,01836.42032,E,14.79,84.0,140625,,,A*6B
$GPVTG,84.0,T,,M,14.79,N,27.39,K,A*35
$HEHDT,82.8,T*1D
$VWVHW,82.8,T,,M,14.27,N,26.43,K*4B
$GPGGA,080348.00,5431.89595,N,01836.42808,E,1,12,1.1,18.2,M,26.5,M,,*53
$GPRMC,080348.00,A,5431.89595,N,01836.42808,E,14.80,83.8,140625,,,A*62
$GPVTG,83.8,T,,M,14.80,N,27.41,K,A*33
$HEHDT,83.3,T*17
$VWVHW,83.3,T,,M,14.38,N,26.64,K*4A
$GPGGA,080349.00,5431.89577,N,01836.43436,E,1,12,1.1,18.6,M,26.5,M,,*5A
$GPRMC,080349.00,A,5431.89577,N,01836.43436,E,14.82,83.7,140625,,,A*62
$GPVTG,83.7,T,,M,14.82,N,27.44,K,A*3B
$HEHDT,83.2,T*16
$VWVHW,83.2,T,,M,14.47,N,26.80,K*49
$GPGGA,080350.00,5431.89692,N,01836.44162,E,1,12,1.1,18.3,M,26.5,M,,*5C
$GPRMC,080350.00,A,5431.89692,N,01836.44162,E,14.90,83.9,140625,,,A*6C
$GPVTG,83.9,T,,M,14.90,N,27.59,K,A*3A
$HEHDT,83.1,T*15
$VWVHW,83.1,T,,M,14.49,N,26.84,K*40
$GPGSV,2,1,08,03,63,041,49,08,40,096,46,11,24,151,42,14,50,206,47*7F
$GPGSV,2,2,08,17,68,263,48,22,21,311,42,28,08,351,37,31,56,121,47*75
$GAGSV,2,1,05,04,49,071,48,09,37,181,44,12,68,236,49,24,12,286,37*62
$GAGSV,2,2,05,31,18,021,38*5E
$GPZDA,080350.00,14,06,2025,00,00*6E
$GPGGA,080351.00,5431.89754,N,01836.44761,E,1,12,1.1,18.7,M,26.5,M,,*57
$GPRMC,080351.00,A,5431.89754,N,01836.44761,E,14.86,84.3,140625,,,A*69
$GPVTG,84.3,T,,M,14.86,N,27.52,K,A*3B
$HEHDT,83.4,T*10
$VWVHW,83.4,T,,M,14.50,N,26.85,K*4C
$GPGGA,080352.00,5431.89759,N,01836.45502,E,1,12,1.1,18.0,M,26.5,M,,*58
$GPRMC,080352.00,A,5431.89759,N,01836.45502,E,14.94,84.2,140625,,,A*63
$GPVTG,84.2,T,,M,14.94,N,27.66,K,A*3E
$HEHDT,83.6,T*12
$VWVHW,83.6,T,,M,14.38,N,26.62,K*49
$GPGGA,080353.00,5431.89815,N,01836.46229,E,1,12,1.1,18.1,M,26.5,M,,*52
$GPRMC,080353.00,A,5431.89815,N,01836.46229,E,14.85,83.9,140625,,,A*64
$GPVTG,83.9,T,,M,14.85,N,27.51,K,A*36
$HEHDT,82.8,T*1D
$VWVHW,82.8,T,,M,14.41,N,26.69,K*43
$GPGGA,080354.00,5431.89867,N,01836.46982,E,1,12,1.1,18.4,M,26.5,M,,*5F
$GPRMC,080354.00,A,5431.89867,N,01836.46982,E,15.02,84.4,140625,,,A*68
$GPVTG,84.4,T,,M,15.02,N,27.82,K,A*3C
$HEHDT,83.1,T*15
$VWVHW,83.1,T,,M,14.60,N,27.04,K*42
$GPGGA,080355.00,5431.89858,N,01836.47646,E,1,12,1.1,17.4,M,26.5,M,,*5B
$GPRMC,080355.00,A,5431.89858,N,01836.47646,E,14.91,84.0,140625,,,A*6C
$GPVTG,84.0,T,,M,14.91,N,27.62,K,A*3D
$HEHDT,82.7,T*12
$VWVHW,82.7,T,,M,14.53,N,26.91,K*48
$GPGSV,2,1,08,03,63,041,49,08,40,096,46,11,24,151,42,14,50,206,48*70
$GPGSV,2,2,08,17,68,263,48,22,21,311,42,28,08,351,39,31,56,121,47*7B
$GAGSV,2,1,05,04,49,071,47,09,37,181,45,12,68,236,49,24,12,286,37*6C
$GAGSV,2,2,05,31,18,021,40*51
$GPZDA,080355.00,14,06,2025,00,00*6B
$GPGGA,080356.00,5431.89930,N,01836.48439,E,1,12,1.1,17.4,M,26.5,M,,*52
$GPRMC,080356.00,A,5431.89930,N,01836.48439,E,14.88,84.3,140625,,,A*6E
$GPVTG,84.3,T,,M,14.88,N,27.55,K,A*32
$HEHDT,82.9,T*1C
$VWVHW,82.9,T,,M,14.28,N,26.45,K*43
$GPGGA,080357.00,5431.89954,N,01836.49087,E,1,12,1.1,17.7,M,26.5,M,,*52
$GPRMC,080357.00,A,5431.89954,N,01836.49087,E,14.84,83.8,140625,,,A*6D
$GPVTG,83.8,T,,M,14.84,N,27.48,K,A*3E
$HEHDT,83.3,T*17
$VWVHW,83.3,T,,M,14.60,N,27.04,K*40
$GPGGA,080358.00,5431.90044,N,01836.49707,E,1,12,1.1,17.3,M,26.5,M,,*56
$GPRMC,080358.00,A,5431.90044,N,01836.49707,E,14.77,83.9,140625,,,A*60
$GPVTG,83.9,T,,M,14.77,N,27.36,K,A*3A
$HEHDT,83.0,T*14
$VWVHW,83.0,T,,M,14.62,N,27.08,K*4D
$GPGGA,080359.00,5431.90059,N,01836.50492,E,1,12,1.1,17.7,M,26.5,M,,*58
$GPRMC,080359.00,A,5431.90059,N,01836.50492,E,14.75,84.2,140625,,,A*64
$GPVTG,84.2,T,,M,14.75,N,27.32,K,A*30
$HEHDT,82.7,T*12
$VWVHW,82.7,T,,M,14.55,N,26.95,K*4A
$GPGGA,080400.00,5431.90055,N,01836.51185,E,1,12,1.1,17.8,M,26.5,M,,*52
$GPRMC,080400.00,A,5431.90055,N,01836.51185,E,14.95,83.7,140625,,,A*6D
$GPVTG,83.7,T,,M,14.95,N,27.69,K,A*32
$HEHDT,83.0,T*14
$VWVHW,83.0,T,,M,14.31,N,26.50,K*47
$GPGSV,2,1,08,03,63,041,49,08,40,096,46,11,24,151,43,14,50,206,47*7E
$GPGSV,2,2,08,17,68,263,48,22,21,311,42,28,08,351,38,31,56,121,48*75
$GAGSV,2,1,05,04,49,071,47,09,37,181,44,12,68,236,48,24,12,286,37*6C
$GAGSV,2,2,05,31,18,021,40*51
$GPZDA,080400.00,14,06,2025,00,00*6C
$GPGGA,080401.00,5431.90137,N,01836.51921,E,1,12,1.1,17.0,M,26.5,M,,*58
$GPRMC,080401.00,A,5431.90137,N,01836.51921,E,14.83,84.6,140625,,,A*6E
$GPVTG,84.6,T,,M,14.83,N,27.47,K,A*3F
$HEHDT,83.1,T*15
$VWVHW,83.1,T,,M,14.48,N,26.82,K*47
$GPGGA,080402.00,5431.90129,N,01836.52556,E,1,12,1.1,18.0,M,26.5,M,,*54
$GPRMC,080402.00,A,5431.90129,N,01836.52556,E,14.80,84.1,140625,,,A*69
$GPVTG,84.1,T,,M,14.80,N,27.41,K,A*3D
$HEHDT,83.4,T*10
$VWVHW,83.4,T,,M,14.43,N,26.73,K*47
$GPGGA,080403.00,5431.90194,N,01836.53268,E,1,12,1.1,17.9,M,26.5,M,,*5E
$GPRMC,080403.00,A,5431.90194,N,01836.53268,E,14.83,83.9,140625,,,A*69
$GPVTG,83.9,T,,M,14.83,N,27.46,K,A*36
$HEHDT,83.0,T*14
$VWVHW,83.0,T,,M,14.35,N,26.57,K*44
$GPGGA,080404.00,5431.90261,N,01836.54015,E,1,12,1.1,17.4,M,26.5,M,,*52
$GPRMC,080404.00,A,5431.90261,N,01836.54015,E,14.81,83.8,140625,,,A*6B
$GPVTG,83.8,T,,M,14.81,N,27.43,K,A*30
$HEHDT,82.9,T*1C
$VWVHW,82.9,T,,M,14.33,N,26.54,K*49
$GPGGA,080405.00,5431.90235,N,01836.54717,E,1,12,1.1,17.2,M,26.5,M,,*51
$GPRMC,080405.00,A,5431.90235,N,01836.54717,E,14.61,84.3,140625,,,A*6C
$GPVTG,84.3,T,,M,14.61,N,27.06,K,A*33
$HEHDT,83.6,T*12
$VWVHW,83.6,T,,M,14.57,N,26.98,K*45
$GPGSV,2,1,08,03,63,041,49,08,40,096,47,11,24,151,43,14,50,206,47*7F
$GPGSV,2,2,08,17,68,263,49,22,21,311,41,28,08,351,38,31,56,121,48*77
$GAGSV,2,1,05,04,49,071,48,09,37,181,44,12,68,236,48,24,12,286,37*63
$GAGSV,2,2,05,31,18,021,40*51
$GPZDA,080405.00,14,06,2025,00,00*69
$GPGGA,080406.00,5431.90372,N,01836.55320,E,1,12,1.1,18.5,M,26.5,M,,*59
$GPRMC,080406.00,A,5431.90372,N,01836.55320,E,14.76,84.1,140625,,,A*68
$GPVTG,84.1,T,,M,14.76,N,27.34,K,A*36
$HEHDT,83.2,T*16
$VWVHW,83.2,T,,M,14.40,N,26.66,K*46
$GPGGA,080407.00,5431.90355,N,01836.56079,E,1,12,1.1,17.9,M,26.5,M,,*52
$GPRMC,080407.00,A,5431.90355,N,01836.56079,E,14.68,84.4,140625,,,A*6A
$GPVTG,84.4,T,,M,14.68,N,27.19,K,A*33
$HEHDT,83.4,T*10
$VWVHW,83.4,T,,M,14.46,N,26.78,K*49
$GPGGA,080408.00,5431.90426,N,01836.56763,E,1,12,1.1,18.0,M,26.5,M,,*54
$GPRMC,080408.00,A,5431.90426,N,01836.56763,E,14.83,84.7,140625,,,A*6C
$GPVTG,84.7,T,,M,14.83,N,27.46,K,A*3F
$HEHDT,83.5,T*11
$VWVHW,83.5,T,,M,14.48,N,26.82,K*43
$GPGGA,080409.00,5431.90461,N,01836.57447,E,1,12,1.1,17.9,M,26.5,M,,*54
$GPRMC,080409.00,A,5431.90461,N,01836.57447,E,14.82,84.2,140625,,,A*6E
$GPVTG,84.2,T,,M,14.82,N,27.45,K,A*38
$HEHDT,83.3,T*17
$VWVHW,83.3,T,,M,14.50,N,26.85,K*4B
$GPGGA,080410.00,5431.90493,N,01836.58132,E,1,12,1.1,17.8,M,26.5,M,,*58
$GPRMC,080410.00,A,5431.90493,N,01836.58132,E,15.01,84.5,140625,,,A*6E
$GPVTG,84.5,T,,M,15.01,N,27.80,K,A*3C
$HEHDT,83.5,T*11
$VWVHW,83.5,T,,M,14.43,N,26.73,K*46
$GPGSV,2,1,08,03,63,041,48,08,40,096,46,11,24,151,42,14,50,206,47*7E
$GPGSV,2,2,08,17,68,263,49,22,21,311,43,28,08,351,37,31,56,121,48*7A
$GAGSV,2,1,05,04,49,071,48,09,37,181,45,12,68,236,48,24,12,286,37*62
$GAGSV,2,2,05,31,18,021,40*51
$GPZDA,080410.00,14,06,2025,00,00*6D
$GPGGA,080411.00,5431.90548,N,01836.58810,E,1,12,1.1,17.6,M,26.5,M,,*59
$GPRMC,080411.00,A,5431.90548,N,01836.58810,E,14.87,83.9,140625,,,A*65
$GPVTG,83.9,T,,M,14.87,N,27.55,K,A*30
$HEHDT,83.2,T*16
$VWVHW,83.2,T,,M,14.47,N,26.80,K*49
$GPGGA,080412.00,5431.90607,N,01836.59501,E,1,12,1.1,17.8,M,26.5,M,,*50
$GPRMC,080412.00,A,5431.90607,N,01836.59501,E,14.80,83.9,140625,,,A*65
$GPVTG,83.9,T,,M,14.80,N,27.42,K,A*31
$HEHDT,83.6,T*12
$VWVHW,83.6,T,,M,14.45,N,26.77,K*47
$GPGGA,080413.00,5431.90619,N,01836.60176,E,1,12,1.1,17.2,M,26.5,M,,*5A
$GPRMC,080413.00,A,5431.90619,N,01836.60176,E,14.94,84.2,140625,,,A*6C
$GPVTG,84.2,T,,M,14.94,N,27.68,K,A*30
$HEHDT,83.2,T*16
$VWVHW,83.2,T,,M,14.46,N,26.78,K*4F
$GPGGA,080414.00,5431.90691,N,01836.60861,E,1,12,1.1,17.4,M,26.5,M,,*54
$GPRMC,080414.00,A,5431.90691,N,01836.60861,E,14.86,83.8,140625,,,A*6A
$GPVTG,83.8,T,,M,14.86,N,27.52,K,A*37
$HEHDT,83.1,T*15
$VWVHW,83.1,T,,M,14.60,N,27.05,K*43
$GPGGA,080415.00,5431.90728,N,01836.61687,E,1,12,1.1,17.1,M,26.5,M,,*54
$GPRMC,080415.00,A,5431.90728,N,01836.61687,E,14.91,83.9,140625,,,A*68
$GPVTG,83.9,T,,M,14.91,N,27.62,K,A*33
$HEHDT,83.4,T*10
$VWVHW,83.4,T,,M,14.29,N,26.47,K*4C
$GPGSV,2,1,08,03,63,041,49,08,40,096,46,11,24,151,42,14,50,206,46*7E
$GPGSV,2,2,08,17,68,263,49,22,21,311,42,28,08,351,38,31,56,121,48*74
$GAGSV,2,1,05,04,49,071,48,09,37,181,44,12,68,236,48,24,12,286,37*63
$GAGSV,2,2,05,31,18,021,40*51
$GPZDA,080415.00,14,06,2025,00,00*68
$GPGGA,080416.00,5431.90785,N,01836.62420,E,1,12,1.0,17.5,M,26.5,M,,*59
$GPRMC,080416.00,A,5431.90785,N,01836.62420,E,14.95,84.6,140625,,,A*6C
$GPVTG,84.6,T,,M,14.95,N,27.69,K,A*34
$HEHDT,83.1,T*15
$VWVHW,83.1,T,,M,14.74,N,27.30,K*40
$GPGGA,080417.00,5431.90809,N,01836.63083,E,1,12,1.0,17.5,M,26.5,M,,*5F
$GPRMC,080417.00,A,5431.90809,N,01836.63083,E,14.89,84.2,140625,,,A*63
$GPVTG,84.2,T,,M,14.89,N,27.58,K,A*3F
$HEHDT,83.4,T*10
$VWVHW,83.4,T,,M,14.45,N,26.76,K*44
$GPGGA,080418.00,5431.90851,N,01836.63767,E,1,12,1.0,17.3,M,26.5,M,,*56
$GPRMC,080418.00,A,5431.90851,N,01836.63767,E,14.84,84.2,140625,,,A*61
$GPVTG,84.2,T,,M,14.84,N,27.48,K,A*33
$HEHDT,83.7,T*13
$VWVHW,83.7,T,,M,14.56,N,26.97,K*4A
$GPGGA,080419.00,5431.90929,N,01836.64454,E,1,12,1.0,18.2,M,26.5,M,,*53
$GPRMC,080419.00,A,5431.90929,N,01836.64454,E,14.90,84.1,140625,,,A*6C
$GPVTG,84.1,T,,M,14.90,N,27.59,K,A*35
$HEHDT,83.1,T*15
$VWVHW,83.1,T,,M,14.46,N,26.79,K*4D
$GPGGA,080420.00,5431.90983,N,01836.65216,E,1,12,1.0,17.0,M,26.5,M,,*55
$GPRMC,080420.00,A,5431.90983,N,01836.65216,E,14.74,84.3,140625,,,A*6F
$GPVTG,84.3,T,,M,14.74,N,27.30,K,A*32
$HEHDT,82.7,T*12
$VWVHW,82.7,T,,M,14.45,N,26.76,K*46
$GPGSV,2,1,08,03,63,041,49,08,40,096,47,11,24,151,42,14,50,206,46*7F
$GPGSV,2,2,08,17,68,263,48,22,21,311,42,28,08,351,38,31,56,121,48*75
$GAGSV,2,1,05,04,49,071,48,09,37,181,44,12,68,236,48,24,12,286,37*63
$GAGSV,2,2,05,31,18,021,41*50
$GPZDA,080420.00,14,06,2025,00,00*6E
$GPGGA,080421.00,5431.90974,N,01836.65855,E,1,12,1.0,17.9,M,26.5,M,,*58
$GPRMC,080421.00,A,5431.90974,N,01836.65855,E,14.90,84.1,140625,,,A*63
$GPVTG,84.1,T,,M,14.90,N,27.59,K,A*35
$HEHDT,83.3,T*17
$VWVHW,83.3,T,,M,14.48,N,26.82,K*45
$GPGGA,080422.00,5431.91027,N,01836.66637,E,1,12,1.0,17.9,M,26.5,M,,*5C
$GPRMC,080422.00,A,5431.91027,N,01836.66637,E,14.77,83.6,140625,,,A*6E
$GPVTG,83.6,T,,M,14.77,N,27.35,K,A*36
$HEHDT,82.9,T*1C
$VWVHW,82.9,T,,M,14.41,N,26.69,K*42
$GPGGA,080423.00,5431.91031,N,01836.67321,E,1,12,1.0,17.4,M,26.5,M,,*54
$GPRMC,080423.00,A,5431.91031,N,01836.67321,E,14.80,83.8,140625,,,A*6D
$GPVTG,83.8,T,,M,14.80,N,27.41,K,A*33
$HEHDT,83.0,T*14
$VWVHW,83.0,T,,M,14.40,N,26.67,K*45
$GPGGA,080424.00,5431.91083,N,01836.68002,E,1,12,1.0,17.4,M,26.5,M,,*57
$GPRMC,080424.00,A,5431.91083,N,01836.68002,E,14.88,84.1,140625,,,A*68
$GPVTG,84.1,T,,M,14.88,N,27.55,K,A*30
$HEHDT,83.2,T*16
$VWVHW,83.2,T,,M,14.49,N,26.84,K*43
$GPGGA,080425.00,5431.91142,N,01836.68679,E,1,12,1.0,17.8,M,26.5,M,,*5C
$GPRMC,080425.00,A,5431.91142,N,01836.68679,E,14.84,84.3,140625,,,A*61
$GPVTG,84.3,T,,M,14.84,N,27.48,K,A*32
$HEHDT,83.5,T*11
$VWVHW,83.5,T,,M,14.48,N,26.82,K*43
$GPGSV,2,1,08,03,63,041,50,08,40,096,46,11,24,151,42,14,50,206,47*77
$GPGSV,2,2,08,17,68,263,48,22,21,311,43,28,08,351,38,31,56,121,48*74
$GAGSV,2,1,05,04,49,071,47,09,37,181,45,12,68,236,47,24,12,286,37*62
$GAGSV,2,2,05,31,18,021,39*5F
$GPZDA,080425.00,14,06,2025,00,00*6B
$GPGGA,080426.00,5431.91199,N,01836.69456,E,1,12,1.0,17.1,M,26.5,M,,*5E
$GPRMC,080426.00,A,5431.91199,N,01836.69456,E,14.81,84.3,140625,,,A*6F
$GPVTG,84.3,T,,M,14.81,N,27.42,K,A*3D
$HEHDT,83.3,T*17
$VWVHW,83.3,T,,M,14.53,N,26.91,K*4D
$GPGGA,080427.00,5431.91220,N,01836.70211,E,1,12,1.0,17.1,M,26.5,M,,*53
$GPRMC,080427.00,A,5431.91220,N,01836.70211,E,14.85,84.4,140625,,,A*61
$GPVTG,84.4,T,,M,14.85,N,27.50,K,A*3D
$HEHDT,83.4,T*10
$VWVHW,83.4,T,,M,14.54,N,26.93,K*4F
$GPGGA,080428.00,5431.91306,N,01836.70887,E,1,12,1.0,17.6,M,26.5,M,,*5B
$GPRMC,080428.00,A,5431.91306,N,01836.70887,E,15.03,83.9,140625,,,A*6B
$GPVTG,83.9,T,,M,15.03,N,27.83,K,A*36
$HEHDT,82.8,T*1D
$VWVHW,82.8,T,,M,14.47,N,26.80,K*42
$GPGGA,080429.00,5431.91342,N,01836.71583,E,1,12,1.0,17.2,M,26.5,M,,*56
$GPRMC,080429.00,A,5431.91342,N,01836.71583,E,14.84,84.0,140625,,,A*62
$GPVTG,84.0,T,,M,14.84,N,27.48,K,A*31
$HEHDT,83.1,T*15
$VWVHW,83.1,T,,M,14.39,N,26.65,K*48
$GPGGA,080430.00,5431.91394,N,01836.72297,E,1,12,1.0,17.8,M,26.5,M,,*5E
$GPRMC,080430.00,A,5431.91394,N,01836.72297,E,14.82,84.3,140625,,,A*65
$GPVTG,84.3,T,,M,14.82,N,27.45,K,A*39
$HEHDT,82.9,T*1C
$VWVHW,82.9,T,,M,14.49,N,26.84,K*49
$GPGSV,2,1,08,03,63,041,50,08,40,096,46,11,24,151,42,14,50,206,46*76
$GPGSV,2,2,08,17,68,263,49,22,21,311,42,28,08,351,38,31,56,121,47*7B
$GAGSV,2,1,05,04,49,071,48,09,37,181,45,12,68,236,47,24,12,286,37*6D
$GAGSV,2,2,05,31,18,021,40*51
$GPZDA,080430.00,14,06,2025,00,00*6F
$GPGGA,080431.00,5431.91430,N,01836.73023,E,1,12,1.0,17.5,M,26.5,M,,*57
$GPRMC,080431.00,A,5431.91430,N,01836.73023,E,15.01,84.1,140625,,,A*69
$GPVTG,84.1,T,,M,15.01,N,27.80,K,A*38
$HEHDT,82.8,T*1D
$VWVHW,82.8,T,,M,14.55,N,26.94,K*44
$GPGGA,080432.00,5431.91440,N,01836.73714,E,1,12,1.0,17.8,M,26.5,M,,*5D
$GPRMC,080432.00,A,5431.91440,N,01836.73714,E,14.93,84.1,140625,,,A*64
$GPVTG,84.1,T,,M,14.93,N,27.64,K,A*38
$HEHDT,83.0,T*14
$VWVHW,83.0,T,,M,14.63,N,27.10,K*45
$GPGGA,080433.00,5431.91489,N,01836.74475,E,1,12,1.0,18.1,M,26.5,M,,*5C
$GPRMC,080433.00,A,5431.91489,N,01836.74475,E,14.97,84.1,140625,,,A*67
$GPVTG,84.1,T,,M,14.97,N,27.73,K,A*3A
$HEHDT,82.7,T*12
$VWVHW,82.7,T,,M,14.61,N,27.07,K*47
$GPGGA,080434.00,5431.91534,N,01836.75128,E,1,12,1.0,18.3,M,26.5,M,,*52
$GPRMC,080434.00,A,5431.91534,N,01836.75128,E,14.88,84.3,140625,,,A*67
$GPVTG,84.3,T,,M,14.88,N,27.55,K,A*32
$HEHDT,83.2,T*16
$VWVHW,83.2,T,,M,14.54,N,26.93,K*49
$GPGGA,080435.00,5431.91507,N,01836.75807,E,1,12,1.0,18.3,M,26.5,M,,*57
$GPRMC,080435.00,A,5431.91507,N,01836.75807,E,14.78,84.0,140625,,,A*6E
$GPVTG,84.0,T,,M,14.78,N,27.36,K,A*3B
$HEHDT,83.4,T*10
$VWVHW,83.4,T,,M,14.48,N,26.81,K*41
$GPGSV,2,1,08,03,63,041,49,08,40,096,46,11,24,151,42,14,50,206,47*7F
$GPGSV,2,2,08,17,68,263,49,22,21,311,43,28,08,351,38,31,56,121,48*75
$GAGSV,2,1,05,04,49,071,49,09,37,181,44,12,68,236,47,24,12,286,37*6D
$GAGSV,2,2,05,31,18,021,40*51
$GPZDA,080435.00,14,06,2025,00,00*6A
$GPGGA,080436.00,5431.91606,N,01836.76631,E,1,12,1.0,18.0,M,26.5,M,,*5D
$GPRMC,080436.00,A,5431.91606,N,01836.76631,E,14.87,83.8,140625,,,A*68
$GPVTG,83.8,T,,M,14.87,N,27.55,K,A*31
$HEHDT,83.2,T*16
$VWVHW,83.2,T,,M,14.60,N,27.04,K*41
$GPGGA,080437.00,5431.91631,N,01836.77266,E,1,12,1.0,18.8,M,26.5,M,,*57
$GPRMC,080437.00,A,5431.91631,N,01836.77266,E,14.91,83.8,140625,,,A*6D
$GPVTG,83.8,T,,M,14.91,N,27.61,K,A*31
$HEHDT,83.3,T*17
$VWVHW,83.3,T,,M,14.50,N,26.85,K*4B
$GPGGA,080438.00,5431.91702,N,01836.77988,E,1,12,1.0,18.4,M,26.5,M,,*5E
$GPRMC,080438.00,A,5431.91702,N,01836.77988,E,14.81,84.3,140625,,,A*65
$GPVTG,84.3,T,,M,14.81,N,27.43,K,A*3C
$HEHDT,82.8,T*1D
$VWVHW,82.8,T,,M,14.51,N,26.88,K*4D
$GPGGA,080439.00,5431.91721,N,01836.78654,E,1,12,1.0,18.9,M,26.5,M,,*52
$GPRMC,080439.00,A,5431.91721,N,01836.78654,E,14.92,83.7,140625,,,A*65
$GPVTG,83.7,T,,M,14.92,N,27.64,K,A*38
$HEHDT,83.1,T*15
$VWVHW,83.1,T,,M,14.52,N,26.89,K*47
$GPGGA,080440.00,5431.91770,N,01836.79470,E,1,12,1.0,18.7,M,26.5,M,,*53
$GPRMC,080440.00,A,5431.91770,N,01836.79470,E,14.85,84.7,140625,,,A*6B
$GPVTG,84.7,T,,M,14.85,N,27.50,K,A*3E
$HEHDT,83.2,T*16
$VWVHW,83.2,T,,M,14.62,N,27.08,K*4F
$GPGSV,2,1,08,03,63,041,49,08,40,096,44,11,24,151,41,14,50,206,47*7E
$GPGSV,2,2,08,17,68,263,49,22,21,311,43,28,08,351,37,31,56,121,49*7B
$GAGSV,2,1,05,04,49,071,49,09,37,181,45,12,68,236,47,24,12,286,37*6C
$GAGSV,2,2,05,31,18,021,40*51
$GPZDA,080440.00,14,06,2025,00,00*68
$GPGGA,080441.00,5431.91777,N,01836.80065,E,1,12,1.0,19.5,M,26.5,M,,*50
$GPRMC,080441.00,A,5431.91777,N,01836.80065,E,14.97,83.7,140625,,,A*6F
$GPVTG,83.7,T,,M,14.97,N,27.73,K,A*3B
$HEHDT,83.1,T*15
$VWVHW,83.1,T,,M,14.56,N,26.96,K*4D
$GPGGA,080442.00,5431.91917,N,01836.80876,E,1,12,1.0,18.7,M,26.5,M,,*52
$GPRMC,080442.00,A,5431.91917,N,01836.80876,E,14.92,83.5,140625,,,A*69
$GPVTG,83.5,T,,M,14.92,N,27.63,K,A*3D
$HEHDT,83.2,T*16
$VWVHW,83.2,T,,M,14.70,N,27.23,K*45
$GPGGA,080443.00,5431.91899,N,01836.81574,E,1,12,1.0,18.6,M,26.5,M,,*5B
$GPRMC,080443.00,A,5431.91899,N,01836.81574,E,14.95,84.3,140625,,,A*67
$GPVTG,84.3,T,,M,14.95,N,27.69,K,A*31
$HEHDT,83.3,T*17
$VWVHW,83.3,T,,M,14.53,N,26.92,K*4E
$GPGGA,080444.00,5431.91887,N,01836.82283,E,1,12,1.0,18.6,M,26.5,M,,*5F
$GPRMC,080444.00,A,5431.91887,N,01836.82283,E,14.98,84.1,140625,,,A*6C
$GPVTG,84.1,T,,M,14.98,N,27.74,K,A*32
$HEHDT,83.3,T*17
$VWVHW,83.3,T,,M,14.45,N,26.77,K*42
$GPGGA,080445.00,5431.91994,N,01836.82967,E,1,12,1.0,18.5,M,26.5,M,,*5F
$GPRMC,080445.00,A,5431.91994,N,01836.82967,E,14.93,84.1,140625,,,A*64
$GPVTG,84.1,T,,M,14.93,N,27.64,K,A*38
$HEHDT,83.2,T*16
$VWVHW,83.2,T,,M,14.51,N,26.88,K*46
$GPGSV,2,1,08,03,63,041,49,08,40,096,45,11,24,151,41,14,50,206,48*70
$GPGSV,2,2,08,17,68,263,49,22,21,311,42,28,08,351,37,31,56,121,48*7B
$GAGSV,2,1,05,04,49,071,48,09,37,181,46,12,68,236,47,24,12,286,37*6E
$GAGSV,2,2,05,31,18,021,40*51
$GPZDA,080445.00,14,06,2025,00,00*6D
$GPGGA,080446.00,5431.92053,N,01836.83722,E,1,12,1.0,17.5,M,26.5,M,,*5C
$GPRMC,080446.00,A,5431.92053,N,01836.83722,E,14.91,84.0,140625,,,A*6B
$GPVTG,84.0,T,,M,14.91,N,27.61,K,A*3E
$HEHDT,83.0,T*14
$VWVHW,83.0,T,,M,14.61,N,27.07,K*41
$GPGGA,080447.00,5431.92018,N,01836.84476,E,1,12,1.0,18.3,M,26.5,M,,*5E
$GPRMC,080447.00,A,5431.92018,N,01836.84476,E,15.10,83.8,140625,,,A*67
$GPVTG,83.8,T,,M,15.10,N,27.97,K,A*30
$HEHDT,83.5,T*11
$VWVHW,83.5,T,,M,14.51,N,26.88,K*41
$GPGGA,080448.00,5431.92080,N,01836.85137,E,1,12,1.0,18.1,M,26.5,M,,*53
$GPRMC,080448.00,A,5431.92080,N,01836.85137,E,14.78,83.5,140625,,,A*6A
$GPVTG,83.5,T,,M,14.78,N,27.37,K,A*38
$HEHDT,82.9,T*1C
$VWVHW,82.9,T,,M,14.43,N,26.72,K*4A
$GPGGA,080449.00,5431.92186,N,01836.85871,E,1,12,1.0,18.6,M,26.5,M,,*59
$GPRMC,080449.00,A,5431.92186,N,01836.85871,E,14.90,83.9,140625,,,A*6D
$GPVTG,83.9,T,,M,14.90,N,27.59,K,A*3A
$HEHDT,83.5,T*11
$VWVHW,83.5,T,,M,14.71,N,27.25,K*45
$GPGGA,080450.00,5431.92200,N,01836.86571,E,1,12,1.0,18.4,M,26.5,M,,*50
$GPRMC,080450.00,A,5431.92200,N,01836.86571,E,14.93,84.1,140625,,,A*6A
$GPVTG,84.1,T,,M,14.93,N,27.64,K,A*38
$HEHDT,83.0,T*14
$VWVHW,83.0,T,,M,14.56,N,26.96,K*4C
$GPGSV,2,1,08,03,63,041,49,08,40,096,46,11,24,151,40,14,50,206,49*73
$GPGSV,2,2,08,17,68,263,50,22,21,311,41,28,08,351,38,31,56,121,49*7E
$GAGSV,2,1,05,04,49,071,48,09,37,181,45,12,68,236,46,24,12,286,37*6C
$GAGSV,2,2,05,31,18,021,41*50
$GPZDA,080450.00,14,06,2025,00,00*69
$GPGGA,080451.00,5431.92274,N,01836.87308,E,1,12,1.0,18.5,M,26.5,M,,*5A
$GPRMC,080451.00,A,5431.92274,N,01836.87308,E,15.00,84.1,140625,,,A*6A
$GPVTG,84.1,T,,M,15.00,N,27.77,K,A*31
$HEHDT,83.5,T*11
$VWVHW,83.5,T,,M,14.57,N,26.97,K*49
$GPGGA,080452.00,5431.92278,N,01836.87965,E,1,12,1.0,18.6,M,26.5,M,,*57
$GPRMC,080452.00,A,5431.92278,N,01836.87965,E,15.12,84.7,140625,,,A*61
$GPVTG,84.7,T,,M,15.12,N,28.00,K,A*3B
$HEHDT,83.0,T*14
$VWVHW,83.0,T,,M,14.61,N,27.05,K*43
$GPGGA,080453.00,5431.92346,N,01836.88727,E,1,12,1.0,19.6,M,26.5,M,,*5C
$GPRMC,080453.00,A,5431.92346,N,01836.88727,E,14.90,84.2,140625,,,A*65
$GPVTG,84.2,T,,M,14.90,N,27.59,K,A*36
$HEHDT,83.0,T*14
$VWVHW,83.0,T,,M,14.58,N,27.01,K*4D
$GPGGA,080454.00,5431.92373,N,01836.89322,E,1,12,1.0,19.3,M,26.5,M,,*58
$GPRMC,080454.00,A,5431.92373,N,01836.89322,E,14.87,83.6,140625,,,A*61
$GPVTG,83.6,T,,M,14.87,N,27.54,K,A*3E
$HEHDT,82.8,T*1D
$VWVHW,82.8,T,,M,14.68,N,27.19,K*4E
$GPGGA,080455.00,5431.92404,N,01836.90007,E,1,12,1.0,19.3,M,26.5,M,,*52
$GPRMC,080455.00,A,5431.92404,N,01836.90007,E,14.89,84.9,140625,,,A*6D
$GPVTG,84.9,T,,M,14.89,N,27.57,K,A*3B
$HEHDT,83.2,T*16
$VWVHW,83.2,T,,M,14.64,N,27.11,K*41
$GPGSV,2,1,08,03,63,041,49,08,40,096,47,11,24,151,41,14,50,206,48*72
$GPGSV,2,2,08,17,68,263,49,22,21,311,42,28,08,351,38,31,56,121,48*74
$GAGSV,2,1,05,04,49,071,47,09,37,181,45,12,68,236,47,24,12,286,37*62
$GAGSV,2,2,05,31,18,021,42*53
$GPZDA,080455.00,14,06,2025,00,00*6C
$GPGGA,080456.00,5431.92461,N,01836.90808,E,1,12,1.0,18.8,M,26.5,M,,*5F
$GPRMC,080456.00,A,5431.92461,N,01836.90808,E,14.97,84.1,140625,,,A*6D
$GPVTG,84.1,T,,M,14.97,N,27.72,K,A*3B
$HEHDT,83.2,T*16
$VWVHW,83.2,T,,M,14.69,N,27.21,K*4F
$GPGGA,080457.00,5431.92515,N,01836.91493,E,1,12,1.0,18.9,M,26.5,M,,*52
$GPRMC,080457.00,A,5431.92515,N,01836.91493,E,14.99,84.0,140625,,,A*6E
$GPVTG,84.0,T,,M,14.99,N,27.77,K,A*31
$HEHDT,82.8,T*1D
$VWVHW,82.8,T,,M,14.61,N,27.06,K*49
$GPGGA,080458.00,5431.92535,N,01836.92225,E,1,12,1.0,18.7,M,26.5,M,,*59
$GPRMC,080458.00,A,5431.92535,N,01836.92225,E,15.02,84.0,140625,,,A*68
$GPVTG,84.0,T,,M,15.02,N,27.82,K,A*38
$HEHDT,83.5,T*11
$VWVHW,83.5,T,,M,14.62,N,27.07,K*47
$GPGGA,080459.00,5431.92628,N,01836.92988,E,1,12,1.0,19.1,M,26.5,M,,*5C
$GPRMC,080459.00,A,5431.92628,N,01836.92988,E,14.96,84.4,140625,,,A*62
$GPVTG,84.4,T,,M,14.96,N,27.70,K,A*3D
$HEHDT,83.1,T*15
$VWVHW,83.1,T,,M,14.58,N,27.00,K*4D
$GPGGA,080500.00,5431.92687,N,01836.93599,E,1,12,1.0,18.8,M,26.5,M,,*51
$GPRMC,080500.00,A,5431.92687,N,01836.93599,E,14.99,83.7,140625,,,A*6C
$GPVTG,83.7,T,,M,14.99,N,27.76,K,A*30
$HEHDT,83.1,T*15
$VWVHW,83.1,T,,M,14.71,N,27.24,K*40
$GPGSV,2,1,08,03,63,041,49,08,40,096,46,11,24,151,41,14,50,206,49*72
$GPGSV,2,2,08,17,68,263,50,22,21,311,42,28,08,351,37,31,56,121,48*73
$GAGSV,2,1,05,04,49,071,48,09,37,181,46,12,68,236,48,24,12,286,37*61
$GAGSV,2,2,05,31,18,021,41*50
$GPZDA,080500.00,14,06,2025,00,00*6D
$GPGGA,080501.00,5431.92655,N,01836.94369,E,1,12,1.0,19.4,M,26.5,M,,*5C
$GPRMC,080501.00,A,5431.92655,N,01836.94369,E,14.94,83.9,140625,,,A*6F
$GPVTG,83.9,T,,M,14.94,N,27.66,K,A*32
$HEHDT,83.5,T*11
$VWVHW,83.5,T,,M,14.61,N,27.06,K*45
$GPGGA,080502.00,5431.92746,N,01836.95011,E,1,12,1.0,19.1,M,26.5,M,,*54
$GPRMC,080502.00,A,5431.92746,N,01836.95011,E,14.94,84.3,140625,,,A*6F
$GPVTG,84.3,T,,M,14.94,N,27.67,K,A*3E
$HEHDT,83.3,T*17
$VWVHW,83.3,T,,M,14.75,N,27.33,K*40
$GPGGA,080503.00,5431.92801,N,01836.95797,E,1,12,1.0,19.3,M,26.5,M,,*52
$GPRMC,080503.00,A,5431.92801,N,01836.95797,E,15.16,84.2,140625,,,A*61
$GPVTG,84.2,T,,M,15.16,N,28.08,K,A*32
$HEHDT,83.4,T*10
$VWVHW,83.4,T,,M,14.63,N,27.10,K*41
$GPGGA,080504.00,5431.92836,N,01836.96502,E,1,12,1.0,19.3,M,26.5,M,,*5C
$GPRMC,080504.00,A,5431.92836,N,01836.96502,E,14.99,84.2,140625,,,A*69
$GPVTG,84.2,T,,M,14.99,N,27.76,K,A*32
$HEHDT,83.8,T*1C
$VWVHW,83.8,T,,M,14.67,N,27.17,K*4E
$GPGGA,080505.00,5431.92884,N,01836.97224,E,1,12,1.0,18.5,M,26.5,M,,*51
$GPRMC,080505.00,A,5431.92884,N,01836.97224,E,15.07,84.4,140625,,,A*63
$GPVTG,84.4,T,,M,15.07,N,27.91,K,A*3B
$HEHDT,82.8,T*1D
$VWVHW,82.8,T,,M,14.68,N,27.18,K*4F
$GPGSV,2,1,08,03,63,041,49,08,40,096,47,11,24,151,41,14,50,206,48*72
$GPGSV,2,2,08,17,68,263,50,22,21,311,41,28,08,351,37,31,56,121,48*70
$GAGSV,2,1,05,04,49,071,48,09,37,181,46,12,68,236,47,24,12,286,38*61
$GAGSV,2,2,05,31,18,021,41*50
$GPZDA,080505.00,14,06,2025,00,00*68
$GPGGA,080506.00,5431.92961,N,01836.97887,E,1,12,1.0,18.3,M,26.5,M,,*5D
$GPRMC,080506.00,A,5431.92961,N,01836.97887,E,15.17,83.7,140625,,,A*6C
$GPVTG,83.7,T,,M,15.17,N,28.09,K,A*30
$HEHDT,83.2,T*16
$VWVHW,83.2,T,,M,14.70,N,27.22,K*44
$GPGGA,080507.00,5431.92960,N,01836.98671,E,1,12,1.0,19.3,M,26.5,M,,*54
$GPRMC,080507.00,A,5431.92960,N,01836.98671,E,14.96,84.0,140625,,,A*6C
$GPVTG,84.0,T,,M,14.96,N,27.71,K,A*38
$HEHDT,83.0,T*14
$VWVHW,83.0,T,,M,14.57,N,26.99,K*42
$GPGGA,080508.00,5431.92957,N,01836.99359,E,1,12,1.0,18.8,M,26.5,M,,*5B
$GPRMC,080508.00,A,5431.92957,N,01836.99359,E,14.96,84.3,140625,,,A*6A
$GPVTG,84.3,T,,M,14.96,N,27.71,K,A*3B
$HEHDT,83.4,T*10
$VWVHW,83.4,T,,M,14.60,N,27.04,K*47
$GPGGA,080509.00,5431.93055,N,01837.00093,E,1,12,1.0,18.2,M,26.5,M,,*5E
$GPRMC,080509.00,A,5431.93055,N,01837.00093,E,15.02,84.2,140625,,,A*68
$GPVTG,84.2,T,,M,15.02,N,27.82,K,A*3A
$HEHDT,82.2,T*17
$VWVHW,82.2,T,,M,14.65,N,27.14,K*44
$GPGGA,080510.00,5431.93059,N,01837.00785,E,1,12,1.0,18.2,M,26.5,M,,*5A
$GPRMC,080510.00,A,5431.93059,N,01837.00785,E,15.12,84.3,140625,,,A*6C
$GPVTG,84.3,T,,M,15.12,N,28.00,K,A*3F
$HEHDT,83.4,T*10
$VWVHW,83.4,T,,M,14.55,N,26.94,K*49
$GPGSV,2,1,08,03,63,041,48,08,40,096,46,11,24,151,41,14,50,206,49*73
$GPGSV,2,2,08,17,68,263,51,22,21,311,41,28,08,351,37,31,56,121,48*71
$GAGSV,2,1,05,04,49,071,49,09,37,181,45,12,68,236,49,24,12,286,37*62
$GAGSV,2,2,05,31,18,021,41*50
$GPZDA,080510.00,14,06,2025,00,00*6C
$GPGGA,080511.00,5431.93122,N,01837.01546,E,1,12,1.0,18.4,M,26.5,M,,*5C
$GPRMC,080511.00,A,5431.93122,N,01837.01546,E,15.00,84.2,140625,,,A*6E
$GPVTG,84.2,T,,M,15.00,N,27.79,K,A*3C
$HEHDT,83.0,T*14
$VWVHW,83.0,T,,M,14.59,N,27.02,K*4F
$GPGGA,080512.00,5431.93132,N,01837.02217,E,1,12,1.0,17.9,M,26.5,M,,*5C
$GPRMC,080512.00,A,5431.93132,N,01837.02217,E,15.03,84.0,140625,,,A*6D
$GPVTG,84.0,T,,M,15.03,N,27.83,K,A*38
$HEHDT,82.8,T*1D
$VWVHW,82.8,T,,M,14.65,N,27.13,K*49
$GPGGA,080513.00,5431.93229,N,01837.02920,E,1,12,1.0,18.5,M,26.5,M,,*58
$GPRMC,080513.00,A,5431.93229,N,01837.02920,E,15.08,84.5,140625,,,A*64
$GPVTG,84.5,T,,M,15.08,N,27.93,K,A*37
$HEHDT,83.0,T*14
$VWVHW,83.0,T,,M,14.79,N,27.39,K*45
$GPGGA,080514.00,5431.93270,N,01837.03626,E,1,12,1.0,17.8,M,26.5,M,,*59
$GPRMC,080514.00,A,5431.93270,N,01837.03626,E,15.06,83.7,140625,,,A*6C
$GPVTG,83.7,T,,M,15.06,N,27.89,K,A*37
$HEHDT,83.0,T*14
$VWVHW,83.0,T,,M,14.57,N,26.98,K*43
$GPGGA,080515.00,5431.93332,N,01837.04310,E,1,12,1.0,17.8,M,26.5,M,,*58
$GPRMC,080515.00,A,5431.93332,N,01837.04310,E,15.10,83.8,140625,,,A*65
$GPVTG,83.8,T,,M,15.10,N,27.97,K,A*30
$HEHDT,82.8,T*1D
$VWVHW,82.8,T,,M,14.70,N,27.23,K*4E
$GPGSV,2,1,08,03,63,041,49,08,40,096,47,11,24,151,42,14,50,206,49*70
$GPGSV,2,2,08,17,68,263,50,22,21,311,42,28,08,351,37,31,56,121,48*73
$GAGSV,2,1,05,04,49,071,47,09,37,181,45,12,68,236,47,24,12,286,37*62
$GAGSV,2,2,05,31,18,021,41*50
$GPZDA,080515.00,14,06,2025,00,00*69
$GPGGA,080516.00,5431.93350,N,01837.05065,E,1,12,1.0,18.0,M,26.5,M,,*58
$GPRMC,080516.00,A,5431.93350,N,01837.05065,E,14.96,84.1,140625,,,A*63
$GPVTG,84.1,T,,M,14.96,N,27.71,K,A*39
$HEHDT,83.0,T*14
$VWVHW,83.0,T,,M,14.63,N,27.09,K*4D
$GPGGA,080517.00,5431.93389,N,01837.05741,E,1,12,1.0,17.8,M,26.5,M,,*5B
$GPRMC,080517.00,A,5431.93389,N,01837.05741,E,15.10,84.2,140625,,,A*6B
$GPVTG,84.2,T,,M,15.10,N,27.96,K,A*3C
$HEHDT,83.4,T*10
$VWVHW,83.4,T,,M,14.49,N,26.84,K*45
$GPGGA,080518.00,5431.93458,N,01837.06455,E,1,12,1.0,18.2,M,26.5,M,,*5F
$GPRMC,080518.00,A,5431.93458,N,01837.06455,E,15.04,83.6,140625,,,A*6C
$GPVTG,83.6,T,,M,15.04,N,27.86,K,A*3B
$HEHDT,83.5,T*11
$VWVHW,83.5,T,,M,14.53,N,26.92,K*48
$GPGGA,080519.00,5431.93561,N,01837.07183,E,1,12,1.0,18.0,M,26.5,M,,*58
$GPRMC,080519.00,A,5431.93561,N,01837.07183,E,15.02,84.4,140625,,,A*6A
$GPVTG,84.4,T,,M,15.02,N,27.81,K,A*3F
$HEHDT,83.4,T*10
$VWVHW,83.4,T,,M,14.48,N,26.82,K*42
$GPGGA,080520.00,5431.93594,N,01837.07919,E,1,12,1.0,18.2,M,26.5,M,,*51
$GPRMC,080520.00,A,5431.93594,N,01837.07919,E,15.06,84.3,140625,,,A*62
$GPVTG,84.3,T,,M,15.06,N,27.88,K,A*35
$HEHDT,83.1,T*15
$VWVHW,83.1,T,,M,14.87,N,27.53,K*49
$GPGSV,2,1,08,03,63,041,49,08,40,096,47,11,24,151,40,14,50,206,48*73
$GPGSV,2,2,08,17,68,263,49,22,21,311,42,28,08,351,37,31,56,121,50*72
$GAGSV,2,1,05,04,49,071,47,09,37,181,44,12,68,236,48,24,12,286,37*6C
$GAGSV,2,2,05,31,18,021,40*51
$GPZDA,080520.00,14,06,2025,00,00*6F
$GPGGA,080521.00,5431.93628,N,01837.08528,E,1,12,1.0,18.0,M,26.5,M,,*57
$GPRMC,080521.00,A,5431.93628,N,01837.08528,E,15.17,84.5,140625,,,A*60
$GPVTG,84.5,T,,M,15.17,N,28.10,K,A*3D
$HEHDT,83.3,T*17
$VWVHW,83.3,T,,M,14.68,N,27.18,K*45
$GPGGA,080522.00,5431.93630,N,01837.09299,E,1,12,0.9,18.4,M,26.5,M,,*5D
$GPRMC,080522.00,A,5431.93630,N,01837.09299,E,15.11,84.6,140625,,,A*63
$GPVTG,84.6,T,,M,15.11,N,27.99,K,A*36
$HEHDT,83.5,T*11
$VWVHW,83.5,T,,M,14.70,N,27.23,K*42
$GPGGA,080523.00,5431.93717,N,01837.09992,E,1,12,0.9,18.9,M,26.5,M,,*55
$GPRMC,080523.00,A,5431.93717,N,01837.09992,E,15.07,84.6,140625,,,A*61
$GPVTG,84.6,T,,M,15.07,N,27.91,K,A*39
$HEHDT,83.3,T*17
$VWVHW,83.3,T,,M,14.64,N,27.12,K*43
$GPGGA,080524.00,5431.93734,N,01837.10674,E,1,12,0.9,18.9,M,26.5,M,,*5C
$GPRMC,080524.00,A,5431.93734,N,01837.10674,E,15.08,84.1,140625,,,A*60
$GPVTG,84.1,T,,M,15.08,N,27.93,K,A*33
$HEHDT,83.4,T*10
$VWVHW,83.4,T,,M,14.68,N,27.19,K*43
$GPGGA,080525.00,5431.93777,N,01837.11441,E,1,12,0.9,18.5,M,26.5,M,,*53
$GPRMC,080525.00,A,5431.93777,N,01837.11441,E,15.06,84.5,140625,,,A*69
$GPVTG,84.5,T,,M,15.06,N,27.89,K,A*32
$HEHDT,82.9,T*1C
$VWVHW,82.9,T,,M,14.74,N,27.29,K*41
$GPGSV,2,1,08,03,63,041,49,08,40,096,46,11,24,151,42,14,50,206,49*71
$GPGSV,2,2,08,17,68,263,49,22,21,311,42,28,08,351,38,31,56,121,49*75
$GAGSV,2,1,05,04,49,071,48,09,37,181,44,12,68,236,48,24,12,286,35*61
$GAGSV,2,2,05,31,18,021,40*51
$GPZDA,080525.00,14,06,2025,00,00*6A
$GPGGA,080526.00,5431.93861,N,01837.12165,E,1,12,0.9,17.8,M,26.5,M,,*5A
$GPRMC,080526.00,A,5431.93861,N,01837.12165,E,14.97,84.0,140625,,,A*6E
$GPVTG,84.0,T,,M,14.97,N,27.73,K,A*3B
$HEHDT,83.2,T*16
$VWVHW,83.2,T,,M,14.85,N,27.50,K*4B
$GPGGA,080527.00,5431.93897,N,01837.12893,E,1,12,0.9,18.5,M,26.5,M,,*50
$GPRMC,080527.00,A,5431.93897,N,01837.12893,E,15.16,84.0,140625,,,A*6E
$GPVTG,84.0,T,,M,15.16,N,28.09,K,A*31
$HEHDT,83.2,T*16
$VWVHW,83.2,T,,M,14.57,N,26.99,K*40
$GPGGA,080528.00,5431.93866,N,01837.13662,E,1,12,0.9,18.6,M,26.5,M,,*53
$GPRMC,080528.00,A,5431.93866,N,01837.13662,E,15.01,83.7,140625,,,A*68
$GPVTG,83.7,T,,M,15.01,N,27.79,K,A*3F
$HEHDT,83.4,T*10
$VWVHW,83.4,T,,M,14.70,N,27.22,K*42
$GPGGA,080529.00,5431.93944,N,01837.14256,E,1,12,0.9,19.2,M,26.5,M,,*52
$GPRMC,080529.00,A,5431.93944,N,01837.14256,E,15.19,84.2,140625,,,A*67
$GPVTG,84.2,T,,M,15.19,N,28.13,K,A*37
$HEHDT,82.9,T*1C
$VWVHW,82.9,T,,M,14.86,N,27.53,K*41
$GPGGA,080530.00,5431.93984,N,01837.15095,E,1,12,0.9,18.8,M,26.5,M,,*51
$GPRMC,080530.00,A,5431.93984,N,01837.15095,E,14.94,84.8,140625,,,A*61
$GPVTG,84.8,T,,M,14.94,N,27.67,K,A*35
$HEHDT,83.3,T*17
$VWVHW,83.3,T,,M,14.76,N,27.34,K*44
$GPGSV,2,1,08,03,63,041,49,08,40,096,45,11,24,151,41,14,50,206,50*79
$GPGSV,2,2,08,17,68,263,49,22,21,311,42,28,08,351,36,31,56,121,48*7A
$GAGSV,2,1,05,04,49,071,46,09,37,181,44,12,68,236,49,24,12,286,38*63
$GAGSV,2,2,05,31,18,021,41*50
$GPZDA,080530.00,14,06,2025,00,00*6E
$GPGGA,080531.00,5431.94034,N,01837.15860,E,1,12,0.9,18.4,M,26.5,M,,*5B
$GPRMC,080531.00,A,5431.94034,N,01837.15860,E,15.18,84.0,140625,,,A*6A
$GPVTG,84.0,T,,M,15.18,N,28.11,K,A*36
$HEHDT,83.1,T*15
$VWVHW,83.1,T,,M,14.62,N,27.07,K*43
$GPGGA,080532.00,5431.94079,N,01837.16580,E,1,12,0.9,18.5,M,26.5,M,,*50
$GPRMC,080532.00,A,5431.94079,N,01837.16580,E,15.10,84.5,140625,,,A*6D
$GPVTG,84.5,T,,M,15.10,N,27.96,K,A*3B
$HEHDT,83.2,T*16
$VWVHW,83.2,T,,M,14.78,N,27.38,K*47
$GPGGA,080533.00,5431.94141,N,01837.17174,E,1,12,0.9,18.5,M,26.5,M,,*55
$GPRMC,080533.00,A,5431.94141,N,01837.17174,E,15.20,83.8,140625,,,A*61
$GPVTG,83.8,T,,M,15.20,N,28.14,K,A*37
$HEHDT,83.5,T*11
$VWVHW,83.5,T,,M,14.84,N,27.49,K*45
$GPGGA,080534.00,5431.94152,N,01837.17855,E,1,12,0.9,17.8,M,26.5,M,,*58
$GPRMC,080534.00,A,5431.94152,N,01837.17855,E,15.16,84.1,140625,,,A*65
$GPVTG,84.1,T,,M,15.16,N,28.08,K,A*31
$HEHDT,83.2,T*16
$VWVHW,83.2,T,,M,14.64,N,27.12,K*42
$GPGGA,080535.00,5431.94175,N,01837.18673,E,1,12,0.9,18.3,M,26.5,M,,*5D
$GPRMC,080535.00,A,5431.94175,N,01837.18673,E,15.07,84.0,140625,,,A*65
$GPVTG,84.0,T,,M,15.07,N,27.91,K,A*3F
$HEHDT,83.0,T*14
$VWVHW,83.0,T,,M,14.65,N,27.14,K*47
$GPGSV,2,1,08,03,63,041,49,08,40,096,45,11,24,151,41,14,50,206,49*71
$GPGSV,2,2,08,17,68,263,49,22,21,311,41,28,08,351,37,31,56,121,47*77
$GAGSV,2,1,05,04,49,071,47,09,37,181,44,12,68,236,48,24,12,286,37*6C
$GAGSV,2,2,05,31,18,021,41*50
$GPZDA,080535.00,14,06,2025,00,00*6B
$GPGGA,080536.00,5431.94262,N,01837.19328,E,1,12,0.9,17.7,M,26.5,M,,*5A
$GPRMC,080536.00,A,5431.94262,N,01837.19328,E,15.10,83.8,140625,,,A*60
$GPVTG,83.8,T,,M,15.10,N,27.96,K,A*31
$HEHDT,83.1,T*15
$VWVHW,83.1,T,,M,14.49,N,26.84,K*40
$GPGGA,080537.00,5431.94322,N,01837.19997,E,1,12,0.9,17.6,M,26.5,M,,*51
$GPRMC,080537.00,A,5431.94322,N,01837.19997,E,15.09,84.5,140625,,,A*68
$GPVTG,84.5,T,,M,15.09,N,27.94,K,A*31
$HEHDT,83.1,T*15
$VWVHW,83.1,T,,M,14.83,N,27.46,K*49
$GPGGA,080538.00,5431.94350,N,01837.20735,E,1,12,0.9,18.1,M,26.5,M,,*5F
$GPRMC,080538.00,A,5431.94350,N,01837.20735,E,15.25,84.3,140625,,,A*66
$GPVTG,84.3,T,,M,15.25,N,28.24,K,A*3D
$HEHDT,83.8,T*1C
$VWVHW,83.8,T,,M,14.69,N,27.21,K*45
$GPGGA,080539.00,5431.94405,N,01837.21470,E,1,12,0.9,18.1,M,26.5,M,,*5A
$GPRMC,080539.00,A,5431.94405,N,01837.21470,E,14.97,84.3,140625,,,A*6B
$GPVTG,84.3,T,,M,14.97,N,27.72,K,A*39
$HEHDT,83.0,T*14
$VWVHW,83.0,T,,M,14.62,N,27.08,K*4D
$GPGGA,080540.00,5431.94433,N,01837.22240,E,1,12,0.9,18.7,M,26.5,M,,*51
$GPRMC,080540.00,A,5431.94433,N,01837.22240,E,15.12,84.2,140625,,,A*6B
$GPVTG,84.2,T,,M,15.12,N,28.01,K,A*3F
$HEHDT,83.3,T*17
$VWVHW,83.3,T,,M,14.74,N,27.30,K*42
$GPGSV,2,1,08,03,63,041,49,08,40,096,45,11,24,151,41,14,50,206,50*79
$GPGSV,2,2,08,17,68,263,50,22,21,311,41,28,08,351,38,31,56,121,47*70
$GAGSV,2,1,05,04,49,071,46,09,37,181,43,12,68,236,47,24,11,286,36*67
$GAGSV,2,2,05,31,18,021,40*51
$GPZDA,080540.00,14,06,2025,00,00*69
$GPGGA,080541.00,5431.94459,N,01837.22936,E,1,12,0.9,17.6,M,26.5,M,,*58
$GPRMC,080541.00,A,5431.94459,N,01837.22936,E,15.23,84.4,140625,,,A*68
$GPVTG,84.4,T,,M,15.23,N,28.20,K,A*38
$HEHDT,83.3,T*17
$VWVHW,83.3,T,,M,14.76,N,27.34,K*44
$GPGGA,080542.00,5431.94537,N,01837.23671,E,1,12,0.9,18.2,M,26.5,M,,*54
$GPRMC,080542.00,A,5431.94537,N,01837.23671,E,15.15,84.1,140625,,,A*6F
$GPVTG,84.1,T,,M,15.15,N,28.07,K,A*3D
$HEHDT,82.8,T*1D
$VWVHW,82.8,T,,M,14.84,N,27.48,K*48
$GPGGA,080543.00,5431.94579,N,01837.24370,E,1,12,0.9,17.4,M,26.5,M,,*55
$GPRMC,080543.00,A,5431.94579,N,01837.24370,E,15.31,83.6,140625,,,A*61
$GPVTG,83.6,T,,M,15.31,N,28.36,K,A*39
$HEHDT,83.1,T*15
$VWVHW,83.1,T,,M,14.86,N,27.51,K*4A
$GPGGA,080544.00,5431.94588,N,01837.25106,E,1,12,0.9,18.0,M,26.5,M,,*55
$GPRMC,080544.00,A,5431.94588,N,01837.25106,E,15.20,84.4,140625,,,A*6F
$GPVTG,84.4,T,,M,15.20,N,28.14,K,A*3C
$HEHDT,83.1,T*15
$VWVHW,83.1,T,,M,14.72,N,27.26,K*41
$GPGGA,080545.00,5431.94611,N,01837.25744,E,1,12,0.9,18.8,M,26.5,M,,*5F
$GPRMC,080545.00,A,5431.94611,N,01837.25744,E,15.17,84.6,140625,,,A*6B
$GPVTG,84.6,T,,M,15.17,N,28.09,K,A*36
$HEHDT,83.4,T*10
$VWVHW,83.4,T,,M,14.75,N,27.33,K*47
$GPGSV,2,1,08,03,63,041,49,08,40,096,45,11,24,151,41,14,50,206,48*70
$GPGSV,2,2,08,17,68,263,49,22,21,311,41,28,08,351,38,31,56,121,48*77
$GAGSV,2,1,05,04,49,071,48,09,37,181,45,12,68,236,48,24,11,286,38*6E
$GAGSV,2,2,05,31,18,021,40*51
$GPZDA,080545.00,14,06,2025,00,00*6C
$GPGGA,080546.00,5431.94636,N,01837.26524,E,1,12,0.9,18.6,M,26.5,M,,*50
$GPRMC,080546.00,A,5431.94636,N,01837.26524,E,15.00,84.1,140625,,,A*6B
$GPVTG,84.1,T,,M,15.00,N,27.78,K,A*3E
$HEHDT,82.6,T*13
$VWVHW,82.6,T,,M,14.82,N,27.45,K*4D
$GPGGA,080547.00,5431.94726,N,01837.27278,E,1,12,0.9,18.4,M,26.5,M,,*5C
$GPRMC,080547.00,A,5431.94726,N,01837.27278,E,15.19,84.2,140625,,,A*6E
$GPVTG,84.2,T,,M,15.19,N,28.13,K,A*37
$HEHDT,83.4,T*10
$VWVHW,83.4,T,,M,14.86,N,27.53,K*4D
$GPGGA,080548.00,5431.94767,N,01837.28003,E,1,12,0.9,18.8,M,26.5,M,,*5B
$GPRMC,080548.00,A,5431.94767,N,01837.28003,E,15.13,83.9,140625,,,A*63
$GPVTG,83.9,T,,M,15.13,N,28.02,K,A*31
$HEHDT,82.9,T*1C
$VWVHW,82.9,T,,M,14.91,N,27.61,K*46
$GPGGA,080549.00,5431.94799,N,01837.28648,E,1,12,0.9,18.4,M,26.5,M,,*5E
$GPRMC,080549.00,A,5431.94799,N,01837.28648,E,15.14,84.8,140625,,,A*6B
$GPVTG,84.8,T,,M,15.14,N,28.04,K,A*36
$HEHDT,83.2,T*16
$VWVHW,83.2,T,,M,14.94,N,27.66,K*4E
$GPGGA,080550.00,5431.94820,N,01837.29358,E,1,12,0.9,18.4,M,26.5,M,,*5E
$GPRMC,080550.00,A,5431.94820,N,01837.29358,E,15.38,84.0,140625,,,A*6D
$GPVTG,84.0,T,,M,15.38,N,28.49,K,A*39
$HEHDT,83.4,T*10
$VWVHW,83.4,T,,M,14.78,N,27.37,K*4E
$GPGSV,2,1,08,03,63,041,47,08,40,096,45,11,24,151,40,14,50,206,49*7E
$GPGSV,2,2,08,17,68,263,50,22,21,311,42,28,08,351,37,31,56,121,48*73
$GAGSV,2,1,05,04,49,071,47,09,37,181,46,12,68,236,49,24,11,286,38*63
$GAGSV,2,2,05,31,18,021,40*51
$GPZDA,080550.00,14,06,2025,00,00*68
$GPGGA,080551.00,5431.94865,N,01837.30070,E,1,12,0.9,18.5,M,26.5,M,,*5E
$GPRMC,080551.00,A,5431.94865,N,01837.30070,E,15.31,84.2,140625,,,A*67
$GPVTG,84.2,T,,M,15.31,N,28.36,K,A*3A
$HEHDT,83.1,T*15
$VWVHW,83.1,T,,M,14.87,N,27.55,K*4F
$GPGGA,080552.00,5431.94932,N,01837.30805,E,1,12,0.9,18.2,M,26.5,M,,*53
$GPRMC,080552.00,A,5431.94932,N,01837.30805,E,15.15,84.3,140625,,,A*6A
$GPVTG,84.3,T,,M,15.15,N,28.06,K,A*3E
$HEHDT,83.4,T*10
$VWVHW,83.4,T,,M,14.81,N,27.43,K*4B
$GPGGA,080553.00,5431.94970,N,01837.31473,E,1,12,0.9,19.0,M,26.5,M,,*5B
$GPRMC,080553.00,A,5431.94970,N,01837.31473,E,15.26,84.0,140625,,,A*62
$GPVTG,84.0,T,,M,15.26,N,28.27,K,A*3E
$HEHDT,83.2,T*16
$VWVHW,83.2,T,,M,14.97,N,27.73,K*49
$GPGGA,080554.00,5431.95054,N,01837.32225,E,1,12,0.9,18.5,M,26.5,M,,*50
$GPRMC,080554.00,A,5431.95054,N,01837.32225,E,15.11,83.9,140625,,,A*67
$GPVTG,83.9,T,,M,15.11,N,27.98,K,A*3F
$HEHDT,83.5,T*11
$VWVHW,83.5,T,,M,14.76,N,27.33,K*45
$GPGGA,080555.00,5431.95004,N,01837.32937,E,1,12,0.9,18.2,M,26.5,M,,*5B
$GPRMC,080555.00,A,5431.95004,N,01837.32937,E,15.09,84.3,140625,,,A*6F
$GPVTG,84.3,T,,M,15.09,N,27.95,K,A*36
$HEHDT,83.6,T*12
$VWVHW,83.6,T,,M,14.82,N,27.45,K*4C
$GPGSV,2,1,08,03,63,041,48,08,40,096,45,11,24,151,41,14,50,206,48*71
$GPGSV,2,2,08,17,68,263,50,22,21,311,41,28,08,351,38,31,56,121,48*7F
$GAGSV,2,1,05,04,49,071,47,09,37,181,45,12,68,236,48,24,11,286,38*61
$GAGSV,2,2,05,31,18,021,41*50
$GPZDA,080555.00,14,06,2025,00,00*6D
$GPGGA,080556.00,5431.95055,N,01837.33665,E,1,12,0.9,17.9,M,26.5,M,,*51
$GPRMC,080556.00,A,5431.95055,N,01837.33665,E,15.17,84.2,140625,,,A*6F
$GPVTG,84.2,T,,M,15.17,N,28.10,K,A*3A
$HEHDT,83.3,T*17
$VWVHW,83.3,T,,M,14.92,N,27.63,K*4C
$GPGGA,080557.00,5431.95103,N,01837.34313,E,1,12,0.9,18.3,M,26.5,M,,*54
$GPRMC,080557.00,A,5431.95103,N,01837.34313,E,15.12,83.6,140625,,,A*69
$GPVTG,83.6,T,,M,15.12,N,28.00,K,A*3D
$HEHDT,83.4,T*10
$VWVHW,83.4,T,,M,14.92,N,27.64,K*4C
$GPGGA,080558.00,5431.95134,N,01837.35000,E,1,12,0.9,18.0,M,26.5,M,,*5C
$GPRMC,080558.00,A,5431.95134,N,01837.35000,E,15.14,84.2,140625,,,A*67
$GPVTG,84.2,T,,M,15.14,N,28.04,K,A*3C
$HEHDT,83.5,T*11
$VWVHW,83.5,T,,M,14.71,N,27.25,K*45
$GPGGA,080559.00,5431.95175,N,01837.35753,E,1,12,0.9,18.4,M,26.5,M,,*5D
$GPRMC,080559.00,A,5431.95175,N,01837.35753,E,15.12,84.5,140625,,,A*63
$GPVTG,84.5,T,,M,15.12,N,28.00,K,A*39
$HEHDT,83.0,T*14
$VWVHW,83.0,T,,M,14.77,N,27.36,K*44
$GPGGA,080600.00,5431.95216,N,01837.36524,E,1,12,0.9,18.5,M,26.5,M,,*54
$GPRMC,080600.00,A,5431.95216,N,01837.36524,E,15.24,83.8,140625,,,A*64
$GPVTG,83.8,T,,M,15.24,N,28.23,K,A*37
$HEHDT,83.0,T*14
$VWVHW,83.0,T,,M,14.86,N,27.52,K*48
$GPGSV,2,1,08,03,63,041,49,08,40,096,46,11,24,151,40,14,50,206,49*73
$GPGSV,2,2,08,17,68,263,51,22,21,311,42,28,08,351,37,31,56,121,48*72
$GAGSV,2,1,05,04,49,071,47,09,37,181,45,12,68,236,48,24,11,286,40*6E
$GAGSV,2,2,05,31,18,021,40*51
$GPZDA,080600.00,14,06,2025,00,00*6E
$GPGGA,080601.00,5431.95220,N,01837.37187,E,1,12,0.9,18.5,M,26.5,M,,*5C
$GPRMC,080601.00,A,5431.95220,N,01837.37187,E,15.36,83.4,140625,,,A*63
$GPVTG,83.4,T,,M,15.36,N,28.45,K,A*38
$HEHDT,83.4,T*10
$VWVHW,83.4,T,,M,14.69,N,27.20,K*48
$GPGGA,080602.00,5431.95245,N,01837.37840,E,1,12,0.9,18.6,M,26.5,M,,*5D
$GPRMC,080602.00,A,5431.95245,N,01837.37840,E,15.35,84.4,140625,,,A*65
$GPVTG,84.4,T,,M,15.35,N,28.43,K,A*3A
$HEHDT,83.3,T*17
$VWVHW,83.3,T,,M,14.85,N,27.50,K*4A
$GPGGA,080603.00,5431.95366,N,01837.38639,E,1,12,0.9,18.8,M,26.5,M,,*5D
$GPRMC,080603.00,A,5431.95366,N,01837.38639,E,15.20,84.5,140625,,,A*6E
$GPVTG,84.5,T,,M,15.20,N,28.15,K,A*3C
$HEHDT,83.7,T*13
$VWVHW,83.7,T,,M,14.78,N,27.36,K*4C
$GPGGA,080604.00,5431.95436,N,01837.39367,E,1,12,0.9,18.9,M,26.5,M,,*56
$GPRMC,080604.00,A,5431.95436,N,01837.39367,E,15.07,83.8,140625,,,A*6B
$GPVTG,83.8,T,,M,15.07,N,27.92,K,A*33
$HEHDT,83.4,T*10
$VWVHW,83.4,T,,M,14.70,N,27.23,K*43
$GPGGA,080605.00,5431.95471,N,01837.40086,E,1,12,0.9,18.6,M,26.5,M,,*59
$GPRMC,080605.00,A,5431.95471,N,01837.40086,E,15.18,84.2,140625,,,A*68
$GPVTG,84.2,T,,M,15.18,N,28.11,K,A*34
$HEHDT,83.3,T*17
$VWVHW,83.3,T,,M,14.72,N,27.27,K*42
$GPGSV,2,1,08,03,63,041,48,08,40,096,46,11,24,151,40,14,50,206,48*73
$GPGSV,2,2,08,17,68,263,50,22,21,311,41,28,08,351,37,31,56,121,48*70
$GAGSV,2,1,05,04,49,071,47,09,37,181,44,12,68,236,48,24,11,286,39*61
$GAGSV,2,2,05,31,18,021,41*50
$GPZDA,080605.00,14,06,2025,00,00*6B
$GPGGA,080606.00,5431.95512,N,01837.40797,E,1,12,0.9,19.4,M,26.5,M,,*5A
$GPRMC,080606.00,A,5431.95512,N,01837.40797,E,15.16,84.2,140625,,,A*66
$GPVTG,84.2,T,,M,15.16,N,28.07,K,A*3D
$HEHDT,83.1,T*15
$VWVHW,83.1,T,,M,14.93,N,27.65,K*49
$GPGGA,080607.00,5431.95565,N,01837.41509,E,1,12,0.9,18.8,M,26.5,M,,*52
$GPRMC,080607.00,A,5431.95565,N,01837.41509,E,15.20,83.9,140625,,,A*6A
$GPVTG,83.9,T,,M,15.20,N,28.14,K,A*36
$HEHDT,83.1,T*15
$VWVHW,83.1,T,,M,14.85,N,27.50,K*48
$GPGGA,080608.00,5431.95638,N,01837.42250,E,1,12,0.9,19.2,M,26.5,M,,*55
$GPRMC,080608.00,A,5431.95638,N,01837.42250,E,15.20,83.9,140625,,,A*66
$GPVTG,83.9,T,,M,15.20,N,28.16,K,A*34
$HEHDT,83.4,T*10
$VWVHW,83.4,T,,M,15.05,N,27.88,K*41
$GPGGA,080609.00,5431.95632,N,01837.42910,E,1,12,0.9,18.9,M,26.5,M,,*5B
$GPRMC,080609.00,A,5431.95632,N,01837.42910,E,15.23,84.8,140625,,,A*67
$GPVTG,84.8,T,,M,15.23,N,28.20,K,A*34
$HEHDT,83.5,T*11
$VWVHW,83.5,T,,M,14.78,N,27.38,K*40
$GPGGA,080610.00,5431.95653,N,01837.43643,E,1,12,0.9,18.2,M,26.5,M,,*57
$GPRMC,080610.00,A,5431.95653,N,01837.43643,E,15.23,83.9,140625,,,A*66
$GPVTG,83.9,T,,M,15.23,N,28.20,K,A*32
$HEHDT,82.9,T*1C
$VWVHW,82.9,T,,M,14.79,N,27.39,K*4D
$GPGSV,2,1,08,03,63,041,50,08,40,096,47,11,24,151,41,14,50,206,47*75
$GPGSV,2,2,08,17,68,263,50,22,21,311,42,28,08,351,37,31,56,121,48*73
$GAGSV,2,1,05,04,49,071,48,09,37,181,45,12,68,236,48,24,11,286,38*6E
$GAGSV,2,2,05,31,18,021,41*50
$GPZDA,080610.00,14,06,2025,00,00*6F
$GPGGA,080611.00,5431.95709,N,01837.44402,E,1,12,0.9,18.8,M,26.5,M,,*52
$GPRMC,080611.00,A,5431.95709,N,01837.44402,E,15.02,84.1,140625,,,A*65
$GPVTG,84.1,T,,M,15.02,N,27.82,K,A*39
$HEHDT,82.7,T*12
$VWVHW,82.7,T,,M,14.84,N,27.49,K*46
$GPGGA,080612.00,5431.95781,N,01837.45118,E,1,12,0.9,18.8,M,26.5,M,,*5E
$GPRMC,080612.00,A,5431.95781,N,01837.45118,E,15.10,84.2,140625,,,A*69
$GPVTG,84.2,T,,M,15.10,N,27.96,K,A*3C
$HEHDT,83.2,T*16
$VWVHW,83.2,T,,M,14.94,N,27.66,K*4E
$GPGGA,080613.00,5431.95809,N,01837.45895,E,1,12,0.9,19.1,M,26.5,M,,*54
$GPRMC,080613.00,A,5431.95809,N,01837.45895,E,15.24,84.5,140625,,,A*6B
$GPVTG,84.5,T,,M,15.24,N,28.22,K,A*3C
$HEHDT,83.1,T*15
$VWVHW,83.1,T,,M,14.57,N,26.98,K*42
$GPGGA,080614.00,5431.95824,N,01837.46465,E,1,12,0.9,19.3,M,26.5,M,,*5E
$GPRMC,080614.00,A,5431.95824,N,01837.46465,E,15.20,84.0,140625,,,A*62
$GPVTG,84.0,T,,M,15.20,N,28.14,K,A*38
$HEHDT,83.2,T*16
$VWVHW,83.2,T,,M,14.79,N,27.39,K*47
$GPGGA,080615.00,5431.95888,N,01837.47244,E,1,12,0.9,18.9,M,26.5,M,,*56
$GPRMC,080615.00,A,5431.95888,N,01837.47244,E,15.22,84.5,140625,,,A*66
$GPVTG,84.5,T,,M,15.22,N,28.19,K,A*32
$HEHDT,83.1,T*15
$VWVHW,83.1,T,,M,14.92,N,27.63,K*4E
$GPGSV,2,1,08,03,63,042,50,08,40,096,46,11,24,152,42,14,50,206,49*79
$GPGSV,2,2,08,17,68,264,50,22,21,312,42,28,08,352,36,31,56,122,48*76
$GAGSV,2,1,05,04,49,072,48,09,37,182,45,12,68,236,49,24,11,286,38*6F
$GAGSV,2,2,05,31,18,022,40*52
$GPZDA,080615.00,14,06,2025,00,00*6A
$GPGGA,080616.00,5431.95978,N,01837.47946,E,1,12,0.9,19.0,M,26.5,M,,*5A
$GPRMC,080616.00,A,5431.95978,N,01837.47946,E,15.31,84.1,140625,,,A*64
$GPVTG,84.1,T,,M,15.31,N,28.36,K,A*39
$HEHDT,83.0,T*14
$VWVHW,83.0,T,,M,14.82,N,27.45,K*4A
$GPGGA,080617.00,5431.96007,N,01837.48716,E,1,12,0.9,18.7,M,26.5,M,,*5B
$GPRMC,080617.00,A,5431.96007,N,01837.48716,E,15.17,84.0,140625,,,A*66
$GPVTG,84.0,T,,M,15.17,N,28.10,K,A*38
$HEHDT,83.2,T*16
$VWVHW,83.2,T,,M,14.74,N,27.30,K*43
$GPGGA,080618.00,5431.96034,N,01837.49397,E,1,12,0.9,19.3,M,26.5,M,,*5D
$GPRMC,080618.00,A,5431.96034,N,01837.49397,E,14.97,83.9,140625,,,A*62
$GPVTG,83.9,T,,M,14.97,N,27.72,K,A*34
$HEHDT,83.3,T*17
$VWVHW,83.3,T,,M,14.72,N,27.27,K*42
$GPGGA,080619.00,5431.96136,N,01837.50103,E,1,12,1.0,19.2,M,26.5,M,,*51
$GPRMC,080619.00,A,5431.96136,N,01837.50103,E,15.30,83.8,140625,,,A*6A
$GPVTG,83.8,T,,M,15.30,N,28.33,K,A*33
$HEHDT,83.6,T*12
$VWVHW,83.6,T,,M,14.84,N,27.48,K*47
$GPGGA,080620.00,5431.96117,N,01837.50906,E,1,12,1.0,19.4,M,26.5,M,,*53
$GPRMC,080620.00,A,5431.96117,N,01837.50906,E,15.31,84.2,140625,,,A*62
$GPVTG,84.2,T,,M,15.31,N,28.35,K,A*39
$HEHDT,82.8,T*1D
$VWVHW,82.8,T,,M,14.84,N,27.48,K*48
$GPGSV,2,1,08,03,63,042,49,08,40,097,46,11,24,152,41,14,50,207,47*7C
$GPGSV,2,2,08,17,67,264,51,22,21,312,42,28,08,352,39,31,56,122,48*77
$GAGSV,2,1,05,04,49,072,47,09,36,182,45,12,68,237,48,24,11,287,38*60
$GAGSV,2,2,05,31,18,022,39*5C
$GPZDA,080620.00,14,06,2025,00,00*6C
$GPGGA,080621.00,5431.96183,N,01837.51577,E,1,12,1.0,18.9,M,26.5,M,,*58
$GPRMC,080621.00,A,5431.96183,N,01837.51577,E,15.14,83.3,140625,,,A*64
$GPVTG,83.3,T,,M,15.14,N,28.05,K,A*3B
$HEHDT,83.3,T*17
$VWVHW,83.3,T,,M,14.80,N,27.41,K*4F
$GPGGA,080622.00,5431.96257,N,01837.52313,E,1,12,1.0,19.0,M,26.5,M,,*5E
$GPRMC,080622.00,A,5431.96257,N,01837.52313,E,15.19,84.7,140625,,,A*64
$GPVTG,84.7,T,,M,15.19,N,28.12,K,A*33
$HEHDT,82.8,T*1D
$VWVHW,82.8,T,,M,14.88,N,27.55,K*48
$GPGGA,080623.00,5431.96303,N,01837.52953,E,1,12,1.0,18.9,M,26.5,M,,*59
$GPRMC,080623.00,A,5431.96303,N,01837.52953,E,15.11,84.3,140625,,,A*67
$GPVTG,84.3,T,,M,15.11,N,27.99,K,A*33
$HEHDT,83.7,T*13
$VWVHW,83.7,T,,M,14.85,N,27.51,K*4F
$GPGGA,080624.00,5431.96298,N,01837.53751,E,1,12,1.0,18.8,M,26.5,M,,*51
$GPRMC,080624.00,A,5431.96298,N,01837.53751,E,15.08,84.1,140625,,,A*64
$GPVTG,84.1,T,,M,15.08,N,27.93,K,A*33
$HEHDT,83.1,T*15
$VWVHW,83.1,T,,M,14.67,N,27.16,K*46
$GPGGA,080625.00,5431.96377,N,01837.54468,E,1,12,1.0,18.2,M,26.5,M,,*54
$GPRMC,080625.00,A,5431.96377,N,01837.54468,E,15.35,83.4,140625,,,A*67
$GPVTG,83.4,T,,M,15.35,N,28.42,K,A*3C
$HEHDT,83.3,T*17
$VWVHW,83.3,T,,M,14.82,N,27.45,K*49
$GPGSV,2,1,08,03,63,042,49,08,40,097,47,11,24,152,41,14,50,207,47*7D
$GPGSV,2,2,08,17,67,264,50,22,21,312,42,28,08,352,37,31,56,122,48*78
$GAGSV,2,1,05,04,49,072,47,09,36,182,45,12,68,237,48,24,11,287,39*61
$GAGSV,2,2,05,31,18,022,41*53
$GPZDA,080625.00,14,06,2025,00,00*69
$GPGGA,080626.00,5431.96409,N,01837.55197,E,1,12,1.0,18.0,M,26.5,M,,*5F
$GPRMC,080626.00,A,5431.96409,N,01837.55197,E,14.98,84.0,140625,,,A*6B
$GPVTG,84.0,T,,M,14.98,N,27.73,K,A*34
$HEHDT,83.1,T*15
$VWVHW,83.1,T,,M,14.92,N,27.62,K*4F
$GPGGA,080627.00,5431.96451,N,01837.55983,E,1,12,1.0,18.4,M,26.5,M,,*5A
$GPRMC,080627.00,A,5431.96451,N,01837.55983,E,15.06,84.1,140625,,,A*6D
$GPVTG,84.1,T,,M,15.06,N,27.88,K,A*37
$HEHDT,82.9,T*1C
$VWVHW,82.9,T,,M,14.87,N,27.54,K*47
$GPGGA,080628.00,5431.96527,N,01837.56642,E,1,12,1.0,18.4,M,26.5,M,,*54
$GPRMC,080628.00,A,5431.96527,N,01837.56642,E,15.22,83.7,140625,,,A*64
$GPVTG,83.7,T,,M,15.22,N,28.19,K,A*37
$HEHDT,82.7,T*12
$VWVHW,82.7,T,,M,14.83,N,27.46,K*4E
$GPGGA,080629.00,5431.96574,N,01837.57453,E,1,12,1.0,18.6,M,26.5,M,,*52
$GPRMC,080629.00,A,5431.96574,N,01837.57453,E,15.14,84.1,140625,,,A*64
$GPVTG,84.1,T,,M,15.14,N,28.05,K,A*3E
$HEHDT,83.0,T*14
$VWVHW,83.0,T,,M,14.87,N,27.54,K*4F
$GPGGA,080630.00,5431.96621,N,01837.58087,E,1,12,1.0,18.5,M,26.5,M,,*58
$GPRMC,080630.00,A,5431.96621,N,01837.58087,E,15.19,84.1,140625,,,A*60
$GPVTG,84.1,T,,M,15.19,N,28.13,K,A*34
$HEHDT,82.9,T*1C
$VWVHW,82.9,T,,M,14.71,N,27.25,K*48
$GPGSV,2,1,08,03,63,042,50,08,40,097,46,11,24,152,41,14,50,207,48*7B
$GPGSV,2,2,08,17,67,264,49,22,21,312,43,28,08,352,37,31,56,122,48*71
$GAGSV,2,1,05,04,49,072,47,09,36,182,44,12,68,237,48,24,11,287,39*60
$GAGSV,2,2,05,31,18,022,40*52
$GPZDA,080630.00,14,06,2025,00,00*6D
$GPGGA,080631.00,5431.96707,N,01837.58767,E,1,12,1.0,18.6,M,26.5,M,,*56
$GPRMC,080631.00,A,5431.96707,N,01837.58767,E,15.03,83.8,140625,,,A*68
$GPVTG,83.8,T,,M,15.03,N,27.84,K,A*30
$HEHDT,83.4,T*10
$VWVHW,83.4,T,,M,14.87,N,27.54,K*4B
$GPGGA,080632.00,5431.96682,N,01837.59510,E,1,12,1.0,18.2,M,26.5,M,,*5E
$GPRMC,080632.00,A,5431.96682,N,01837.59510,E,15.19,84.2,140625,,,A*62
$GPVTG,84.2,T,,M,15.19,N,28.14,K,A*30
$HEHDT,83.8,T*1C
$VWVHW,83.8,T,,M,14.81,N,27.43,K*47
$GPGGA,080633.00,5431.96745,N,01837.60222,E,1,12,1.0,18.2,M,26.5,M,,*59
$GPRMC,080633.00,A,5431.96745,N,01837.60222,E,15.19,84.3,140625,,,A*64
$GPVTG,84.3,T,,M,15.19,N,28.14,K,A*31
$HEHDT,83.5,T*11
$VWVHW,83.5,T,,M,14.80,N,27.41,K*49
$GPGGA,080634.00,5431.96778,N,01837.60945,E,1,12,1.0,18.3,M,26.5,M,,*5B
$GPRMC,080634.00,A,5431.96778,N,01837.60945,E,15.17,83.8,140625,,,A*65
$GPVTG,83.8,T,,M,15.17,N,28.09,K,A*3F
$HEHDT,83.3,T*17
$VWVHW,83.3,T,,M,14.82,N,27.44,K*48
$GPGGA,080635.00,5431.96864,N,01837.61750,E,1,12,1.0,18.1,M,26.5,M,,*51
$GPRMC,080635.00,A,5431.96864,N,01837.61750,E,15.09,84.4,140625,,,A*69
$GPVTG,84.4,T,,M,15.09,N,27.95,K,A*31
$HEHDT,83.3,T*17
$VWVHW,83.3,T,,M,14.70,N,27.22,K*45
$GPGSV,2,1,08,03,63,042,48,08,40,097,46,11,24,152,41,14,50,207,47*7D
$GPGSV,2,2,08,17,67,264,51,22,21,312,42,28,08,352,37,31,56,122,48*79
$GAGSV,2,1,05,04,49,072,48,09,36,182,43,12,67,237,48,24,11,287,38*66
$GAGSV,2,2,05,31,18,022,40*52
$GPZDA,080635.00,14,06,2025,00,00*68
$GPGGA,080636.00,5431.96872,N,01837.62343,E,1,12,1.0,18.0,M,26.5,M,,*51
$GPRMC,080636.00,A,5431.96872,N,01837.62343,E,15.04,84.5,140625,,,A*64
$GPVTG,84.5,T,,M,15.04,N,27.84,K,A*3D
$HEHDT,83.2,T*16
$VWVHW,83.2,T,,M,14.72,N,27.26,K*42
$GPGGA,080637.00,5431.96921,N,01837.63156,E,1,12,1.0,18.5,M,26.5,M,,*55
$GPRMC,080637.00,A,5431.96921,N,01837.63156,E,15.20,83.9,140625,,,A*68
$GPVTG,83.9,T,,M,15.20,N,28.15,K,A*37
$HEHDT,83.1,T*15
$VWVHW,83.1,T,,M,14.90,N,27.59,K*45
$GPGGA,080638.00,5431.96966,N,01837.63887,E,1,12,1.0,17.7,M,26.5,M,,*51
$GPRMC,080638.00,A,5431.96966,N,01837.63887,E,15.13,83.6,140625,,,A*6E
$GPVTG,83.6,T,,M,15.13,N,28.02,K,A*3E
$HEHDT,83.2,T*16
$VWVHW,83.2,T,,M,14.69,N,27.21,K*4F
$GPGGA,080639.00,5431.97030,N,01837.64537,E,1,12,1.0,18.7,M,26.5,M,,*55
$GPRMC,080639.00,A,5431.97030,N,01837.64537,E,15.16,83.9,140625,,,A*6F
$GPVTG,83.9,T,,M,15.16,N,28.07,K,A*31
$HEHDT,82.9,T*1C
$VWVHW,82.9,T,,M,14.73,N,27.28,K*47
$GPGGA,080640.00,5431.97078,N,01837.65248,E,1,12,1.0,18.1,M,26.5,M,,*5F
$GPRMC,080640.00,A,5431.97078,N,01837.65248,E,15.21,84.2,140625,,,A*6B
$GPVTG,84.2,T,,M,15.21,N,28.17,K,A*38
$HEHDT,83.3,T*17
$VWVHW,83.3,T,,M,14.72,N,27.27,K*42
$GPGSV,2,1,08,03,63,042,49,08,40,097,46,11,24,152,41,14,50,207,49*72
$GPGSV,2,2,08,17,67,264,51,22,21,312,42,28,08,352,38,31,56,122,48*76
$GAGSV,2,1,05,04,49,072,47,09,36,182,44,12,67,237,48,24,11,287,38*6E
$GAGSV,2,2,05,31,18,022,40*52
$GPZDA,080640.00,14,06,2025,00,00*6A
$GPGGA,080641.00,5431.97106,N,01837.65961,E,1,12,1.0,18.6,M,26.5,M,,*51
$GPRMC,080641.00,A,5431.97106,N,01837.65961,E,15.16,83.8,140625,,,A*6B
$GPVTG,83.8,T,,M,15.16,N,28.07,K,A*30
$HEHDT,83.0,T*14
$VWVHW,83.0,T,,M,14.73,N,27.28,K*4F
$GPGGA,080642.00,5431.97142,N,01837.66592,E,1,12,1.0,18.7,M,26.5,M,,*50
$GPRMC,080642.00,A,5431.97142,N,01837.66592,E,15.17,84.4,140625,,,A*61
$GPVTG,84.4,T,,M,15.17,N,28.10,K,A*3C
$HEHDT,83.3,T*17
$VWVHW,83.3,T,,M,14.77,N,27.36,K*47
$GPGGA,080643.00,5431.97182,N,01837.67387,E,1,12,1.0,17.9,M,26.5,M,,*5F
$GPRMC,080643.00,A,5431.97182,N,01837.67387,E,15.26,84.5,140625,,,A*6C
$GPVTG,84.5,T,,M,15.26,N,28.26,K,A*3A
$HEHDT,83.5,T*11
$VWVHW,83.5,T,,M,14.83,N,27.46,K*4D
$GPGGA,080644.00,5431.97268,N,01837.68156,E,1,12,1.0,18.2,M,26.5,M,,*5A
$GPRMC,080644.00,A,5431.97268,N,01837.68156,E,15.12,83.7,140625,,,A*6F
$GPVTG,83.7,T,,M,15.12,N,28.01,K,A*3D
$HEHDT,83.2,T*16
$VWVHW,83.2,T,,M,14.71,N,27.24,K*43
$GPGGA,080645.00,5431.97327,N,01837.68914,E,1,12,1.0,17.4,M,26.5,M,,*56
$GPRMC,080645.00,A,5431.97327,N,01837.68914,E,15.01,84.1,140625,,,A*69
$GPVTG,84.1,T,,M,15.01,N,27.81,K,A*39
$HEHDT,83.3,T*17
$VWVHW,83.3,T,,M,14.76,N,27.34,K*44
$GPGSV,2,1,08,03,63,042,49,08,40,097,46,11,24,152,41,14,50,207,48*73
$GPGSV,2,2,08,17,67,264,51,22,21,312,42,28,08,352,37,31,56,122,48*79
$GAGSV,2,1,05,04,49,072,48,09,36,182,45,12,67,237,48,24,11,287,39*61
$GAGSV,2,2,05,31,18,022,41*53
$GPZDA,080645.00,14,06,2025,00,00*6F
$GPGGA,080646.00,5431.97333,N,01837.69638,E,1,12,1.0,18.3,M,26.5,M,,*58
$GPRMC,080646.00,A,5431.97333,N,01837.69638,E,15.14,83.6,140625,,,A*6B
$GPVTG,83.6,T,,M,15.14,N,28.05,K,A*3E
$HEHDT,83.4,T*10
$VWVHW,83.4,T,,M,14.66,N,27.15,K*41
$GPGGA,080647.00,5431.97356,N,01837.70365,E,1,12,1.0,17.9,M,26.5,M,,*5A
$GPRMC,080647.00,A,5431.97356,N,01837.70365,E,15.07,84.3,140625,,,A*6C
$GPVTG,84.3,T,,M,15.07,N,27.91,K,A*3C
$HEHDT,83.4,T*10
$VWVHW,83.4,T,,M,14.84,N,27.48,K*45
$GPGGA,080648.00,5431.97393,N,01837.71055,E,1,12,1.0,18.1,M,26.5,M,,*5A
$GPRMC,080648.00,A,5431.97393,N,01837.71055,E,15.11,84.5,140625,,,A*6A
$GPVTG,84.5,T,,M,15.11,N,27.98,K,A*34
$HEHDT,83.5,T*11
$VWVHW,83.5,T,,M,14.59,N,27.02,K*4A
$GPGGA,080649.00,5431.97434,N,01837.71835,E,1,12,1.0,17.8,M,26.5,M,,*59
$GPRMC,080649.00,A,5431.97434,N,01837.71835,E,15.27,84.5,140625,,,A*6A
$GPVTG,84.5,T,,M,15.27,N,28.28,K,A*35
$HEHDT,83.3,T*17
$VWVHW,83.3,T,,M,14.73,N,27.27,K*43
$GPGGA,080650.00,5431.97478,N,01837.72484,E,1,12,1.0,17.7,M,26.5,M,,*53
$GPRMC,080650.00,A,5431.97478,N,01837.72484,E,15.16,83.8,140625,,,A*67
$GPVTG,83.8,T,,M,15.16,N,28.07,K,A*30
$HEHDT,83.7,T*13
$VWVHW,83.7,T,,M,14.72,N,27.27,K*46
$GPGSV,2,1,08,03,63,042,49,08,40,097,46,11,24,152,41,14,50,207,47*7C
$GPGSV,2,2,08,17,67,264,51,22,21,312,43,28,08,352,38,31,56,122,48*77
$GAGSV,2,1,05,04,49,072,49,09,36,182,45,12,67,237,47,24,11,287,38*6E
$GAGSV,2,2,05,31,18,022,41*53
$GPZDA,080650.00,14,06,2025,00,00*6B
$GPGGA,080651.00,5431.97515,N,01837.73244,E,1,12,1.0,17.6,M,26.5,M,,*52
$GPRMC,080651.00,A,5431.97515,N,01837.73244,E,15.11,84.2,140625,,,A*6D
$GPVTG,84.2,T,,M,15.11,N,27.99,K,A*32
$HEHDT,83.4,T*10
$VWVHW,83.4,T,,M,14.70,N,27.23,K*43
$GPGGA,080652.00,5431.97577,N,01837.73949,E,1,12,1.0,18.0,M,26.5,M,,*5A
$GPRMC,080652.00,A,5431.97577,N,01837.73949,E,15.18,84.6,140625,,,A*61
$GPVTG,84.6,T,,M,15.18,N,28.11,K,A*30
$HEHDT,83.4,T*10
$VWVHW,83.4,T,,M,14.74,N,27.30,K*45
$GPGGA,080653.00,5431.97590,N,01837.74637,E,1,12,1.0,17.4,M,26.5,M,,*58
$GPRMC,080653.00,A,5431.97590,N,01837.74637,E,15.17,83.5,140625,,,A*63
$GPVTG,83.5,T,,M,15.17,N,28.09,K,A*32
$HEHDT,82.9,T*1C
$VWVHW,82.9,T,,M,14.66,N,27.15,K*4D
$GPGGA,080654.00,5431.97601,N,01837.75359,E,1,12,1.0,17.7,M,26.5,M,,*5B
$GPRMC,080654.00,A,5431.97601,N,01837.75359,E,15.08,84.0,140625,,,A*6F
$GPVTG,84.0,T,,M,15.08,N,27.92,K,A*33
$HEHDT,82.6,T*13
$VWVHW,82.6,T,,M,14.71,N,27.24,K*46
$GPGGA,080655.00,5431.97702,N,01837.76116,E,1,12,1.0,17.8,M,26.5,M,,*5D
$GPRMC,080655.00,A,5431.97702,N,01837.76116,E,15.26,84.0,140625,,,A*6A
$GPVTG,84.0,T,,M,15.26,N,28.26,K,A*3F
$HEHDT,83.1,T*15
$VWVHW,83.1,T,,M,14.76,N,27.34,K*46
$GPGSV,2,1,08,03,63,042,49,08,40,097,45,11,24,152,41,14,50,207,48*70
$GPGSV,2,2,08,17,67,264,50,22,21,312,42,28,08,352,38,31,56,122,48*77
$GAGSV,2,1,05,04,49,072,48,09,36,182,44,12,67,237,47,24,11,287,37*61
$GAGSV,2,2,05,31,18,022,41*53
$GPZDA,080655.00,14,06,2025,00,00*6E
$GPGGA,080656.00,5431.97710,N,01837.76866,E,1,12,1.0,17.4,M,26.5,M,,*5F
$GPRMC,080656.00,A,5431.97710,N,01837.76866,E,15.15,84.3,140625,,,A*67
$GPVTG,84.3,T,,M,15.15,N,28.05,K,A*3D
$HEHDT,83.3,T*17
$VWVHW,83.3,T,,M,14.73,N,27.27,K*43
$GPGGA,080657.00,5431.97769,N,01837.77579,E,1,12,1.0,17.5,M,26.5,M,,*53
$GPRMC,080657.00,A,5431.97769,N,01837.77579,E,15.23,83.7,140625,,,A*6C
$GPVTG,83.7,T,,M,15.23,N,28.21,K,A*3D
$HEHDT,83.0,T*14
$VWVHW,83.0,T,,M,14.75,N,27.32,K*42
$GPGGA,080658.00,5431.97798,N,01837.78261,E,1,12,1.0,18.4,M,26.5,M,,*5D
$GPRMC,080658.00,A,5431.97798,N,01837.78261,E,15.05,83.6,140625,,,A*69
$GPVTG,83.6,T,,M,15.05,N,27.88,K,A*34
$HEHDT,83.5,T*11
$VWVHW,83.5,T,,M,14.90,N,27.60,K*4B
$GPGGA,080659.00,5431.97869,N,01837.78950,E,1,12,1.0,17.9,M,26.5,M,,*56
$GPRMC,080659.00,A,5431.97869,N,01837.78950,E,15.13,84.2,140625,,,A*64
$GPVTG,84.2,T,,M,15.13,N,28.02,K,A*3D
$HEHDT,83.2,T*16
$VWVHW,83.2,T,,M,14.77,N,27.35,K*45
$GPGGA,080700.00,5431.97884,N,01837.79740,E,1,12,1.0,17.5,M,26.5,M,,*5A
$GPRMC,080700.00,A,5431.97884,N,01837.79740,E,15.22,84.7,140625,,,A*63
$GPVTG,84.7,T,,M,15.22,N,28.18,K,A*31
$HEHDT,83.5,T*11
$VWVHW,83.5,T,,M,14.75,N,27.31,K*44
$GPGSV,2,1,08,03,63,042,49,08,40,097,44,11,23,152,41,14,50,207,48*76
$GPGSV,2,2,08,17,67,264,51,22,21,312,42,28,08,352,38,31,56,122,48*76
$GAGSV,2,1,05,04,49,072,48,09,36,182,44,12,67,237,48,24,11,287,37*6E
$GAGSV,2,2,05,31,18,022,41*53
$GPZDA,080700.00,14,06,2025,00,00*6F
$GPGGA,080701.00,5431.97906,N,01837.80425,E,1,12,1.0,18.1,M,26.5,M,,*5D
$GPRMC,080701.00,A,5431.97906,N,01837.80425,E,15.25,84.3,140625,,,A*6C
$GPVTG,84.3,T,,M,15.25,N,28.25,K,A*3C
$HEHDT,83.0,T*14
$VWVHW,83.0,T,,M,14.77,N,27.36,K*44
$GPGGA,080702.00,5431.97985,N,01837.81168,E,1,12,1.0,17.7,M,26.5,M,,*51
$GPRMC,080702.00,A,5431.97985,N,01837.81168,E,14.96,84.1,140625,,,A*62
$GPVTG,84.1,T,,M,14.96,N,27.70,K,A*38
$HEHDT,83.4,T*10
$VWVHW,83.4,T,,M,14.78,N,27.37,K*4E
$GPGGA,080703.00,5431.98001,N,01837.81863,E,1,12,1.0,17.3,M,26.5,M,,*5C
$GPRMC,080703.00,A,5431.98001,N,01837.81863,E,15.10,84.4,140625,,,A*61
$GPVTG,84.4,T,,M,15.10,N,27.97,K,A*3B
$HEHDT,83.2,T*16
$VWVHW,83.2,T,,M,14.79,N,27.39,K*47
$GPGGA,080704.00,5431.98086,N,01837.82566,E,1,12,1.0,17.5,M,26.5,M,,*59
$GPRMC,080704.00,A,5431.98086,N,01837.82566,E,15.13,84.2,140625,,,A*67
$GPVTG,84.2,T,,M,15.13,N,28.02,K,A*3D
$HEHDT,83.6,T*12
$VWVHW,83.6,T,,M,14.84,N,27.49,K*46
$GPGGA,080705.00,5431.98034,N,01837.83185,E,1,12,1.0,17.0,M,26.5,M,,*5C
$GPRMC,080705.00,A,5431.98034,N,01837.83185,E,15.08,83.6,140625,,,A*6E
$GPVTG,83.6,T,,M,15.08,N,27.92,K,A*32
$HEHDT,83.3,T*17
$VWVHW,83.3,T,,M,14.83,N,27.47,K*4A
$GPGSV,2,1,08,03,63,042,49,08,40,097,45,11,23,152,40,14,50,207,49*77
$GPGSV,2,2,08,17,67,264,50,22,21,312,43,28,08,352,38,31,56,122,47*79
$GAGSV,2,1,05,04,49,072,48,09,36,182,44,12,67,237,46,24,11,287,38*6F
$GAGSV,2,2,05,31,18,022,41*53
$GPZDA,080705.00,14,06,2025,00,00*6A
$GPGGA,080706.00,5431.98167,N,01837.84013,E,1,12,1.0,17.5,M,26.5,M,,*54
$GPRMC,080706.00,A,5431.98167,N,01837.84013,E,15.04,83.7,140625,,,A*6E
$GPVTG,83.7,T,,M,15.04,N,27.85,K,A*39
$HEHDT,82.9,T*1C
$VWVHW,82.9,T,,M,14.66,N,27.16,K*4E
$GPGGA,080707.00,5431.98151,N,01837.84712,E,1,12,1.0,17.5,M,26.5,M,,*56
$GPRMC,080707.00,A,5431.98151,N,01837.84712,E,14.93,84.3,140625,,,A*60
$GPVTG,84.3,T,,M,14.93,N,27.65,K,A*3B
$HEHDT,83.0,T*14
$VWVHW,83.0,T,,M,14.80,N,27.41,K*4C
$GPGGA,080708.00,5431.98231,N,01837.85434,E,1,12,1.0,17.3,M,26.5,M,,*5C
$GPRMC,080708.00,A,5431.98231,N,01837.85434,E,15.06,83.5,140625,,,A*60
$GPVTG,83.5,T,,M,15.06,N,27.89,K,A*35
$HEHDT,83.5,T*11
$VWVHW,83.5,T,,M,14.75,N,27.31,K*44
$GPGGA,080709.00,5431.98218,N,01837.86135,E,1,12,1.0,16.7,M,26.5,M,,*54
$GPRMC,080709.00,A,5431.98218,N,01837.86135,E,15.01,84.3,140625,,,A*6B
$GPVTG,84.3,T,,M,15.01,N,27.81,K,A*3B
$HEHDT,83.4,T*10
$VWVHW,83.4,T,,M,14.79,N,27.39,K*41
$GPGGA,080710.00,5431.98321,N,01837.86871,E,1,12,1.0,16.5,M,26.5,M,,*5C
$GPRMC,080710.00,A,5431.98321,N,01837.86871,E,15.12,84.1,140625,,,A*61
$GPVTG,84.1,T,,M,15.12,N,27.99,K,A*32
$HEHDT,83.4,T*10
$VWVHW,83.4,T,,M,14.76,N,27.33,K*44
$GPGSV,2,1,08,03,63,042,49,08,40,097,44,11,23,152,40,14,50,207,47*78
$GPGSV,2,2,08,17,67,264,50,22,21,312,42,28,08,352,38,31,56,122,48*77
$GAGSV,2,1,05,04,49,072,46,09,36,182,45,12,67,237,48,24,11,287,37*61
$GAGSV,2,2,05,31,18,022,40*52
$GPZDA,080710.00,14,06,2025,00,00*6E
$GPGGA,080711.00,5431.98333,N,01837.87523,E,1,12,1.0,16.6,M,26.5,M,,*56
$GPRMC,080711.00,A,5431.98333,N,01837.87523,E,15.05,84.1,140625,,,A*6E
$GPVTG,84.1,T,,M,15.05,N,27.86,K,A*3A
$HEHDT,83.1,T*15
$VWVHW,83.1,T,,M,14.49,N,26.83,K*47
$GPGGA,080712.00,5431.98415,N,01837.88217,E,1,12,1.0,16.9,M,26.5,M,,*56
$GPRMC,080712.00,A,5431.98415,N,01837.88217,E,15.13,84.3,140625,,,A*64
$GPVTG,84.3,T,,M,15.13,N,28.01,K,A*3F
$HEHDT,83.1,T*15
$VWVHW,83.1,T,,M,14.68,N,27.18,K*47
$GPGGA,080713.00,5431.98385,N,01837.88938,E,1,12,1.0,17.0,M,26.5,M,,*57
$GPRMC,080713.00,A,5431.98385,N,01837.88938,E,15.16,84.1,140625,,,A*6A
$GPVTG,84.1,T,,M,15.16,N,28.07,K,A*3E
$HEHDT,83.3,T*17
$VWVHW,83.3,T,,M,14.78,N,27.37,K*49
$GPGGA,080714.00,5431.98438,N,01837.89566,E,1,12,1.0,16.3,M,26.5,M,,*55
$GPRMC,080714.00,A,5431.98438,N,01837.89566,E,14.97,84.6,140625,,,A*65
$GPVTG,84.6,T,,M,14.97,N,27.72,K,A*3C
$HEHDT,83.1,T*15
$VWVHW,83.1,T,,M,14.86,N,27.51,K*4A
$GPGGA,080715.00,5431.98491,N,01837.90393,E,1,12,1.0,17.1,M,26.5,M,,*50
$GPRMC,080715.00,A,5431.98491,N,01837.90393,E,15.01,84.5,140625,,,A*6E
$GPVTG,84.5,T,,M,15.01,N,27.80,K,A*3C
$HEHDT,83.0,T*14
$VWVHW,83.0,T,,M,14.74,N,27.29,K*49
$GPGSV,2,1,08,03,63,042,50,08,40,097,46,11,23,152,41,14,49,207,48*74
$GPGSV,2,2,08,17,67,264,50,22,21,312,42,28,08,352,38,31,56,122,47*78
$GAGSV,2,1,05,04,49,072,46,09,36,182,46,12,67,237,48,24,11,287,37*62
$GAGSV,2,2,05,31,18,022,41*53
$GPZDA,080715.00,14,06,2025,00,00*6B
$GPGGA,080716.00,5431.98564,N,01837.91077,E,1,12,1.0,17.3,M,26.5,M,,*52
$GPRMC,080716.00,A,5431.98564,N,01837.91077,E,15.00,84.3,140625,,,A*69
$GPVTG,84.3,T,,M,15.00,N,27.78,K,A*3C
$HEHDT,83.1,T*15
$VWVHW,83.1,T,,M,14.73,N,27.27,K*41
$GPGGA,080717.00,5431.98577,N,01837.91791,E,1,12,1.0,16.6,M,26.5,M,,*5A
$GPRMC,080717.00,A,5431.98577,N,01837.91791,E,15.04,84.4,140625,,,A*66
$GPVTG,84.4,T,,M,15.04,N,27.85,K,A*3D
$HEHDT,83.3,T*17
$VWVHW,83.3,T,,M,14.65,N,27.13,K*43
$GPGGA,080718.00,5431.98670,N,01837.92447,E,1,12,1.0,16.9,M,26.5,M,,*55
$GPRMC,080718.00,A,5431.98670,N,01837.92447,E,15.16,84.1,140625,,,A*60
$GPVTG,84.1,T,,M,15.16,N,28.07,K,A*3E
$HEHDT,82.9,T*1C
$VWVHW,82.9,T,,M,14.69,N,27.21,K*45
$GPGGA,080719.00,5431.98702,N,01837.93235,E,1,12,1.0,17.8,M,26.5,M,,*52
$GPRMC,080719.00,A,5431.98702,N,01837.93235,E,15.06,84.2,140625,,,A*65
$GPVTG,84.2,T,,M,15.06,N,27.90,K,A*3D
$HEHDT,83.3,T*17
$VWVHW,83.3,T,,M,14.68,N,27.19,K*44
$GPGGA,080720.00,5431.98690,N,01837.93934,E,1,12,1.0,16.9,M,26.5,M,,*58
$GPRMC,080720.00,A,5431.98690,N,01837.93934,E,14.98,83.7,140625,,,A*6B
$GPVTG,83.7,T,,M,14.98,N,27.74,K,A*33
$HEHDT,83.6,T*12
$VWVHW,83.6,T,,M,14.56,N,26.96,K*4A
$GPGSV,2,1,08,03,63,042,49,08,40,097,45,11,23,152,41,14,49,207,49*7E
$GPGSV,2,2,08,17,67,264,50,22,21,312,41,28,08,352,38,31,56,122,46*7A
$GAGSV,2,1,05,04,49,072,47,09,36,182,45,12,67,237,48,24,11,287,38*6F
$GAGSV,2,2,05,31,18,022,41*53
$GPZDA,080720.00,14,06,2025,00,00*6D
$GPGGA,080721.00,5431.98759,N,01837.94594,E,1,12,1.0,16.9,M,26.5,M,,*5C
$GPRMC,080721.00,A,5431.98759,N,01837.94594,E,15.09,83.6,140625,,,A*67
$GPVTG,83.6,T,,M,15.09,N,27.95,K,A*34
$HEHDT,83.2,T*16
$VWVHW,83.2,T,,M,14.84,N,27.49,K*42
$GPGGA,080722.00,5431.98824,N,01837.95316,E,1,12,1.0,17.1,M,26.5,M,,*5E
$GPRMC,080722.00,A,5431.98824,N,01837.95316,E,14.91,83.9,140625,,,A*63
$GPVTG,83.9,T,,M,14.91,N,27.62,K,A*33
$HEHDT,83.2,T*16
$VWVHW,83.2,T,,M,14.57,N,26.99,K*40
$GPGGA,080723.00,5431.98841,N,01837.96021,E,1,12,1.0,16.9,M,26.5,M,,*51
$GPRMC,080723.00,A,5431.98841,N,01837.96021,E,14.88,83.8,140625,,,A*6C
$GPVTG,83.8,T,,M,14.88,N,27.56,K,A*3D
$HEHDT,83.1,T*15
$VWVHW,83.1,T,,M,14.52,N,26.89,K*47
$GPGGA,080724.00,5431.98890,N,01837.96763,E,1,12,1.0,17.9,M,26.5,M,,*5A
$GPRMC,080724.00,A,5431.98890,N,01837.96763,E,15.06,84.2,140625,,,A*6C
$GPVTG,84.2,T,,M,15.06,N,27.89,K,A*35
$HEHDT,83.4,T*10
$VWVHW,83.4,T,,M,14.71,N,27.23,K*42
$GPGGA,080725.00,5431.98975,N,01837.97508,E,1,12,1.1,17.4,M,26.5,M,,*53
$GPRMC,080725.00,A,5431.98975,N,01837.97508,E,15.03,84.1,140625,,,A*6F
$GPVTG,84.1,T,,M,15.03,N,27.84,K,A*3E
$HEHDT,83.6,T*12
$VWVHW,83.6,T,,M,14.80,N,27.40,K*4B
$GPGSV,2,1,08,03,63,042,49,08,40,097,45,11,23,152,41,14,49,207,49*7E
$GPGSV,2,2,08,17,67,264,49,22,21,312,42,28,08,352,39,31,56,122,47*71
$GAGSV,2,1,05,04,49,072,47,09,36,182,45,12,67,237,47,24,11,287,38*60
$GAGSV,2,2,05,31,18,022,41*53
$GPZDA,080725.00,14,06,2025,00,00*68
$GPGGA,080726.00,5431.99011,N,01837.98251,E,1,12,1.1,17.5,M,26.5,M,,*5F
$GPRMC,080726.00,A,5431.99011,N,01837.98251,E,15.17,84.4,140625,,,A*62
$GPVTG,84.4,T,,M,15.17,N,28.10,K,A*3C
$HEHDT,82.9,T*1C
$VWVHW,82.9,T,,M,14.63,N,27.09,K*45
$GPGGA,080727.00,5431.99059,N,01837.98852,E,1,12,1.1,16.6,M,26.5,M,,*59
$GPRMC,080727.00,A,5431.99059,N,01837.98852,E,15.11,84.8,140625,,,A*6C
$GPVTG,84.8,T,,M,15.11,N,27.98,K,A*39
$HEHDT,83.1,T*15
$VWVHW,83.1,T,,M,14.55,N,26.95,K*4D
$GPGGA,080728.00,5431.99042,N,01837.99588,E,1,12,1.1,17.7,M,26.5,M,,*57
$GPRMC,080728.00,A,5431.99042,N,01837.99588,E,15.15,83.8,140625,,,A*61
$GPVTG,83.8,T,,M,15.15,N,28.06,K,A*32
$HEHDT,83.3,T*17
$VWVHW,83.3,T,,M,14.57,N,26.99,K*41
$GPGGA,080729.00,5431.99117,N,01838.00283,E,1,12,1.1,17.5,M,26.5,M,,*56
$GPRMC,080729.00,A,5431.99117,N,01838.00283,E,15.00,84.0,140625,,,A*69
$GPVTG,84.0,T,,M,15.00,N,27.78,K,A*3F
$HEHDT,83.2,T*16
$VWVHW,83.2,T,,M,14.68,N,27.18,K*44
$GPGGA,080730.00,5431.99113,N,01838.00954,E,1,12,1.1,16.8,M,26.5,M,,*57
$GPRMC,080730.00,A,5431.99113,N,01838.00954,E,14.94,84.4,140625,,,A*6C
$GPVTG,84.4,T,,M,14.94,N,27.67,K,A*39
$HEHDT,83.3,T*17
$VWVHW,83.3,T,,M,14.73,N,27.28,K*4C
$GPGSV,2,1,08,03,63,042,48,08,40,097,45,11,23,152,41,14,49,207,49*7F
$GPGSV,2,2,08,17,67,264,50,22,21,312,42,28,08,352,37,31,56,122,47*77
$GAGSV,2,1,05,04,49,072,46,09,36,182,46,12,67,237,48,24,11,287,39*6C
$GAGSV,2,2,05,31,18,022,41*53
$GPZDA,080730.00,14,06,2025,00,00*6C
$GPGGA,080731.00,5431.99164,N,01838.01744,E,1,12,1.1,17.6,M,26.5,M,,*57
$GPRMC,080731.00,A,5431.99164,N,01838.01744,E,14.87,84.1,140625,,,A*64
$GPVTG,84.1,T,,M,14.87,N,27.55,K,A*3F
$HEHDT,83.4,T*10
$VWVHW,83.4,T,,M,14.79,N,27.39,K*41
$GPGGA,080732.00,5431.99192,N,01838.02346,E,1,12,1.1,17.0,M,26.5,M,,*5E
$GPRMC,080732.00,A,5431.99192,N,01838.02346,E,15.03,84.2,140625,,,A*65
$GPVTG,84.2,T,,M,15.03,N,27.83,K,A*3A
$HEHDT,83.1,T*15
$VWVHW,83.1,T,,M,14.49,N,26.84,K*40
$GPGGA,080733.00,5431.99220,N,01838.03119,E,1,12,1.1,17.4,M,26.5,M,,*58
$GPRMC,080733.00,A,5431.99220,N,01838.03119,E,15.05,84.1,140625,,,A*62
$GPVTG,84.1,T,,M,15.05,N,27.87,K,A*3B
$HEHDT,83.4,T*10
$VWVHW,83.4,T,,M,14.71,N,27.24,K*45
$GPGGA,080734.00,5431.99279,N,01838.03848,E,1,12,1.1,17.4,M,26.5,M,,*5E
$GPRMC,080734.00,A,5431.99279,N,01838.03848,E,14.93,84.2,140625,,,A*69
$GPVTG,84.2,T,,M,14.93,N,27.64,K,A*3B
$HEHDT,83.3,T*17
$VWVHW,83.3,T,,M,14.69,N,27.20,K*4F
$GPGGA,080735.00,5431.99341,N,01838.04533,E,1,12,1.1,17.5,M,26.5,M,,*52
$GPRMC,080735.00,A,5431.99341,N,01838.04533,E,14.97,84.2,140625,,,A*60
$GPVTG,84.2,T,,M,14.97,N,27.73,K,A*39
$HEHDT,83.4,T*10
$VWVHW,83.4,T,,M,14.69,N,27.21,K*49
$GPGSV,2,1,08,03,63,042,49,08,40,097,45,11,23,152,42,14,49,207,48*7C
$GPGSV,2,2,08,17,67,264,49,22,21,312,41,28,08,352,38,31,56,122,47*73
$GAGSV,2,1,05,04,49,072,46,09,36,182,46,12,67,237,47,24,11,287,39*63
$GAGSV,2,2,05,31,18,022,41*53
$GPZDA,080735.00,14,06,2025,00,00*69
$GPGGA,080736.00,5431.99397,N,01838.05235,E,1,12,1.1,17.7,M,26.5,M,,*58
$GPRMC,080736.00,A,5431.99397,N,01838.05235,E,15.04,83.9,140625,,,A*6F
$GPVTG,83.9,T,,M,15.04,N,27.86,K,A*34
$HEHDT,82.9,T*1C
$VWVHW,82.9,T,,M,14.58,N,27.00,K*44
$GPGGA,080737.00,5431.99424,N,01838.06000,E,1,12,1.1,18.1,M,26.5,M,,*58
$GPRMC,080737.00,A,5431.99424,N,01838.06000,E,14.99,83.8,140625,,,A*62
$GPVTG,83.8,T,,M,14.99,N,27.76,K,A*3F
$HEHDT,83.2,T*16
$VWVHW,83.2,T,,M,14.42,N,26.71,K*42
$GPGGA,080738.00,5431.99462,N,01838.06681,E,1,12,1.1,18.0,M,26.5,M,,*5B
$GPRMC,080738.00,A,5431.99462,N,01838.06681,E,14.89,84.1,140625,,,A*6F
$GPVTG,84.1,T,,M,14.89,N,27.58,K,A*3C
$HEHDT,83.2,T*16
$VWVHW,83.2,T,,M,14.75,N,27.32,K*40
$GPGGA,080739.00,5431.99486,N,01838.07468,E,1,12,1.1,17.9,M,26.5,M,,*52
$GPRMC,080739.00,A,5431.99486,N,01838.07468,E,15.01,84.4,140625,,,A*64
$GPVTG,84.4,T,,M,15.01,N,27.79,K,A*3B
$HEHDT,82.8,T*1D
$VWVHW,82.8,T,,M,14.58,N,26.99,K*44
$GPGGA,080740.00,5431.99519,N,01838.08103,E,1,12,1.1,18.2,M,26.5,M,,*58
$GPRMC,080740.00,A,5431.99519,N,01838.08103,E,14.96,84.1,140625,,,A*60
$GPVTG,84.1,T,,M,14.96,N,27.70,K,A*38
$HEHDT,82.8,T*1D
$VWVHW,82.8,T,,M,14.77,N,27.35,K*4E
$GPGSV,2,1,08,03,63,042,49,08,40,097,44,11,23,152,43,14,49,207,48*7C
$GPGSV,2,2,08,17,67,264,48,22,21,312,41,28,08,352,38,31,56,122,47*72
$GAGSV,2,1,05,04,49,072,47,09,36,182,46,12,67,237,48,24,11,287,38*6C
$GAGSV,2,2,05,31,18,022,41*53
$GPZDA,080740.00,14,06,2025,00,00*6B
$GPGGA,080741.00,5431.99612,N,01838.08852,E,1,12,1.1,18.1,M,26.5,M,,*5F
$GPRMC,080741.00,A,5431.99612,N,01838.08852,E,15.11,83.8,140625,,,A*64
$GPVTG,83.8,T,,M,15.11,N,27.99,K,A*3F
$HEHDT,83.1,T*15
$VWVHW,83.1,T,,M,14.52,N,26.90,K*4F
$GPGGA,080742.00,5431.99569,N,01838.09569,E,1,12,1.1,17.9,M,26.5,M,,*50
$GPRMC,080742.00,A,5431.99569,N,01838.09569,E,14.98,83.7,140625,,,A*63
$GPVTG,83.7,T,,M,14.98,N,27.75,K,A*32
$HEHDT,82.9,T*1C
$VWVHW,82.9,T,,M,14.53,N,26.92,K*45
$GPGGA,080743.00,5431.99610,N,01838.10202,E,1,12,1.1,17.5,M,26.5,M,,*52
$GPRMC,080743.00,A,5431.99610,N,01838.10202,E,14.89,83.9,140625,,,A*63
$GPVTG,83.9,T,,M,14.89,N,27.57,K,A*3C
$HEHDT,83.2,T*16
$VWVHW,83.2,T,,M,14.64,N,27.12,K*42
$GPGGA,080744.00,5431.99676,N,01838.10845,E,1,12,1.1,17.8,M,26.5,M,,*51
$GPRMC,080744.00,A,5431.99676,N,01838.10845,E,15.00,84.6,140625,,,A*65
$GPVTG,84.6,T,,M,15.00,N,27.78,K,A*39
$HEHDT,82.8,T*1D
$VWVHW,82.8,T,,M,14.67,N,27.17,K*4F
$GPGGA,080745.00,5431.99724,N,01838.11604,E,1,12,1.1,18.3,M,26.5,M,,*58
$GPRMC,080745.00,A,5431.99724,N,01838.11604,E,14.83,83.7,140625,,,A*64
$GPVTG,83.7,T,,M,14.83,N,27.47,K,A*39
$HEHDT,83.2,T*16
$VWVHW,83.2,T,,M,14.52,N,26.89,K*44
$GPGSV,2,1,08,03,63,042,49,08,40,097,44,11,23,152,43,14,49,207,49*7D
$GPGSV,2,2,08,17,67,264,49,22,21,312,43,28,08,352,38,31,56,122,46*70
$GAGSV,2,1,05,04,49,072,47,09,36,182,47,12,67,237,47,24,11,287,38*62
$GAGSV,2,2,05,31,18,022,42*50
$GPZDA,080745.00,14,06,2025,00,00*6E
$GPGGA,080746.00,5431.99718,N,01838.12325,E,1,12,1.1,17.4,M,26.5,M,,*59
$GPRMC,080746.00,A,5431.99718,N,01838.12325,E,14.88,84.3,140625,,,A*65
$GPVTG,84.3,T,,M,14.88,N,27.55,K,A*32
$HEHDT,83.1,T*15
$VWVHW,83.1,T,,M,14.69,N,27.20,K*4D
$GPGGA,080747.00,5431.99839,N,01838.13068,E,1,12,1.1,17.7,M,26.5,M,,*5C
$GPRMC,080747.00,A,5431.99839,N,01838.13068,E,14.85,83.9,140625,,,A*63
$GPVTG,83.9,T,,M,14.85,N,27.50,K,A*37
$HEHDT,83.9,T*1D
$VWVHW,83.9,T,,M,14.55,N,26.94,K*44
$GPGGA,080748.00,5431.99858,N,01838.13803,E,1,12,1.1,17.1,M,26.5,M,,*57
$GPRMC,080748.00,A,5431.99858,N,01838.13803,E,14.91,83.9,140625,,,A*6B
$GPVTG,83.9,T,,M,14.91,N,27.62,K,A*33
$HEHDT,82.9,T*1C
$VWVHW,82.9,T,,M,14.56,N,26.97,K*45
$GPGGA,080749.00,5431.99886,N,01838.14508,E,1,12,1.1,16.7,M,26.5,M,,*53
$GPRMC,080749.00,A,5431.99886,N,01838.14508,E,14.97,83.4,140625,,,A*63
$GPVTG,83.4,T,,M,14.97,N,27.72,K,A*39
$HEHDT,83.1,T*15
$VWVHW,83.1,T,,M,14.57,N,26.99,K*43
$GPGGA,080750.00,5431.99976,N,01838.15214,E,1,12,1.1,17.6,M,26.5,M,,*5E
$GPRMC,080750.00,A,5431.99976,N,01838.15214,E,14.81,84.0,140625,,,A*6A
$GPVTG,84.0,T,,M,14.81,N,27.42,K,A*3E
$HEHDT,83.4,T*10
$VWVHW,83.4,T,,M,14.60,N,27.03,K*40
$GPGSV,2,1,08,03,63,042,49,08,40,097,45,11,23,152,42,14,49,207,48*7C
$GPGSV,2,2,08,17,67,264,49,22,21,312,42,28,08,352,37,31,56,122,48*70
$GAGSV,2,1,05,04,49,072,47,09,36,182,47,12,67,237,47,24,11,287,38*62
$GAGSV,2,2,05,31,18,022,42*50
$GPZDA,080750.00,14,06,2025,00,00*6A
$GPGGA,080751.00,5432.00011,N,01838.15929,E,1,12,1.1,17.7,M,26.5,M,,*50
$GPRMC,080751.00,A,5432.00011,N,01838.15929,E,15.00,84.0,140625,,,A*6D
$GPVTG,84.0,T,,M,15.00,N,27.77,K,A*30
$HEHDT,82.8,T*1D
$VWVHW,82.8,T,,M,14.52,N,26.88,K*4E
$GPGGA,080752.00,5432.00036,N,01838.16671,E,1,12,1.1,17.8,M,26.5,M,,*58
$GPRMC,080752.00,A,5432.00036,N,01838.16671,E,14.93,83.9,140625,,,A*6F
$GPVTG,83.9,T,,M,14.93,N,27.65,K,A*36
$HEHDT,83.3,T*17
$VWVHW,83.3,T,,M,14.50,N,26.85,K*4B
$GPGGA,080753.00,5432.00093,N,01838.17369,E,1,12,1.1,17.1,M,26.5,M,,*52
$GPRMC,080753.00,A,5432.00093,N,01838.17369,E,14.79,84.0,140625,,,A*66
$GPVTG,84.0,T,,M,14.79,N,27.39,K,A*35
$HEHDT,83.0,T*14
$VWVHW,83.0,T,,M,14.57,N,26.98,K*43
$GPGGA,080754.00,5432.00134,N,01838.18105,E,1,12,1.1,18.0,M,26.5,M,,*50
$GPRMC,080754.00,A,5432.00134,N,01838.18105,E,14.92,83.9,140625,,,A*61
$GPVTG,83.9,T,,M,14.92,N,27.64,K,A*36
$HEHDT,83.4,T*10
$VWVHW,83.4,T,,M,14.51,N,26.88,K*40
$GPGGA,080755.00,5432.00173,N,01838.18767,E,1,12,1.1,17.9,M,26.5,M,,*56
$GPRMC,080755.00,A,5432.00173,N,01838.18767,E,14.96,84.3,140625,,,A*68
$GPVTG,84.3,T,,M,14.96,N,27.71,K,A*3B
$HEHDT,83.4,T*10
$VWVHW,83.4,T,,M,14.51,N,26.87,K*4F
$GPGSV,2,1,08,03,63,042,48,08,40,097,44,11,23,152,42,14,49,207,49*7D
$GPGSV,2,2,08,17,67,264,51,22,21,312,42,28,08,352,37,31,56,122,46*77
$GAGSV,2,1,05,04,49,072,46,09,36,182,47,12,67,237,47,24,11,287,39*62
$GAGSV,2,2,05,31,18,022,42*50
$GPZDA,080755.00,14,06,2025,00,00*6F
$GPGGA,080756.00,5432.00234,N,01838.19447,E,1,12,1.1,17.6,M,26.5,M,,*5A
$GPRMC,080756.00,A,5432.00234,N,01838.19447,E,14.89,84.5,140625,,,A*63
$GPVTG,84.5,T,,M,14.89,N,27.58,K,A*38
$HEHDT,83.0,T*14
$VWVHW,83.0,T,,M,14.44,N,26.74,K*43
$GPGGA,080757.00,5432.00239,N,01838.20177,E,1,12,1.1,17.4,M,26.5,M,,*58
$GPRMC,080757.00,A,5432.00239,N,01838.20177,E,14.91,84.3,140625,,,A*6C
$GPVTG,84.3,T,,M,14.91,N,27.62,K,A*3E
$HEHDT,83.2,T*16
$VWVHW,83.2,T,,M,14.38,N,26.64,K*4B
$GPGGA,080758.00,5432.00319,N,01838.20909,E,1,12,1.1,18.2,M,26.5,M,,*5C
$GPRMC,080758.00,A,5432.00319,N,01838.20909,E,14.94,84.4,140625,,,A*63
$GPVTG,84.4,T,,M,14.94,N,27.66,K,A*38
$HEHDT,83.1,T*15
$VWVHW,83.1,T,,M,14.49,N,26.83,K*47
$GPGGA,080759.00,5432.00392,N,01838.21606,E,1,12,1.1,18.1,M,26.5,M,,*5C
$GPRMC,080759.00,A,5432.00392,N,01838.21606,E,14.95,84.1,140625,,,A*64
$GPVTG,84.1,T,,M,14.95,N,27.68,K,A*32
$HEHDT,83.3,T*17
$VWVHW,83.3,T,,M,14.46,N,26.79,K*4F
$GPGGA,080800.00,5432.00398,N,01838.22260,E,1,12,1.1,17.8,M,26.5,M,,*54
$GPRMC,080800.00,A,5432.00398,N,01838.22260,E,14.80,84.1,140625,,,A*6E
$GPVTG,84.1,T,,M,14.80,N,27.42,K,A*3E
$HEHDT,83.4,T*10
$VWVHW,83.4,T,,M,14.55,N,26.95,K*48
$GPGSV,2,1,08,03,63,042,48,08,40,097,45,11,23,152,41,14,49,207,49*7F
$GPGSV,2,2,08,17,67,264,49,22,21,312,43,28,08,352,37,31,56,122,48*71
$GAGSV,2,1,05,04,49,072,46,09,36,182,47,12,67,237,48,24,11,287,39*6D
$GAGSV,2,2,05,31,18,022,41*53
$GPZDA,080800.00,14,06,2025,00,00*60
$GPGGA,080801.00,5432.00484,N,01838.22960,E,1,12,1.1,18.0,M,26.5,M,,*53
$GPRMC,080801.00,A,5432.00484,N,01838.22960,E,14.86,84.0,140625,,,A*69
$GPVTG,84.0,T,,M,14.86,N,27.52,K,A*38
$HEHDT,82.9,T*1C
$VWVHW,82.9,T,,M,14.50,N,26.85,K*40
$GPGGA,080802.00,5432.00498,N,01838.23688,E,1,12,1.1,17.4,M,26.5,M,,*5E
$GPRMC,080802.00,A,5432.00498,N,01838.23688,E,14.91,84.0,140625,,,A*69
$GPVTG,84.0,T,,M,14.91,N,27.60,K,A*3F
$HEHDT,83.5,T*11
$VWVHW,83.5,T,,M,14.43,N,26.72,K*47
$GPGGA,080803.00,5432.00518,N,01838.24417,E,1,12,1.1,17.9,M,26.5,M,,*58
$GPRMC,080803.00,A,5432.00518,N,01838.24417,E,14.86,84.4,140625,,,A*60
$GPVTG,84.4,T,,M,14.86,N,27.52,K,A*3C
$HEHDT,83.7,T*13
$VWVHW,83.7,T,,M,14.62,N,27.07,K*45
$GPGGA,080804.00,5432.00572,N,01838.25081,E,1,12,1.1,17.3,M,26.5,M,,*53
$GPRMC,080804.00,A,5432.00572,N,01838.25081,E,14.95,84.1,140625,,,A*66
$GPVTG,84.1,T,,M,14.95,N,27.68,K,A*32
$HEHDT,83.2,T*16
$VWVHW,83.2,T,,M,14.63,N,27.10,K*47
$GPGGA,080805.00,5432.00592,N,01838.25838,E,1,12,1.1,17.6,M,26.5,M,,*53
$GPRMC,080805.00,A,5432.00592,N,01838.25838,E,14.80,84.4,140625,,,A*62
$GPVTG,84.4,T,,M,14.80,N,27.41,K,A*38
$HEHDT,83.2,T*16
$VWVHW,83.2,T,,M,14.47,N,26.79,K*4F
$GPGSV,2,1,08,03,63,042,49,08,40,097,44,11,23,152,43,14,49,207,49*7D
$GPGSV,2,2,08,17,67,264,49,22,21,312,41,28,08,352,37,31,56,122,47*7C
$GAGSV,2,1,05,04,49,072,46,09,36,182,47,12,67,237,47,24,11,287,39*62
$GAGSV,2,2,05,31,18,022,42*50
$GPZDA,080805.00,14,06,2025,00,00*65
$GPGGA,080806.00,5432.00685,N,01838.26520,E,1,12,1.1,17.8,M,26.5,M,,*5C
$GPRMC,080806.00,A,5432.00685,N,01838.26520,E,14.89,84.6,140625,,,A*68
$GPVTG,84.6,T,,M,14.89,N,27.57,K,A*34
$HEHDT,83.2,T*16
$VWVHW,83.2,T,,M,14.53,N,26.91,K*4C
$GPGGA,080807.00,5432.00678,N,01838.27364,E,1,12,1.1,17.2,M,26.5,M,,*52
$GPRMC,080807.00,A,5432.00678,N,01838.27364,E,14.95,83.8,140625,,,A*68
$GPVTG,83.8,T,,M,14.95,N,27.68,K,A*3C
$HEHDT,83.1,T*15
$VWVHW,83.1,T,,M,14.55,N,26.94,K*4C
$GPGGA,080808.00,5432.00753,N,01838.27978,E,1,12,1.1,17.3,M,26.5,M,,*53
$GPRMC,080808.00,A,5432.00753,N,01838.27978,E,14.81,83.9,140625,,,A*6C
$GPVTG,83.9,T,,M,14.81,N,27.42,K,A*30
$HEHDT,83.3,T*17
$VWVHW,83.3,T,,M,14.37,N,26.61,K*40
$GPGGA,080809.00,5432.00780,N,01838.28609,E,1,12,1.1,17.7,M,26.5,M,,*5E
$GPRMC,080809.00,A,5432.00780,N,01838.28609,E,14.80,83.8,140625,,,A*65
$GPVTG,83.8,T,,M,14.80,N,27.40,K,A*32
$HEHDT,83.5,T*11
$VWVHW,83.5,T,,M,14.52,N,26.89,K*43
$GPGGA,080810.00,5432.00786,N,01838.29355,E,1,12,1.1,17.1,M,26.5,M,,*5B
$GPRMC,080810.00,A,5432.00786,N,01838.29355,E,14.80,84.2,140625,,,A*6B
$GPVTG,84.2,T,,M,14.80,N,27.40,K,A*3F
$HEHDT,83.2,T*16
$VWVHW,83.2,T,,M,14.57,N,26.98,K*41
$GPGSV,2,1,08,03,63,042,48,08,40,097,45,11,23,152,42,14,49,207,49*7C
$GPGSV,2,2,08,17,67,264,50,22,21,312,41,28,08,352,38,31,56,122,47*7B
$GAGSV,2,1,05,04,49,072,46,09,36,182,46,12,67,237,47,24,11,287,40*6D
$GAGSV,2,2,05,31,18,022,42*50
$GPZDA,080810.00,14,06,2025,00,00*61
$GPGGA,080811.00,5432.00884,N,01838.30048,E,1,12,1.1,18.0,M,26.5,M,,*5E
$GPRMC,080811.00,A,5432.00884,N,01838.30048,E,15.01,84.1,140625,,,A*6B
$GPVTG,84.1,T,,M,15.01,N,27.79,K,A*3E
$HEHDT,82.9,T*1C
$VWVHW,82.9,T,,M,14.45,N,26.76,K*48
$GPGGA,080812.00,5432.00857,N,01838.30735,E,1,12,1.1,17.1,M,26.5,M,,*50
$GPRMC,080812.00,A,5432.00857,N,01838.30735,E,14.75,84.0,140625,,,A*68
$GPVTG,84.0,T,,M,14.75,N,27.32,K,A*32
$HEHDT,83.6,T*12
$VWVHW,83.6,T,,M,14.54,N,26.92,K*4C
$GPGGA,080813.00,5432.00916,N,01838.31423,E,1,12,1.1,17.8,M,26.5,M,,*59
$GPRMC,080813.00,A,5432.00916,N,01838.31423,E,14.94,84.1,140625,,,A*66
$GPVTG,84.1,T,,M,14.94,N,27.66,K,A*3D
$HEHDT,83.1,T*15
$VWVHW,83.1,T,,M,14.42,N,26.71,K*41
$GPGGA,080814.00,5432.00983,N,01838.32201,E,1,12,1.1,17.8,M,26.5,M,,*57
$GPRMC,080814.00,A,5432.00983,N,01838.32201,E,14.78,84.1,140625,,,A*6A
$GPVTG,84.1,T,,M,14.78,N,27.37,K,A*3B
$HEHDT,83.0,T*14
$VWVHW,83.0,T,,M,14.67,N,27.17,K*46
$GPGGA,080815.00,5432.00963,N,01838.32930,E,1,12,1.1,17.7,M,26.5,M,,*5E
$GPRMC,080815.00,A,5432.00963,N,01838.32930,E,14.93,83.9,140625,,,A*66
$GPVTG,83.9,T,,M,14.93,N,27.65,K,A*36
$HEHDT,83.0,T*14
$VWVHW,83.0,T,,M,14.53,N,26.91,K*4E
$GPGSV,2,1,08,03,63,042,48,08,40,097,45,11,23,152,41,14,49,207,47*71
$GPGSV,2,2,08,17,67,264,48,22,21,312,41,28,08,352,38,31,56,122,47*72
$GAGSV,2,1,05,04,49,072,46,09,36,182,47,12,67,237,48,24,11,287,39*6D
$GAGSV,2,2,05,31,18,022,41*53
$GPZDA,080815.00,14,06,2025,00,00*64
$GPGGA,080816.00,5432.01065,N,01838.33625,E,1,12,1.1,17.2,M,26.5,M,,*5C
$GPRMC,080816.00,A,5432.01065,N,01838.33625,E,14.83,84.3,140625,,,A*6D
$GPVTG,84.3,T,,M,14.83,N,27.46,K,A*3B
$HEHDT,83.2,T*16
$VWVHW,83.2,T,,M,14.26,N,26.41,K*43
$GPGGA,080817.00,5432.01085,N,01838.34307,E,1,12,1.1,18.0,M,26.5,M,,*5C
$GPRMC,080817.00,A,5432.01085,N,01838.34307,E,14.97,84.5,140625,,,A*63
$GPVTG,84.5,T,,M,14.97,N,27.73,K,A*3E
$HEHDT,83.4,T*10
$VWVHW,83.4,T,,M,14.53,N,26.91,K*4A
$GPGGA,080818.00,5432.01116,N,01838.34966,E,1,12,1.1,18.3,M,26.5,M,,*56
$GPRMC,080818.00,A,5432.01116,N,01838.34966,E,14.83,83.9,140625,,,A*64
$GPVTG,83.9,T,,M,14.83,N,27.47,K,A*37
$HEHDT,83.1,T*15
$VWVHW,83.1,T,,M,14.41,N,26.68,K*4A
$GPGGA,080819.00,5432.01124,N,01838.35724,E,1,12,1.1,18.1,M,26.5,M,,*5D
$GPRMC,080819.00,A,5432.01124,N,01838.35724,E,14.76,83.9,140625,,,A*67
$GPVTG,83.9,T,,M,14.76,N,27.34,K,A*39
$HEHDT,83.3,T*17
$VWVHW,83.3,T,,M,14.35,N,26.59,K*49
$GPGGA,080820.00,5432.01238,N,01838.36433,E,1,12,1.1,18.2,M,26.5,M,,*5C
$GPRMC,080820.00,A,5432.01238,N,01838.36433,E,14.94,83.9,140625,,,A*69
$GPVTG,83.9,T,,M,14.94,N,27.66,K,A*32
$HEHDT,83.1,T*15
$VWVHW,83.1,T,,M,14.42,N,26.71,K*41
$GPGSV,2,1,08,03,63,042,49,08,40,097,45,11,23,152,42,14,49,207,49*7D
$GPGSV,2,2,08,17,67,264,50,22,21,312,41,28,08,352,37,31,56,122,47*74
$GAGSV,2,1,05,04,49,072,46,09,36,182,46,12,67,237,48,24,11,287,39*6C
$GAGSV,2,2,05,31,18,022,41*53
$GPZDA,080820.00,14,06,2025,00,00*62
$GPGGA,080821.00,5432.01281,N,01838.37058,E,1,12,1.1,18.2,M,26.5,M,,*57
$GPRMC,080821.00,A,5432.01281,N,01838.37058,E,14.91,84.2,140625,,,A*6B
$GPVTG,84.2,T,,M,14.91,N,27.61,K,A*3C
$HEHDT,82.8,T*1D
$VWVHW,82.8,T,,M,14.56,N,26.96,K*45
$GPGGA,080822.00,5432.01333,N,01838.37865,E,1,12,1.1,17.7,M,26.5,M,,*50
$GPRMC,080822.00,A,5432.01333,N,01838.37865,E,14.94,84.0,140625,,,A*61
$GPVTG,84.0,T,,M,14.94,N,27.68,K,A*32
$HEHDT,82.9,T*1C
$VWVHW,82.9,T,,M,14.42,N,26.70,K*49
$GPGGA,080823.00,5432.01327,N,01838.38446,E,1,12,1.1,17.6,M,26.5,M,,*57
$GPRMC,080823.00,A,5432.01327,N,01838.38446,E,14.88,84.1,140625,,,A*6B
$GPVTG,84.1,T,,M,14.88,N,27.57,K,A*32
$HEHDT,83.0,T*14
$VWVHW,83.0,T,,M,14.45,N,26.75,K*43
$GPGGA,080824.00,5432.01411,N,01838.39149,E,1,12,1.1,18.2,M,26.5,M,,*52
$GPRMC,080824.00,A,5432.01411,N,01838.39149,E,14.90,84.2,140625,,,A*6F
$GPVTG,84.2,T,,M,14.90,N,27.59,K,A*36
$HEHDT,83.2,T*16
$VWVHW,83.2,T,,M,14.38,N,26.64,K*4B
$GPGGA,080825.00,5432.01495,N,01838.39954,E,1,12,1.1,18.2,M,26.5,M,,*5B
$GPRMC,080825.00,A,5432.01495,N,01838.39954,E,14.86,84.2,140625,,,A*61
$GPVTG,84.2,T,,M,14.86,N,27.53,K,A*3B
$HEHDT,82.8,T*1D
$VWVHW,82.8,T,,M,14.65,N,27.14,K*4E
$GPGSV,2,1,08,03,63,042,48,08,40,097,44,11,23,152,42,14,49,207,48*7C
$GPGSV,2,2,08,17,67,264,49,22,21,312,41,28,08,352,36,31,56,122,49*73
$GAGSV,2,1,05,04,49,072,45,09,36,182,47,12,67,237,48,24,11,287,39*6E
$GAGSV,2,2,05,31,18,022,40*52
$GPZDA,080825.00,14,06,2025,00,00*67
$GPGGA,080826.00,5432.01535,N,01838.40653,E,1,12,1.1,18.7,M,26.5,M,,*50
$GPRMC,080826.00,A,5432.01535,N,01838.40653,E,14.78,84.1,140625,,,A*6D
$GPVTG,84.1,T,,M,14.78,N,27.38,K,A*34
$HEHDT,83.2,T*16
$VWVHW,83.2,T,,M,14.59,N,27.03,K*4C
$GPGGA,080827.00,5432.01515,N,01838.41312,E,1,12,1.1,18.3,M,26.5,M,,*56
$GPRMC,080827.00,A,5432.01515,N,01838.41312,E,14.96,83.5,140625,,,A*6C
$GPVTG,83.5,T,,M,14.96,N,27.70,K,A*3B
$HEHDT,82.6,T*13
$VWVHW,82.6,T,,M,14.58,N,27.00,K*4B
$GPGGA,080828.00,5432.01605,N,01838.41984,E,1,12,1.1,18.1,M,26.5,M,,*5C
$GPRMC,080828.00,A,5432.01605,N,01838.41984,E,14.77,84.1,140625,,,A*68
$GPVTG,84.1,T,,M,14.77,N,27.36,K,A*35
$HEHDT,82.9,T*1C
$VWVHW,82.9,T,,M,14.63,N,27.09,K*45
$GPGGA,080829.00,5432.01637,N,01838.42729,E,1,12,1.1,18.1,M,26.5,M,,*56
$GPRMC,080829.00,A,5432.01637,N,01838.42729,E,14.85,84.0,140625,,,A*6E
$GPVTG,84.0,T,,M,14.85,N,27.50,K,A*39
$HEHDT,83.2,T*16
$VWVHW,83.2,T,,M,14.49,N,26.84,K*43
$GPGGA,080830.00,5432.01669,N,01838.43457,E,1,12,1.1,17.6,M,26.5,M,,*56
$GPRMC,080830.00,A,5432.01669,N,01838.43457,E,14.90,83.8,140625,,,A*6D
$GPVTG,83.8,T,,M,14.90,N,27.59,K,A*3B
$HEHDT,82.9,T*1C
$VWVHW,82.9,T,,M,14.41,N,26.69,K*42
$GPGSV,2,1,08,03,63,042,48,08,40,097,47,11,23,152,41,14,49,207,48*7C
$GPGSV,2,2,08,17,67,264,50,22,21,312,39,28,08,352,37,31,56,122,47*7B
$GAGSV,2,1,05,04,49,072,46,09,36,182,45,12,67,237,47,24,11,287,39*60
$GAGSV,2,2,05,31,18,022,40*52
$GPZDA,080830.00,14,06,2025,00,00*63
$GPGGA,080831.00,5432.01745,N,01838.44150,E,1,12,1.1,17.5,M,26.5,M,,*5E
$GPRMC,080831.00,A,5432.01745,N,01838.44150,E,14.77,83.6,140625,,,A*61
$GPVTG,83.6,T,,M,14.77,N,27.36,K,A*35
$HEHDT,83.2,T*16
$VWVHW,83.2,T,,M,14.36,N,26.59,K*4B
$GPGGA,080832.00,5432.01769,N,01838.44795,E,1,12,1.1,17.8,M,26.5,M,,*51
$GPRMC,080832.00,A,5432.01769,N,01838.44795,E,14.92,83.8,140625,,,A*66
$GPVTG,83.8,T,,M,14.92,N,27.63,K,A*30
$HEHDT,83.2,T*16
$VWVHW,83.2,T,,M,14.42,N,26.70,K*43
$GPGGA,080833.00,5432.01792,N,01838.45591,E,1,12,1.1,18.0,M,26.5,M,,*54
$GPRMC,080833.00,A,5432.01792,N,01838.45591,E,14.77,84.3,140625,,,A*63
$GPVTG,84.3,T,,M,14.77,N,27.35,K,A*34
$HEHDT,82.8,T*1D
$VWVHW,82.8,T,,M,14.52,N,26.90,K*47
$GPGGA,080834.00,5432.01890,N,01838.46190,E,1,12,1.1,18.2,M,26.5,M,,*5A
$GPRMC,080834.00,A,5432.01890,N,01838.46190,E,14.61,84.7,140625,,,A*6C
$GPVTG,84.7,T,,M,14.61,N,27.06,K,A*37
$HEHDT,83.2,T*16
$VWVHW,83.2,T,,M,14.45,N,26.77,K*43
$GPGGA,080835.00,5432.01849,N,01838.46951,E,1,12,1.1,18.4,M,26.5,M,,*5C
$GPRMC,080835.00,A,5432.01849,N,01838.46951,E,14.87,84.1,140625,,,A*62
$GPVTG,84.1,T,,M,14.87,N,27.54,K,A*3E
$HEHDT,83.4,T*10
$VWVHW,83.4,T,,M,14.46,N,26.77,K*46
$GPGSV,2,1,08,03,63,042,48,08,40,097,46,11,23,152,41,14,49,207,48*7D
$GPGSV,2,2,08,17,67,264,50,22,21,312,41,28,08,352,37,31,56,122,47*74
$GAGSV,2,1,05,04,49,072,46,09,36,182,47,12,67,237,48,24,11,287,39*6D
$GAGSV,2,2,05,31,18,022,40*52
$GPZDA,080835.00,14,06,2025,00,00*66
$GPGGA,080836.00,5432.01942,N,01838.47635,E,1,12,1.1,18.8,M,26.5,M,,*55
$GPRMC,080836.00,A,5432.01942,N,01838.47635,E,14.74,84.0,140625,,,A*6A
$GPVTG,84.0,T,,M,14.74,N,27.30,K,A*31
$HEHDT,83.0,T*14
$VWVHW,83.0,T,,M,14.33,N,26.54,K*41
$GPGGA,080837.00,5432.01985,N,01838.48374,E,1,12,1.1,17.5,M,26.5,M,,*52
$GPRMC,080837.00,A,5432.01985,N,01838.48374,E,14.90,84.5,140625,,,A*60
$GPVTG,84.5,T,,M,14.90,N,27.59,K,A*31
$HEHDT,82.8,T*1D
$VWVHW,82.8,T,,M,14.44,N,26.74,K*4A
$GPGGA,080838.00,5432.01999,N,01838.49141,E,1,12,1.1,18.3,M,26.5,M,,*5C
$GPRMC,080838.00,A,5432.01999,N,01838.49141,E,14.80,84.1,140625,,,A*62
$GPVTG,84.1,T,,M,14.80,N,27.41,K,A*3D
$HEHDT,83.7,T*13
$VWVHW,83.7,T,,M,14.37,N,26.60,K*45
$GPGGA,080839.00,5432.02069,N,01838.49828,E,1,12,1.1,18.5,M,26.5,M,,*58
$GPRMC,080839.00,A,5432.02069,N,01838.49828,E,14.69,84.4,140625,,,A*62
$GPVTG,84.4,T,,M,14.69,N,27.20,K,A*38
$HEHDT,83.2,T*16
$VWVHW,83.2,T,,M,14.53,N,26.91,K*4C
$GPGGA,080840.00,5432.02089,N,01838.50552,E,1,12,1.1,18.4,M,26.5,M,,*51
$GPRMC,080840.00,A,5432.02089,N,01838.50552,E,14.80,84.0,140625,,,A*69
$GPVTG,84.0,T,,M,14.80,N,27.40,K,A*3D
$HEHDT,83.1,T*15
$VWVHW,83.1,T,,M,14.40,N,26.66,K*45
$GPGSV,2,1,08,03,63,042,48,08,40,097,47,11,23,152,41,14,49,207,47*73
$GPGSV,2,2,08,17,67,264,50,22,21,312,40,28,08,352,37,31,56,122,47*75
$GAGSV,2,1,05,04,49,072,46,09,36,182,47,12,67,237,47,24,11,287,39*62
$GAGSV,2,2,05,31,18,022,42*50
$GPZDA,080840.00,14,06,2025,00,00*64
$GPGGA,080841.00,5432.02141,N,01838.51226,E,1,12,1.1,18.5,M,26.5,M,,*51
$GPRMC,080841.00,A,5432.02141,N,01838.51226,E,14.82,84.2,140625,,,A*68
$GPVTG,84.2,T,,M,14.82,N,27.44,K,A*39
$HEHDT,83.2,T*16
$VWVHW,83.2,T,,M,14.47,N,26.79,K*4F
$GPGGA,080842.00,5432.02227,N,01838.51892,E,1,12,1.1,18.8,M,26.5,M,,*59
$GPRMC,080842.00,A,5432.02227,N,01838.51892,E,14.86,84.2,140625,,,A*69
$GPVTG,84.2,T,,M,14.86,N,27.52,K,A*3A
$HEHDT,83.1,T*15
$VWVHW,83.1,T,,M,14.44,N,26.74,K*42
$GPGGA,080843.00,5432.02260,N,01838.52589,E,1,12,1.1,18.1,M,26.5,M,,*56
$GPRMC,080843.00,A,5432.02260,N,01838.52589,E,14.93,84.0,140625,,,A*69
$GPVTG,84.0,T,,M,14.93,N,27.66,K,A*3B
$HEHDT,83.2,T*16
$VWVHW,83.2,T,,M,14.46,N,26.78,K*4F
$GPGGA,080844.00,5432.02291,N,01838.53275,E,1,12,1.1,18.0,M,26.5,M,,*5B
$GPRMC,080844.00,A,5432.02291,N,01838.53275,E,14.77,84.3,140625,,,A*6C
$GPVTG,84.3,T,,M,14.77,N,27.36,K,A*37
$HEHDT,83.2,T*16
$VWVHW,83.2,T,,M,14.23,N,26.36,K*46
$GPGGA,080845.00,5432.02286,N,01838.53989,E,1,12,1.1,18.5,M,26.5,M,,*51
$GPRMC,080845.00,A,5432.02286,N,01838.53989,E,14.87,84.3,140625,,,A*6C
$GPVTG,84.3,T,,M,14.87,N,27.54,K,A*3C
$HEHDT,83.1,T*15
$VWVHW,83.1,T,,M,14.42,N,26.70,K*40
$GPGSV,2,1,08,03,63,042,49,08,40,097,46,11,23,152,42,14,49,207,48*7F
$GPGSV,2,2,08,17,67,264,50,22,21,312,41,28,08,352,38,31,56,122,46*7A
$GAGSV,2,1,05,04,49,072,46,09,36,182,46,12,67,237,48,24,11,287,38*6D
$GAGSV,2,2,05,31,18,022,40*52
$GPZDA,080845.00,14,06,2025,00,00*61
$GPGGA,080846.00,5432.02385,N,01838.54692,E,1,12,1.1,18.1,M,26.5,M,,*56
$GPRMC,080846.00,A,5432.02385,N,01838.54692,E,14.83,84.3,140625,,,A*6B
$GPVTG,84.3,T,,M,14.83,N,27.46,K,A*3B
$HEHDT,83.3,T*17
$VWVHW,83.3,T,,M,14.42,N,26.70,K*42
$GPGGA,080847.00,5432.02414,N,01838.55384,E,1,12,1.1,18.3,M,26.5,M,,*59
$GPRMC,080847.00,A,5432.02414,N,01838.55384,E,14.90,84.0,140625,,,A*67
$GPVTG,84.0,T,,M,14.90,N,27.60,K,A*3E
$HEHDT,82.7,T*12
$VWVHW,82.7,T,,M,14.49,N,26.83,K*40
$GPGGA,080848.00,5432.02453,N,01838.56042,E,1,12,1.1,18.2,M,26.5,M,,*5E
$GPRMC,080848.00,A,5432.02453,N,01838.56042,E,14.83,84.3,140625,,,A*60
$GPVTG,84.3,T,,M,14.83,N,27.47,K,A*3A
$HEHDT,82.9,T*1C
$VWVHW,82.9,T,,M,14.41,N,26.69,K*42
$GPGGA,080849.00,5432.02511,N,01838.56779,E,1,12,1.1,17.7,M,26.5,M,,*5D
$GPRMC,080849.00,A,5432.02511,N,01838.56779,E,14.92,84.0,140625,,,A*6A
$GPVTG,84.0,T,,M,14.92,N,27.63,K,A*3F
$HEHDT,83.0,T*14
$VWVHW,83.0,T,,M,14.50,N,26.85,K*48
$GPGGA,080850.00,5432.02562,N,01838.57459,E,1,12,1.1,17.7,M,26.5,M,,*51
$GPRMC,080850.00,A,5432.02562,N,01838.57459,E,14.72,84.1,140625,,,A*69
$GPVTG,84.1,T,,M,14.72,N,27.26,K,A*31
$HEHDT,83.1,T*15
$VWVHW,83.1,T,,M,14.49,N,26.83,K*47
$GPGSV,2,1,08,03,63,042,47,08,40,097,47,11,23,152,41,14,49,207,48*73
$GPGSV,2,2,08,17,67,264,51,22,21,312,39,28,08,352,38,31,56,122,47*75
$GAGSV,2,1,05,04,49,072,46,09,36,182,47,12,67,237,47,24,11,287,38*63
$GAGSV,2,2,05,31,18,022,41*53
$GPZDA,080850.00,14,06,2025,00,00*65
$GPGGA,080851.00,5432.02596,N,01838.58223,E,1,12,1.1,17.6,M,26.5,M,,*5E
$GPRMC,080851.00,A,5432.02596,N,01838.58223,E,14.88,84.1,140625,,,A*62
$GPVTG,84.1,T,,M,14.88,N,27.56,K,A*33
$HEHDT,83.6,T*12
$VWVHW,83.6,T,,M,14.56,N,26.97,K*4B
$GPGGA,080852.00,5432.02641,N,01838.58831,E,1,12,1.1,18.1,M,26.5,M,,*55
$GPRMC,080852.00,A,5432.02641,N,01838.58831,E,14.95,84.4,140625,,,A*68
$GPVTG,84.4,T,,M,14.95,N,27.69,K,A*36
$HEHDT,83.1,T*15
$VWVHW,83.1,T,,M,14.45,N,26.75,K*42
$GPGGA,080853.00,5432.02698,N,01838.59481,E,1,12,1.1,17.9,M,26.5,M,,*51
$GPRMC,080853.00,A,5432.02698,N,01838.59481,E,14.98,84.3,140625,,,A*61
$GPVTG,84.3,T,,M,14.98,N,27.75,K,A*31
$HEHDT,83.2,T*16
$VWVHW,83.2,T,,M,14.52,N,26.90,K*4C
$GPGGA,080854.00,5432.02712,N,01838.60190,E,1,12,1.1,17.3,M,26.5,M,,*50
$GPRMC,080854.00,A,5432.02712,N,01838.60190,E,14.87,84.3,140625,,,A*64
$GPVTG,84.3,T,,M,14.87,N,27.55,K,A*3D
$HEHDT,82.7,T*12
$VWVHW,82.7,T,,M,14.50,N,26.85,K*4E
$GPGGA,080855.00,5432.02778,N,01838.60904,E,1,12,1.1,18.7,M,26.5,M,,*53
$GPRMC,080855.00,A,5432.02778,N,01838.60904,E,14.76,83.8,140625,,,A*6E
$GPVTG,83.8,T,,M,14.76,N,27.33,K,A*3F
$HEHDT,83.2,T*16
$VWVHW,83.2,T,,M,14.50,N,26.85,K*4A
$GPGSV,2,1,08,03,63,042,49,08,40,097,46,11,23,152,42,14,49,207,48*7F
$GPGSV,2,2,08,17,67,264,50,22,21,312,40,28,08,352,37,31,56,122,48*7A
$GAGSV,2,1,05,04,49,072,46,09,36,182,46,12,67,237,49,24,11,287,38*6C
$GAGSV,2,2,05,31,18,022,40*52
$GPZDA,080855.00,14,06,2025,00,00*60
$GPGGA,080856.00,5432.02847,N,01838.61601,E,1,12,1.1,18.6,M,26.5,M,,*59
$GPRMC,080856.00,A,5432.02847,N,01838.61601,E,14.74,83.8,140625,,,A*67
$GPVTG,83.8,T,,M,14.74,N,27.31,K,A*3F
$HEHDT,83.5,T*11
$VWVHW,83.5,T,,M,14.51,N,26.88,K*41
$GPGGA,080857.00,5432.02893,N,01838.62387,E,1,12,1.1,18.9,M,26.5,M,,*56
$GPRMC,080857.00,A,5432.02893,N,01838.62387,E,14.89,84.2,140625,,,A*68
$GPVTG,84.2,T,,M,14.89,N,27.58,K,A*3F
$HEHDT,83.1,T*15
$VWVHW,83.1,T,,M,14.49,N,26.84,K*40
$GPGGA,080858.00,5432.02913,N,01838.63082,E,1,12,1.1,18.9,M,26.5,M,,*57
$GPRMC,080858.00,A,5432.02913,N,01838.63082,E,14.88,84.0,140625,,,A*6A
$GPVTG,84.0,T,,M,14.88,N,27.56,K,A*32
$HEHDT,83.1,T*15
$VWVHW,83.1,T,,M,14.47,N,26.79,K*4C
$GPGGA,080859.00,5432.02920,N,01838.63776,E,1,12,1.1,18.7,M,26.5,M,,*54
$GPRMC,080859.00,A,5432.02920,N,01838.63776,E,14.77,83.9,140625,,,A*69
$GPVTG,83.9,T,,M,14.77,N,27.36,K,A*3A
$HEHDT,83.3,T*17
$VWVHW,83.3,T,,M,14.43,N,26.73,K*40
$GPGGA,080900.00,5432.03018,N,01838.64480,E,1,12,1.1,18.5,M,26.5,M,,*55
$GPRMC,080900.00,A,5432.03018,N,01838.64480,E,14.84,83.9,140625,,,A*66
$GPVTG,83.9,T,,M,14.84,N,27.49,K,A*3E
$HEHDT,83.1,T*15
$VWVHW,83.1,T,,M,14.47,N,26.79,K*4C
$GPGSV,2,1,08,03,63,042,48,08,40,097,46,11,23,152,43,14,49,207,49*7E
$GPGSV,2,2,08,17,67,264,49,22,21,312,41,28,08,352,38,31,56,122,48*7C
$GAGSV,2,1,05,04,49,072,47,09,36,182,46,12,67,237,48,24,11,287,38*6C
$GAGSV,2,2,05,31,18,022,39*5C
$GPZDA,080900.00,14,06,2025,00,00*61
$GPGGA,080901.00,5432.03026,N,01838.65146,E,1,12,1.1,18.8,M,26.5,M,,*5A
$GPRMC,080901.00,A,5432.03026,N,01838.65146,E,14.88,83.8,140625,,,A*69
$GPVTG,83.8,T,,M,14.88,N,27.56,K,A*3D
$HEHDT,83.1,T*15
$VWVHW,83.1,T,,M,14.61,N,27.05,K*42
$GPGGA,080902.00,5432.03068,N,01838.65823,E,1,12,1.1,19.2,M,26.5,M,,*52
$GPRMC,080902.00,A,5432.03068,N,01838.65823,E,14.85,84.0,140625,,,A*68
$GPVTG,84.0,T,,M,14.85,N,27.49,K,A*31
$HEHDT,83.0,T*14
$VWVHW,83.0,T,,M,14.54,N,26.92,K*4A
$GPGGA,080903.00,5432.03144,N,01838.66651,E,1,12,1.1,19.1,M,26.5,M,,*57
$GPRMC,080903.00,A,5432.03144,N,01838.66651,E,14.89,84.3,140625,,,A*61
$GPVTG,84.3,T,,M,14.89,N,27.57,K,A*31
$HEHDT,83.5,T*11
$VWVHW,83.5,T,,M,14.37,N,26.61,K*46
$GPGGA,080904.00,5432.03157,N,01838.67296,E,1,12,1.1,18.9,M,26.5,M,,*55
$GPRMC,080904.00,A,5432.03157,N,01838.67296,E,14.79,84.2,140625,,,A*64
$GPVTG,84.2,T,,M,14.79,N,27.38,K,A*36
$HEHDT,83.4,T*10
$VWVHW,83.4,T,,M,14.52,N,26.89,K*42
$GPGGA,080905.00,5432.03221,N,01838.68016,E,1,12,1.1,19.1,M,26.5,M,,*5A
$GPRMC,080905.00,A,5432.03221,N,01838.68016,E,14.90,83.6,140625,,,A*66
$GPVTG,83.6,T,,M,14.90,N,27.59,K,A*35
$HEHDT,83.3,T*17
$VWVHW,83.3,T,,M,14.58,N,27.00,K*4F
$GPGSV,2,1,08,03,63,042,49,08,40,097,47,11,23,152,42,14,49,207,48*7E
$GPGSV,2,2,08,17,67,264,51,22,21,312,40,28,08,352,37,31,57,122,48*7A
$GAGSV,2,1,05,04,49,072,47,09,36,182,45,12,67,237,49,24,11,287,38*6E
$GAGSV,2,2,05,31,18,022,41*53
$GPZDA,080905.00,14,06,2025,00,00*64
$GPGGA,080906.00,5432.03215,N,01838.68725,E,1,12,1.1,19.3,M,26.5,M,,*5B
$GPRMC,080906.00,A,5432.03215,N,01838.68725,E,14.76,84.0,140625,,,A*6C
$GPVTG,84.0,T,,M,14.76,N,27.34,K,A*37
$HEHDT,83.4,T*10
$VWVHW,83.4,T,,M,14.39,N,26.66,K*4E
$GPGGA,080907.00,5432.03291,N,01838.69452,E,1,12,1.1,19.3,M,26.5,M,,*54
$GPRMC,080907.00,A,5432.03291,N,01838.69452,E,14.96,84.4,140625,,,A*69
$GPVTG,84.4,T,,M,14.96,N,27.71,K,A*3C
$HEHDT,83.2,T*16
$VWVHW,83.2,T,,M,14.43,N,26.72,K*40
$GPGGA,080908.00,5432.03367,N,01838.70155,E,1,12,1.1,20.0,M,26.5,M,,*50
$GPRMC,080908.00,A,5432.03367,N,01838.70155,E,14.75,84.0,140625,,,A*6D
$GPVTG,84.0,T,,M,14.75,N,27.31,K,A*31
$HEHDT,83.2,T*16
$VWVHW,83.2,T,,M,14.44,N,26.74,K*41
$GPGGA,080909.00,5432.03368,N,01838.70813,E,1,12,1.1,19.5,M,26.5,M,,*5A
$GPRMC,080909.00,A,5432.03368,N,01838.70813,E,14.83,84.5,140625,,,A*64
$GPVTG,84.5,T,,M,14.83,N,27.46,K,A*3D
$HEHDT,83.4,T*10
$VWVHW,83.4,T,,M,14.39,N,26.66,K*4E
$GPGGA,080910.00,5432.03452,N,01838.71566,E,1,12,1.1,19.3,M,26.5,M,,*54
$GPRMC,080910.00,A,5432.03452,N,01838.71566,E,14.78,83.6,140625,,,A*6C
$GPVTG,83.6,T,,M,14.78,N,27.38,K,A*34
$HEHDT,83.1,T*15
$VWVHW,83.1,T,,M,14.58,N,26.99,K*4C
$GPGSV,2,1,08,03,63,042,47,08,40,097,46,11,23,152,41,14,49,207,49*73
$GPGSV,2,2,08,17,67,264,50,22,21,312,41,28,08,352,37,31,57,122,48*7A
$GAGSV,2,1,05,04,49,072,47,09,36,182,45,12,67,237,48,24,11,287,37*60
$GAGSV,2,2,05,31,18,022,39*5C
$GPZDA,080910.00,14,06,2025,00,00*60
$GPGGA,080911.00,5432.03464,N,01838.72303,E,1,12,1.1,18.8,M,26.5,M,,*5C
$GPRMC,080911.00,A,5432.03464,N,01838.72303,E,14.85,84.0,140625,,,A*6D
$GPVTG,84.0,T,,M,14.85,N,27.50,K,A*39
$HEHDT,83.4,T*10
$VWVHW,83.4,T,,M,14.53,N,26.92,K*49
$GPGGA,080912.00,5432.03500,N,01838.72909,E,1,12,1.1,19.7,M,26.5,M,,*52
$GPRMC,080912.00,A,5432.03500,N,01838.72909,E,14.91,84.1,140625,,,A*69
$GPVTG,84.1,T,,M,14.91,N,27.62,K,A*3C
$HEHDT,83.4,T*10
$VWVHW,83.4,T,,M,14.59,N,27.02,K*4B
$GPGGA,080913.00,5432.03562,N,01838.73644,E,1,12,1.1,18.9,M,26.5,M,,*5F
$GPRMC,080913.00,A,5432.03562,N,01838.73644,E,14.95,84.1,140625,,,A*6F
$GPVTG,84.1,T,,M,14.95,N,27.68,K,A*32
$HEHDT,83.0,T*14
$VWVHW,83.0,T,,M,14.43,N,26.72,K*42
$GPGGA,080914.00,5432.03606,N,01838.74299,E,1,12,1.1,19.2,M,26.5,M,,*50
$GPRMC,080914.00,A,5432.03606,N,01838.74299,E,14.82,83.9,140625,,,A*63
$GPVTG,83.9,T,,M,14.82,N,27.44,K,A*35
$HEHDT,83.5,T*11
$VWVHW,83.5,T,,M,14.58,N,27.00,K*49
$GPGGA,080915.00,5432.03650,N,01838.75071,E,1,12,1.1,19.1,M,26.5,M,,*54
$GPRMC,080915.00,A,5432.03650,N,01838.75071,E,14.85,84.0,140625,,,A*6D
$GPVTG,84.0,T,,M,14.85,N,27.51,K,A*38
$HEHDT,83.5,T*11
$VWVHW,83.5,T,,M,14.57,N,26.98,K*46
$GPGSV,2,1,08,03,63,042,48,08,40,097,48,11,23,152,42,14,49,207,48*70
$GPGSV,2,2,08,17,67,264,49,22,21,312,41,28,08,352,38,31,57,122,48*7D
$GAGSV,2,1,05,04,49,072,47,09,36,182,45,12,67,237,49,24,11,287,37*61
$GAGSV,2,2,05,31,18,022,41*53
$GPZDA,080915.00,14,06,2025,00,00*65
$GPGGA,080916.00,5432.03688,N,01838.75736,E,1,12,1.1,19.2,M,26.5,M,,*55
$GPRMC,080916.00,A,5432.03688,N,01838.75736,E,14.82,84.3,140625,,,A*6B
$GPVTG,84.3,T,,M,14.82,N,27.46,K,A*3A
$HEHDT,83.2,T*16
$VWVHW,83.2,T,,M,14.36,N,26.60,K*41
$GPGGA,080917.00,5432.03717,N,01838.76397,E,1,12,1.1,20.0,M,26.5,M,,*57
$GPRMC,080917.00,A,5432.03717,N,01838.76397,E,14.75,84.0,140625,,,A*6A
$GPVTG,84.0,T,,M,14.75,N,27.31,K,A*31
$HEHDT,83.2,T*16
$VWVHW,83.2,T,,M,14.59,N,27.02,K*4D
$GPGGA,080918.00,5432.03753,N,01838.77107,E,1,12,1.1,20.0,M,26.5,M,,*52
$GPRMC,080918.00,A,5432.03753,N,01838.77107,E,14.80,84.2,140625,,,A*67
$GPVTG,84.2,T,,M,14.80,N,27.40,K,A*3F
$HEHDT,82.9,T*1C
$VWVHW,82.9,T,,M,14.38,N,26.63,K*46
$GPGGA,080919.00,5432.03802,N,01838.77765,E,1,12,1.1,19.6,M,26.5,M,,*56
$GPRMC,080919.00,A,5432.03802,N,01838.77765,E,14.85,84.2,140625,,,A*6A
$GPVTG,84.2,T,,M,14.85,N,27.50,K,A*3B
$HEHDT,83.0,T*14
$VWVHW,83.0,T,,M,14.33,N,26.55,K*40
$GPGGA,080920.00,5432.03863,N,01838.78508,E,1,12,1.1,19.8,M,26.5,M,,*53
$GPRMC,080920.00,A,5432.03863,N,01838.78508,E,14.84,84.0,140625,,,A*62
$GPVTG,84.0,T,,M,14.84,N,27.49,K,A*30
$HEHDT,83.1,T*15
$VWVHW,83.1,T,,M,14.55,N,26.95,K*4D
$GPGSV,2,1,08,03,63,042,48,08,40,097,46,11,23,152,41,14,49,207,48*7D
$GPGSV,2,2,08,17,67,264,48,22,21,312,41,28,08,352,37,31,57,122,49*72
$GAGSV,2,1,05,04,50,072,47,09,36,182,44,12,67,237,48,24,11,287,36*68
$GAGSV,2,2,05,31,18,022,40*52
$GPZDA,080920.00,14,06,2025,00,00*63
$GPGGA,080921.00,5432.03872,N,01838.79174,E,1,12,1.1,19.9,M,26.5,M,,*5D
$GPRMC,080921.00,A,5432.03872,N,01838.79174,E,14.78,84.5,140625,,,A*6B
$GPVTG,84.5,T,,M,14.78,N,27.37,K,A*3F
$HEHDT,83.3,T*17
$VWVHW,83.3,T,,M,14.52,N,26.89,K*45
$GPGGA,080922.00,5432.03915,N,01838.79903,E,1,12,1.1,19.8,M,26.5,M,,*57
$GPRMC,080922.00,A,5432.03915,N,01838.79903,E,14.85,84.4,140625,,,A*63
$GPVTG,84.4,T,,M,14.85,N,27.49,K,A*35
$HEHDT,82.7,T*12
$VWVHW,82.7,T,,M,14.55,N,26.96,K*49
$GPGGA,080923.00,5432.03960,N,01838.80570,E,1,12,1.1,20.3,M,26.5,M,,*5B
$GPRMC,080923.00,A,5432.03960,N,01838.80570,E,14.80,84.0,140625,,,A*6F
$GPVTG,84.0,T,,M,14.80,N,27.42,K,A*3F
$HEHDT,83.4,T*10
$VWVHW,83.4,T,,M,14.56,N,26.97,K*49
$GPGGA,080924.00,5432.04057,N,01838.81288,E,1,12,1.1,20.0,M,26.5,M,,*54
$GPRMC,080924.00,A,5432.04057,N,01838.81288,E,14.85,84.4,140625,,,A*62
$GPVTG,84.4,T,,M,14.85,N,27.51,K,A*3C
$HEHDT,83.0,T*14
$VWVHW,83.0,T,,M,14.61,N,27.05,K*43
$GPGGA,080925.00,5432.04088,N,01838.82008,E,1,12,1.1,20.2,M,26.5,M,,*5C
$GPRMC,080925.00,A,5432.04088,N,01838.82008,E,14.77,83.9,140625,,,A*6F
$GPVTG,83.9,T,,M,14.77,N,27.36,K,A*3A
$HEHDT,82.8,T*1D
$VWVHW,82.8,T,,M,14.43,N,26.72,K*4B
$GPGSV,2,1,08,03,63,042,48,08,40,097,46,11,23,152,41,14,49,207,48*7D
$GPGSV,2,2,08,17,67,264,49,22,21,312,41,28,08,352,38,31,57,122,48*7D
$GAGSV,2,1,05,04,50,072,46,09,36,182,44,12,67,237,49,24,11,287,37*69
$GAGSV,2,2,05,31,18,022,40*52
$GPZDA,080925.00,14,06,2025,00,00*66
$GPGGA,080926.00,5432.04080,N,01838.82722,E,1,12,1.1,19.5,M,26.5,M,,*55
$GPRMC,080926.00,A,5432.04080,N,01838.82722,E,14.92,83.8,140625,,,A*61
$GPVTG,83.8,T,,M,14.92,N,27.63,K,A*30
$HEHDT,83.4,T*10
$VWVHW,83.4,T,,M,14.51,N,26.87,K*4F
$GPGGA,080927.00,5432.04105,N,01838.83338,E,1,12,1.1,19.2,M,26.5,M,,*51
$GPRMC,080927.00,A,5432.04105,N,01838.83338,E,14.86,84.2,140625,,,A*6A
$GPVTG,84.2,T,,M,14.86,N,27.52,K,A*3A
$HEHDT,82.9,T*1C
$VWVHW,82.9,T,,M,14.54,N,26.92,K*42
$GPGGA,080928.00,5432.04173,N,01838.84118,E,1,12,1.1,19.3,M,26.5,M,,*59
$GPRMC,080928.00,A,5432.04173,N,01838.84118,E,14.77,83.9,140625,,,A*61
$GPVTG,83.9,T,,M,14.77,N,27.36,K,A*3A
$HEHDT,83.2,T*16
$VWVHW,83.2,T,,M,14.50,N,26.85,K*4A
$GPGGA,080929.00,5432.04233,N,01838.84818,E,1,12,1.1,19.5,M,26.5,M,,*50
$GPRMC,080929.00,A,5432.04233,N,01838.84818,E,14.83,84.6,140625,,,A*6D
$GPVTG,84.6,T,,M,14.83,N,27.47,K,A*3F
$HEHDT,83.0,T*14
$VWVHW,83.0,T,,M,14.54,N,26.93,K*4B
$GPGGA,080930.00,5432.04257,N,01838.85539,E,1,12,1.1,19.3,M,26.5,M,,*53
$GPRMC,080930.00,A,5432.04257,N,01838.85539,E,14.92,83.9,140625,,,A*60
$GPVTG,83.9,T,,M,14.92,N,27.63,K,A*31
$HEHDT,83.3,T*17
$VWVHW,83.3,T,,M,14.64,N,27.12,K*43
$GPGSV,2,1,08,03,63,042,48,08,40,097,45,11,23,152,42,14,49,207,49*7C
$GPGSV,2,2,08,17,67,264,48,22,21,312,41,28,08,352,37,31,57,122,48*73
$GAGSV,2,1,05,04,50,072,47,09,36,182,44,12,67,237,49,24,11,287,38*67
$GAGSV,2,2,05,31,18,022,40*52
$GPZDA,080930.00,14,06,2025,00,00*62
$GPGGA,080931.00,5432.04295,N,01838.86145,E,1,12,1.1,18.7,M,26.5,M,,*55
$GPRMC,080931.00,A,5432.04295,N,01838.86145,E,14.90,83.6,140625,,,A*6E
$GPVTG,83.6,T,,M,14.90,N,27.59,K,A*35
$HEHDT,83.3,T*17
$VWVHW,83.3,T,,M,14.59,N,27.01,K*4F
$GPGGA,080932.00,5432.04365,N,01838.86890,E,1,12,1.1,19.2,M,26.5,M,,*5D
$GPRMC,080932.00,A,5432.04365,N,01838.86890,E,14.93,84.2,140625,,,A*62
$GPVTG,84.2,T,,M,14.93,N,27.66,K,A*39
$HEHDT,83.6,T*12
$VWVHW,83.6,T,,M,14.50,N,26.85,K*4E
$GPGGA,080933.00,5432.04419,N,01838.87551,E,1,12,1.1,19.1,M,26.5,M,,*52
$GPRMC,080933.00,A,5432.04419,N,01838.87551,E,14.82,84.4,140625,,,A*68
$GPVTG,84.4,T,,M,14.82,N,27.45,K,A*3E
$HEHDT,83.1,T*15
$VWVHW,83.1,T,,M,14.51,N,26.87,K*4A
$GPGGA,080934.00,5432.04436,N,01838.88259,E,1,12,1.1,19.3,M,26.5,M,,*5A
$GPRMC,080934.00,A,5432.04436,N,01838.88259,E,14.92,84.4,140625,,,A*63
$GPVTG,84.4,T,,M,14.92,N,27.62,K,A*3A
$HEHDT,83.6,T*12
$VWVHW,83.6,T,,M,14.63,N,27.10,K*43
$GPGGA,080935.00,5432.04481,N,01838.88990,E,1,12,1.1,19.1,M,26.5,M,,*5B
$GPRMC,080935.00,A,5432.04481,N,01838.88990,E,14.92,84.3,140625,,,A*67
$GPVTG,84.3,T,,M,14.92,N,27.63,K,A*3C
$HEHDT,83.6,T*12
$VWVHW,83.6,T,,M,14.64,N,27.11,K*45
$GPGSV,2,1,08,03,63,042,48,08,40,097,46,11,23,152,41,14,49,207,48*7D
$GPGSV,2,2,08,17,67,264,49,22,21,312,41,28,08,352,38,31,57,122,48*7D
$GAGSV,2,1,05,04,50,072,47,09,36,182,44,12,67,237,49,24,11,287,37*68
$GAGSV,2,2,05,31,18,022,40*52
$GPZDA,080935.00,14,06,2025,00,00*67
$GPGGA,080936.00,5432.04557,N,01838.89757,E,1,12,1.1,20.1,M,26.5,M,,*5C
$GPRMC,080936.00,A,5432.04557,N,01838.89757,E,14.89,84.1,140625,,,A*62
$GPVTG,84.1,T,,M,14.89,N,27.57,K,A*33
$HEHDT,83.0,T*14
$VWVHW,83.0,T,,M,14.60,N,27.03,K*44
$GPGGA,080937.00,5432.04578,N,01838.90411,E,1,12,1.1,19.1,M,26.5,M,,*53
$GPRMC,080937.00,A,5432.04578,N,01838.90411,E,14.98,83.5,140625,,,A*64
$GPVTG,83.5,T,,M,14.98,N,27.74,K,A*31
$HEHDT,83.6,T*12
$VWVHW,83.6,T,,M,14.49,N,26.83,K*40
$GPGGA,080938.00,5432.04615,N,01838.91086,E,1,12,1.1,19.9,M,26.5,M,,*57
$GPRMC,080938.00,A,5432.04615,N,01838.91086,E,14.81,84.2,140625,,,A*60
$GPVTG,84.2,T,,M,14.81,N,27.42,K,A*3C
$HEHDT,83.1,T*15
$VWVHW,83.1,T,,M,14.52,N,26.90,K*4F
$GPGGA,080939.00,5432.04664,N,01838.91900,E,1,12,1.1,20.1,M,26.5,M,,*55
$GPRMC,080939.00,A,5432.04664,N,01838.91900,E,14.92,83.7,140625,,,A*60
$GPVTG,83.7,T,,M,14.92,N,27.63,K,A*3F
$HEHDT,83.5,T*11
$VWVHW,83.5,T,,M,14.51,N,26.88,K*41
$GPGGA,080940.00,5432.04791,N,01838.92533,E,1,12,1.1,20.3,M,26.5,M,,*5D
$GPRMC,080940.00,A,5432.04791,N,01838.92533,E,14.77,84.6,140625,,,A*67
$GPVTG,84.6,T,,M,14.77,N,27.35,K,A*31
$HEHDT,83.4,T*10
$VWVHW,83.4,T,,M,14.56,N,26.97,K*49
$GPGSV,2,1,08,03,64,042,48,08,40,097,44,11,23,152,41,14,49,207,49*79
$GPGSV,2,2,08,17,67,264,50,22,21,312,41,28,08,352,39,31,57,122,48*74
$GAGSV,2,1,05,04,50,072,45,09,36,182,44,12,67,237,49,24,11,287,38*65
$GAGSV,2,2,05,31,18,022,42*50
$GPZDA,080940.00,14,06,2025,00,00*65
$GPGGA,080941.00,5432.04735,N,01838.93247,E,1,12,1.1,20.1,M,26.5,M,,*55
$GPRMC,080941.00,A,5432.04735,N,01838.93247,E,14.84,84.5,140625,,,A*62
$GPVTG,84.5,T,,M,14.84,N,27.48,K,A*34
$HEHDT,83.2,T*16
$VWVHW,83.2,T,,M,14.61,N,27.06,K*42
$GPGGA,080942.00,5432.04734,N,01838.94034,E,1,12,1.1,19.7,M,26.5,M,,*5A
$GPRMC,080942.00,A,5432.04734,N,01838.94034,E,14.91,84.4,140625,,,A*64
$GPVTG,84.4,T,,M,14.91,N,27.61,K,A*3A
$HEHDT,83.1,T*15
$VWVHW,83.1,T,,M,14.41,N,26.69,K*4B
$GPGGA,080943.00,5432.04758,N,01838.94731,E,1,12,1.1,19.4,M,26.5,M,,*50
$GPRMC,080943.00,A,5432.04758,N,01838.94731,E,14.90,84.6,140625,,,A*6E
$GPVTG,84.6,T,,M,14.90,N,27.59,K,A*32
$HEHDT,82.9,T*1C
$VWVHW,82.9,T,,M,14.50,N,26.85,K*40
$GPGGA,080944.00,5432.04856,N,01838.95477,E,1,12,1.1,20.0,M,26.5,M,,*58
$GPRMC,080944.00,A,5432.04856,N,01838.95477,E,14.87,84.3,140625,,,A*6B
$GPVTG,84.3,T,,M,14.87,N,27.54,K,A*3C
$HEHDT,82.5,T*10
$VWVHW,82.5,T,,M,14.58,N,27.01,K*49
$GPGGA,080945.00,5432.04891,N,01838.96196,E,1,12,1.1,19.1,M,26.5,M,,*50
$GPRMC,080945.00,A,5432.04891,N,01838.96196,E,14.83,83.8,140625,,,A*60
$GPVTG,83.8,T,,M,14.83,N,27.46,K,A*37
$HEHDT,83.3,T*17
$VWVHW,83.3,T,,M,14.46,N,26.78,K*4E
$GPGSV,2,1,08,03,64,042,47,08,40,097,43,11,23,152,41,14,49,207,49*71
$GPGSV,2,2,08,17,67,264,49,22,21,312,41,28,08,352,38,31,57,122,49*7C
$GAGSV,2,1,05,04,50,072,47,09,36,182,44,12,67,237,49,24,11,287,38*67
$GAGSV,2,2,05,31,18,022,41*53
$GPZDA,080945.00,14,06,2025,00,00*60
$GPGGA,080946.00,5432.04939,N,01838.96884,E,1,12,1.1,19.3,M,26.5,M,,*58
$GPRMC,080946.00,A,5432.04939,N,01838.96884,E,15.02,83.4,140625,,,A*6E
$GPVTG,83.4,T,,M,15.02,N,27.83,K,A*3A
$HEHDT,83.8,T*1C
$VWVHW,83.8,T,,M,14.55,N,26.94,K*45
$GPGGA,080947.00,5432.04985,N,01838.97582,E,1,12,1.1,20.0,M,26.5,M,,*5D
$GPRMC,080947.00,A,5432.04985,N,01838.97582,E,14.96,84.0,140625,,,A*6D
$GPVTG,84.0,T,,M,14.96,N,27.70,K,A*39
$HEHDT,83.0,T*14
$VWVHW,83.0,T,,M,14.57,N,26.99,K*42
$GPGGA,080948.00,5432.05020,N,01838.98314,E,1,12,1.1,20.0,M,26.5,M,,*53
$GPRMC,080948.00,A,5432.05020,N,01838.98314,E,14.87,84.4,140625,,,A*67
$GPVTG,84.4,T,,M,14.87,N,27.54,K,A*3B
$HEHDT,83.3,T*17
$VWVHW,83.3,T,,M,14.63,N,27.09,K*4E
$GPGGA,080949.00,5432.05059,N,01838.99074,E,1,12,1.1,19.2,M,26.5,M,,*50
$GPRMC,080949.00,A,5432.05059,N,01838.99074,E,15.00,83.9,140625,,,A*68
$GPVTG,83.9,T,,M,15.00,N,27.79,K,A*30
$HEHDT,83.1,T*15
$VWVHW,83.1,T,,M,14.43,N,26.73,K*42
$GPGGA,080950.00,5432.05140,N,01838.99765,E,1,12,1.1,19.6,M,26.5,M,,*52
$GPRMC,080950.00,A,5432.05140,N,01838.99765,E,15.01,83.6,140625,,,A*60
$GPVTG,83.6,T,,M,15.01,N,27.80,K,A*38
$HEHDT,83.4,T*10
$VWVHW,83.4,T,,M,14.73,N,27.28,K*4B
$GPGSV,2,1,08,03,64,042,47,08,40,097,44,11,23,152,41,14,49,207,49*76
$GPGSV,2,2,08,17,67,264,50,22,21,312,42,28,08,352,39,31,57,122,47*78
$GAGSV,2,1,05,04,50,072,47,09,36,182,44,12,67,237,49,24,11,287,39*66
$GAGSV,2,2,05,31,18,022,40*52
$GPZDA,080950.00,14,06,2025,00,00*64
$GPGGA,080951.00,5432.05145,N,01839.00373,E,1,12,1.1,19.7,M,26.5,M,,*55
$GPRMC,080951.00,A,5432.05145,N,01839.00373,E,15.04,84.2,140625,,,A*60
$GPVTG,84.2,T,,M,15.04,N,27.85,K,A*3B
$HEHDT,83.7,T*13
$VWVHW,83.7,T,,M,14.73,N,27.29,K*49
$GPGGA,080952.00,5432.05206,N,01839.01079,E,1,12,1.1,20.0,M,26.5,M,,*57
$GPRMC,080952.00,A,5432.05206,N,01839.01079,E,14.94,83.9,140625,,,A*6B
$GPVTG,83.9,T,,M,14.94,N,27.66,K,A*32
$HEHDT,83.4,T*10
$VWVHW,83.4,T,,M,14.66,N,27.15,K*41
$GPGGA,080953.00,5432.05264,N,01839.01777,E,1,12,1.1,19.9,M,26.5,M,,*58
$GPRMC,080953.00,A,5432.05264,N,01839.01777,E,15.01,84.2,140625,,,A*66
$GPVTG,84.2,T,,M,15.01,N,27.79,K,A*3D
$HEHDT,83.2,T*16
$VWVHW,83.2,T,,M,14.50,N,26.86,K*49
$GPGGA,080954.00,5432.05297,N,01839.02479,E,1,12,1.1,19.3,M,26.5,M,,*57
$GPRMC,080954.00,A,5432.05297,N,01839.02479,E,15.09,84.2,140625,,,A*6B
$GPVTG,84.2,T,,M,15.09,N,27.94,K,A*36
$HEHDT,83.2,T*16
$VWVHW,83.2,T,,M,14.58,N,27.00,K*4E
$GPGGA,080955.00,5432.05312,N,01839.03168,E,1,12,1.1,19.8,M,26.5,M,,*55
$GPRMC,080955.00,A,5432.05312,N,01839.03168,E,15.05,84.1,140625,,,A*6D
$GPVTG,84.1,T,,M,15.05,N,27.87,K,A*3B
$HEHDT,83.3,T*17
$VWVHW,83.3,T,,M,14.63,N,27.09,K*4E
$GPGSV,2,1,08,03,64,042,48,08,40,097,46,11,23,152,41,14,49,207,48*7A
$GPGSV,2,2,08,17,67,264,48,22,21,312,41,28,08,352,37,31,57,122,48*73
$GAGSV,2,1,05,04,50,072,47,09,36,182,44,12,67,237,50,24,11,287,39*6E
$GAGSV,2,2,05,31,18,022,41*53
$GPZDA,080955.00,14,06,2025,00,00*61
$GPGGA,080956.00,5432.05412,N,01839.03889,E,1,12,1.1,19.3,M,26.5,M,,*5C
$GPRMC,080956.00,A,5432.05412,N,01839.03889,E,14.95,84.0,140625,,,A*66
$GPVTG,84.0,T,,M,14.95,N,27.68,K,A*33
$HEHDT,83.0,T*14
$VWVHW,83.0,T,,M,14.70,N,27.23,K*47
$GPGGA,080957.00,5432.05466,N,01839.04669,E,1,12,1.1,18.8,M,26.5,M,,*53
$GPRMC,080957.00,A,5432.05466,N,01839.04669,E,15.00,84.2,140625,,,A*6C
$GPVTG,84.2,T,,M,15.00,N,27.78,K,A*3D
$HEHDT,83.6,T*12
$VWVHW,83.6,T,,M,14.65,N,27.13,K*46
$GPGGA,080958.00,5432.05503,N,01839.05389,E,1,12,1.1,19.1,M,26.5,M,,*5C
$GPRMC,080958.00,A,5432.05503,N,01839.05389,E,15.01,83.8,140625,,,A*67
$GPVTG,83.8,T,,M,15.01,N,27.79,K,A*30
$HEHDT,83.3,T*17
$VWVHW,83.3,T,,M,14.85,N,27.51,K*4B
$GPGGA,080959.00,5432.05588,N,01839.06081,E,1,12,1.1,19.8,M,26.5,M,,*5F
$GPRMC,080959.00,A,5432.05588,N,01839.06081,E,14.96,84.2,140625,,,A*6F
$GPVTG,84.2,T,,M,14.96,N,27.70,K,A*3B
$HEHDT,82.9,T*1C
$VWVHW,82.9,T,,M,14.56,N,26.97,K*45
$GPGGA,081000.00,5432.05608,N,01839.06786,E,1,12,1.1,19.6,M,26.5,M,,*5E
$GPRMC,081000.00,A,5432.05608,N,01839.06786,E,14.92,84.1,140625,,,A*67
$GPVTG,84.1,T,,M,14.92,N,27.63,K,A*3E
$HEHDT,82.9,T*1C
$VWVHW,82.9,T,,M,14.53,N,26.90,K*47
$GPGSV,2,1,08,03,64,042,48,08,41,097,45,11,23,152,41,14,49,207,49*79
$GPGSV,2,2,08,17,67,264,49,22,21,312,41,28,09,352,37,31,57,122,47*7C
$GAGSV,2,1,05,04,50,072,46,09,36,182,45,12,67,237,51,24,11,287,38*6E
$GAGSV,2,2,05,31,18,022,41*53
$GPZDA,081000.00,14,06,2025,00,00*69
$GPGGA,081001.00,5432.05589,N,01839.07482,E,1,12,1.1,18.8,M,26.5,M,,*5C
$GPRMC,081001.00,A,5432.05589,N,01839.07482,E,15.20,83.9,140625,,,A*6D
$GPVTG,83.9,T,,M,15.20,N,28.15,K,A*37
$HEHDT,83.4,T*10
$VWVHW,83.4,T,,M,14.76,N,27.33,K*44
$GPGGA,081002.00,5432.05705,N,01839.08274,E,1,12,1.1,19.7,M,26.5,M,,*57
$GPRMC,081002.00,A,5432.05705,N,01839.08274,E,15.10,84.3,140625,,,A*66
$GPVTG,84.3,T,,M,15.10,N,27.97,K,A*3C
$HEHDT,83.1,T*15
$VWVHW,83.1,T,,M,14.52,N,26.89,K*47
$GPGGA,081003.00,5432.05715,N,01839.08936,E,1,12,1.1,18.6,M,26.5,M,,*5A
$GPRMC,081003.00,A,5432.05715,N,01839.08936,E,14.95,84.0,140625,,,A*64
$GPVTG,84.0,T,,M,14.95,N,27.69,K,A*32
$HEHDT,83.5,T*11
$VWVHW,83.5,T,,M,14.58,N,27.00,K*49
$GPGGA,081004.00,5432.05752,N,01839.09702,E,1,12,1.1,19.1,M,26.5,M,,*50
$GPRMC,081004.00,A,5432.05752,N,01839.09702,E,15.04,83.7,140625,,,A*61
$GPVTG,83.7,T,,M,15.04,N,27.86,K,A*3A
$HEHDT,82.8,T*1D
$VWVHW,82.8,T,,M,14.71,N,27.24,K*48
$GPGGA,081005.00,5432.05765,N,01839.10395,E,1,12,1.1,19.1,M,26.5,M,,*57
$GPRMC,081005.00,A,5432.05765,N,01839.10395,E,15.09,84.5,140625,,,A*6E
$GPVTG,84.5,T,,M,15.09,N,27.94,K,A*31
$HEHDT,83.3,T*17
$VWVHW,83.3,T,,M,14.60,N,27.04,K*40
$GPGSV,2,1,08,03,64,042,49,08,41,097,44,11,23,152,42,14,49,207,49*7A
$GPGSV,2,2,08,17,67,264,49,22,21,312,39,28,09,352,38,31,57,122,47*7C
$GAGSV,2,1,05,04,50,072,46,09,36,182,45,12,67,237,49,24,11,287,38*67
$GAGSV,2,2,05,31,18,022,40*52
$GPZDA,081005.00,14,06,2025,00,00*6C
$GPGGA,081006.00,5432.05782,N,01839.11084,E,1,12,1.0,19.5,M,26.5,M,,*5A
$GPRMC,081006.00,A,5432.05782,N,01839.11084,E,15.08,84.5,140625,,,A*67
$GPVTG,84.5,T,,M,15.08,N,27.94,K,A*30
$HEHDT,83.2,T*16
$VWVHW,83.2,T,,M,14.70,N,27.22,K*44
$GPGGA,081007.00,5432.05847,N,01839.11741,E,1,12,1.0,19.7,M,26.5,M,,*51
$GPRMC,081007.00,A,5432.05847,N,01839.11741,E,15.15,84.1,140625,,,A*66
$GPVTG,84.1,T,,M,15.15,N,28.06,K,A*3C
$HEHDT,82.8,T*1D
$VWVHW,82.8,T,,M,14.68,N,27.19,K*4E
$GPGGA,081008.00,5432.05909,N,01839.12475,E,1,12,1.0,19.8,M,26.5,M,,*5D
$GPRMC,081008.00,A,5432.05909,N,01839.12475,E,15.05,84.7,140625,,,A*62
$GPVTG,84.7,T,,M,15.05,N,27.88,K,A*32
$HEHDT,83.0,T*14
$VWVHW,83.0,T,,M,14.66,N,27.15,K*45
$GPGGA,081009.00,5432.05915,N,01839.13276,E,1,12,1.0,19.5,M,26.5,M,,*58
$GPRMC,081009.00,A,5432.05915,N,01839.13276,E,14.92,84.0,140625,,,A*62
$GPVTG,84.0,T,,M,14.92,N,27.63,K,A*3F
$HEHDT,83.0,T*14
$VWVHW,83.0,T,,M,14.73,N,27.27,K*40
$GPGGA,081010.00,5432.06013,N,01839.13921,E,1,12,1.0,19.9,M,26.5,M,,*59
$GPRMC,081010.00,A,5432.06013,N,01839.13921,E,14.96,84.2,140625,,,A*69
$GPVTG,84.2,T,,M,14.96,N,27.70,K,A*3B
$HEHDT,82.9,T*1C
$VWVHW,82.9,T,,M,14.83,N,27.47,K*41
$GPGSV,2,1,08,03,64,042,49,08,41,097,44,11,23,152,41,14,49,207,48*78
$GPGSV,2,2,08,17,67,264,49,22,21,312,41,28,09,352,38,31,57,122,49*7D
$GAGSV,2,1,05,04,50,072,47,09,36,182,44,12,67,237,48,24,11,287,37*69
$GAGSV,2,2,05,31,18,022,41*53
$GPZDA,081010.00,14,06,2025,00,00*68
$GPGGA,081011.00,5432.06029,N,01839.14666,E,1,12,1.0,19.8,M,26.5,M,,*5B
$GPRMC,081011.00,A,5432.06029,N,01839.14666,E,15.22,84.0,140625,,,A*66
$GPVTG,84.0,T,,M,15.22,N,28.19,K,A*37
$HEHDT,83.2,T*16
$VWVHW,83.2,T,,M,14.67,N,27.17,K*44
$GPGGA,081012.00,5432.06059,N,01839.15390,E,1,12,1.0,20.6,M,26.5,M,,*56
$GPRMC,081012.00,A,5432.06059,N,01839.15390,E,14.90,84.2,140625,,,A*65
$GPVTG,84.2,T,,M,14.90,N,27.60,K,A*3C
$HEHDT,83.3,T*17
$VWVHW,83.3,T,,M,14.76,N,27.33,K*43
$GPGGA,081013.00,5432.06115,N,01839.16104,E,1,12,1.0,20.3,M,26.5,M,,*57
$GPRMC,081013.00,A,5432.06115,N,01839.16104,E,15.20,84.0,140625,,,A*69
$GPVTG,84.0,T,,M,15.20,N,28.14,K,A*38
$HEHDT,83.3,T*17
$VWVHW,83.3,T,,M,14.67,N,27.17,K*45
$GPGGA,081014.00,5432.06151,N,01839.16807,E,1,12,1.0,20.3,M,26.5,M,,*5A
$GPRMC,081014.00,A,5432.06151,N,01839.16807,E,15.07,83.9,140625,,,A*6F
$GPVTG,83.9,T,,M,15.07,N,27.91,K,A*31
$HEHDT,83.4,T*10
$VWVHW,83.4,T,,M,14.74,N,27.31,K*44
$GPGGA,081015.00,5432.06186,N,01839.17434,E,1,12,1.0,19.8,M,26.5,M,,*5D
$GPRMC,081015.00,A,5432.06186,N,01839.17434,E,15.04,83.4,140625,,,A*67
$GPVTG,83.4,T,,M,15.04,N,27.86,K,A*39
$HEHDT,83.3,T*17
$VWVHW,83.3,T,,M,14.77,N,27.35,K*44
$GPGSV,2,1,08,03,64,042,48,08,41,097,46,11,23,152,41,14,49,207,48*7B
$GPGSV,2,2,08,17,67,264,49,22,21,312,40,28,09,352,38,31,57,122,48*7D
$GAGSV,2,1,05,04,50,072,47,09,36,182,46,12,67,237,49,24,11,287,38*65
$GAGSV,2,2,05,31,18,022,41*53
$GPZDA,081015.00,14,06,2025,00,00*6D
$GPGGA,081016.00,5432.06215,N,01839.18143,E,1,12,1.0,20.4,M,26.5,M,,*5B
$GPRMC,081016.00,A,5432.06215,N,01839.18143,E,15.07,84.4,140625,,,A*63
$GPVTG,84.4,T,,M,15.07,N,27.91,K,A*3B
$HEHDT,82.9,T*1C
$VWVHW,82.9,T,,M,14.67,N,27.17,K*4E
$GPGGA,081017.00,5432.06273,N,01839.18937,E,1,12,1.0,20.4,M,26.5,M,,*51
$GPRMC,081017.00,A,5432.06273,N,01839.18937,E,15.08,84.1,140625,,,A*63
$GPVTG,84.1,T,,M,15.08,N,27.93,K,A*33
$HEHDT,83.3,T*17
$VWVHW,83.3,T,,M,14.57,N,26.98,K*40
$GPGGA,081018.00,5432.06331,N,01839.19596,E,1,12,1.0,20.0,M,26.5,M,,*5B
$GPRMC,081018.00,A,5432.06331,N,01839.19596,E,15.07,83.7,140625,,,A*63
$GPVTG,83.7,T,,M,15.07,N,27.90,K,A*3E
$HEHDT,83.5,T*11
$VWVHW,83.5,T,,M,14.62,N,27.07,K*47
$GPGGA,081019.00,5432.06367,N,01839.20388,E,1,12,1.0,20.4,M,26.5,M,,*5E
$GPRMC,081019.00,A,5432.06367,N,01839.20388,E,15.10,84.3,140625,,,A*67
$GPVTG,84.3,T,,M,15.10,N,27.97,K,A*3C
$HEHDT,83.2,T*16
$VWVHW,83.2,T,,M,14.73,N,27.28,K*4D
$GPGGA,081020.00,5432.06428,N,01839.21027,E,1,12,1.0,19.4,M,26.5,M,,*55
$GPRMC,081020.00,A,5432.06428,N,01839.21027,E,15.19,84.6,140625,,,A*6A
$GPVTG,84.6,T,,M,15.19,N,28.14,K,A*34
$HEHDT,83.3,T*17
$VWVHW,83.3,T,,M,14.65,N,27.13,K*43
$GPGSV,2,1,08,03,64,042,49,08,41,097,46,11,23,152,41,14,49,207,48*7A
$GPGSV,2,2,08,17,67,264,50,22,21,312,41,28,09,352,37,31,57,122,47*74
$GAGSV,2,1,05,04,50,072,46,09,36,182,45,12,67,237,49,24,11,287,39*66
$GAGSV,2,2,05,31,18,022,40*52
$GPZDA,081020.00,14,06,2025,00,00*6B
$GPGGA,081021.00,5432.06457,N,01839.21761,E,1,12,1.0,19.6,M,26.5,M,,*5B
$GPRMC,081021.00,A,5432.06457,N,01839.21761,E,15.05,84.2,140625,,,A*6F
$GPVTG,84.2,T,,M,15.05,N,27.88,K,A*37
$HEHDT,83.1,T*15
$VWVHW,83.1,T,,M,14.73,N,27.28,K*4E
$GPGGA,081022.00,5432.06473,N,01839.22465,E,1,12,1.0,19.6,M,26.5,M,,*5A
$GPRMC,081022.00,A,5432.06473,N,01839.22465,E,15.07,83.8,140625,,,A*61
$GPVTG,83.8,T,,M,15.07,N,27.90,K,A*31
$HEHDT,83.5,T*11
$VWVHW,83.5,T,,M,14.79,N,27.39,K*40
$GPGGA,081023.00,5432.06565,N,01839.23130,E,1,12,1.0,19.7,M,26.5,M,,*58
$GPRMC,081023.00,A,5432.06565,N,01839.23130,E,14.91,84.3,140625,,,A*60
$GPVTG,84.3,T,,M,14.91,N,27.62,K,A*3E
$HEHDT,83.1,T*15
$VWVHW,83.1,T,,M,14.64,N,27.10,K*43
$GPGGA,081024.00,5432.06570,N,01839.23969,E,1,12,1.0,20.2,M,26.5,M,,*50
$GPRMC,081024.00,A,5432.06570,N,01839.23969,E,15.09,84.4,140625,,,A*60
$GPVTG,84.4,T,,M,15.09,N,27.94,K,A*30
$HEHDT,83.2,T*16
$VWVHW,83.2,T,,M,14.70,N,27.22,K*44
$GPGGA,081025.00,5432.06603,N,01839.24635,E,1,12,1.0,19.9,M,26.5,M,,*56
$GPRMC,081025.00,A,5432.06603,N,01839.24635,E,14.89,84.2,140625,,,A*68
$GPVTG,84.2,T,,M,14.89,N,27.58,K,A*3F
$HEHDT,83.0,T*14
$VWVHW,83.0,T,,M,14.74,N,27.29,K*49
$GPGSV,2,1,08,03,64,042,49,08,41,098,46,11,23,152,40,14,49,208,47*74
$GPGSV,2,2,08,17,67,264,48,22,21,312,41,28,09,352,38,31,57,122,47*72
$GAGSV,2,1,05,04,50,072,47,09,36,182,45,12,67,238,49,24,11,288,38*66
$GAGSV,2,2,05,31,18,022,41*53
$GPZDA,081025.00,14,06,2025,00,00*6E
$GPGGA,081026.00,5432.06640,N,01839.25345,E,1,12,1.0,19.7,M,26.5,M,,*5F
$GPRMC,081026.00,A,5432.06640,N,01839.25345,E,15.14,84.3,140625,,,A*6B
$GPVTG,84.3,T,,M,15.14,N,28.03,K,A*3A
$HEHDT,83.1,T*15
$VWVHW,83.1,T,,M,14.64,N,27.11,K*42
$GPGGA,081027.00,5432.06691,N,01839.26147,E,1,12,1.0,19.4,M,26.5,M,,*52
$GPRMC,081027.00,A,5432.06691,N,01839.26147,E,15.08,84.0,140625,,,A*6B
$GPVTG,84.0,T,,M,15.08,N,27.93,K,A*32
$HEHDT,83.2,T*16
$VWVHW,83.2,T,,M,14.71,N,27.24,K*43
$GPGGA,081028.00,5432.06747,N,01839.26783,E,1,12,1.0,20.3,M,26.5,M,,*54
$GPRMC,081028.00,A,5432.06747,N,01839.26783,E,15.23,84.1,140625,,,A*68
$GPVTG,84.1,T,,M,15.23,N,28.21,K,A*3C
$HEHDT,83.3,T*17
$VWVHW,83.3,T,,M,14.79,N,27.38,K*47
$GPGGA,081029.00,5432.06795,N,01839.27468,E,1,12,1.0,20.1,M,26.5,M,,*5F
$GPRMC,081029.00,A,5432.06795,N,01839.27468,E,15.12,84.3,140625,,,A*61
$GPVTG,84.3,T,,M,15.12,N,28.01,K,A*3E
$HEHDT,83.5,T*11
$VWVHW,83.5,T,,M,14.82,N,27.44,K*4E
$GPGGA,081030.00,5432.06803,N,01839.28182,E,1,12,1.0,19.9,M,26.5,M,,*5B
$GPRMC,081030.00,A,5432.06803,N,01839.28182,E,15.00,83.4,140625,,,A*64
$GPVTG,83.4,T,,M,15.00,N,27.78,K,A*3C
$HEHDT,83.5,T*11
$VWVHW,83.5,T,,M,14.65,N,27.14,K*42
$GPGSV,2,1,08,03,64,043,49,08,41,098,47,11,23,153,41,14,49,208,47*74
$GPGSV,2,2,08,17,67,265,49,22,21,313,41,28,09,353,37,31,57,123,47*7C
$GAGSV,2,1,05,04,50,073,46,09,36,183,45,12,67,238,48,24,11,288,39*67
$GAGSV,2,2,05,31,18,023,41*52
$GPZDA,081030.00,14,06,2025,00,00*6A
$GPGGA,081031.00,5432.06849,N,01839.28969,E,1,12,1.0,20.7,M,26.5,M,,*5D
$GPRMC,081031.00,A,5432.06849,N,01839.28969,E,15.05,83.8,140625,,,A*6F
$GPVTG,83.8,T,,M,15.05,N,27.88,K,A*3A
$HEHDT,83.4,T*10
$VWVHW,83.4,T,,M,14.57,N,26.99,K*46
$GPGGA,081032.00,5432.06910,N,01839.29688,E,1,12,1.0,19.9,M,26.5,M,,*56
$GPRMC,081032.00,A,5432.06910,N,01839.29688,E,15.10,84.0,140625,,,A*6B
$GPVTG,84.0,T,,M,15.10,N,27.97,K,A*3F
$HEHDT,83.4,T*10
$VWVHW,83.4,T,,M,14.75,N,27.31,K*45
$GPGGA,081033.00,5432.06932,N,01839.30327,E,1,12,1.0,20.0,M,26.5,M,,*5C
$GPRMC,081033.00,A,5432.06932,N,01839.30327,E,15.04,84.2,140625,,,A*65
$GPVTG,84.2,T,,M,15.04,N,27.86,K,A*38
$HEHDT,83.4,T*10
$VWVHW,83.4,T,,M,14.72,N,27.26,K*44
$GPGGA,081034.00,5432.06966,N,01839.31087,E,1,12,1.0,20.2,M,26.5,M,,*50
$GPRMC,081034.00,A,5432.06966,N,01839.31087,E,15.11,84.8,140625,,,A*65
$GPVTG,84.8,T,,M,15.11,N,27.99,K,A*38
$HEHDT,83.5,T*11
$VWVHW,83.5,T,,M,14.75,N,27.32,K*47
$GPGGA,081035.00,5432.07021,N,01839.31846,E,1,12,1.0,19.6,M,26.5,M,,*51
$GPRMC,081035.00,A,5432.07021,N,01839.31846,E,15.14,84.0,140625,,,A*67
$GPVTG,84.0,T,,M,15.14,N,28.03,K,A*39
$HEHDT,83.0,T*14
$VWVHW,83.0,T,,M,14.72,N,27.26,K*40
$GPGSV,2,1,08,03,64,043,48,08,41,098,46,11,23,153,41,14,49,208,47*74
$GPGSV,2,2,08,17,67,265,48,22,21,313,40,28,09,353,37,31,57,123,47*7C
$GAGSV,2,1,05,04,50,073,48,09,36,183,45,12,67,238,49,24,11,288,39*68
$GAGSV,2,2,05,31,18,023,41*52
$GPZDA,081035.00,14,06,2025,00,00*6F
$GPGGA,081036.00,5432.07076,N,01839.32533,E,1,12,1.0,20.4,M,26.5,M,,*54
$GPRMC,081036.00,A,5432.07076,N,01839.32533,E,15.08,84.5,140625,,,A*62
$GPVTG,84.5,T,,M,15.08,N,27.92,K,A*36
$HEHDT,83.7,T*13
$VWVHW,83.7,T,,M,14.70,N,27.22,K*41
$GPGGA,081037.00,5432.07111,N,01839.33243,E,1,12,1.0,20.3,M,26.5,M,,*53
$GPRMC,081037.00,A,5432.07111,N,01839.33243,E,15.09,83.7,140625,,,A*66
$GPVTG,83.7,T,,M,15.09,N,27.95,K,A*35
$HEHDT,83.3,T*17
$VWVHW,83.3,T,,M,14.77,N,27.34,K*45
$GPGGA,081038.00,5432.07135,N,01839.33969,E,1,12,1.0,20.6,M,26.5,M,,*5C
$GPRMC,081038.00,A,5432.07135,N,01839.33969,E,15.10,84.1,140625,,,A*65
$GPVTG,84.1,T,,M,15.10,N,27.96,K,A*3F
$HEHDT,83.3,T*17
$VWVHW,83.3,T,,M,14.73,N,27.28,K*4C
$GPGGA,081039.00,5432.07216,N,01839.34597,E,1,12,1.0,20.4,M,26.5,M,,*57
$GPRMC,081039.00,A,5432.07216,N,01839.34597,E,15.15,84.3,140625,,,A*6B
$GPVTG,84.3,T,,M,15.15,N,28.06,K,A*3E
$HEHDT,83.1,T*15
$VWVHW,83.1,T,,M,14.94,N,27.66,K*4D
$GPGGA,081040.00,5432.07240,N,01839.35347,E,1,12,1.0,20.3,M,26.5,M,,*57
$GPRMC,081040.00,A,5432.07240,N,01839.35347,E,15.30,84.1,140625,,,A*69
$GPVTG,84.1,T,,M,15.30,N,28.33,K,A*3D
$HEHDT,83.6,T*12
$VWVHW,83.6,T,,M,14.79,N,27.39,K*43
$GPGSV,2,1,08,03,64,043,49,08,41,098,46,11,23,153,40,14,49,208,47*74
$GPGSV,2,2,08,17,67,265,49,22,21,313,41,28,09,353,38,31,57,123,47*73
$GAGSV,2,1,05,04,50,073,47,09,36,183,46,12,67,238,48,24,11,288,39*65
$GAGSV,2,2,05,31,18,023,41*52
$GPZDA,081040.00,14,06,2025,00,00*6D
$GPGGA,081041.00,5432.07251,N,01839.36078,E,1,12,1.0,19.9,M,26.5,M,,*5A
$GPRMC,081041.00,A,5432.07251,N,01839.36078,E,15.24,83.9,140625,,,A*6E
$GPVTG,83.9,T,,M,15.24,N,28.23,K,A*36
$HEHDT,83.4,T*10
$VWVHW,83.4,T,,M,14.79,N,27.39,K*41
$GPGGA,081042.00,5432.07334,N,01839.36820,E,1,12,1.0,19.9,M,26.5,M,,*5E
$GPRMC,081042.00,A,5432.07334,N,01839.36820,E,15.24,83.9,140625,,,A*6A
$GPVTG,83.9,T,,M,15.24,N,28.22,K,A*37
$HEHDT,83.4,T*10
$VWVHW,83.4,T,,M,14.84,N,27.48,K*45
$GPGGA,081043.00,5432.07368,N,01839.37572,E,1,12,1.0,20.6,M,26.5,M,,*58
$GPRMC,081043.00,A,5432.07368,N,01839.37572,E,15.04,84.6,140625,,,A*63
$GPVTG,84.6,T,,M,15.04,N,27.86,K,A*3C
$HEHDT,83.4,T*10
$VWVHW,83.4,T,,M,14.86,N,27.52,K*4C
$GPGGA,081044.00,5432.07411,N,01839.38252,E,1,12,1.0,20.0,M,26.5,M,,*5A
$GPRMC,081044.00,A,5432.07411,N,01839.38252,E,15.21,84.2,140625,,,A*64
$GPVTG,84.2,T,,M,15.21,N,28.16,K,A*39
$HEHDT,82.8,T*1D
$VWVHW,82.8,T,,M,14.95,N,27.70,K*43
$GPGGA,081045.00,5432.07446,N,01839.39028,E,1,12,1.0,20.9,M,26.5,M,,*5E
$GPRMC,081045.00,A,5432.07446,N,01839.39028,E,15.06,84.1,140625,,,A*6F
$GPVTG,84.1,T,,M,15.06,N,27.90,K,A*3E
$HEHDT,83.1,T*15
$VWVHW,83.1,T,,M,14.79,N,27.39,K*44
$GPGSV,2,1,08,03,64,043,48,08,41,098,46,11,23,153,40,14,49,208,47*75
$GPGSV,2,2,08,17,67,265,48,22,21,313,42,28,09,353,37,31,57,123,47*7E
$GAGSV,2,1,05,04,50,073,47,09,36,183,45,12,67,238,49,24,11,288,39*67
$GAGSV,2,2,05,31,18,023,42*51
$GPZDA,081045.00,14,06,2025,00,00*68
$GPGGA,081046.00,5432.07461,N,01839.39720,E,1,12,1.0,21.1,M,26.5,M,,*5E
$GPRMC,081046.00,A,5432.07461,N,01839.39720,E,15.05,84.6,140625,,,A*62
$GPVTG,84.6,T,,M,15.05,N,27.87,K,A*3C
$HEHDT,83.7,T*13
$VWVHW,83.7,T,,M,14.77,N,27.35,K*40
$GPGGA,081047.00,5432.07559,N,01839.40392,E,1,12,1.0,20.5,M,26.5,M,,*53
$GPRMC,081047.00,A,5432.07559,N,01839.40392,E,15.19,84.4,140625,,,A*65
$GPVTG,84.4,T,,M,15.19,N,28.13,K,A*31
$HEHDT,83.3,T*17
$VWVHW,83.3,T,,M,14.79,N,27.38,K*47
$GPGGA,081048.00,5432.07616,N,01839.41153,E,1,12,1.0,20.4,M,26.5,M,,*5B
$GPRMC,081048.00,A,5432.07616,N,01839.41153,E,15.38,84.0,140625,,,A*6B
$GPVTG,84.0,T,,M,15.38,N,28.49,K,A*39
$HEHDT,82.8,T*1D
$VWVHW,82.8,T,,M,14.83,N,27.47,K*40
$GPGGA,081049.00,5432.07622,N,01839.41932,E,1,12,1.0,20.4,M,26.5,M,,*52
$GPRMC,081049.00,A,5432.07622,N,01839.41932,E,15.27,84.4,140625,,,A*68
$GPVTG,84.4,T,,M,15.27,N,28.28,K,A*34
$HEHDT,83.2,T*16
$VWVHW,83.2,T,,M,14.81,N,27.43,K*4D
$GPGGA,081050.00,5432.07675,N,01839.42575,E,1,12,1.0,20.6,M,26.5,M,,*56
$GPRMC,081050.00,A,5432.07675,N,01839.42575,E,15.30,84.0,140625,,,A*6C
$GPVTG,84.0,T,,M,15.30,N,28.34,K,A*3B
$HEHDT,83.1,T*15
$VWVHW,83.1,T,,M,14.82,N,27.45,K*4B
$GPGSV,2,1,08,03,64,043,48,08,41,098,46,11,23,153,41,14,49,208,46*75
$GPGSV,2,2,08,17,67,265,48,22,21,313,41,28,09,353,37,31,57,123,49*73
$GAGSV,2,1,05,04,50,073,46,09,36,183,46,12,67,238,50,24,11,288,39*6D
$GAGSV,2,2,05,31,18,023,40*53
$GPZDA,081050.00,14,06,2025,00,00*6C
$GPGGA,081051.00,5432.07702,N,01839.43233,E,1,12,1.0,20.7,M,26.5,M,,*53
$GPRMC,081051.00,A,5432.07702,N,01839.43233,E,15.14,83.5,140625,,,A*6C
$GPVTG,83.5,T,,M,15.14,N,28.04,K,A*3C
$HEHDT,83.0,T*14
$VWVHW,83.0,T,,M,14.92,N,27.63,K*4F
$GPGGA,081052.00,5432.07769,N,01839.43970,E,1,12,1.0,20.6,M,26.5,M,,*50
$GPRMC,081052.00,A,5432.07769,N,01839.43970,E,15.19,84.5,140625,,,A*64
$GPVTG,84.5,T,,M,15.19,N,28.12,K,A*31
$HEHDT,82.9,T*1C
$VWVHW,82.9,T,,M,14.78,N,27.38,K*4D
$GPGGA,081053.00,5432.07789,N,01839.44703,E,1,12,1.0,20.4,M,26.5,M,,*50
$GPRMC,081053.00,A,5432.07789,N,01839.44703,E,15.15,84.1,140625,,,A*6E
$GPVTG,84.1,T,,M,15.15,N,28.05,K,A*3F
$HEHDT,83.5,T*11
$VWVHW,83.5,T,,M,14.67,N,27.17,K*43
$GPGGA,081054.00,5432.07829,N,01839.45360,E,1,12,1.0,21.0,M,26.5,M,,*57
$GPRMC,081054.00,A,5432.07829,N,01839.45360,E,15.20,84.1,140625,,,A*6A
$GPVTG,84.1,T,,M,15.20,N,28.16,K,A*3B
$HEHDT,83.0,T*14
$VWVHW,83.0,T,,M,14.84,N,27.49,K*40
$GPGGA,081055.00,5432.07891,N,01839.46090,E,1,12,1.0,20.8,M,26.5,M,,*53
$GPRMC,081055.00,A,5432.07891,N,01839.46090,E,15.17,84.2,140625,,,A*60
$GPVTG,84.2,T,,M,15.17,N,28.10,K,A*3A
$HEHDT,83.1,T*15
$VWVHW,83.1,T,,M,14.85,N,27.51,K*49
$GPGSV,2,1,08,03,64,043,49,08,41,098,46,11,23,153,40,14,49,208,46*75
$GPGSV,2,2,08,17,67,265,48,22,21,313,41,28,09,353,37,31,57,123,47*7D
$GAGSV,2,1,05,04,50,073,47,09,36,183,44,12,67,238,49,24,11,288,40*68
$GAGSV,2,2,05,31,18,023,42*51
$GPZDA,081055.00,14,06,2025,00,00*69
$GPGGA,081056.00,5432.07909,N,01839.46782,E,1,12,1.0,20.6,M,26.5,M,,*5A
$GPRMC,081056.00,A,5432.07909,N,01839.46782,E,15.13,84.4,140625,,,A*65
$GPVTG,84.4,T,,M,15.13,N,28.03,K,A*3A
$HEHDT,82.8,T*1D
$VWVHW,82.8,T,,M,14.90,N,27.60,K*47
$GPGGA,081057.00,5432.07994,N,01839.47509,E,1,12,1.0,20.0,M,26.5,M,,*59
$GPRMC,081057.00,A,5432.07994,N,01839.47509,E,15.10,84.6,140625,,,A*61
$GPVTG,84.6,T,,M,15.10,N,27.97,K,A*39
$HEHDT,83.6,T*12
$VWVHW,83.6,T,,M,14.76,N,27.34,K*41
$GPGGA,081058.00,5432.07991,N,01839.48290,E,1,12,1.0,19.9,M,26.5,M,,*58
$GPRMC,081058.00,A,5432.07991,N,01839.48290,E,15.30,84.4,140625,,,A*63
$GPVTG,84.4,T,,M,15.30,N,28.33,K,A*38
$HEHDT,83.7,T*13
$VWVHW,83.7,T,,M,14.74,N,27.29,K*4E
$GPGGA,081059.00,5432.08123,N,01839.48982,E,1,12,1.0,20.0,M,26.5,M,,*5C
$GPRMC,081059.00,A,5432.08123,N,01839.48982,E,15.25,84.0,140625,,,A*64
$GPVTG,84.0,T,,M,15.25,N,28.24,K,A*3E
$HEHDT,83.1,T*15
$VWVHW,83.1,T,,M,14.90,N,27.59,K*45
$GPGGA,081100.00,5432.08086,N,01839.49704,E,1,12,1.0,20.2,M,26.5,M,,*5C
$GPRMC,081100.00,A,5432.08086,N,01839.49704,E,15.29,83.3,140625,,,A*6E
$GPVTG,83.3,T,,M,15.29,N,28.32,K,A*31
$HEHDT,82.9,T*1C
$VWVHW,82.9,T,,M,14.80,N,27.41,K*44
$GPGSV,2,1,08,03,64,043,49,08,41,098,47,11,23,153,40,14,49,208,46*74
$GPGSV,2,2,08,17,67,265,48,22,21,313,42,28,09,353,38,31,57,123,47*71
$GAGSV,2,1,05,04,50,073,46,09,36,183,44,12,67,238,49,24,11,288,40*69
$GAGSV,2,2,05,31,18,023,41*52
$GPZDA,081100.00,14,06,2025,00,00*68
$GPGGA,081101.00,5432.08141,N,01839.50533,E,1,12,1.0,20.3,M,26.5,M,,*58
$GPRMC,081101.00,A,5432.08141,N,01839.50533,E,15.23,84.0,140625,,,A*65
$GPVTG,84.0,T,,M,15.23,N,28.20,K,A*3C
$HEHDT,83.3,T*17
$VWVHW,83.3,T,,M,14.83,N,27.46,K*4B
$GPGGA,081102.00,5432.08190,N,01839.51201,E,1,12,1.0,19.8,M,26.5,M,,*51
$GPRMC,081102.00,A,5432.08190,N,01839.51201,E,15.26,84.2,140625,,,A*6A
$GPVTG,84.2,T,,M,15.26,N,28.26,K,A*3D
$HEHDT,83.1,T*15
$VWVHW,83.1,T,,M,14.62,N,27.07,K*43
$GPGGA,081103.00,5432.08233,N,01839.51850,E,1,12,1.0,20.0,M,26.5,M,,*56
$GPRMC,081103.00,A,5432.08233,N,01839.51850,E,15.25,84.6,140625,,,A*68
$GPVTG,84.6,T,,M,15.25,N,28.24,K,A*38
$HEHDT,83.1,T*15
$VWVHW,83.1,T,,M,14.81,N,27.42,K*4F
$GPGGA,081104.00,5432.08306,N,01839.52535,E,1,12,1.0,20.4,M,26.5,M,,*5F
$GPRMC,081104.00,A,5432.08306,N,01839.52535,E,15.24,84.0,140625,,,A*62
$GPVTG,84.0,T,,M,15.24,N,28.23,K,A*38
$HEHDT,83.2,T*16
$VWVHW,83.2,T,,M,14.86,N,27.52,K*4A
$GPGGA,081105.00,5432.08332,N,01839.53231,E,1,12,1.0,20.3,M,26.5,M,,*5C
$GPRMC,081105.00,A,5432.08332,N,01839.53231,E,15.19,84.7,140625,,,A*6F
$GPVTG,84.7,T,,M,15.19,N,28.14,K,A*35
$HEHDT,83.1,T*15
$VWVHW,83.1,T,,M,14.84,N,27.48,K*40
$GPGSV,2,1,08,03,64,043,50,08,41,098,46,11,23,153,41,14,49,208,45*7F
$GPGSV,2,2,08,17,67,265,48,22,21,313,40,28,09,353,39,31,57,123,47*72
$GAGSV,2,1,05,04,50,073,47,09,36,183,44,12,67,238,47,24,11,288,39*68
$GAGSV,2,2,05,31,18,023,41*52
$GPZDA,081105.00,14,06,2025,00,00*6D
$GPGGA,081106.00,5432.08362,N,01839.54024,E,1,12,1.0,20.6,M,26.5,M,,*5E
$GPRMC,081106.00,A,5432.08362,N,01839.54024,E,15.12,84.3,140625,,,A*67
$GPVTG,84.3,T,,M,15.12,N,28.01,K,A*3E
$HEHDT,83.1,T*15
$VWVHW,83.1,T,,M,14.80,N,27.41,K*4D
$GPGGA,081107.00,5432.08411,N,01839.54665,E,1,12,1.0,20.4,M,26.5,M,,*5D
$GPRMC,081107.00,A,5432.08411,N,01839.54665,E,15.13,83.4,140625,,,A*67
$GPVTG,83.4,T,,M,15.13,N,28.03,K,A*3D
$HEHDT,83.8,T*1C
$VWVHW,83.8,T,,M,14.93,N,27.65,K*40
$GPGGA,081108.00,5432.08444,N,01839.55478,E,1,12,1.0,20.6,M,26.5,M,,*5F
$GPRMC,081108.00,A,5432.08444,N,01839.55478,E,15.23,84.0,140625,,,A*67
$GPVTG,84.0,T,,M,15.23,N,28.20,K,A*3C
$HEHDT,82.8,T*1D
$VWVHW,82.8,T,,M,14.80,N,27.42,K*46
$GPGGA,081109.00,5432.08478,N,01839.56196,E,1,12,1.0,20.5,M,26.5,M,,*54
$GPRMC,081109.00,A,5432.08478,N,01839.56196,E,15.06,84.7,140625,,,A*6F
$GPVTG,84.7,T,,M,15.06,N,27.90,K,A*38
$HEHDT,83.0,T*14
$VWVHW,83.0,T,,M,14.88,N,27.55,K*41
$GPGGA,081110.00,5432.08547,N,01839.56907,E,1,12,1.0,19.5,M,26.5,M,,*5B
$GPRMC,081110.00,A,5432.08547,N,01839.56907,E,15.27,84.4,140625,,,A*6A
$GPVTG,84.4,T,,M,15.27,N,28.28,K,A*34
$HEHDT,83.2,T*16
$VWVHW,83.2,T,,M,14.69,N,27.20,K*4E
$GPGSV,2,1,08,03,64,043,49,08,41,098,46,11,23,153,41,14,49,208,46*74
$GPGSV,2,2,08,17,67,265,48,22,21,313,41,28,09,353,37,31,57,123,48*72
$GAGSV,2,1,05,04,50,073,46,09,36,183,45,12,67,238,49,24,11,288,40*68
$GAGSV,2,2,05,31,18,023,40*53
$GPZDA,081110.00,14,06,2025,00,00*69
$GPGGA,081111.00,5432.08586,N,01839.57573,E,1,12,1.0,20.1,M,26.5,M,,*57
$GPRMC,081111.00,A,5432.08586,N,01839.57573,E,15.27,84.4,140625,,,A*68
$GPVTG,84.4,T,,M,15.27,N,28.28,K,A*34
$HEHDT,83.1,T*15
$VWVHW,83.1,T,,M,14.88,N,27.55,K*40
$GPGGA,081112.00,5432.08651,N,01839.58254,E,1,12,0.9,20.2,M,26.5,M,,*5B
$GPRMC,081112.00,A,5432.08651,N,01839.58254,E,15.17,83.6,140625,,,A*69
$GPVTG,83.6,T,,M,15.17,N,28.10,K,A*39
$HEHDT,82.8,T*1D
$VWVHW,82.8,T,,M,14.86,N,27.53,K*40
$GPGGA,081113.00,5432.08673,N,01839.58894,E,1,12,0.9,19.6,M,26.5,M,,*52
$GPRMC,081113.00,A,5432.08673,N,01839.58894,E,15.13,84.5,140625,,,A*6E
$GPVTG,84.5,T,,M,15.13,N,28.01,K,A*39
$HEHDT,83.3,T*17
$VWVHW,83.3,T,,M,14.75,N,27.32,K*41
$GPGGA,081114.00,5432.08719,N,01839.59676,E,1,12,0.9,19.7,M,26.5,M,,*5A
$GPRMC,081114.00,A,5432.08719,N,01839.59676,E,15.07,84.0,140625,,,A*67
$GPVTG,84.0,T,,M,15.07,N,27.92,K,A*3C
$HEHDT,83.6,T*12
$VWVHW,83.6,T,,M,14.87,N,27.54,K*49
$GPGGA,081115.00,5432.08783,N,01839.60424,E,1,12,0.9,19.5,M,26.5,M,,*55
$GPRMC,081115.00,A,5432.08783,N,01839.60424,E,15.14,84.1,140625,,,A*69
$GPVTG,84.1,T,,M,15.14,N,28.04,K,A*3F
$HEHDT,83.3,T*17
$VWVHW,83.3,T,,M,14.74,N,27.30,K*42
$GPGSV,2,1,08,03,64,043,49,08,41,098,46,11,23,153,42,14,49,208,46*77
$GPGSV,2,2,08,17,67,265,48,22,21,313,41,28,09,353,37,31,57,123,48*72
$GAGSV,2,1,05,04,50,073,46,09,36,183,45,12,67,238,49,24,11,288,40*68
$GAGSV,2,2,05,31,18,023,42*51
$GPZDA,081115.00,14,06,2025,00,00*6C
$GPGGA,081116.00,5432.08774,N,01839.61155,E,1,12,0.9,20.0,M,26.5,M,,*53
$GPRMC,081116.00,A,5432.08774,N,01839.61155,E,15.22,83.7,140625,,,A*64
$GPVTG,83.7,T,,M,15.22,N,28.20,K,A*3D
$HEHDT,83.5,T*11
$VWVHW,83.5,T,,M,14.81,N,27.42,K*4B
$GPGGA,081117.00,5432.08818,N,01839.61829,E,1,12,0.9,19.5,M,26.5,M,,*5A
$GPRMC,081117.00,A,5432.08818,N,01839.61829,E,15.06,83.7,140625,,,A*64
$GPVTG,83.7,T,,M,15.06,N,27.89,K,A*37
$HEHDT,83.2,T*16
$VWVHW,83.2,T,,M,14.77,N,27.34,K*44
$GPGGA,081118.00,5432.08927,N,01839.62528,E,1,12,0.9,19.1,M,26.5,M,,*53
$GPRMC,081118.00,A,5432.08927,N,01839.62528,E,15.12,84.0,140625,,,A*6C
$GPVTG,84.0,T,,M,15.12,N,28.01,K,A*3D
$HEHDT,83.5,T*11
$VWVHW,83.5,T,,M,14.73,N,27.28,K*4A
$GPGGA,081119.00,5432.08947,N,01839.63306,E,1,12,0.9,19.7,M,26.5,M,,*59
$GPRMC,081119.00,A,5432.08947,N,01839.63306,E,15.22,84.6,140625,,,A*65
$GPVTG,84.6,T,,M,15.22,N,28.18,K,A*30
$HEHDT,83.4,T*10
$VWVHW,83.4,T,,M,14.77,N,27.35,K*43
$GPGGA,081120.00,5432.08948,N,01839.63993,E,1,12,0.9,20.1,M,26.5,M,,*56
$GPRMC,081120.00,A,5432.08948,N,01839.63993,E,15.15,84.2,140625,,,A*66
$GPVTG,84.2,T,,M,15.15,N,28.05,K,A*3C
$HEHDT,83.4,T*10
$VWVHW,83.4,T,,M,14.86,N,27.53,K*4D
$GPGSV,2,1,08,03,64,043,49,08,41,098,45,11,23,153,42,14,49,208,46*74
$GPGSV,2,2,08,17,67,265,47,22,21,313,41,28,09,353,36,31,57,123,48*7C
$GAGSV,2,1,05,04,50,073,46,09,36,183,44,12,67,238,47,24,11,288,40*67
$GAGSV,2,2,05,31,18,023,41*52
$GPZDA,081120.00,14,06,2025,00,00*6A
$GPGGA,081121.00,5432.09026,N,01839.64649,E,1,12,0.9,19.5,M,26.5,M,,*56
$GPRMC,081121.00,A,5432.09026,N,01839.64649,E,15.18,84.3,140625,,,A*64
$GPVTG,84.3,T,,M,15.18,N,28.11,K,A*35
$HEHDT,82.9,T*1C
$VWVHW,82.9,T,,M,14.79,N,27.40,K*43
$GPGGA,081122.00,5432.09049,N,01839.65456,E,1,12,0.9,20.4,M,26.5,M,,*5A
$GPRMC,081122.00,A,5432.09049,N,01839.65456,E,15.25,83.7,140625,,,A*6E
$GPVTG,83.7,T,,M,15.25,N,28.25,K,A*3F
$HEHDT,82.9,T*1C
$VWVHW,82.9,T,,M,14.78,N,27.38,K*4D
$GPGGA,081123.00,5432.09135,N,01839.66151,E,1,12,0.9,19.8,M,26.5,M,,*56
$GPRMC,081123.00,A,5432.09135,N,01839.66151,E,15.11,83.9,140625,,,A*6D
$GPVTG,83.9,T,,M,15.11,N,27.98,K,A*3F
$HEHDT,83.4,T*10
$VWVHW,83.4,T,,M,14.68,N,27.19,K*43
$GPGGA,081124.00,5432.09174,N,01839.66972,E,1,12,0.9,20.1,M,26.5,M,,*5E
$GPRMC,081124.00,A,5432.09174,N,01839.66972,E,15.10,84.2,140625,,,A*6B
$GPVTG,84.2,T,,M,15.10,N,27.97,K,A*3D
$HEHDT,83.6,T*12
$VWVHW,83.6,T,,M,14.76,N,27.33,K*46
$GPGGA,081125.00,5432.09163,N,01839.67591,E,1,12,0.9,20.5,M,26.5,M,,*5D
$GPRMC,081125.00,A,5432.09163,N,01839.67591,E,15.17,84.1,140625,,,A*68
$GPVTG,84.1,T,,M,15.17,N,28.09,K,A*31
$HEHDT,82.8,T*1D
$VWVHW,82.8,T,,M,14.74,N,27.30,K*48
$GPGSV,2,1,08,03,64,043,48,08,41,098,47,11,23,153,43,14,49,208,47*77
$GPGSV,2,2,08,17,67,265,49,22,21,313,41,28,09,353,37,31,57,123,48*73
$GAGSV,2,1,05,04,50,073,46,09,36,183,44,12,67,238,48,24,11,288,39*66
$GAGSV,2,2,05,31,18,023,40*53
$GPZDA,081125.00,14,06,2025,00,00*6F
$GPGGA,081126.00,5432.09204,N,01839.68414,E,1,12,0.9,20.1,M,26.5,M,,*5B
$GPRMC,081126.00,A,5432.09204,N,01839.68414,E,15.14,84.0,140625,,,A*68
$GPVTG,84.0,T,,M,15.14,N,28.04,K,A*3E
$HEHDT,83.0,T*14
$VWVHW,83.0,T,,M,14.85,N,27.49,K*41
$GPGGA,081127.00,5432.09264,N,01839.69121,E,1,12,0.9,20.3,M,26.5,M,,*5C
$GPRMC,081127.00,A,5432.09264,N,01839.69121,E,15.24,83.9,140625,,,A*60
$GPVTG,83.9,T,,M,15.24,N,28.22,K,A*37
$HEHDT,83.4,T*10
$VWVHW,83.4,T,,M,14.87,N,27.54,K*4B
$GPGGA,081128.00,5432.09316,N,01839.69887,E,1,12,0.9,20.1,M,26.5,M,,*50
$GPRMC,081128.00,A,5432.09316,N,01839.69887,E,15.27,84.4,140625,,,A*67
$GPVTG,84.4,T,,M,15.27,N,28.28,K,A*34
$HEHDT,83.2,T*16
$VWVHW,83.2,T,,M,14.79,N,27.38,K*46
$GPGGA,081129.00,5432.09317,N,01839.70563,E,1,12,0.9,20.6,M,26.5,M,,*58
$GPRMC,081129.00,A,5432.09317,N,01839.70563,E,15.14,84.3,140625,,,A*6F
$GPVTG,84.3,T,,M,15.14,N,28.04,K,A*3D
$HEHDT,83.5,T*11
$VWVHW,83.5,T,,M,14.85,N,27.50,K*4C
$GPGGA,081130.00,5432.09375,N,01839.71236,E,1,12,0.9,20.5,M,26.5,M,,*51
$GPRMC,081130.00,A,5432.09375,N,01839.71236,E,15.20,83.4,140625,,,A*62
$GPVTG,83.4,T,,M,15.20,N,28.15,K,A*3A
$HEHDT,83.3,T*17
$VWVHW,83.3,T,,M,14.77,N,27.35,K*44
$GPGSV,2,1,08,03,64,043,48,08,41,098,48,11,23,153,42,14,49,208,46*78
$GPGSV,2,2,08,17,67,265,49,22,21,313,41,28,09,353,37,31,57,123,48*73
$GAGSV,2,1,05,04,50,073,47,09,36,183,44,12,67,238,48,24,11,288,39*67
$GAGSV,2,2,05,31,18,023,40*53
$GPZDA,081130.00,14,06,2025,00,00*6B
$GPGGA,081131.00,5432.09382,N,01839.71951,E,1,12,0.9,20.5,M,26.5,M,,*52
$GPRMC,081131.00,A,5432.09382,N,01839.71951,E,15.10,84.4,140625,,,A*65
$GPVTG,84.4,T,,M,15.10,N,27.97,K,A*3B
$HEHDT,83.6,T*12
$VWVHW,83.6,T,,M,14.86,N,27.51,K*4D
$GPGGA,081132.00,5432.09434,N,01839.72811,E,1,12,0.9,19.5,M,26.5,M,,*57
$GPRMC,081132.00,A,5432.09434,N,01839.72811,E,15.24,84.6,140625,,,A*6F
$GPVTG,84.6,T,,M,15.24,N,28.22,K,A*3F
$HEHDT,84.0,T*13
$VWVHW,84.0,T,,M,14.79,N,27.39,K*42
$GPGGA,081133.00,5432.09493,N,01839.73445,E,1,12,0.9,20.2,M,26.5,M,,*5A
$GPRMC,081133.00,A,5432.09493,N,01839.73445,E,15.22,84.1,140625,,,A*6E
$GPVTG,84.1,T,,M,15.22,N,28.20,K,A*3C
$HEHDT,83.2,T*16
$VWVHW,83.2,T,,M,14.67,N,27.17,K*44
$GPGGA,081134.00,5432.09517,N,01839.74144,E,1,12,0.9,20.0,M,26.5,M,,*51
$GPRMC,081134.00,A,5432.09517,N,01839.74144,E,15.15,84.3,140625,,,A*61
$GPVTG,84.3,T,,M,15.15,N,28.06,K,A*3E
$HEHDT,83.0,T*14
$VWVHW,83.0,T,,M,14.83,N,27.47,K*49
$GPGGA,081135.00,5432.09590,N,01839.74897,E,1,12,0.9,19.8,M,26.5,M,,*5A
$GPRMC,081135.00,A,5432.09590,N,01839.74897,E,15.18,84.0,140625,,,A*66
$GPVTG,84.0,T,,M,15.18,N,28.11,K,A*36
$HEHDT,83.2,T*16
$VWVHW,83.2,T,,M,14.81,N,27.43,K*4D
$GPGSV,2,1,08,03,64,043,49,08,41,098,47,11,23,153,41,14,49,208,46*75
$GPGSV,2,2,08,17,67,265,49,22,21,313,42,28,09,353,37,31,57,123,47*7F
$GAGSV,2,1,05,04,50,073,46,09,36,183,44,12,67,238,48,24,11,288,38*67
$GAGSV,2,2,05,31,18,023,39*5D
$GPZDA,081135.00,14,06,2025,00,00*6E
$GPGGA,081136.00,5432.09594,N,01839.75678,E,1,12,0.9,19.6,M,26.5,M,,*5D
$GPRMC,081136.00,A,5432.09594,N,01839.75678,E,15.27,84.2,140625,,,A*61
$GPVTG,84.2,T,,M,15.27,N,28.28,K,A*32
$HEHDT,83.6,T*12
$VWVHW,83.6,T,,M,14.76,N,27.34,K*41
$GPGGA,081137.00,5432.09618,N,01839.76358,E,1,12,0.9,20.3,M,26.5,M,,*50
$GPRMC,081137.00,A,5432.09618,N,01839.76358,E,15.34,83.9,140625,,,A*6D
$GPVTG,83.9,T,,M,15.34,N,28.42,K,A*30
$HEHDT,83.3,T*17
$VWVHW,83.3,T,,M,14.89,N,27.57,K*41
$GPGGA,081138.00,5432.09732,N,01839.77128,E,1,12,0.9,20.3,M,26.5,M,,*52
$GPRMC,081138.00,A,5432.09732,N,01839.77128,E,15.28,83.6,140625,,,A*6D
$GPVTG,83.6,T,,M,15.28,N,28.29,K,A*3F
$HEHDT,83.4,T*10
$VWVHW,83.4,T,,M,14.70,N,27.23,K*43
$GPGGA,081139.00,5432.09750,N,01839.77816,E,1,12,0.9,20.1,M,26.5,M,,*51
$GPRMC,081139.00,A,5432.09750,N,01839.77816,E,15.24,84.0,140625,,,A*61
$GPVTG,84.0,T,,M,15.24,N,28.22,K,A*39
$HEHDT,82.9,T*1C
$VWVHW,82.9,T,,M,14.62,N,27.07,K*4A
$GPGGA,081140.00,5432.09790,N,01839.78489,E,1,12,0.9,20.4,M,26.5,M,,*53
$GPRMC,081140.00,A,5432.09790,N,01839.78489,E,15.22,84.0,140625,,,A*60
$GPVTG,84.0,T,,M,15.22,N,28.19,K,A*37
$HEHDT,83.0,T*14
$VWVHW,83.0,T,,M,14.82,N,27.46,K*49
$GPGSV,2,1,08,03,64,043,49,08,41,098,47,11,23,153,42,14,49,208,45*75
$GPGSV,2,2,08,17,67,265,50,22,21,313,42,28,09,353,36,31,57,123,48*79
$GAGSV,2,1,05,04,50,073,46,09,36,183,44,12,67,238,48,24,11,288,38*67
$GAGSV,2,2,05,31,18,023,40*53
$GPZDA,081140.00,14,06,2025,00,00*6C
$GPGGA,081141.00,5432.09874,N,01839.79266,E,1,12,0.9,20.5,M,26.5,M,,*50
$GPRMC,081141.00,A,5432.09874,N,01839.79266,E,15.11,84.2,140625,,,A*60
$GPVTG,84.2,T,,M,15.11,N,27.99,K,A*32
$HEHDT,83.0,T*14
$VWVHW,83.0,T,,M,14.86,N,27.52,K*48
$GPGGA,081142.00,5432.09879,N,01839.80016,E,1,12,0.9,20.0,M,26.5,M,,*58
$GPRMC,081142.00,A,5432.09879,N,01839.80016,E,15.19,83.8,140625,,,A*68
$GPVTG,83.8,T,,M,15.19,N,28.14,K,A*3D
$HEHDT,83.4,T*10
$VWVHW,83.4,T,,M,14.85,N,27.50,K*4D
$GPGGA,081143.00,5432.09940,N,01839.80707,E,1,12,0.9,19.9,M,26.5,M,,*56
$GPRMC,081143.00,A,5432.09940,N,01839.80707,E,15.26,84.2,140625,,,A*64
$GPVTG,84.2,T,,M,15.26,N,28.26,K,A*3D
$HEHDT,83.4,T*10
$VWVHW,83.4,T,,M,14.76,N,27.34,K*43
$GPGGA,081144.00,5432.09937,N,01839.81408,E,1,12,0.9,19.8,M,26.5,M,,*5D
$GPRMC,081144.00,A,5432.09937,N,01839.81408,E,15.05,84.0,140625,,,A*6D
$GPVTG,84.0,T,,M,15.05,N,27.88,K,A*35
$HEHDT,83.0,T*14
$VWVHW,83.0,T,,M,14.76,N,27.33,K*40
$GPGGA,081145.00,5432.10000,N,01839.82237,E,1,12,0.9,20.4,M,26.5,M,,*56
$GPRMC,081145.00,A,5432.10000,N,01839.82237,E,15.08,83.6,140625,,,A*6C
$GPVTG,83.6,T,,M,15.08,N,27.93,K,A*33
$HEHDT,83.1,T*15
$VWVHW,83.1,T,,M,14.83,N,27.47,K*48
$GPGSV,2,1,08,03,64,043,49,08,41,098,47,11,23,153,42,14,49,208,45*75
$GPGSV,2,2,08,17,67,265,48,22,21,313,43,28,09,353,37,31,57,123,47*7F
$GAGSV,2,1,05,04,50,073,45,09,36,183,44,12,67,238,47,24,11,288,38*6B
$GAGSV,2,2,05,31,18,023,40*53
$GPZDA,081145.00,14,06,2025,00,00*69
$GPGGA,081146.00,5432.09983,N,01839.82858,E,1,12,0.9,19.6,M,26.5,M,,*54
$GPRMC,081146.00,A,5432.09983,N,01839.82858,E,15.08,84.5,140625,,,A*62
$GPVTG,84.5,T,,M,15.08,N,27.92,K,A*36
$HEHDT,82.8,T*1D
$VWVHW,82.8,T,,M,14.68,N,27.18,K*4F
$GPGGA,081147.00,5432.10064,N,01839.83538,E,1,12,0.9,20.1,M,26.5,M,,*5A
$GPRMC,081147.00,A,5432.10064,N,01839.83538,E,15.12,83.6,140625,,,A*6E
$GPVTG,83.6,T,,M,15.12,N,28.00,K,A*3D
$HEHDT,83.2,T*16
$VWVHW,83.2,T,,M,14.76,N,27.33,K*42
$GPGGA,081148.00,5432.10142,N,01839.84293,E,1,12,0.9,19.7,M,26.5,M,,*5D
$GPRMC,081148.00,A,5432.10142,N,01839.84293,E,15.09,84.4,140625,,,A*6A
$GPVTG,84.4,T,,M,15.09,N,27.94,K,A*30
$HEHDT,83.4,T*10
$VWVHW,83.4,T,,M,14.82,N,27.45,K*4E
$GPGGA,081149.00,5432.10159,N,01839.84977,E,1,12,0.9,20.2,M,26.5,M,,*58
$GPRMC,081149.00,A,5432.10159,N,01839.84977,E,15.03,84.6,140625,,,A*68
$GPVTG,84.6,T,,M,15.03,N,27.84,K,A*39
$HEHDT,83.4,T*10
$VWVHW,83.4,T,,M,14.74,N,27.31,K*44
$GPGGA,081150.00,5432.10246,N,01839.85718,E,1,12,0.9,20.5,M,26.5,M,,*5C
$GPRMC,081150.00,A,5432.10246,N,01839.85718,E,15.16,84.3,140625,,,A*6A
$GPVTG,84.3,T,,M,15.16,N,28.08,K,A*33
$HEHDT,83.2,T*16
$VWVHW,83.2,T,,M,14.77,N,27.34,K*44
$GPGSV,2,1,08,03,64,043,50,08,41,098,46,11,23,153,41,14,49,208,45*7F
$GPGSV,2,2,08,17,67,265,50,22,21,313,42,28,09,353,37,31,57,123,46*76
$GAGSV,2,1,05,04,50,073,45,09,36,183,44,12,67,238,48,24,11,288,37*6B
$GAGSV,2,2,05,31,18,023,39*5D
$GPZDA,081150.00,14,06,2025,00,00*6D
$GPGGA,081151.00,5432.10226,N,01839.86493,E,1,12,0.9,19.5,M,26.5,M,,*52
$GPRMC,081151.00,A,5432.10226,N,01839.86493,E,15.18,83.6,140625,,,A*62
$GPVTG,83.6,T,,M,15.18,N,28.11,K,A*37
$HEHDT,83.4,T*10
$VWVHW,83.4,T,,M,14.76,N,27.34,K*43
$GPGGA,081152.00,5432.10252,N,01839.87151,E,1,12,0.9,20.4,M,26.5,M,,*53
$GPRMC,081152.00,A,5432.10252,N,01839.87151,E,15.17,84.1,140625,,,A*67
$GPVTG,84.1,T,,M,15.17,N,28.10,K,A*39
$HEHDT,82.9,T*1C
$VWVHW,82.9,T,,M,14.73,N,27.29,K*46
$GPGGA,081153.00,5432.10312,N,01839.87911,E,1,12,0.9,20.1,M,26.5,M,,*5E
$GPRMC,081153.00,A,5432.10312,N,01839.87911,E,14.99,83.7,140625,,,A*69
$GPVTG,83.7,T,,M,14.99,N,27.76,K,A*30
$HEHDT,83.0,T*14
$VWVHW,83.0,T,,M,14.73,N,27.28,K*4F
$GPGGA,081154.00,5432.10374,N,01839.88637,E,1,12,0.9,20.3,M,26.5,M,,*5F
$GPRMC,081154.00,A,5432.10374,N,01839.88637,E,15.04,84.7,140625,,,A*68
$GPVTG,84.7,T,,M,15.04,N,27.86,K,A*3D
$HEHDT,83.7,T*13
$VWVHW,83.7,T,,M,14.79,N,27.39,K*42
$GPGGA,081155.00,5432.10346,N,01839.89272,E,1,12,0.9,20.1,M,26.5,M,,*59
$GPRMC,081155.00,A,5432.10346,N,01839.89272,E,15.11,84.5,140625,,,A*6A
$GPVTG,84.5,T,,M,15.11,N,27.98,K,A*34
$HEHDT,83.0,T*14
$VWVHW,83.0,T,,M,14.72,N,27.26,K*40
$GPGSV,2,1,08,03,64,043,49,08,41,098,47,11,23,153,41,14,49,208,46*75
$GPGSV,2,2,08,17,67,265,50,22,21,313,41,28,09,353,37,31,57,123,47*74
$GAGSV,2,1,05,04,50,073,45,09,36,183,44,12,67,238,48,24,11,288,38*64
$GAGSV,2,2,05,31,18,023,40*53
$GPZDA,081155.00,14,06,2025,00,00*68
$GPGGA,081156.00,5432.10391,N,01839.90073,E,1,12,0.9,20.5,M,26.5,M,,*5F
$GPRMC,081156.00,A,5432.10391,N,01839.90073,E,15.17,84.0,140625,,,A*6B
$GPVTG,84.0,T,,M,15.17,N,28.10,K,A*38
$HEHDT,83.2,T*16
$VWVHW,83.2,T,,M,14.79,N,27.39,K*47
$GPGGA,081157.00,5432.10444,N,01839.90743,E,1,12,0.9,19.7,M,26.5,M,,*5D
$GPRMC,081157.00,A,5432.10444,N,01839.90743,E,14.95,84.1,140625,,,A*6B
$GPVTG,84.1,T,,M,14.95,N,27.69,K,A*33
$HEHDT,83.7,T*13
$VWVHW,83.7,T,,M,14.73,N,27.28,K*48
$GPGGA,081158.00,5432.10486,N,01839.91443,E,1,12,0.9,19.8,M,26.5,M,,*51
$GPRMC,081158.00,A,5432.10486,N,01839.91443,E,15.13,85.0,140625,,,A*67
$GPVTG,85.0,T,,M,15.13,N,28.01,K,A*3D
$HEHDT,83.3,T*17
$VWVHW,83.3,T,,M,14.73,N,27.28,K*4C
$GPGGA,081159.00,5432.10574,N,01839.92145,E,1,12,0.9,20.1,M,26.5,M,,*5F
$GPRMC,081159.00,A,5432.10574,N,01839.92145,E,14.92,84.2,140625,,,A*61
$GPVTG,84.2,T,,M,14.92,N,27.64,K,A*3A
$HEHDT,83.5,T*11
$VWVHW,83.5,T,,M,14.68,N,27.19,K*42
$GPGGA,081200.00,5432.10599,N,01839.92822,E,1,12,0.9,20.5,M,26.5,M,,*5F
$GPRMC,081200.00,A,5432.10599,N,01839.92822,E,15.07,83.6,140625,,,A*6B
$GPVTG,83.6,T,,M,15.07,N,27.91,K,A*3E
$HEHDT,83.3,T*17
$VWVHW,83.3,T,,M,14.72,N,27.26,K*43
$GPGSV,2,1,08,03,64,043,49,08,41,098,47,11,23,153,40,14,49,208,46*74
$GPGSV,2,2,08,17,67,265,49,22,21,313,42,28,09,353,37,31,57,123,46*7E
$GAGSV,2,1,05,04,50,073,46,09,36,183,44,12,67,238,48,24,11,288,38*67
$GAGSV,2,2,05,31,18,023,40*53
$GPZDA,081200.00,14,06,2025,00,00*6B
$GPGGA,081201.00,5432.10588,N,01839.93573,E,1,12,0.9,20.4,M,26.5,M,,*57
$GPRMC,081201.00,A,5432.10588,N,01839.93573,E,15.19,83.9,140625,,,A*62
$GPVTG,83.9,T,,M,15.19,N,28.13,K,A*3B
$HEHDT,83.2,T*16
$VWVHW,83.2,T,,M,14.67,N,27.16,K*45
$GPGGA,081202.00,5432.10670,N,01839.94294,E,1,12,0.9,20.0,M,26.5,M,,*5D
$GPRMC,081202.00,A,5432.10670,N,01839.94294,E,15.12,83.5,140625,,,A*6B
$GPVTG,83.5,T,,M,15.12,N,28.00,K,A*3E
$HEHDT,83.7,T*13
$VWVHW,83.7,T,,M,14.87,N,27.53,K*4F
$GPGGA,081203.00,5432.10696,N,01839.94993,E,1,12,0.9,20.6,M,26.5,M,,*5E
$GPRMC,081203.00,A,5432.10696,N,01839.94993,E,15.20,83.2,140625,,,A*68
$GPVTG,83.2,T,,M,15.20,N,28.16,K,A*3F
$HEHDT,83.3,T*17
$VWVHW,83.3,T,,M,14.83,N,27.46,K*4B
$GPGGA,081204.00,5432.10755,N,01839.95765,E,1,12,0.9,19.8,M,26.5,M,,*55
$GPRMC,081204.00,A,5432.10755,N,01839.95765,E,15.19,83.9,140625,,,A*66
$GPVTG,83.9,T,,M,15.19,N,28.13,K,A*3B
$HEHDT,83.2,T*16
$VWVHW,83.2,T,,M,14.67,N,27.16,K*45
$GPGGA,081205.00,5432.10799,N,01839.96498,E,1,12,0.9,20.0,M,26.5,M,,*54
$GPRMC,081205.00,A,5432.10799,N,01839.96498,E,15.12,83.5,140625,,,A*62
$GPVTG,83.5,T,,M,15.12,N,28.00,K,A*3E
$HEHDT,83.6,T*12
$VWVHW,83.6,T,,M,14.66,N,27.14,K*42
$GPGSV,2,1,08,03,64,043,49,08,41,098,47,11,23,153,41,14,49,208,46*75
$GPGSV,2,2,08,17,67,265,50,22,21,313,41,28,09,353,37,31,57,123,47*74
$GAGSV,2,1,05,04,50,073,44,09,36,183,45,12,67,238,48,24,11,288,39*65
$GAGSV,2,2,05,31,18,023,40*53
$GPZDA,081205.00,14,06,2025,00,00*6E
$GPGGA,081206.00,5432.10874,N,01839.97159,E,1,12,0.9,20.4,M,26.5,M,,*56
$GPRMC,081206.00,A,5432.10874,N,01839.97159,E,15.02,84.0,140625,,,A*67
$GPVTG,84.0,T,,M,15.02,N,27.81,K,A*3B
$HEHDT,83.2,T*16
$VWVHW,83.2,T,,M,14.89,N,27.58,K*4F
$GPGGA,081207.00,5432.10872,N,01839.97933,E,1,12,0.9,20.6,M,26.5,M,,*57
$GPRMC,081207.00,A,5432.10872,N,01839.97933,E,15.10,84.5,140625,,,A*62
$GPVTG,84.5,T,,M,15.10,N,27.96,K,A*3B
$HEHDT,83.2,T*16
$VWVHW,83.2,T,,M,14.76,N,27.33,K*42
$GPGGA,081208.00,5432.10930,N,01839.98587,E,1,12,0.9,20.1,M,26.5,M,,*54
$GPRMC,081208.00,A,5432.10930,N,01839.98587,E,14.92,83.8,140625,,,A*67
$GPVTG,83.8,T,,M,14.92,N,27.63,K,A*30
$HEHDT,83.5,T*11
$VWVHW,83.5,T,,M,14.74,N,27.30,K*44
$GPGGA,081209.00,5432.10953,N,01839.99305,E,1,12,1.0,19.8,M,26.5,M,,*56
$GPRMC,081209.00,A,5432.10953,N,01839.99305,E,15.08,84.1,140625,,,A*62
$GPVTG,84.1,T,,M,15.08,N,27.93,K,A*33
$HEHDT,83.0,T*14
$VWVHW,83.0,T,,M,14.72,N,27.27,K*41
$GPGGA,081210.00,5432.11026,N,01839.99999,E,1,12,1.0,19.6,M,26.5,M,,*55
$GPRMC,081210.00,A,5432.11026,N,01839.99999,E,15.04,83.8,140625,,,A*6D
$GPVTG,83.8,T,,M,15.04,N,27.86,K,A*35
$HEHDT,83.1,T*15
$VWVHW,83.1,T,,M,14.63,N,27.10,K*44
$GPGSV,2,1,08,03,64,043,49,08,41,098,46,11,23,153,41,14,49,208,46*74
$GPGSV,2,2,08,17,67,265,49,22,21,313,41,28,09,353,37,31,57,123,47*7C
$GAGSV,2,1,05,04,50,073,45,09,36,183,43,12,67,238,47,24,11,288,38*6C
$GAGSV,2,2,05,31,18,023,40*53
$GPZDA,081210.00,14,06,2025,00,00*6A
$GPGGA,081211.00,5432.11054,N,01840.00781,E,1,12,1.0,19.1,M,26.5,M,,*5F
$GPRMC,081211.00,A,5432.11054,N,01840.00781,E,15.05,84.0,140625,,,A*6E
$GPVTG,84.0,T,,M,15.05,N,27.88,K,A*35
$HEHDT,83.6,T*12
$VWVHW,83.6,T,,M,14.58,N,27.00,K*4A
$GPGGA,081212.00,5432.11097,N,01840.01410,E,1,12,1.0,20.2,M,26.5,M,,*50
$GPRMC,081212.00,A,5432.11097,N,01840.01410,E,15.00,84.3,140625,,,A*6E
$GPVTG,84.3,T,,M,15.00,N,27.79,K,A*3D
$HEHDT,83.2,T*16
$VWVHW,83.2,T,,M,14.66,N,27.16,K*44
$GPGGA,081213.00,5432.11167,N,01840.02140,E,1,12,1.0,19.4,M,26.5,M,,*50
$GPRMC,081213.00,A,5432.11167,N,01840.02140,E,15.05,84.5,140625,,,A*61
$GPVTG,84.5,T,,M,15.05,N,27.86,K,A*3E
$HEHDT,83.3,T*17
$VWVHW,83.3,T,,M,14.85,N,27.50,K*4A
$GPGGA,081214.00,5432.11181,N,01840.02802,E,1,12,1.0,20.1,M,26.5,M,,*5F
$GPRMC,081214.00,A,5432.11181,N,01840.02802,E,14.97,84.1,140625,,,A*6F
$GPVTG,84.1,T,,M,14.97,N,27.72,K,A*3B
$HEHDT,83.6,T*12
$VWVHW,83.6,T,,M,14.78,N,27.37,K*4C
$GPGGA,081215.00,5432.11237,N,01840.03584,E,1,12,1.0,19.4,M,26.5,M,,*5D
$GPRMC,081215.00,A,5432.11237,N,01840.03584,E,15.18,84.6,140625,,,A*63
$GPVTG,84.6,T,,M,15.18,N,28.11,K,A*30
$HEHDT,83.7,T*13
$VWVHW,83.7,T,,M,14.88,N,27.55,K*46
$GPGSV,2,1,08,03,64,043,48,08,41,098,47,11,23,153,40,14,49,208,46*75
$GPGSV,2,2,08,17,67,265,50,22,21,313,41,28,09,353,37,31,57,123,47*74
$GAGSV,2,1,05,04,50,073,46,09,36,183,43,12,67,238,48,24,11,288,39*61
$GAGSV,2,2,05,31,18,023,40*53
$GPZDA,081215.00,14,06,2025,00,00*6F
$GPGGA,081216.00,5432.11210,N,01840.04263,E,1,12,1.0,19.7,M,26.5,M,,*51
$GPRMC,081216.00,A,5432.11210,N,01840.04263,E,14.99,83.9,140625,,,A*6C
$GPVTG,83.9,T,,M,14.99,N,27.76,K,A*3E
$HEHDT,83.1,T*15
$VWVHW,83.1,T,,M,14.49,N,26.84,K*40
$GPGGA,081217.00,5432.11324,N,01840.05006,E,1,12,1.0,19.6,M,26.5,M,,*57
$GPRMC,081217.00,A,5432.11324,N,01840.05006,E,15.07,83.9,140625,,,A*6D
$GPVTG,83.9,T,,M,15.07,N,27.90,K,A*30
$HEHDT,83.6,T*12
$VWVHW,83.6,T,,M,14.59,N,27.02,K*49
$GPGGA,081218.00,5432.11383,N,01840.05675,E,1,12,1.0,19.3,M,26.5,M,,*52
$GPRMC,081218.00,A,5432.11383,N,01840.05675,E,15.06,83.9,140625,,,A*6C
$GPVTG,83.9,T,,M,15.06,N,27.89,K,A*39
$HEHDT,83.5,T*11
$VWVHW,83.5,T,,M,14.87,N,27.54,K*4A
$GPGGA,081219.00,5432.11387,N,01840.06463,E,1,12,1.0,20.3,M,26.5,M,,*5B
$GPRMC,081219.00,A,5432.11387,N,01840.06463,E,14.88,84.5,140625,,,A*63
$GPVTG,84.5,T,,M,14.88,N,27.56,K,A*37
$HEHDT,83.2,T*16
$VWVHW,83.2,T,,M,14.67,N,27.17,K*44
$GPGGA,081220.00,5432.11427,N,01840.07195,E,1,12,1.0,20.0,M,26.5,M,,*52
$GPRMC,081220.00,A,5432.11427,N,01840.07195,E,14.92,84.1,140625,,,A*66
$GPVTG,84.1,T,,M,14.92,N,27.64,K,A*39
$HEHDT,83.4,T*10
$VWVHW,83.4,T,,M,14.71,N,27.24,K*45
$GPGSV,2,1,08,03,64,043,50,08,41,098,47,11,23,153,41,14,49,208,46*7D
$GPGSV,2,2,08,17,67,265,50,22,21,313,42,28,09,353,37,31,57,123,47*77
$GAGSV,2,1,05,04,50,073,47,09,36,183,44,12,67,238,49,24,11,288,38*67
$GAGSV,2,2,05,31,18,023,40*53
$GPZDA,081220.00,14,06,2025,00,00*69
$GPGGA,081221.00,5432.11466,N,01840.07882,E,1,12,1.0,19.9,M,26.5,M,,*5A
$GPRMC,081221.00,A,5432.11466,N,01840.07882,E,14.93,84.0,140625,,,A*6D
$GPVTG,84.0,T,,M,14.93,N,27.65,K,A*38
$HEHDT,83.4,T*10
$VWVHW,83.4,T,,M,14.68,N,27.19,K*43
$GPGGA,081222.00,5432.11508,N,01840.08609,E,1,12,1.0,19.4,M,26.5,M,,*5F
$GPRMC,081222.00,A,5432.11508,N,01840.08609,E,15.14,83.9,140625,,,A*65
$GPVTG,83.9,T,,M,15.14,N,28.04,K,A*30
$HEHDT,83.2,T*16
$VWVHW,83.2,T,,M,14.72,N,27.26,K*42
$GPGGA,081223.00,5432.11560,N,01840.09346,E,1,12,1.0,19.6,M,26.5,M,,*5D
$GPRMC,081223.00,A,5432.11560,N,01840.09346,E,14.92,84.0,140625,,,A*64
$GPVTG,84.0,T,,M,14.92,N,27.63,K,A*3F
$HEHDT,83.5,T*11
$VWVHW,83.5,T,,M,14.67,N,27.17,K*43
$GPGGA,081224.00,5432.11611,N,01840.10059,E,1,12,1.0,19.6,M,26.5,M,,*5A
$GPRMC,081224.00,A,5432.11611,N,01840.10059,E,15.15,83.8,140625,,,A*62
$GPVTG,83.8,T,,M,15.15,N,28.06,K,A*32
$HEHDT,83.6,T*12
$VWVHW,83.6,T,,M,14.76,N,27.34,K*41
$GPGGA,081225.00,5432.11645,N,01840.10677,E,1,12,1.0,19.9,M,26.5,M,,*5F
$GPRMC,081225.00,A,5432.11645,N,01840.10677,E,14.98,84.1,140625,,,A*62
$GPVTG,84.1,T,,M,14.98,N,27.75,K,A*33
$HEHDT,83.6,T*12
$VWVHW,83.6,T,,M,14.58,N,27.00,K*4A
$GPGSV,2,1,08,03,64,043,49,08,41,098,46,11,23,153,42,14,49,208,46*77
$GPGSV,2,2,08,17,67,265,50,22,21,313,41,28,09,353,38,31,57,123,47*7B
$GAGSV,2,1,05,04,50,073,46,09,36,183,44,12,67,238,49,24,11,288,38*66
$GAGSV,2,2,05,31,18,023,40*53
$GPZDA,081225.00,14,06,2025,00,00*6C
$GPGGA,081226.00,5432.11673,N,01840.11457,E,1,12,1.0,19.6,M,26.5,M,,*57
$GPRMC,081226.00,A,5432.11673,N,01840.11457,E,14.89,84.1,140625,,,A*65
$GPVTG,84.1,T,,M,14.89,N,27.57,K,A*33
$HEHDT,83.6,T*12
$VWVHW,83.6,T,,M,14.58,N,27.00,K*4A
$GPGGA,081227.00,5432.11727,N,01840.12142,E,1,12,1.0,19.8,M,26.5,M,,*5A
$GPRMC,081227.00,A,5432.11727,N,01840.12142,E,14.98,84.0,140625,,,A*67
$GPVTG,84.0,T,,M,14.98,N,27.73,K,A*34
$HEHDT,83.2,T*16
$VWVHW,83.2,T,,M,14.75,N,27.32,K*40
$GPGGA,081228.00,5432.11765,N,01840.12887,E,1,12,1.0,20.6,M,26.5,M,,*57
$GPRMC,081228.00,A,5432.11765,N,01840.12887,E,14.94,84.2,140625,,,A*60
$GPVTG,84.2,T,,M,14.94,N,27.66,K,A*3E
$HEHDT,82.9,T*1C
$VWVHW,82.9,T,,M,14.53,N,26.91,K*46
$GPGGA,081229.00,5432.11820,N,01840.13589,E,1,12,1.0,20.2,M,26.5,M,,*5E
$GPRMC,081229.00,A,5432.11820,N,01840.13589,E,15.02,83.8,140625,,,A*6E
$GPVTG,83.8,T,,M,15.02,N,27.82,K,A*37
$HEHDT,83.1,T*15
$VWVHW,83.1,T,,M,14.53,N,26.92,K*4C
$GPGGA,081230.00,5432.11845,N,01840.14357,E,1,12,1.0,20.4,M,26.5,M,,*51
$GPRMC,081230.00,A,5432.11845,N,01840.14357,E,15.11,83.9,140625,,,A*64
$GPVTG,83.9,T,,M,15.11,N,27.98,K,A*3F
$HEHDT,83.5,T*11
$VWVHW,83.5,T,,M,14.66,N,27.14,K*41
$GPGSV,2,1,08,03,64,043,50,08,41,098,47,11,23,153,41,14,49,208,45*7E
$GPGSV,2,2,08,17,67,265,49,22,21,313,41,28,09,353,38,31,57,123,48*7C
$GAGSV,2,1,05,04,50,073,45,09,36,183,44,12,67,238,48,24,11,288,38*64
$GAGSV,2,2,05,31,18,023,40*53
$GPZDA,081230.00,14,06,2025,00,00*68
$GPGGA,081231.00,5432.11857,N,01840.15085,E,1,12,1.0,20.4,M,26.5,M,,*5E
$GPRMC,081231.00,A,5432.11857,N,01840.15085,E,14.94,83.6,140625,,,A*68
$GPVTG,83.6,T,,M,14.94,N,27.67,K,A*3C
$HEHDT,83.4,T*10
$VWVHW,83.4,T,,M,14.61,N,27.06,K*44
$GPGGA,081232.00,5432.11872,N,01840.15753,E,1,12,1.0,20.2,M,26.5,M,,*50
$GPRMC,081232.00,A,5432.11872,N,01840.15753,E,15.03,83.8,140625,,,A*61
$GPVTG,83.8,T,,M,15.03,N,27.83,K,A*37
$HEHDT,83.0,T*14
$VWVHW,83.0,T,,M,14.74,N,27.30,K*41
$GPGGA,081233.00,5432.11950,N,01840.16370,E,1,12,1.0,20.4,M,26.5,M,,*50
$GPRMC,081233.00,A,5432.11950,N,01840.16370,E,14.99,84.4,140625,,,A*6E
$GPVTG,84.4,T,,M,14.99,N,27.77,K,A*35
$HEHDT,82.8,T*1D
$VWVHW,82.8,T,,M,14.59,N,27.02,K*46
$GPGGA,081234.00,5432.12019,N,01840.17116,E,1,12,1.0,20.3,M,26.5,M,,*54
$GPRMC,081234.00,A,5432.12019,N,01840.17116,E,14.98,84.4,140625,,,A*6C
$GPVTG,84.4,T,,M,14.98,N,27.74,K,A*37
$HEHDT,83.3,T*17
$VWVHW,83.3,T,,M,14.62,N,27.08,K*4E
$GPGGA,081235.00,5432.12075,N,01840.17871,E,1,12,1.0,20.5,M,26.5,M,,*51
$GPRMC,081235.00,A,5432.12075,N,01840.17871,E,14.97,83.9,140625,,,A*6A
$GPVTG,83.9,T,,M,14.97,N,27.72,K,A*34
$HEHDT,83.1,T*15
$VWVHW,83.1,T,,M,14.55,N,26.95,K*4D
$GPGSV,2,1,08,03,64,043,49,08,41,098,46,11,23,153,41,14,49,208,45*77
$GPGSV,2,2,08,17,67,265,48,22,21,313,42,28,09,353,38,31,57,123,49*7F
$GAGSV,2,1,05,04,50,073,45,09,36,183,44,12,67,238,49,24,11,288,38*65
$GAGSV,2,2,05,31,18,023,40*53
$GPZDA,081235.00,14,06,2025,00,00*6D
$GPGGA,081236.00,5432.12088,N,01840.18594,E,1,12,1.0,20.8,M,26.5,M,,*54
$GPRMC,081236.00,A,5432.12088,N,01840.18594,E,15.02,84.5,140625,,,A*64
$GPVTG,84.5,T,,M,15.02,N,27.81,K,A*3E
$HEHDT,83.2,T*16
$VWVHW,83.2,T,,M,14.61,N,27.07,K*43
$GPGGA,081237.00,5432.12118,N,01840.19283,E,1,12,1.0,20.5,M,26.5,M,,*50
$GPRMC,081237.00,A,5432.12118,N,01840.19283,E,14.95,84.8,140625,,,A*6F
$GPVTG,84.8,T,,M,14.95,N,27.69,K,A*3A
$HEHDT,83.0,T*14
$VWVHW,83.0,T,,M,14.47,N,26.79,K*4D
$GPGGA,081238.00,5432.12185,N,01840.19996,E,1,12,1.0,20.9,M,26.5,M,,*58
$GPRMC,081238.00,A,5432.12185,N,01840.19996,E,14.94,83.8,140625,,,A*6D
$GPVTG,83.8,T,,M,14.94,N,27.67,K,A*32
$HEHDT,83.3,T*17
$VWVHW,83.3,T,,M,14.47,N,26.80,K*48
$GPGGA,081239.00,5432.12227,N,01840.20802,E,1,12,1.0,19.7,M,26.5,M,,*50
$GPRMC,081239.00,A,5432.12227,N,01840.20802,E,15.02,83.8,140625,,,A*6F
$GPVTG,83.8,T,,M,15.02,N,27.82,K,A*37
$HEHDT,83.2,T*16
$VWVHW,83.2,T,,M,14.55,N,26.95,K*4E
$GPGGA,081240.00,5432.12267,N,01840.21427,E,1,12,1.0,20.6,M,26.5,M,,*5B
$GPRMC,081240.00,A,5432.12267,N,01840.21427,E,15.05,83.9,140625,,,A*69
$GPVTG,83.9,T,,M,15.05,N,27.87,K,A*34
$HEHDT,83.0,T*14
$VWVHW,83.0,T,,M,14.73,N,27.29,K*4E
$GPGSV,2,1,08,03,64,043,49,08,41,098,46,11,23,153,41,14,49,208,46*74
$GPGSV,2,2,08,17,67,265,50,22,21,313,42,28,09,353,37,31,57,123,47*77
$GAGSV,2,1,05,04,50,073,45,09,36,183,43,12,67,238,49,24,11,288,37*6D
$GAGSV,2,2,05,31,18,023,40*53
$GPZDA,081240.00,14,06,2025,00,00*6F
$GPGGA,081241.00,5432.12335,N,01840.22155,E,1,12,1.0,20.8,M,26.5,M,,*51
$GPRMC,081241.00,A,5432.12335,N,01840.22155,E,15.01,84.2,140625,,,A*65
$GPVTG,84.2,T,,M,15.01,N,27.80,K,A*3B
$HEHDT,83.3,T*17
$VWVHW,83.3,T,,M,14.53,N,26.92,K*4E
$GPGGA,081242.00,5432.12347,N,01840.22900,E,1,12,1.0,20.8,M,26.5,M,,*5F
$GPRMC,081242.00,A,5432.12347,N,01840.22900,E,14.88,84.1,140625,,,A*68
$GPVTG,84.1,T,,M,14.88,N,27.55,K,A*30
$HEHDT,83.4,T*10
$VWVHW,83.4,T,,M,14.42,N,26.71,K*44
$GPGGA,081243.00,5432.12381,N,01840.23664,E,1,12,1.0,20.1,M,26.5,M,,*51
$GPRMC,081243.00,A,5432.12381,N,01840.23664,E,14.87,84.2,140625,,,A*63
$GPVTG,84.2,T,,M,14.87,N,27.53,K,A*3A
$HEHDT,82.8,T*1D
$VWVHW,82.8,T,,M,14.65,N,27.13,K*49
$GPGGA,081244.00,5432.12502,N,01840.24324,E,1,12,1.0,20.4,M,26.5,M,,*58
$GPRMC,081244.00,A,5432.12502,N,01840.24324,E,15.03,84.2,140625,,,A*62
$GPVTG,84.2,T,,M,15.03,N,27.84,K,A*3D
$HEHDT,83.0,T*14
$VWVHW,83.0,T,,M,14.53,N,26.91,K*4E
$GPGGA,081245.00,5432.12511,N,01840.24929,E,1,12,1.0,20.3,M,26.5,M,,*5B
$GPRMC,081245.00,A,5432.12511,N,01840.24929,E,14.92,84.3,140625,,,A*6E
$GPVTG,84.3,T,,M,14.92,N,27.64,K,A*3B
$HEHDT,83.4,T*10
$VWVHW,83.4,T,,M,14.42,N,26.70,K*45
$GPGSV,2,1,08,03,64,043,49,08,41,098,47,11,23,153,41,14,49,208,46*75
$GPGSV,2,2,08,17,67,265,49,22,21,313,42,28,09,353,37,31,57,123,47*7F
$GAGSV,2,1,05,04,50,073,45,09,36,183,44,12,67,238,47,24,11,288,38*6B
$GAGSV,2,2,05,31,18,023,40*53
$GPZDA,081245.00,14,06,2025,00,00*6A
$GPGGA,081246.00,5432.12555,N,01840.25712,E,1,12,1.0,20.3,M,26.5,M,,*5F
$GPRMC,081246.00,A,5432.12555,N,01840.25712,E,14.93,84.5,140625,,,A*6D
$GPVTG,84.5,T,,M,14.93,N,27.66,K,A*3E
$HEHDT,83.6,T*12
$VWVHW,83.6,T,,M,14.49,N,26.84,K*47
$GPGGA,081247.00,5432.12612,N,01840.26373,E,1,12,1.0,20.5,M,26.5,M,,*58
$GPRMC,081247.00,A,5432.12612,N,01840.26373,E,15.00,84.0,140625,,,A*62
$GPVTG,84.0,T,,M,15.00,N,27.79,K,A*3E
$HEHDT,83.3,T*17
$VWVHW,83.3,T,,M,14.49,N,26.83,K*45
$GPGGA,081248.00,5432.12578,N,01840.27089,E,1,12,1.0,20.7,M,26.5,M,,*5D
$GPRMC,081248.00,A,5432.12578,N,01840.27089,E,15.03,84.6,140625,,,A*60
$GPVTG,84.6,T,,M,15.03,N,27.84,K,A*39
$HEHDT,83.4,T*10
$VWVHW,83.4,T,,M,14.56,N,26.96,K*48
$GPGGA,081249.00,5432.12687,N,01840.27788,E,1,12,1.0,19.7,M,26.5,M,,*53
$GPRMC,081249.00,A,5432.12687,N,01840.27788,E,14.93,83.9,140625,,,A*64
$GPVTG,83.9,T,,M,14.93,N,27.65,K,A*36
$HEHDT,83.6,T*12
$VWVHW,83.6,T,,M,14.52,N,26.89,K*40
$GPGGA,081250.00,5432.12698,N,01840.28542,E,1,12,1.0,19.7,M,26.5,M,,*5E
$GPRMC,081250.00,A,5432.12698,N,01840.28542,E,14.94,84.0,140625,,,A*60
$GPVTG,84.0,T,,M,14.94,N,27.67,K,A*3D
$HEHDT,83.5,T*11
$VWVHW,83.5,T,,M,14.43,N,26.72,K*47
$GPGSV,2,1,08,03,64,043,48,08,41,098,46,11,23,153,41,14,49,208,47*74
$GPGSV,2,2,08,17,67,265,50,22,21,313,42,28,09,353,38,31,57,123,48*77
$GAGSV,2,1,05,04,50,073,46,09,36,183,44,12,67,238,47,24,11,288,37*67
$GAGSV,2,2,05,31,18,023,42*51
$GPZDA,081250.00,14,06,2025,00,00*6E
$GPGGA,081251.00,5432.12746,N,01840.29207,E,1,12,1.0,19.9,M,26.5,M,,*54
$GPRMC,081251.00,A,5432.12746,N,01840.29207,E,14.93,83.6,140625,,,A*62
$GPVTG,83.6,T,,M,14.93,N,27.65,K,A*39
$HEHDT,83.2,T*16
$VWVHW,83.2,T,,M,14.64,N,27.11,K*41
$GPGGA,081252.00,5432.12770,N,01840.29976,E,1,12,1.0,20.1,M,26.5,M,,*5D
$GPRMC,081252.00,A,5432.12770,N,01840.29976,E,14.88,83.7,140625,,,A*62
$GPVTG,83.7,T,,M,14.88,N,27.55,K,A*31
$HEHDT,82.9,T*1C
$VWVHW,82.9,T,,M,14.66,N,27.16,K*4E
$GPGGA,081253.00,5432.12842,N,01840.30689,E,1,12,1.0,19.6,M,26.5,M,,*58
$GPRMC,081253.00,A,5432.12842,N,01840.30689,E,14.93,83.9,140625,,,A*6E
$GPVTG,83.9,T,,M,14.93,N,27.66,K,A*35
$HEHDT,82.9,T*1C
$VWVHW,82.9,T,,M,14.62,N,27.08,K*45
$GPGGA,081254.00,5432.12876,N,01840.31369,E,1,12,1.0,19.9,M,26.5,M,,*5D
$GPRMC,081254.00,A,5432.12876,N,01840.31369,E,14.85,84.4,140625,,,A*69
$GPVTG,84.4,T,,M,14.85,N,27.50,K,A*3D
$HEHDT,83.0,T*14
$VWVHW,83.0,T,,M,14.58,N,26.99,K*4D
$GPGGA,081255.00,5432.12922,N,01840.32096,E,1,12,1.0,19.4,M,26.5,M,,*51
$GPRMC,081255.00,A,5432.12922,N,01840.32096,E,14.91,84.5,140625,,,A*6C
$GPVTG,84.5,T,,M,14.91,N,27.62,K,A*38
$HEHDT,83.4,T*10
$VWVHW,83.4,T,,M,14.63,N,27.09,K*49
$GPGSV,2,1,08,03,64,043,49,08,41,098,46,11,23,153,41,14,49,208,46*74
$GPGSV,2,2,08,17,67,265,51,22,21,313,41,28,09,353,38,31,57,123,47*7A
$GAGSV,2,1,05,04,50,073,47,09,36,183,43,12,67,238,47,24,11,288,36*60
$GAGSV,2,2,05,31,18,023,40*53
$GPZDA,081255.00,14,06,2025,00,00*6B
$GPGGA,081256.00,5432.12952,N,01840.32761,E,1,12,1.0,20.0,M,26.5,M,,*54
$GPRMC,081256.00,A,5432.12952,N,01840.32761,E,14.98,84.5,140625,,,A*6E
$GPVTG,84.5,T,,M,14.98,N,27.75,K,A*37
$HEHDT,83.4,T*10
$VWVHW,83.4,T,,M,14.45,N,26.77,K*45
$GPGGA,081257.00,5432.12949,N,01840.33495,E,1,12,1.0,19.7,M,26.5,M,,*5B
$GPRMC,081257.00,A,5432.12949,N,01840.33495,E,14.78,84.2,140625,,,A*65
$GPVTG,84.2,T,,M,14.78,N,27.38,K,A*37
$HEHDT,83.3,T*17
$VWVHW,83.3,T,,M,14.45,N,26.75,K*40
$GPGGA,081258.00,5432.12996,N,01840.34138,E,1,12,1.0,19.7,M,26.5,M,,*53
$GPRMC,081258.00,A,5432.12996,N,01840.34138,E,14.79,83.7,140625,,,A*6E
$GPVTG,83.7,T,,M,14.79,N,27.40,K,A*3B
$HEHDT,83.3,T*17
$VWVHW,83.3,T,,M,14.60,N,27.03,K*47
$GPGGA,081259.00,5432.13062,N,01840.34823,E,1,12,1.0,20.3,M,26.5,M,,*5C
$GPRMC,081259.00,A,5432.13062,N,01840.34823,E,14.93,84.4,140625,,,A*6F
$GPVTG,84.4,T,,M,14.93,N,27.64,K,A*3D
$HEHDT,82.9,T*1C
$VWVHW,82.9,T,,M,14.63,N,27.10,K*4D
$GPGGA,081300.00,5432.13151,N,01840.35590,E,1,12,1.0,19.6,M,26.5,M,,*5B
$GPRMC,081300.00,A,5432.13151,N,01840.35590,E,14.89,84.2,140625,,,A*6A
$GPVTG,84.2,T,,M,14.89,N,27.58,K,A*3F
$HEHDT,83.0,T*14
$VWVHW,83.0,T,,M,14.51,N,26.88,K*44
$GPGSV,2,1,08,03,64,043,48,08,41,098,46,11,23,153,42,14,49,208,46*76
$GPGSV,2,2,08,17,67,265,51,22,21,313,42,28,09,353,37,31,57,123,48*79
$GAGSV,2,1,05,04,50,073,46,09,36,183,44,12,67,238,47,24,11,288,38*68
$GAGSV,2,2,05,31,18,023,41*52
$GPZDA,081300.00,14,06,2025,00,00*6A
$GPGGA,081301.00,5432.13154,N,01840.36274,E,1,12,1.0,19.1,M,26.5,M,,*56
$GPRMC,081301.00,A,5432.13154,N,01840.36274,E,14.92,84.0,140625,,,A*68
$GPVTG,84.0,T,,M,14.92,N,27.63,K,A*3F
$HEHDT,83.1,T*15
$VWVHW,83.1,T,,M,14.65,N,27.13,K*41
$GPGGA,081302.00,5432.13243,N,01840.37002,E,1,12,1.0,19.2,M,26.5,M,,*51
$GPRMC,081302.00,A,5432.13243,N,01840.37002,E,14.79,83.9,140625,,,A*67
$GPVTG,83.9,T,,M,14.79,N,27.39,K,A*3B
$HEHDT,83.2,T*16
$VWVHW,83.2,T,,M,14.54,N,26.93,K*49
$GPGGA,081303.00,5432.13275,N,01840.37829,E,1,12,1.0,19.5,M,26.5,M,,*53
$GPRMC,081303.00,A,5432.13275,N,01840.37829,E,15.00,83.7,140625,,,A*63
$GPVTG,83.7,T,,M,15.00,N,27.79,K,A*3E
$HEHDT,83.2,T*16
$VWVHW,83.2,T,,M,14.60,N,27.03,K*46
$GPGGA,081304.00,5432.13326,N,01840.38427,E,1,12,1.0,18.8,M,26.5,M,,*52
$GPRMC,081304.00,A,5432.13326,N,01840.38427,E,14.85,83.9,140625,,,A*6C
$GPVTG,83.9,T,,M,14.85,N,27.51,K,A*36
$HEHDT,83.2,T*16
$VWVHW,83.2,T,,M,14.47,N,26.80,K*49
$GPGGA,081305.00,5432.13398,N,01840.39185,E,1,12,1.0,19.0,M,26.5,M,,*53
$GPRMC,081305.00,A,5432.13398,N,01840.39185,E,14.82,83.8,140625,,,A*62
$GPVTG,83.8,T,,M,14.82,N,27.45,K,A*35
$HEHDT,83.6,T*12
$VWVHW,83.6,T,,M,14.56,N,26.97,K*4B
$GPGSV,2,1,08,03,64,043,48,08,41,098,45,11,23,153,41,14,49,208,47*77
$GPGSV,2,2,08,17,67,265,50,22,21,313,42,28,09,353,37,31,57,123,48*78
$GAGSV,2,1,05,04,50,073,45,09,36,183,44,12,66,238,48,24,11,288,38*65
$GAGSV,2,2,05,31,18,023,42*51
$GPZDA,081305.00,14,06,2025,00,00*6F
$GPGGA,081306.00,5432.13434,N,01840.39857,E,1,12,1.0,19.1,M,26.5,M,,*56
$GPRMC,081306.00,A,5432.13434,N,01840.39857,E,14.92,84.5,140625,,,A*6D
$GPVTG,84.5,T,,M,14.92,N,27.63,K,A*3A
$HEHDT,83.3,T*17
$VWVHW,83.3,T,,M,14.52,N,26.88,K*44
$GPGGA,081307.00,5432.13465,N,01840.40604,E,1,12,1.0,19.3,M,26.5,M,,*57
$GPRMC,081307.00,A,5432.13465,N,01840.40604,E,14.85,84.2,140625,,,A*6F
$GPVTG,84.2,T,,M,14.85,N,27.51,K,A*3A
$HEHDT,83.0,T*14
$VWVHW,83.0,T,,M,14.55,N,26.95,K*4C
$GPGGA,081308.00,5432.13498,N,01840.41244,E,1,12,1.0,19.3,M,26.5,M,,*5B
$GPRMC,081308.00,A,5432.13498,N,01840.41244,E,14.86,84.0,140625,,,A*62
$GPVTG,84.0,T,,M,14.86,N,27.53,K,A*39
$HEHDT,83.3,T*17
$VWVHW,83.3,T,,M,14.49,N,26.83,K*45
$GPGGA,081309.00,5432.13511,N,01840.41959,E,1,12,1.0,19.4,M,26.5,M,,*5A
$GPRMC,081309.00,A,5432.13511,N,01840.41959,E,14.78,84.1,140625,,,A*64
$GPVTG,84.1,T,,M,14.78,N,27.38,K,A*34
$HEHDT,83.4,T*10
$VWVHW,83.4,T,,M,14.46,N,26.78,K*49
$GPGGA,081310.00,5432.13599,N,01840.42710,E,1,12,1.0,19.9,M,26.5,M,,*5F
$GPRMC,081310.00,A,5432.13599,N,01840.42710,E,14.89,84.6,140625,,,A*65
$GPVTG,84.6,T,,M,14.89,N,27.58,K,A*3B
$HEHDT,83.5,T*11
$VWVHW,83.5,T,,M,14.37,N,26.61,K*46
$GPGSV,2,1,08,03,64,043,49,08,41,098,46,11,23,153,40,14,49,208,47*74
$GPGSV,2,2,08,17,67,265,50,22,21,313,41,28,09,353,38,31,57,123,49*75
$GAGSV,2,1,05,04,50,073,45,09,36,183,44,12,66,238,48,24,11,288,37*6A
$GAGSV,2,2,05,31,18,023,41*52
$GPZDA,081310.00,14,06,2025,00,00*6B
$GPGGA,081311.00,5432.13624,N,01840.43455,E,1,12,1.0,20.1,M,26.5,M,,*5A
$GPRMC,081311.00,A,5432.13624,N,01840.43455,E,14.85,84.1,140625,,,A*69
$GPVTG,84.1,T,,M,14.85,N,27.51,K,A*39
$HEHDT,83.0,T*14
$VWVHW,83.0,T,,M,14.67,N,27.17,K*46
$GPGGA,081312.00,5432.13610,N,01840.44098,E,1,12,1.0,19.4,M,26.5,M,,*53
$GPRMC,081312.00,A,5432.13610,N,01840.44098,E,14.76,83.6,140625,,,A*63
$GPVTG,83.6,T,,M,14.76,N,27.33,K,A*31
$HEHDT,83.2,T*16
$VWVHW,83.2,T,,M,14.42,N,26.71,K*42
$GPGGA,081313.00,5432.13703,N,01840.44850,E,1,12,1.0,19.1,M,26.5,M,,*58
$GPRMC,081313.00,A,5432.13703,N,01840.44850,E,14.95,83.7,140625,,,A*61
$GPVTG,83.7,T,,M,14.95,N,27.70,K,A*3A
$HEHDT,82.8,T*1D
$VWVHW,82.8,T,,M,14.54,N,26.92,K*43
$GPGGA,081314.00,5432.13698,N,01840.45537,E,1,12,1.0,19.2,M,26.5,M,,*52
$GPRMC,081314.00,A,5432.13698,N,01840.45537,E,14.87,83.8,140625,,,A*64
$GPVTG,83.8,T,,M,14.87,N,27.55,K,A*31
$HEHDT,83.5,T*11
$VWVHW,83.5,T,,M,14.34,N,26.55,K*42
$GPGGA,081315.00,5432.13816,N,01840.46235,E,1,12,1.1,19.4,M,26.5,M,,*5A
$GPRMC,081315.00,A,5432.13816,N,01840.46235,E,15.02,84.4,140625,,,A*6C
$GPVTG,84.4,T,,M,15.02,N,27.82,K,A*3C
$HEHDT,83.4,T*10
$VWVHW,83.4,T,,M,14.51,N,26.88,K*40
$GPGSV,2,1,08,03,64,043,48,08,41,098,46,11,23,153,40,14,49,208,46*74
$GPGSV,2,2,08,17,67,265,50,22,21,313,42,28,09,353,37,31,57,123,49*79
$GAGSV,2,1,05,04,50,073,47,09,36,183,45,12,66,238,49,24,11,288,37*68
$GAGSV,2,2,05,31,18,023,42*51
$GPZDA,081315.00,14,06,2025,00,00*6E
$GPGGA,081316.00,5432.13825,N,01840.47011,E,1,12,1.1,19.5,M,26.5,M,,*5D
$GPRMC,081316.00,A,5432.13825,N,01840.47011,E,14.87,84.2,140625,,,A*60
$GPVTG,84.2,T,,M,14.87,N,27.53,K,A*3A
$HEHDT,83.3,T*17
$VWVHW,83.3,T,,M,14.53,N,26.91,K*4D
$GPGGA,081317.00,5432.13888,N,01840.47670,E,1,12,1.1,19.1,M,26.5,M,,*5E
$GPRMC,081317.00,A,5432.13888,N,01840.47670,E,14.86,84.2,140625,,,A*66
$GPVTG,84.2,T,,M,14.86,N,27.52,K,A*3A
$HEHDT,83.2,T*16
$VWVHW,83.2,T,,M,14.50,N,26.85,K*4A
$GPGGA,081318.00,5432.13912,N,01840.48304,E,1,12,1.1,19.1,M,26.5,M,,*5A
$GPRMC,081318.00,A,5432.13912,N,01840.48304,E,14.76,83.8,140625,,,A*60
$GPVTG,83.8,T,,M,14.76,N,27.33,K,A*3F
$HEHDT,83.6,T*12
$VWVHW,83.6,T,,M,14.59,N,27.03,K*48
$GPGGA,081319.00,5432.13975,N,01840.49076,E,1,12,1.1,19.3,M,26.5,M,,*5F
$GPRMC,081319.00,A,5432.13975,N,01840.49076,E,14.87,83.9,140625,,,A*68
$GPVTG,83.9,T,,M,14.87,N,27.55,K,A*30
$HEHDT,83.3,T*17
$VWVHW,83.3,T,,M,14.43,N,26.73,K*40
$GPGGA,081320.00,5432.13945,N,01840.49837,E,1,12,1.1,18.5,M,26.5,M,,*5C
$GPRMC,081320.00,A,5432.13945,N,01840.49837,E,14.80,84.0,140625,,,A*65
$GPVTG,84.0,T,,M,14.80,N,27.42,K,A*3F
$HEHDT,83.0,T*14
$VWVHW,83.0,T,,M,14.52,N,26.89,K*46
$GPGSV,2,1,08,03,64,043,48,08,41,098,46,11,23,153,40,14,49,208,46*74
$GPGSV,2,2,08,17,67,265,50,22,21,313,42,28,09,353,38,31,57,123,48*77
$GAGSV,2,1,05,04,50,073,46,09,36,183,45,12,66,238,49,24,11,288,38*66
$GAGSV,2,2,05,31,18,023,42*51
$GPZDA,081320.00,14,06,2025,00,00*68
$GPGGA,081321.00,5432.14031,N,01840.50522,E,1,12,1.1,19.1,M,26.5,M,,*54
$GPRMC,081321.00,A,5432.14031,N,01840.50522,E,14.93,84.7,140625,,,A*6D
$GPVTG,84.7,T,,M,14.93,N,27.65,K,A*3F
$HEHDT,83.0,T*14
$VWVHW,83.0,T,,M,14.50,N,26.86,K*4B
$GPGGA,081322.00,5432.14052,N,01840.51234,E,1,12,1.1,19.1,M,26.5,M,,*53
$GPRMC,081322.00,A,5432.14052,N,01840.51234,E,14.67,83.9,140625,,,A*68
$GPVTG,83.9,T,,M,14.67,N,27.16,K,A*39
$HEHDT,83.6,T*12
$VWVHW,83.6,T,,M,14.47,N,26.79,K*4B
$GPGGA,081323.00,5432.14136,N,01840.51936,E,1,12,1.1,18.7,M,26.5,M,,*5F
$GPRMC,081323.00,A,5432.14136,N,01840.51936,E,15.03,84.4,140625,,,A*6A
$GPVTG,84.4,T,,M,15.03,N,27.84,K,A*3B
$HEHDT,83.2,T*16
$VWVHW,83.2,T,,M,14.59,N,27.02,K*4D
$GPGGA,081324.00,5432.14181,N,01840.52689,E,1,12,1.1,19.1,M,26.5,M,,*5B
$GPRMC,081324.00,A,5432.14181,N,01840.52689,E,14.77,84.3,140625,,,A*6C
$GPVTG,84.3,T,,M,14.77,N,27.36,K,A*37
$HEHDT,83.3,T*17
$VWVHW,83.3,T,,M,14.43,N,26.72,K*41
$GPGGA,081325.00,5432.14214,N,01840.53334,E,1,12,1.1,19.2,M,26.5,M,,*54
$GPRMC,081325.00,A,5432.14214,N,01840.53334,E,14.76,84.0,140625,,,A*62
$GPVTG,84.0,T,,M,14.76,N,27.33,K,A*30
$HEHDT,83.4,T*10
$VWVHW,83.4,T,,M,14.49,N,26.84,K*45
$GPGSV,2,1,08,03,64,043,48,08,41,098,46,11,23,153,41,14,49,208,45*76
$GPGSV,2,2,08,17,67,265,49,22,21,313,43,28,09,353,38,31,57,123,49*7F
$GAGSV,2,1,05,04,50,073,45,09,36,183,44,12,66,238,50,24,11,288,39*6D
$GAGSV,2,2,05,31,18,023,40*53
$GPZDA,081325.00,14,06,2025,00,00*6D
$GPGGA,081326.00,5432.14288,N,01840.54100,E,1,12,1.1,18.4,M,26.5,M,,*57
$GPRMC,081326.00,A,5432.14288,N,01840.54100,E,14.88,84.2,140625,,,A*65
$GPVTG,84.2,T,,M,14.88,N,27.56,K,A*30
$HEHDT,82.9,T*1C
$VWVHW,82.9,T,,M,14.58,N,27.00,K*44
$GPGGA,081327.00,5432.14306,N,01840.54864,E,1,12,1.1,18.8,M,26.5,M,,*56
$GPRMC,081327.00,A,5432.14306,N,01840.54864,E,14.73,83.8,140625,,,A*61
$GPVTG,83.8,T,,M,14.73,N,27.28,K,A*30
$HEHDT,83.1,T*15
$VWVHW,83.1,T,,M,14.53,N,26.91,K*4F
$GPGGA,081328.00,5432.14356,N,01840.55498,E,1,12,1.1,18.4,M,26.5,M,,*5E
$GPRMC,081328.00,A,5432.14356,N,01840.55498,E,14.86,84.3,140625,,,A*63
$GPVTG,84.3,T,,M,14.86,N,27.51,K,A*38
$HEHDT,83.3,T*17
$VWVHW,83.3,T,,M,14.56,N,26.97,K*4E
$GPGGA,081329.00,5432.14368,N,01840.56214,E,1,12,1.1,18.1,M,26.5,M,,*56
$GPRMC,081329.00,A,5432.14368,N,01840.56214,E,14.79,84.2,140625,,,A*6F
$GPVTG,84.2,T,,M,14.79,N,27.39,K,A*37
$HEHDT,83.4,T*10
$VWVHW,83.4,T,,M,14.47,N,26.81,K*4E
$GPGGA,081330.00,5432.14431,N,01840.57021,E,1,12,1.1,18.5,M,26.5,M,,*54
$GPRMC,081330.00,A,5432.14431,N,01840.57021,E,14.81,84.1,140625,,,A*6D
$GPVTG,84.1,T,,M,14.81,N,27.42,K,A*3F
$HEHDT,83.4,T*10
$VWVHW,83.4,T,,M,14.40,N,26.68,K*4E
$GPGSV,2,1,08,03,64,043,49,08,41,098,45,11,23,153,41,14,49,208,46*77
$GPGSV,2,2,08,17,67,265,50,22,21,313,42,28,09,353,38,31,57,123,48*77
$GAGSV,2,1,05,04,50,073,47,09,36,183,45,12,66,238,48,24,11,288,39*67
$GAGSV,2,2,05,31,18,023,42*51
$GPZDA,081330.00,14,06,2025,00,00*69
$GPGGA,081331.00,5432.14446,N,01840.57632,E,1,12,1.1,18.6,M,26.5,M,,*52
$GPRMC,081331.00,A,5432.14446,N,01840.57632,E,14.85,84.3,140625,,,A*6E
$GPVTG,84.3,T,,M,14.85,N,27.51,K,A*3B
$HEHDT,83.7,T*13
$VWVHW,83.7,T,,M,14.61,N,27.06,K*47
$GPGGA,081332.00,5432.14495,N,01840.58276,E,1,12,1.1,18.5,M,26.5,M,,*57
$GPRMC,081332.00,A,5432.14495,N,01840.58276,E,14.92,84.1,140625,,,A*6C
$GPVTG,84.1,T,,M,14.92,N,27.64,K,A*39
$HEHDT,82.7,T*12
$VWVHW,82.7,T,,M,14.44,N,26.75,K*44
$GPGGA,081333.00,5432.14536,N,01840.59121,E,1,12,1.1,19.3,M,26.5,M,,*59
$GPRMC,081333.00,A,5432.14536,N,01840.59121,E,14.86,84.3,140625,,,A*62
$GPVTG,84.3,T,,M,14.86,N,27.53,K,A*3A
$HEHDT,83.0,T*14
$VWVHW,83.0,T,,M,14.51,N,26.87,K*4B
$GPGGA,081334.00,5432.14581,N,01840.59843,E,1,12,1.1,18.4,M,26.5,M,,*59
$GPRMC,081334.00,A,5432.14581,N,01840.59843,E,14.74,83.9,140625,,,A*64
$GPVTG,83.9,T,,M,14.74,N,27.31,K,A*3E
$HEHDT,83.2,T*16
$VWVHW,83.2,T,,M,14.40,N,26.68,K*48
$GPGGA,081335.00,5432.14618,N,01840.60567,E,1,12,1.1,18.7,M,26.5,M,,*59
$GPRMC,081335.00,A,5432.14618,N,01840.60567,E,14.89,84.3,140625,,,A*68
$GPVTG,84.3,T,,M,14.89,N,27.58,K,A*3E
$HEHDT,83.0,T*14
$VWVHW,83.0,T,,M,14.48,N,26.83,K*47
$GPGSV,2,1,08,03,64,043,49,08,41,098,46,11,23,153,41,14,49,208,47*75
$GPGSV,2,2,08,17,67,265,49,22,21,313,40,28,09,353,38,31,57,123,48*7D
$GAGSV,2,1,05,04,50,073,47,09,36,183,44,12,66,238,49,24,11,288,37*69
$GAGSV,2,2,05,31,18,023,41*52
$GPZDA,081335.00,14,06,2025,00,00*6C
$GPGGA,081336.00,5432.14683,N,01840.61201,E,1,12,1.1,19.2,M,26.5,M,,*5A
$GPRMC,081336.00,A,5432.14683,N,01840.61201,E,14.90,83.9,140625,,,A*6A
$GPVTG,83.9,T,,M,14.90,N,27.60,K,A*30
$HEHDT,83.5,T*11
$VWVHW,83.5,T,,M,14.44,N,26.74,K*46
$GPGGA,081337.00,5432.14719,N,01840.61897,E,1,12,1.1,19.1,M,26.5,M,,*5F
$GPRMC,081337.00,A,5432.14719,N,01840.61897,E,14.71,83.9,140625,,,A*63
$GPVTG,83.9,T,,M,14.71,N,27.25,K,A*3E
$HEHDT,83.3,T*17
$VWVHW,83.3,T,,M,14.34,N,26.56,K*47
$GPGGA,081338.00,5432.14745,N,01840.62625,E,1,12,1.1,18.8,M,26.5,M,,*55
$GPRMC,081338.00,A,5432.14745,N,01840.62625,E,14.72,83.5,140625,,,A*6E
$GPVTG,83.5,T,,M,14.72,N,27.26,K,A*32
$HEHDT,83.0,T*14
$VWVHW,83.0,T,,M,14.37,N,26.62,K*40
$GPGGA,081339.00,5432.14789,N,01840.63318,E,1,12,1.1,18.8,M,26.5,M,,*5E
$GPRMC,081339.00,A,5432.14789,N,01840.63318,E,14.82,83.8,140625,,,A*67
$GPVTG,83.8,T,,M,14.82,N,27.44,K,A*34
$HEHDT,83.2,T*16
$VWVHW,83.2,T,,M,14.55,N,26.94,K*4F
$GPGGA,081340.00,5432.14808,N,01840.63984,E,1,12,1.1,19.1,M,26.5,M,,*51
$GPRMC,081340.00,A,5432.14808,N,01840.63984,E,14.78,84.3,140625,,,A*69
$GPVTG,84.3,T,,M,14.78,N,27.38,K,A*36
$HEHDT,83.4,T*10
$VWVHW,83.4,T,,M,14.51,N,26.87,K*4F
$GPGSV,2,1,08,03,64,043,49,08,41,098,46,11,23,153,42,14,49,208,47*76
$GPGSV,2,2,08,17,67,265,49,22,21,313,41,28,09,353,38,31,57,123,48*7C
$GAGSV,2,1,05,04,50,073,46,09,36,183,44,12,66,238,50,24,11,288,37*60
$GAGSV,2,2,05,31,18,023,41*52
$GPZDA,081340.00,14,06,2025,00,00*6E
$GPGGA,081341.00,5432.14886,N,01840.64672,E,1,12,1.1,19.3,M,26.5,M,,*55
$GPRMC,081341.00,A,5432.14886,N,01840.64672,E,14.74,84.0,140625,,,A*60
$GPVTG,84.0,T,,M,14.74,N,27.30,K,A*31
$HEHDT,83.1,T*15
$VWVHW,83.1,T,,M,14.57,N,26.97,K*4D
$GPGGA,081342.00,5432.14878,N,01840.65401,E,1,12,1.1,18.7,M,26.5,M,,*55
$GPRMC,081342.00,A,5432.14878,N,01840.65401,E,14.88,83.7,140625,,,A*66
$GPVTG,83.7,T,,M,14.88,N,27.56,K,A*32
$HEHDT,83.6,T*12
$VWVHW,83.6,T,,M,14.50,N,26.86,K*4D
$GPGGA,081343.00,5432.14948,N,01840.66133,E,1,12,1.1,18.8,M,26.5,M,,*5E
$GPRMC,081343.00,A,5432.14948,N,01840.66133,E,14.72,84.2,140625,,,A*65
$GPVTG,84.2,T,,M,14.72,N,27.26,K,A*32
$HEHDT,83.4,T*10
$VWVHW,83.4,T,,M,14.57,N,26.99,K*46
$GPGGA,081344.00,5432.14967,N,01840.66764,E,1,12,1.1,19.3,M,26.5,M,,*5A
$GPRMC,081344.00,A,5432.14967,N,01840.66764,E,14.88,84.0,140625,,,A*6C
$GPVTG,84.0,T,,M,14.88,N,27.55,K,A*31
$HEHDT,82.9,T*1C
$VWVHW,82.9,T,,M,14.43,N,26.72,K*4A
$GPGGA,081345.00,5432.15047,N,01840.67506,E,1,12,1.1,18.6,M,26.5,M,,*52
$GPRMC,081345.00,A,5432.15047,N,01840.67506,E,14.81,84.2,140625,,,A*6B
$GPVTG,84.2,T,,M,14.81,N,27.42,K,A*3C
$HEHDT,83.3,T*17
$VWVHW,83.3,T,,M,14.39,N,26.66,K*49
$GPGSV,2,1,08,03,64,043,47,08,41,098,46,11,23,153,42,14,48,208,47*79
$GPGSV,2,2,08,17,67,265,48,22,21,313,41,28,09,353,40,31,57,123,49*73
$GAGSV,2,1,05,04,50,073,48,09,36,183,45,12,66,238,48,24,11,288,37*66
$GAGSV,2,2,05,31,18,023,41*52
$GPZDA,081345.00,14,06,2025,00,00*6B
$GPGGA,081346.00,5432.15109,N,01840.68182,E,1,12,1.1,18.1,M,26.5,M,,*5A
$GPRMC,081346.00,A,5432.15109,N,01840.68182,E,14.82,84.0,140625,,,A*65
$GPVTG,84.0,T,,M,14.82,N,27.45,K,A*3A
$HEHDT,83.2,T*16
$VWVHW,83.2,T,,M,14.45,N,26.75,K*41
$GPGGA,081347.00,5432.15095,N,01840.68962,E,1,12,1.1,17.9,M,26.5,M,,*5E
$GPRMC,081347.00,A,5432.15095,N,01840.68962,E,14.84,84.2,140625,,,A*62
$GPVTG,84.2,T,,M,14.84,N,27.49,K,A*32
$HEHDT,83.4,T*10
$VWVHW,83.4,T,,M,14.47,N,26.79,K*49
$GPGGA,081348.00,5432.15139,N,01840.69671,E,1,12,1.1,18.5,M,26.5,M,,*59
$GPRMC,081348.00,A,5432.15139,N,01840.69671,E,14.71,83.7,140625,,,A*6E
$GPVTG,83.7,T,,M,14.71,N,27.24,K,A*31
$HEHDT,82.9,T*1C
$VWVHW,82.9,T,,M,14.37,N,26.61,K*4B
$GPGGA,081349.00,5432.15213,N,01840.70425,E,1,12,1.1,17.9,M,26.5,M,,*5B
$GPRMC,081349.00,A,5432.15213,N,01840.70425,E,14.93,84.3,140625,,,A*60
$GPVTG,84.3,T,,M,14.93,N,27.65,K,A*3B
$HEHDT,83.1,T*15
$VWVHW,83.1,T,,M,14.47,N,26.80,K*4A
$GPGGA,081350.00,5432.15225,N,01840.71058,E,1,12,1.1,18.4,M,26.5,M,,*5B
$GPRMC,081350.00,A,5432.15225,N,01840.71058,E,14.71,83.9,140625,,,A*63
$GPVTG,83.9,T,,M,14.71,N,27.24,K,A*3F
$HEHDT,83.2,T*16
$VWVHW,83.2,T,,M,14.52,N,26.88,K*45
$GPGSV,2,1,08,03,64,043,48,08,41,098,46,11,23,153,42,14,48,208,46*77
$GPGSV,2,2,08,17,67,265,48,22,21,313,41,28,09,353,39,31,57,123,47*73
$GAGSV,2,1,05,04,50,073,46,09,36,183,45,12,66,238,48,24,11,288,37*68
$GAGSV,2,2,05,31,18,023,41*52
$GPZDA,081350.00,14,06,2025,00,00*6F
$GPGGA,081351.00,5432.15266,N,01840.71783,E,1,12,1.1,17.8,M,26.5,M,,*5F
$GPRMC,081351.00,A,5432.15266,N,01840.71783,E,14.73,84.5,140625,,,A*6D
$GPVTG,84.5,T,,M,14.73,N,27.29,K,A*3B
$HEHDT,83.3,T*17
$VWVHW,83.3,T,,M,14.45,N,26.75,K*40
$GPGGA,081352.00,5432.15328,N,01840.72540,E,1,12,1.1,17.9,M,26.5,M,,*58
$GPRMC,081352.00,A,5432.15328,N,01840.72540,E,14.89,84.2,140625,,,A*69
$GPVTG,84.2,T,,M,14.89,N,27.57,K,A*30
$HEHDT,83.2,T*16
$VWVHW,83.2,T,,M,14.45,N,26.77,K*43
$GPGGA,081353.00,5432.15336,N,01840.73163,E,1,12,1.1,17.8,M,26.5,M,,*53
$GPRMC,081353.00,A,5432.15336,N,01840.73163,E,14.82,84.7,140625,,,A*6D
$GPVTG,84.7,T,,M,14.82,N,27.44,K,A*3C
$HEHDT,83.3,T*17
$VWVHW,83.3,T,,M,14.45,N,26.75,K*40
$GPGGA,081354.00,5432.15425,N,01840.73976,E,1,12,1.1,17.5,M,26.5,M,,*50
$GPRMC,081354.00,A,5432.15425,N,01840.73976,E,14.80,83.8,140625,,,A*69
$GPVTG,83.8,T,,M,14.80,N,27.42,K,A*30
$HEHDT,83.4,T*10
$VWVHW,83.4,T,,M,14.50,N,26.85,K*4C
$GPGGA,081355.00,5432.15487,N,01840.74564,E,1,12,1.1,17.6,M,26.5,M,,*52
$GPRMC,081355.00,A,5432.15487,N,01840.74564,E,14.76,83.6,140625,,,A*6F
$GPVTG,83.6,T,,M,14.76,N,27.34,K,A*36
$HEHDT,83.3,T*17
$VWVHW,83.3,T,,M,14.62,N,27.07,K*41
$GPGSV,2,1,08,03,64,043,48,08,41,098,46,11,23,153,40,14,48,208,47*74
$GPGSV,2,2,08,17,67,265,49,22,21,313,41,28,09,353,39,31,57,123,47*72
$GAGSV,2,1,05,04,50,073,46,09,36,183,44,12,66,238,49,24,11,288,37*68
$GAGSV,2,2,05,31,18,023,42*51
$GPZDA,081355.00,14,06,2025,00,00*6A
$GPGGA,081356.00,5432.15494,N,01840.75277,E,1,12,1.1,17.1,M,26.5,M,,*50
$GPRMC,081356.00,A,5432.15494,N,01840.75277,E,14.89,83.9,140625,,,A*65
$GPVTG,83.9,T,,M,14.89,N,27.59,K,A*32
$HEHDT,83.2,T*16
$VWVHW,83.2,T,,M,14.48,N,26.82,K*44
$GPGGA,081357.00,5432.15543,N,01840.75974,E,1,12,1.1,18.0,M,26.5,M,,*5C
$GPRMC,081357.00,A,5432.15543,N,01840.75974,E,14.83,84.1,140625,,,A*62
$GPVTG,84.1,T,,M,14.83,N,27.46,K,A*39
$HEHDT,83.1,T*15
$VWVHW,83.1,T,,M,14.45,N,26.76,K*41
$GPGGA,081358.00,5432.15609,N,01840.76716,E,1,12,1.1,18.6,M,26.5,M,,*51
$GPRMC,081358.00,A,5432.15609,N,01840.76716,E,14.80,84.6,140625,,,A*6D
$GPVTG,84.6,T,,M,14.80,N,27.41,K,A*3A
$HEHDT,83.3,T*17
$VWVHW,83.3,T,,M,14.40,N,26.66,K*47
$GPGGA,081359.00,5432.15609,N,01840.77439,E,1,12,1.1,18.2,M,26.5,M,,*5B
$GPRMC,081359.00,A,5432.15609,N,01840.77439,E,14.89,83.1,140625,,,A*6A
$GPVTG,83.1,T,,M,14.89,N,27.58,K,A*3B
$HEHDT,82.7,T*12
$VWVHW,82.7,T,,M,14.45,N,26.77,K*47
$GPGGA,081400.00,5432.15668,N,01840.78145,E,1,12,1.1,18.1,M,26.5,M,,*55
$GPRMC,081400.00,A,5432.15668,N,01840.78145,E,15.06,84.5,140625,,,A*62
$GPVTG,84.5,T,,M,15.06,N,27.89,K,A*32
$HEHDT,83.3,T*17
$VWVHW,83.3,T,,M,14.33,N,26.54,K*42
$GPGSV,2,1,08,03,64,043,47,08,41,098,45,11,23,153,40,14,48,208,47*78
$GPGSV,2,2,08,17,67,265,49,22,21,313,41,28,09,353,39,31,57,123,47*72
$GAGSV,2,1,05,04,50,073,47,09,36,183,45,12,66,238,49,24,11,288,38*67
$GAGSV,2,2,05,31,18,023,41*52
$GPZDA,081400.00,14,06,2025,00,00*6D
$GPGGA,081401.00,5432.15774,N,01840.78840,E,1,12,1.1,18.7,M,26.5,M,,*52
$GPRMC,081401.00,A,5432.15774,N,01840.78840,E,14.95,84.3,140625,,,A*6E
$GPVTG,84.3,T,,M,14.95,N,27.69,K,A*31
$HEHDT,83.5,T*11
$VWVHW,83.5,T,,M,14.54,N,26.92,K*4F
$GPGGA,081402.00,5432.15777,N,01840.79543,E,1,12,1.1,18.8,M,26.5,M,,*52
$GPRMC,081402.00,A,5432.15777,N,01840.79543,E,14.85,84.0,140625,,,A*63
$GPVTG,84.0,T,,M,14.85,N,27.50,K,A*39
$HEHDT,83.2,T*16
$VWVHW,83.2,T,,M,14.44,N,26.73,K*46
$GPGGA,081403.00,5432.15836,N,01840.80227,E,1,12,1.1,18.3,M,26.5,M,,*51
$GPRMC,081403.00,A,5432.15836,N,01840.80227,E,14.73,84.4,140625,,,A*66
$GPVTG,84.4,T,,M,14.73,N,27.29,K,A*3A
$HEHDT,83.1,T*15
$VWVHW,83.1,T,,M,14.47,N,26.80,K*4A
$GPGGA,081404.00,5432.15868,N,01840.80929,E,1,12,1.1,18.3,M,26.5,M,,*58
$GPRMC,081404.00,A,5432.15868,N,01840.80929,E,14.85,85.1,140625,,,A*62
$GPVTG,85.1,T,,M,14.85,N,27.50,K,A*39
$HEHDT,83.2,T*16
$VWVHW,83.2,T,,M,14.47,N,26.79,K*4F
$GPGGA,081405.00,5432.15900,N,01840.81672,E,1,12,1.1,18.8,M,26.5,M,,*5D
$GPRMC,081405.00,A,5432.15900,N,01840.81672,E,14.79,84.0,140625,,,A*6F
$GPVTG,84.0,T,,M,14.79,N,27.39,K,A*35
$HEHDT,83.3,T*17
$VWVHW,83.3,T,,M,14.50,N,26.85,K*4B
$GPGSV,2,1,08,03,64,043,47,08,41,098,45,11,23,153,40,14,48,208,47*78
$GPGSV,2,2,08,17,67,265,48,22,21,313,42,28,09,353,38,31,57,123,46*70
$GAGSV,2,1,05,04,50,073,47,09,36,183,45,12,66,238,50,24,11,288,37*60
$GAGSV,2,2,05,31,18,023,40*53
$GPZDA,081405.00,14,06,2025,00,00*68
$GPGGA,081406.00,5432.15917,N,01840.82454,E,1,12,1.1,18.7,M,26.5,M,,*52
$GPRMC,081406.00,A,5432.15917,N,01840.82454,E,14.75,84.4,140625,,,A*67
$GPVTG,84.4,T,,M,14.75,N,27.31,K,A*35
$HEHDT,83.4,T*10
$VWVHW,83.4,T,,M,14.50,N,26.85,K*4C
$GPGGA,081407.00,5432.15985,N,01840.83066,E,1,12,1.1,18.5,M,26.5,M,,*5E
$GPRMC,081407.00,A,5432.15985,N,01840.83066,E,14.87,84.1,140625,,,A*61
$GPVTG,84.1,T,,M,14.87,N,27.53,K,A*39
$HEHDT,82.9,T*1C
$VWVHW,82.9,T,,M,14.45,N,26.76,K*48
$GPGGA,081408.00,5432.16051,N,01840.83793,E,1,12,1.1,18.7,M,26.5,M,,*5D
$GPRMC,081408.00,A,5432.16051,N,01840.83793,E,14.83,83.6,140625,,,A*64
$GPVTG,83.6,T,,M,14.83,N,27.46,K,A*39
$HEHDT,83.3,T*17
$VWVHW,83.3,T,,M,14.46,N,26.79,K*4F
$GPGGA,081409.00,5432.16063,N,01840.84494,E,1,12,1.1,18.4,M,26.5,M,,*5D
$GPRMC,081409.00,A,5432.16063,N,01840.84494,E,14.86,84.4,140625,,,A*67
$GPVTG,84.4,T,,M,14.86,N,27.52,K,A*3C
$HEHDT,83.0,T*14
$VWVHW,83.0,T,,M,14.54,N,26.93,K*4B
$GPGGA,081410.00,5432.16170,N,01840.85268,E,1,12,1.1,17.7,M,26.5,M,,*5E
$GPRMC,081410.00,A,5432.16170,N,01840.85268,E,14.84,83.7,140625,,,A*6E
$GPVTG,83.7,T,,M,14.84,N,27.48,K,A*31
$HEHDT,83.3,T*17
$VWVHW,83.3,T,,M,14.52,N,26.90,K*4D
$GPGSV,2,1,08,03,64,043,47,08,41,098,46,11,23,153,40,14,48,208,47*7B
$GPGSV,2,2,08,17,67,265,48,22,21,313,42,28,09,353,38,31,57,123,47*71
$GAGSV,2,1,05,04,50,073,46,09,36,183,44,12,66,238,49,24,11,288,37*68
$GAGSV,2,2,05,31,18,023,40*53
$GPZDA,081410.00,14,06,2025,00,00*6C
$GPGGA,081411.00,5432.16160,N,01840.85893,E,1,12,1.1,18.4,M,26.5,M,,*5C
$GPRMC,081411.00,A,5432.16160,N,01840.85893,E,14.83,84.3,140625,,,A*64
$GPVTG,84.3,T,,M,14.83,N,27.46,K,A*3B
$HEHDT,83.0,T*14
$VWVHW,83.0,T,,M,14.41,N,26.68,K*4B
$GPGGA,081412.00,5432.16215,N,01840.86583,E,1,12,1.1,18.3,M,26.5,M,,*56
$GPRMC,081412.00,A,5432.16215,N,01840.86583,E,14.82,84.1,140625,,,A*6A
$GPVTG,84.1,T,,M,14.82,N,27.45,K,A*3B
$HEHDT,83.3,T*17
$VWVHW,83.3,T,,M,14.41,N,26.68,K*48
$GPGGA,081413.00,5432.16235,N,01840.87271,E,1,12,1.1,18.0,M,26.5,M,,*5D
$GPRMC,081413.00,A,5432.16235,N,01840.87271,E,14.95,84.3,140625,,,A*66
$GPVTG,84.3,T,,M,14.95,N,27.69,K,A*31
$HEHDT,83.3,T*17
$VWVHW,83.3,T,,M,14.64,N,27.12,K*43
$GPGGA,081414.00,5432.16318,N,01840.87977,E,1,12,1.1,17.6,M,26.5,M,,*50
$GPRMC,081414.00,A,5432.16318,N,01840.87977,E,14.80,83.1,140625,,,A*63
$GPVTG,83.1,T,,M,14.80,N,27.42,K,A*39
$HEHDT,83.0,T*14
$VWVHW,83.0,T,,M,14.40,N,26.68,K*4A
$GPGGA,081415.00,5432.16308,N,01840.88706,E,1,12,1.1,18.5,M,26.5,M,,*5B
$GPRMC,081415.00,A,5432.16308,N,01840.88706,E,14.86,84.0,140625,,,A*64
$GPVTG,84.0,T,,M,14.86,N,27.52,K,A*38
$HEHDT,82.8,T*1D
$VWVHW,82.8,T,,M,14.43,N,26.73,K*4A
$GPGSV,2,1,08,03,64,043,48,08,41,098,44,11,23,153,40,14,48,208,48*79
$GPGSV,2,2,08,17,67,265,48,22,21,313,42,28,09,353,38,31,57,123,47*71
$GAGSV,2,1,05,04,50,073,46,09,36,183,46,12,66,238,49,24,10,288,38*64
$GAGSV,2,2,05,31,18,023,40*53
$GPZDA,081415.00,14,06,2025,00,00*69
$GPGGA,081416.00,5432.16412,N,01840.89367,E,1,12,1.1,18.2,M,26.5,M,,*51
$GPRMC,081416.00,A,5432.16412,N,01840.89367,E,14.87,84.0,140625,,,A*68
$GPVTG,84.0,T,,M,14.87,N,27.54,K,A*3F
$HEHDT,83.2,T*16
$VWVHW,83.2,T,,M,14.56,N,26.96,K*4E
$GPGGA,081417.00,5432.16435,N,01840.90054,E,1,12,1.1,17.9,M,26.5,M,,*5A
$GPRMC,081417.00,A,5432.16435,N,01840.90054,E,14.94,83.8,140625,,,A*6A
$GPVTG,83.8,T,,M,14.94,N,27.66,K,A*33
$HEHDT,83.2,T*16
$VWVHW,83.2,T,,M,14.57,N,26.98,K*41
$GPGGA,081418.00,5432.16451,N,01840.90727,E,1,12,1.1,18.2,M,26.5,M,,*50
$GPRMC,081418.00,A,5432.16451,N,01840.90727,E,14.71,84.4,140625,,,A*64
$GPVTG,84.4,T,,M,14.71,N,27.24,K,A*35
$HEHDT,83.3,T*17
$VWVHW,83.3,T,,M,14.43,N,26.72,K*41
$GPGGA,081419.00,5432.16508,N,01840.91461,E,1,12,1.1,17.9,M,26.5,M,,*58
$GPRMC,081419.00,A,5432.16508,N,01840.91461,E,14.85,84.0,140625,,,A*67
$GPVTG,84.0,T,,M,14.85,N,27.51,K,A*38
$HEHDT,83.0,T*14
$VWVHW,83.0,T,,M,14.52,N,26.89,K*46
$GPGGA,081420.00,5432.16582,N,01840.92230,E,1,12,1.1,17.4,M,26.5,M,,*5C
$GPRMC,081420.00,A,5432.16582,N,01840.92230,E,14.79,84.2,140625,,,A*6F
$GPVTG,84.2,T,,M,14.79,N,27.40,K,A*39
$HEHDT,83.1,T*15
$VWVHW,83.1,T,,M,14.55,N,26.95,K*4D
$GPGSV,2,1,08,03,64,043,48,08,41,098,45,11,23,153,40,14,48,208,47*77
$GPGSV,2,2,08,17,67,265,48,22,21,313,42,28,09,353,39,31,57,123,47*70
$GAGSV,2,1,05,04,50,073,46,09,36,183,45,12,66,238,50,24,10,288,37*60
$GAGSV,2,2,05,31,18,023,40*53
$GPZDA,081420.00,14,06,2025,00,00*6F
$GPGGA,081421.00,5432.16601,N,01840.92886,E,1,12,1.1,18.5,M,26.5,M,,*5C
$GPRMC,081421.00,A,5432.16601,N,01840.92886,E,15.03,83.7,140625,,,A*6F
$GPVTG,83.7,T,,M,15.03,N,27.84,K,A*3F
$HEHDT,83.1,T*15
$VWVHW,83.1,T,,M,14.59,N,27.01,K*4D
$GPGGA,081422.00,5432.16639,N,01840.93587,E,1,12,1.1,18.0,M,26.5,M,,*5C
$GPRMC,081422.00,A,5432.16639,N,01840.93587,E,14.88,84.1,140625,,,A*69
$GPVTG,84.1,T,,M,14.88,N,27.56,K,A*33
$HEHDT,83.0,T*14
$VWVHW,83.0,T,,M,14.63,N,27.09,K*4D
$GPGGA,081423.00,5432.16648,N,01840.94326,E,1,12,1.1,18.5,M,26.5,M,,*54
$GPRMC,081423.00,A,5432.16648,N,01840.94326,E,14.77,84.2,140625,,,A*67
$GPVTG,84.2,T,,M,14.77,N,27.36,K,A*36
$HEHDT,83.1,T*15
$VWVHW,83.1,T,,M,14.55,N,26.94,K*4C
$GPGGA,081424.00,5432.16733,N,01840.94983,E,1,12,1.1,18.0,M,26.5,M,,*5E
$GPRMC,081424.00,A,5432.16733,N,01840.94983,E,14.78,84.4,140625,,,A*61
$GPVTG,84.4,T,,M,14.78,N,27.38,K,A*31
$HEHDT,82.5,T*10
$VWVHW,82.5,T,,M,14.64,N,27.11,K*47
$GPGGA,081425.00,5432.16751,N,01840.95711,E,1,12,1.1,17.5,M,26.5,M,,*55
$GPRMC,081425.00,A,5432.16751,N,01840.95711,E,14.86,84.0,140625,,,A*65
$GPVTG,84.0,T,,M,14.86,N,27.51,K,A*3B
$HEHDT,83.3,T*17
$VWVHW,83.3,T,,M,14.60,N,27.03,K*47
$GPGSV,2,1,08,03,64,043,47,08,41,098,44,11,23,153,40,14,48,208,47*79
$GPGSV,2,2,08,17,67,265,48,22,21,313,42,28,09,353,39,31,57,123,46*71
$GAGSV,2,1,05,04,50,073,46,09,36,183,46,12,66,238,49,24,10,288,38*64
$GAGSV,2,2,05,31,18,023,39*5D
$GPZDA,081425.00,14,06,2025,00,00*6A
$GPGGA,081426.00,5432.16822,N,01840.96404,E,1,12,1.1,17.6,M,26.5,M,,*5A
$GPRMC,081426.00,A,5432.16822,N,01840.96404,E,14.78,84.3,140625,,,A*6B
$GPVTG,84.3,T,,M,14.78,N,27.38,K,A*36
$HEHDT,83.1,T*15
$VWVHW,83.1,T,,M,14.49,N,26.83,K*47
$GPGGA,081427.00,5432.16827,N,01840.97136,E,1,12,1.1,18.3,M,26.5,M,,*51
$GPRMC,081427.00,A,5432.16827,N,01840.97136,E,14.93,84.0,140625,,,A*6C
$GPVTG,84.0,T,,M,14.93,N,27.66,K,A*3B
$HEHDT,83.0,T*14
$VWVHW,83.0,T,,M,14.57,N,26.98,K*43
$GPGGA,081428.00,5432.16883,N,01840.97883,E,1,12,1.1,18.1,M,26.5,M,,*55
$GPRMC,081428.00,A,5432.16883,N,01840.97883,E,15.03,84.1,140625,,,A*63
$GPVTG,84.1,T,,M,15.03,N,27.83,K,A*39
$HEHDT,83.2,T*16
$VWVHW,83.2,T,,M,14.51,N,26.86,K*48
$GPGGA,081429.00,5432.16922,N,01840.98603,E,1,12,1.1,18.1,M,26.5,M,,*57
$GPRMC,081429.00,A,5432.16922,N,01840.98603,E,14.91,84.4,140625,,,A*6E
$GPVTG,84.4,T,,M,14.91,N,27.61,K,A*3A
$HEHDT,83.4,T*10
$VWVHW,83.4,T,,M,14.52,N,26.88,K*43
$GPGGA,081430.00,5432.16980,N,01840.99223,E,1,12,1.1,17.5,M,26.5,M,,*5B
$GPRMC,081430.00,A,5432.16980,N,01840.99223,E,14.78,84.0,140625,,,A*6A
$GPVTG,84.0,T,,M,14.78,N,27.38,K,A*35
$HEHDT,83.0,T*14
$VWVHW,83.0,T,,M,14.58,N,27.00,K*4C
$GPGSV,2,1,08,03,64,043,48,08,41,098,44,11,23,153,41,14,48,208,47*77
$GPGSV,2,2,08,17,67,265,48,22,21,313,42,28,09,353,39,31,57,123,46*71
$GAGSV,2,1,05,04,50,073,47,09,36,183,45,12,66,238,50,24,10,288,37*61
$GAGSV,2,2,05,31,18,023,39*5D
$GPZDA,081430.00,14,06,2025,00,00*6E
$GPGGA,081431.00,5432.17008,N,01841.00007,E,1,12,1.1,17.9,M,26.5,M,,*5B
$GPRMC,081431.00,A,5432.17008,N,01841.00007,E,14.86,83.7,140625,,,A*67
$GPVTG,83.7,T,,M,14.86,N,27.53,K,A*39
$HEHDT,83.3,T*17
$VWVHW,83.3,T,,M,14.50,N,26.85,K*4B
$GPGGA,081432.00,5432.17089,N,01841.00678,E,1,12,1.1,18.1,M,26.5,M,,*58
$GPRMC,081432.00,A,5432.17089,N,01841.00678,E,14.97,84.1,140625,,,A*62
$GPVTG,84.1,T,,M,14.97,N,27.72,K,A*3B
$HEHDT,83.7,T*13
$VWVHW,83.7,T,,M,14.50,N,26.85,K*4F
$GPGGA,081433.00,5432.17142,N,01841.01464,E,1,12,1.1,17.3,M,26.5,M,,*5C
$GPRMC,081433.00,A,5432.17142,N,01841.01464,E,14.96,84.0,140625,,,A*6B
$GPVTG,84.0,T,,M,14.96,N,27.71,K,A*38
$HEHDT,83.9,T*1D
$VWVHW,83.9,T,,M,14.55,N,26.94,K*44
$GPGGA,081434.00,5432.17214,N,01841.02236,E,1,12,1.1,17.0,M,26.5,M,,*5A
$GPRMC,081434.00,A,5432.17214,N,01841.02236,E,14.92,83.6,140625,,,A*6B
$GPVTG,83.6,T,,M,14.92,N,27.63,K,A*3E
$HEHDT,83.1,T*15
$VWVHW,83.1,T,,M,14.70,N,27.22,K*47
$GPGGA,081435.00,5432.17214,N,01841.02927,E,1,12,1.1,17.5,M,26.5,M,,*55
$GPRMC,081435.00,A,5432.17214,N,01841.02927,E,14.88,84.1,140625,,,A*6A
$GPVTG,84.1,T,,M,14.88,N,27.55,K,A*30
$HEHDT,83.3,T*17
$VWVHW,83.3,T,,M,14.64,N,27.12,K*43
$GPGSV,2,1,08,03,64,044,47,08,41,098,45,11,23,154,40,14,48,208,48*77
$GPGSV,2,2,08,17,67,266,48,22,21,314,43,28,09,354,39,31,57,124,48*7A
$GAGSV,2,1,05,04,50,074,47,09,36,184,46,12,66,238,50,24,10,288,38*6D
$GAGSV,2,2,05,31,18,024,39*5A
$GPZDA,081435.00,14,06,2025,00,00*6B
$GPGGA,081436.00,5432.17247,N,01841.03585,E,1,12,1.1,17.2,M,26.5,M,,*52
$GPRMC,081436.00,A,5432.17247,N,01841.03585,E,14.95,84.0,140625,,,A*67
$GPVTG,84.0,T,,M,14.95,N,27.68,K,A*33
$HEHDT,83.2,T*16
$VWVHW,83.2,T,,M,14.48,N,26.82,K*44
$GPGGA,081437.00,5432.17299,N,01841.04307,E,1,12,1.1,17.8,M,26.5,M,,*51
$GPRMC,081437.00,A,5432.17299,N,01841.04307,E,14.80,84.0,140625,,,A*6A
$GPVTG,84.0,T,,M,14.80,N,27.41,K,A*3C
$HEHDT,83.2,T*16
$VWVHW,83.2,T,,M,14.48,N,26.81,K*47
$GPGGA,081438.00,5432.17332,N,01841.04978,E,1,12,1.1,18.7,M,26.5,M,,*5C
$GPRMC,081438.00,A,5432.17332,N,01841.04978,E,14.87,83.8,140625,,,A*6F
$GPVTG,83.8,T,,M,14.87,N,27.55,K,A*31
$HEHDT,83.2,T*16
$VWVHW,83.2,T,,M,14.61,N,27.05,K*41
$GPGGA,081439.00,5432.17371,N,01841.05722,E,1,12,1.1,17.8,M,26.5,M,,*5A
$GPRMC,081439.00,A,5432.17371,N,01841.05722,E,14.98,83.5,140625,,,A*6A
$GPVTG,83.5,T,,M,14.98,N,27.75,K,A*30
$HEHDT,83.1,T*15
$VWVHW,83.1,T,,M,14.59,N,27.01,K*4D
$GPGGA,081440.00,5432.17435,N,01841.06379,E,1,12,1.1,17.5,M,26.5,M,,*57
$GPRMC,081440.00,A,5432.17435,N,01841.06379,E,14.86,83.5,140625,,,A*65
$GPVTG,83.5,T,,M,14.86,N,27.52,K,A*3A
$HEHDT,83.6,T*12
$VWVHW,83.6,T,,M,14.47,N,26.79,K*4B
$GPGSV,2,1,08,03,64,044,48,08,41,099,46,11,23,154,41,14,48,209,47*75
$GPGSV,2,2,08,17,67,266,48,22,21,314,41,28,09,354,39,31,57,124,47*77
$GAGSV,2,1,05,04,50,074,48,09,36,184,45,12,66,239,49,24,10,289,38*69
$GAGSV,2,2,05,31,18,024,39*5A
$GPZDA,081440.00,14,06,2025,00,00*69
$GPGGA,081441.00,5432.17485,N,01841.07063,E,1,12,1.1,17.6,M,26.5,M,,*57
$GPRMC,081441.00,A,5432.17485,N,01841.07063,E,14.99,84.0,140625,,,A*6A
$GPVTG,84.0,T,,M,14.99,N,27.76,K,A*30
$HEHDT,83.2,T*16
$VWVHW,83.2,T,,M,14.37,N,26.62,K*42
$GPGGA,081442.00,5432.17509,N,01841.07777,E,1,12,1.1,17.7,M,26.5,M,,*52
$GPRMC,081442.00,A,5432.17509,N,01841.07777,E,14.81,83.8,140625,,,A*68
$GPVTG,83.8,T,,M,14.81,N,27.42,K,A*31
$HEHDT,83.1,T*15
$VWVHW,83.1,T,,M,14.61,N,27.06,K*41
$GPGGA,081443.00,5432.17556,N,01841.08501,E,1,12,1.1,17.9,M,26.5,M,,*5B
$GPRMC,081443.00,A,5432.17556,N,01841.08501,E,14.92,83.8,140625,,,A*6D
$GPVTG,83.8,T,,M,14.92,N,27.64,K,A*37
$HEHDT,83.4,T*10
$VWVHW,83.4,T,,M,14.39,N,26.65,K*4D
$GPGGA,081444.00,5432.17612,N,01841.09266,E,1,12,1.1,17.9,M,26.5,M,,*58
$GPRMC,081444.00,A,5432.17612,N,01841.09266,E,14.88,84.4,140625,,,A*6E
$GPVTG,84.4,T,,M,14.88,N,27.56,K,A*36
$HEHDT,83.1,T*15
$VWVHW,83.1,T,,M,14.59,N,27.02,K*4E
$GPGGA,081445.00,5432.17686,N,01841.10048,E,1,12,1.1,18.0,M,26.5,M,,*54
$GPRMC,081445.00,A,5432.17686,N,01841.10048,E,14.79,83.9,140625,,,A*60
$GPVTG,83.9,T,,M,14.79,N,27.38,K,A*3A
$HEHDT,83.5,T*11
$VWVHW,83.5,T,,M,14.63,N,27.09,K*48
$GPGSV,2,1,08,03,64,044,49,08,41,099,45,11,23,154,41,14,48,209,47*77
$GPGSV,2,2,08,17,67,266,48,22,21,314,42,28,09,354,39,31,57,124,47*74
$GAGSV,2,1,05,04,50,074,48,09,36,184,45,12,66,239,50,24,10,289,37*6E
$GAGSV,2,2,05,31,18,024,39*5A
$GPZDA,081445.00,14,06,2025,00,00*6C
$GPGGA,081446.00,5432.17671,N,01841.10780,E,1,12,1.1,17.8,M,26.5,M,,*5B
$GPRMC,081446.00,A,5432.17671,N,01841.10780,E,14.91,83.8,140625,,,A*6F
$GPVTG,83.8,T,,M,14.91,N,27.61,K,A*31
$HEHDT,83.4,T*10
$VWVHW,83.4,T,,M,14.58,N,27.01,K*49
$GPGGA,081447.00,5432.17736,N,01841.11386,E,1,12,1.1,17.5,M,26.5,M,,*56
$GPRMC,081447.00,A,5432.17736,N,01841.11386,E,15.00,84.0,140625,,,A*69
$GPVTG,84.0,T,,M,15.00,N,27.78,K,A*3F
$HEHDT,83.5,T*11
$VWVHW,83.5,T,,M,14.48,N,26.82,K*43
$GPGGA,081448.00,5432.17757,N,01841.12064,E,1,12,1.1,17.8,M,26.5,M,,*5F
$GPRMC,081448.00,A,5432.17757,N,01841.12064,E,14.89,84.1,140625,,,A*6C
$GPVTG,84.1,T,,M,14.89,N,27.57,K,A*33
$HEHDT,83.0,T*14
$VWVHW,83.0,T,,M,14.71,N,27.23,K*46
$GPGGA,081449.00,5432.17828,N,01841.12783,E,1,12,1.1,17.4,M,26.5,M,,*5B
$GPRMC,081449.00,A,5432.17828,N,01841.12783,E,15.00,84.4,140625,,,A*61
$GPVTG,84.4,T,,M,15.00,N,27.79,K,A*3A
$HEHDT,82.9,T*1C
$VWVHW,82.9,T,,M,14.62,N,27.08,K*45
$GPGGA,081450.00,5432.17829,N,01841.13491,E,1,12,1.1,17.5,M,26.5,M,,*52
$GPRMC,081450.00,A,5432.17829,N,01841.13491,E,14.91,83.8,140625,,,A*6B
$GPVTG,83.8,T,,M,14.91,N,27.61,K,A*31
$HEHDT,83.2,T*16
$VWVHW,83.2,T,,M,14.66,N,27.14,K*46
$GPGSV,2,1,08,03,64,044,48,08,41,099,45,11,23,154,41,14,48,209,47*76
$GPGSV,2,2,08,17,67,266,48,22,21,314,42,28,09,354,40,31,57,124,47*7A
$GAGSV,2,1,05,04,50,074,46,09,36,184,45,12,66,239,49,24,10,289,38*67
$GAGSV,2,2,05,31,18,024,40*54
$GPZDA,081450.00,14,06,2025,00,00*68
$GPGGA,081451.00,5432.17936,N,01841.14150,E,1,12,1.1,17.4,M,26.5,M,,*52
$GPRMC,081451.00,A,5432.17936,N,01841.14150,E,15.10,84.0,140625,,,A*6D
$GPVTG,84.0,T,,M,15.10,N,27.96,K,A*3E
$HEHDT,83.3,T*17
$VWVHW,83.3,T,,M,14.75,N,27.31,K*42
$GPGGA,081452.00,5432.17962,N,01841.14929,E,1,12,1.1,17.2,M,26.5,M,,*50
$GPRMC,081452.00,A,5432.17962,N,01841.14929,E,15.05,84.2,140625,,,A*6F
$GPVTG,84.2,T,,M,15.05,N,27.87,K,A*38
$HEHDT,83.4,T*10
$VWVHW,83.4,T,,M,14.51,N,26.88,K*40
$GPGGA,081453.00,5432.18026,N,01841.15591,E,1,12,1.1,17.4,M,26.5,M,,*5F
$GPRMC,081453.00,A,5432.18026,N,01841.15591,E,15.09,83.9,140625,,,A*66
$GPVTG,83.9,T,,M,15.09,N,27.95,K,A*3B
$HEHDT,82.9,T*1C
$VWVHW,82.9,T,,M,14.66,N,27.15,K*4D
$GPGGA,081454.00,5432.18056,N,01841.16316,E,1,12,1.1,17.5,M,26.5,M,,*54
$GPRMC,081454.00,A,5432.18056,N,01841.16316,E,15.07,83.9,140625,,,A*62
$GPVTG,83.9,T,,M,15.07,N,27.90,K,A*30
$HEHDT,83.1,T*15
$VWVHW,83.1,T,,M,14.76,N,27.34,K*46
$GPGGA,081455.00,5432.18113,N,01841.17009,E,1,12,1.1,16.9,M,26.5,M,,*54
$GPRMC,081455.00,A,5432.18113,N,01841.17009,E,15.11,84.6,140625,,,A*60
$GPVTG,84.6,T,,M,15.11,N,27.98,K,A*37
$HEHDT,83.5,T*11
$VWVHW,83.5,T,,M,14.62,N,27.07,K*47
$GPGSV,2,1,08,03,64,044,49,08,41,099,46,11,23,154,43,14,48,209,47*76
$GPGSV,2,2,08,17,66,266,48,22,21,314,42,28,09,354,40,31,57,124,47*7B
$GAGSV,2,1,05,04,50,074,47,09,36,184,45,12,66,239,50,24,10,289,38*6E
$GAGSV,2,2,05,31,18,024,40*54
$GPZDA,081455.00,14,06,2025,00,00*6D
$GPGGA,081456.00,5432.18127,N,01841.17698,E,1,12,1.1,16.8,M,26.5,M,,*5F
$GPRMC,081456.00,A,5432.18127,N,01841.17698,E,14.98,84.2,140625,,,A*6E
$GPVTG,84.2,T,,M,14.98,N,27.74,K,A*31
$HEHDT,83.4,T*10
$VWVHW,83.4,T,,M,14.51,N,26.88,K*40
$GPGGA,081457.00,5432.18187,N,01841.18398,E,1,12,1.1,16.9,M,26.5,M,,*5F
$GPRMC,081457.00,A,5432.18187,N,01841.18398,E,14.94,84.2,140625,,,A*63
$GPVTG,84.2,T,,M,14.94,N,27.66,K,A*3E
$HEHDT,82.9,T*1C
$VWVHW,82.9,T,,M,14.65,N,27.14,K*4F
$GPGGA,081458.00,5432.18248,N,01841.19178,E,1,12,1.1,17.1,M,26.5,M,,*54
$GPRMC,081458.00,A,5432.18248,N,01841.19178,E,15.07,84.2,140625,,,A*6A
$GPVTG,84.2,T,,M,15.07,N,27.90,K,A*3C
$HEHDT,83.4,T*10
$VWVHW,83.4,T,,M,14.70,N,27.22,K*42
$GPGGA,081459.00,5432.18320,N,01841.19859,E,1,12,1.1,16.1,M,26.5,M,,*51
$GPRMC,081459.00,A,5432.18320,N,01841.19859,E,15.05,84.4,140625,,,A*6A
$GPVTG,84.4,T,,M,15.05,N,27.87,K,A*3E
$HEHDT,83.0,T*14
$VWVHW,83.0,T,,M,14.56,N,26.96,K*4C
$GPGGA,081500.00,5432.18355,N,01841.20560,E,1,12,1.1,16.8,M,26.5,M,,*5A
$GPRMC,081500.00,A,5432.18355,N,01841.20560,E,14.93,84.6,140625,,,A*64
$GPVTG,84.6,T,,M,14.93,N,27.66,K,A*3D
$HEHDT,83.0,T*14
$VWVHW,83.0,T,,M,14.67,N,27.17,K*46
$GPGSV,2,1,08,03,64,044,48,08,41,099,45,11,23,154,42,14,48,209,48*7A
$GPGSV,2,2,08,17,66,266,50,22,21,314,41,28,09,354,39,31,57,124,47*7F
$GAGSV,2,1,05,04,50,074,47,09,36,184,44,12,66,239,50,24,10,289,38*6F
$GAGSV,2,2,05,31,18,024,41*55
$GPZDA,081500.00,14,06,2025,00,00*6C
$GPGGA,081501.00,5432.18390,N,01841.21289,E,1,12,1.1,16.4,M,26.5,M,,*5F
$GPRMC,081501.00,A,5432.18390,N,01841.21289,E,15.17,84.0,140625,,,A*66
$GPVTG,84.0,T,,M,15.17,N,28.09,K,A*30
$HEHDT,83.1,T*15
$VWVHW,83.1,T,,M,14.56,N,26.96,K*4D
$GPGGA,081502.00,5432.18450,N,01841.22000,E,1,12,1.1,16.8,M,26.5,M,,*5B
$GPRMC,081502.00,A,5432.18450,N,01841.22000,E,15.14,84.5,140625,,,A*68
$GPVTG,84.5,T,,M,15.14,N,28.03,K,A*3C
$HEHDT,83.2,T*16
$VWVHW,83.2,T,,M,14.59,N,27.03,K*4C
$GPGGA,081503.00,5432.18473,N,01841.22660,E,1,12,1.1,16.9,M,26.5,M,,*5A
$GPRMC,081503.00,A,5432.18473,N,01841.22660,E,15.11,84.0,140625,,,A*68
$GPVTG,84.0,T,,M,15.11,N,27.98,K,A*31
$HEHDT,83.1,T*15
$VWVHW,83.1,T,,M,14.71,N,27.25,K*41
$GPGGA,081504.00,5432.18533,N,01841.23302,E,1,12,1.1,16.5,M,26.5,M,,*54
$GPRMC,081504.00,A,5432.18533,N,01841.23302,E,14.97,83.4,140625,,,A*66
$GPVTG,83.4,T,,M,14.97,N,27.72,K,A*39
$HEHDT,82.9,T*1C
$VWVHW,82.9,T,,M,14.53,N,26.92,K*45
$GPGGA,081505.00,5432.18600,N,01841.24058,E,1,12,1.1,17.0,M,26.5,M,,*59
$GPRMC,081505.00,A,5432.18600,N,01841.24058,E,15.03,83.9,140625,,,A*6E
$GPVTG,83.9,T,,M,15.03,N,27.84,K,A*31
$HEHDT,83.1,T*15
$VWVHW,83.1,T,,M,14.74,N,27.31,K*41
$GPGSV,2,1,08,03,64,044,49,08,41,099,45,11,23,154,43,14,48,209,47*75
$GPGSV,2,2,08,17,66,266,48,22,21,314,42,28,09,354,39,31,57,124,46*74
$GAGSV,2,1,05,04,50,074,46,09,36,184,44,12,66,239,51,24,10,289,38*6F
$GAGSV,2,2,05,31,18,024,41*55
$GPZDA,081505.00,14,06,2025,00,00*69
$GPGGA,081506.00,5432.18609,N,01841.24821,E,1,12,1.1,17.4,M,26.5,M,,*51
$GPRMC,081506.00,A,5432.18609,N,01841.24821,E,14.98,84.2,140625,,,A*6D
$GPVTG,84.2,T,,M,14.98,N,27.75,K,A*30
$HEHDT,83.4,T*10
$VWVHW,83.4,T,,M,14.64,N,27.12,K*44
$GPGGA,081507.00,5432.18632,N,01841.25544,E,1,12,1.1,16.4,M,26.5,M,,*56
$GPRMC,081507.00,A,5432.18632,N,01841.25544,E,14.88,84.1,140625,,,A*69
$GPVTG,84.1,T,,M,14.88,N,27.55,K,A*30
$HEHDT,83.0,T*14
$VWVHW,83.0,T,,M,14.64,N,27.11,K*43
$GPGGA,081508.00,5432.18705,N,01841.26250,E,1,12,1.1,16.5,M,26.5,M,,*5C
$GPRMC,081508.00,A,5432.18705,N,01841.26250,E,15.08,84.3,140625,,,A*69
$GPVTG,84.3,T,,M,15.08,N,27.93,K,A*31
$HEHDT,83.0,T*14
$VWVHW,83.0,T,,M,14.77,N,27.35,K*47
$GPGGA,081509.00,5432.18743,N,01841.26885,E,1,12,1.1,16.4,M,26.5,M,,*5C
$GPRMC,081509.00,A,5432.18743,N,01841.26885,E,14.94,83.9,140625,,,A*61
$GPVTG,83.9,T,,M,14.94,N,27.66,K,A*32
$HEHDT,82.9,T*1C
$VWVHW,82.9,T,,M,14.60,N,27.04,K*4B
$GPGGA,081510.00,5432.18784,N,01841.27650,E,1,12,1.1,16.9,M,26.5,M,,*55
$GPRMC,081510.00,A,5432.18784,N,01841.27650,E,14.99,84.0,140625,,,A*66
$GPVTG,84.0,T,,M,14.99,N,27.75,K,A*33
$HEHDT,83.0,T*14
$VWVHW,83.0,T,,M,14.71,N,27.25,K*40
$GPGSV,2,1,08,03,64,044,48,08,41,099,46,11,23,154,43,14,48,209,47*77
$GPGSV,2,2,08,17,66,266,48,22,21,314,41,28,09,354,40,31,57,124,47*78
$GAGSV,2,1,05,04,50,074,47,09,36,184,45,12,66,239,49,24,10,289,38*66
$GAGSV,2,2,05,31,18,024,40*54
$GPZDA,081510.00,14,06,2025,00,00*6D
$GPGGA,081511.00,5432.18777,N,01841.28343,E,1,12,1.1,16.9,M,26.5,M,,*50
$GPRMC,081511.00,A,5432.18777,N,01841.28343,E,14.98,83.8,140625,,,A*6D
$GPVTG,83.8,T,,M,14.98,N,27.74,K,A*3C
$HEHDT,83.1,T*15
$VWVHW,83.1,T,,M,14.60,N,27.03,K*45
$GPGGA,081512.00,5432.18814,N,01841.29083,E,1,12,1.1,16.6,M,26.5,M,,*58
$GPRMC,081512.00,A,5432.18814,N,01841.29083,E,15.04,83.7,140625,,,A*61
$GPVTG,83.7,T,,M,15.04,N,27.85,K,A*39
$HEHDT,83.1,T*15
$VWVHW,83.1,T,,M,14.88,N,27.56,K*43
$GPGGA,081513.00,5432.18894,N,01841.29780,E,1,12,1.1,16.1,M,26.5,M,,*52
$GPRMC,081513.00,A,5432.18894,N,01841.29780,E,14.95,84.2,140625,,,A*67
$GPVTG,84.2,T,,M,14.95,N,27.68,K,A*31
$HEHDT,83.0,T*14
$VWVHW,83.0,T,,M,14.58,N,27.01,K*4D
$GPGGA,081514.00,5432.18916,N,01841.30447,E,1,12,1.1,16.0,M,26.5,M,,*5F
$GPRMC,081514.00,A,5432.18916,N,01841.30447,E,15.08,84.3,140625,,,A*6F
$GPVTG,84.3,T,,M,15.08,N,27.92,K,A*30
$HEHDT,83.6,T*12
$VWVHW,83.6,T,,M,14.61,N,27.06,K*46
$GPGGA,081515.00,5432.18956,N,01841.31081,E,1,12,1.1,16.4,M,26.5,M,,*51
$GPRMC,081515.00,A,5432.18956,N,01841.31081,E,14.87,84.5,140625,,,A*65
$GPVTG,84.5,T,,M,14.87,N,27.55,K,A*3B
$HEHDT,82.9,T*1C
$VWVHW,82.9,T,,M,14.66,N,27.14,K*4C
$GPGSV,2,1,08,03,64,044,49,08,41,099,46,11,23,154,43,14,48,209,46*77
$GPGSV,2,2,08,17,66,266,47,22,21,314,41,28,09,354,40,31,57,124,45*75
$GAGSV,2,1,05,04,50,074,47,09,36,184,45,12,66,239,51,24,10,289,38*6F
$GAGSV,2,2,05,31,18,024,40*54
$GPZDA,081515.00,14,06,2025,00,00*68
$GPGGA,081516.00,5432.18945,N,01841.31801,E,1,12,1.1,17.0,M,26.5,M,,*55
$GPRMC,081516.00,A,5432.18945,N,01841.31801,E,15.08,84.2,140625,,,A*65
$GPVTG,84.2,T,,M,15.08,N,27.92,K,A*31
$HEHDT,82.9,T*1C
$VWVHW,82.9,T,,M,14.49,N,26.84,K*49
$GPGGA,081517.00,5432.19064,N,01841.32572,E,1,12,1.1,17.1,M,26.5,M,,*54
$GPRMC,081517.00,A,5432.19064,N,01841.32572,E,15.09,84.1,140625,,,A*67
$GPVTG,84.1,T,,M,15.09,N,27.95,K,A*34
$HEHDT,83.2,T*16
$VWVHW,83.2,T,,M,14.75,N,27.32,K*40
$GPGGA,081518.00,5432.19104,N,01841.33282,E,1,12,1.1,16.7,M,26.5,M,,*52
$GPRMC,081518.00,A,5432.19104,N,01841.33282,E,15.06,83.9,140625,,,A*66
$GPVTG,83.9,T,,M,15.06,N,27.90,K,A*31
$HEHDT,82.5,T*10
$VWVHW,82.5,T,,M,14.61,N,27.05,K*47
$GPGGA,081519.00,5432.19109,N,01841.34079,E,1,12,1.1,16.6,M,26.5,M,,*5E
$GPRMC,081519.00,A,5432.19109,N,01841.34079,E,15.16,84.5,140625,,,A*61
$GPVTG,84.5,T,,M,15.16,N,28.08,K,A*35
$HEHDT,83.5,T*11
$VWVHW,83.5,T,,M,14.70,N,27.23,K*42
$GPGGA,081520.00,5432.19152,N,01841.34760,E,1,12,1.1,16.7,M,26.5,M,,*54
$GPRMC,081520.00,A,5432.19152,N,01841.34760,E,14.92,84.0,140625,,,A*62
$GPVTG,84.0,T,,M,14.92,N,27.63,K,A*3F
$HEHDT,83.1,T*15
$VWVHW,83.1,T,,M,14.56,N,26.97,K*4C
$GPGSV,2,1,08,03,64,044,50,08,41,099,45,11,23,154,42,14,48,209,46*7D
$GPGSV,2,2,08,17,66,266,48,22,21,314,40,28,09,354,39,31,57,124,46*76
$GAGSV,2,1,05,04,50,074,46,09,36,184,45,12,66,239,49,24,10,289,38*67
$GAGSV,2,2,05,31,18,024,40*54
$GPZDA,081520.00,14,06,2025,00,00*6E
$GPGGA,081521.00,5432.19177,N,01841.35472,E,1,12,1.1,16.8,M,26.5,M,,*5C
$GPRMC,081521.00,A,5432.19177,N,01841.35472,E,15.05,84.2,140625,,,A*68
$GPVTG,84.2,T,,M,15.05,N,27.87,K,A*38
$HEHDT,83.5,T*11
$VWVHW,83.5,T,,M,14.76,N,27.33,K*45
$GPGGA,081522.00,5432.19237,N,01841.36286,E,1,12,1.1,16.9,M,26.5,M,,*57
$GPRMC,081522.00,A,5432.19237,N,01841.36286,E,15.14,84.3,140625,,,A*63
$GPVTG,84.3,T,,M,15.14,N,28.04,K,A*3D
$HEHDT,83.4,T*10
$VWVHW,83.4,T,,M,14.77,N,27.35,K*43
$GPGGA,081523.00,5432.19294,N,01841.36880,E,1,12,1.1,16.1,M,26.5,M,,*5B
$GPRMC,081523.00,A,5432.19294,N,01841.36880,E,15.22,84.3,140625,,,A*62
$GPVTG,84.3,T,,M,15.22,N,28.18,K,A*35
$HEHDT,83.1,T*15
$VWVHW,83.1,T,,M,14.64,N,27.11,K*42
$GPGGA,081524.00,5432.19362,N,01841.37688,E,1,12,1.1,17.0,M,26.5,M,,*53
$GPRMC,081524.00,A,5432.19362,N,01841.37688,E,15.14,84.0,140625,,,A*6C
$GPVTG,84.0,T,,M,15.14,N,28.04,K,A*3E
$HEHDT,83.1,T*15
$VWVHW,83.1,T,,M,14.63,N,27.10,K*44
$GPGGA,081525.00,5432.19341,N,01841.38369,E,1,12,1.1,16.8,M,26.5,M,,*5F
$GPRMC,081525.00,A,5432.19341,N,01841.38369,E,14.94,84.5,140625,,,A*65
$GPVTG,84.5,T,,M,14.94,N,27.68,K,A*37
$HEHDT,83.4,T*10
$VWVHW,83.4,T,,M,14.72,N,27.27,K*45
$GPGSV,2,1,08,03,64,044,49,08,41,099,46,11,23,154,43,14,48,209,47*76
$GPGSV,2,2,08,17,66,266,47,22,21,314,41,28,09,354,40,31,57,124,46*76
$GAGSV,2,1,05,04,50,074,47,09,36,184,45,12,66,239,50,24,10,289,38*6E
$GAGSV,2,2,05,31,18,024,40*54
$GPZDA,081525.00,14,06,2025,00,00*6B
$GPGGA,081526.00,5432.19412,N,01841.39077,E,1,12,1.1,16.5,M,26.5,M,,*5D
$GPRMC,081526.00,A,5432.19412,N,01841.39077,E,15.05,84.2,140625,,,A*64
$GPVTG,84.2,T,,M,15.05,N,27.87,K,A*38
$HEHDT,83.2,T*16
$VWVHW,83.2,T,,M,14.82,N,27.45,K*48
$GPGGA,081527.00,5432.19476,N,01841.39805,E,1,12,1.1,16.8,M,26.5,M,,*5E
$GPRMC,081527.00,A,5432.19476,N,01841.39805,E,15.27,84.2,140625,,,A*6A
$GPVTG,84.2,T,,M,15.27,N,28.28,K,A*32
$HEHDT,82.9,T*1C
$VWVHW,82.9,T,,M,14.82,N,27.45,K*42
$GPGGA,081528.00,5432.19509,N,01841.40525,E,1,12,1.1,16.8,M,26.5,M,,*59
$GPRMC,081528.00,A,5432.19509,N,01841.40525,E,15.08,84.1,140625,,,A*63
$GPVTG,84.1,T,,M,15.08,N,27.93,K,A*33
$HEHDT,82.8,T*1D
$VWVHW,82.8,T,,M,14.71,N,27.24,K*48
$GPGGA,081529.00,5432.19619,N,01841.41184,E,1,12,1.1,16.8,M,26.5,M,,*54
$GPRMC,081529.00,A,5432.19619,N,01841.41184,E,15.01,84.5,140625,,,A*63
$GPVTG,84.5,T,,M,15.01,N,27.80,K,A*3C
$HEHDT,82.9,T*1C
$VWVHW,82.9,T,,M,14.65,N,27.12,K*49
$GPGGA,081530.00,5432.19625,N,01841.41888,E,1,12,1.1,16.8,M,26.5,M,,*56
$GPRMC,081530.00,A,5432.19625,N,01841.41888,E,15.10,84.1,140625,,,A*65
$GPVTG,84.1,T,,M,15.10,N,27.97,K,A*3E
$HEHDT,83.3,T*17
$VWVHW,83.3,T,,M,14.77,N,27.36,K*47
$GPGSV,2,1,08,03,64,044,49,08,41,099,47,11,23,154,43,14,48,209,47*77
$GPGSV,2,2,08,17,66,266,47,22,21,314,41,28,09,354,40,31,57,124,46*76
$GAGSV,2,1,05,04,50,074,48,09,36,184,46,12,66,239,49,24,10,289,38*6A
$GAGSV,2,2,05,31,18,024,41*55
$GPZDA,081530.00,14,06,2025,00,00*6F
$GPGGA,081531.00,5432.19685,N,01841.42604,E,1,12,1.1,16.7,M,26.5,M,,*5B
$GPRMC,081531.00,A,5432.19685,N,01841.42604,E,15.12,84.8,140625,,,A*6C
$GPVTG,84.8,T,,M,15.12,N,28.00,K,A*34
$HEHDT,83.2,T*16
$VWVHW,83.2,T,,M,14.79,N,27.39,K*47
$GPGGA,081532.00,5432.19723,N,01841.43377,E,1,12,1.1,16.3,M,26.5,M,,*51
$GPRMC,081532.00,A,5432.19723,N,01841.43377,E,14.99,84.4,140625,,,A*6C
$GPVTG,84.4,T,,M,14.99,N,27.76,K,A*34
$HEHDT,82.9,T*1C
$VWVHW,82.9,T,,M,14.77,N,27.36,K*4C
$GPGGA,081533.00,5432.19804,N,01841.44092,E,1,12,1.1,16.3,M,26.5,M,,*55
$GPRMC,081533.00,A,5432.19804,N,01841.44092,E,15.27,83.9,140625,,,A*66
$GPVTG,83.9,T,,M,15.27,N,28.28,K,A*3E
$HEHDT,83.6,T*12
$VWVHW,83.6,T,,M,14.86,N,27.52,K*4E
$GPGGA,081534.00,5432.19873,N,01841.44751,E,1,12,1.1,16.3,M,26.5,M,,*5A
$GPRMC,081534.00,A,5432.19873,N,01841.44751,E,14.93,83.3,140625,,,A*6D
$GPVTG,83.3,T,,M,14.93,N,27.65,K,A*3C
$HEHDT,83.5,T*11
$VWVHW,83.5,T,,M,14.74,N,27.30,K*44
$GPGGA,081535.00,5432.19911,N,01841.45417,E,1,12,1.1,16.2,M,26.5,M,,*5F
$GPRMC,081535.00,A,5432.19911,N,01841.45417,E,15.16,84.0,140625,,,A*61
$GPVTG,84.0,T,,M,15.16,N,28.08,K,A*30
$HEHDT,83.4,T*10
$VWVHW,83.4,T,,M,14.71,N,27.25,K*44
$GPGSV,2,1,08,03,64,044,47,08,41,099,46,11,23,154,44,14,48,209,48*70
$GPGSV,2,2,08,17,66,266,47,22,21,314,41,28,09,354,40,31,57,124,47*77
$GAGSV,2,1,05,04,50,074,48,09,36,184,46,12,66,239,50,24,10,289,39*63
$GAGSV,2,2,05,31,18,024,39*5A
$GPZDA,081535.00,14,06,2025,00,00*6A
$GPGGA,081536.00,5432.19960,N,01841.46163,E,1,12,1.1,16.0,M,26.5,M,,*5D
$GPRMC,081536.00,A,5432.19960,N,01841.46163,E,15.17,84.1,140625,,,A*61
$GPVTG,84.1,T,,M,15.17,N,28.09,K,A*31
$HEHDT,83.3,T*17
$VWVHW,83.3,T,,M,14.75,N,27.32,K*41
$GPGGA,081537.00,5432.20001,N,01841.46864,E,1,12,1.1,16.0,M,26.5,M,,*56
$GPRMC,081537.00,A,5432.20001,N,01841.46864,E,15.13,84.3,140625,,,A*6C
$GPVTG,84.3,T,,M,15.13,N,28.02,K,A*3C
$HEHDT,83.0,T*14
$VWVHW,83.0,T,,M,14.67,N,27.17,K*46
$GPGGA,081538.00,5432.19995,N,01841.47567,E,1,12,1.1,16.6,M,26.5,M,,*5E
$GPRMC,081538.00,A,5432.19995,N,01841.47567,E,15.13,84.3,140625,,,A*62
$GPVTG,84.3,T,,M,15.13,N,28.03,K,A*3D
$HEHDT,83.1,T*15
$VWVHW,83.1,T,,M,14.61,N,27.06,K*41
$GPGGA,081539.00,5432.20073,N,01841.48320,E,1,12,1.1,16.0,M,26.5,M,,*58
$GPRMC,081539.00,A,5432.20073,N,01841.48320,E,15.17,84.4,140625,,,A*61
$GPVTG,84.4,T,,M,15.17,N,28.09,K,A*34
$HEHDT,83.2,T*16
$VWVHW,83.2,T,,M,14.58,N,27.00,K*4E
$GPGGA,081540.00,5432.20136,N,01841.49021,E,1,12,1.1,16.3,M,26.5,M,,*56
$GPRMC,081540.00,A,5432.20136,N,01841.49021,E,15.05,84.5,140625,,,A*6E
$GPVTG,84.5,T,,M,15.05,N,27.87,K,A*3F
$HEHDT,83.4,T*10
$VWVHW,83.4,T,,M,14.99,N,27.76,K*44
$GPGSV,2,1,08,03,64,044,48,08,41,099,47,11,23,154,44,14,48,209,47*71
$GPGSV,2,2,08,17,66,266,48,22,21,314,41,28,09,354,39,31,57,124,47*76
$GAGSV,2,1,05,04,50,074,48,09,36,184,48,12,66,239,49,24,10,289,39*65
$GAGSV,2,2,05,31,18,024,39*5A
$GPZDA,081540.00,14,06,2025,00,00*68
$GPGGA,081541.00,5432.20140,N,01841.49846,E,1,12,1.1,17.1,M,26.5,M,,*5C
$GPRMC,081541.00,A,5432.20140,N,01841.49846,E,15.25,84.0,140625,,,A*60
$GPVTG,84.0,T,,M,15.25,N,28.25,K,A*3F
$HEHDT,83.1,T*15
$VWVHW,83.1,T,,M,14.65,N,27.13,K*41
$GPGGA,081542.00,5432.20197,N,01841.50444,E,1,12,1.1,16.7,M,26.5,M,,*54
$GPRMC,081542.00,A,5432.20197,N,01841.50444,E,15.21,84.4,140625,,,A*6F
$GPVTG,84.4,T,,M,15.21,N,28.17,K,A*3E
$HEHDT,82.7,T*12
$VWVHW,82.7,T,,M,14.72,N,27.26,K*46
$GPGGA,081543.00,5432.20265,N,01841.51284,E,1,12,1.1,17.1,M,26.5,M,,*57
$GPRMC,081543.00,A,5432.20265,N,01841.51284,E,15.11,83.7,140625,,,A*6C
$GPVTG,83.7,T,,M,15.11,N,27.98,K,A*31
$HEHDT,83.2,T*16
$VWVHW,83.2,T,,M,14.81,N,27.42,K*4C
$GPGGA,081544.00,5432.20272,N,01841.51857,E,1,12,1.1,16.4,M,26.5,M,,*56
$GPRMC,081544.00,A,5432.20272,N,01841.51857,E,15.08,83.7,140625,,,A*61
$GPVTG,83.7,T,,M,15.08,N,27.93,K,A*32
$HEHDT,83.1,T*15
$VWVHW,83.1,T,,M,14.93,N,27.66,K*4A
$GPGGA,081545.00,5432.20310,N,01841.52663,E,1,12,1.1,16.1,M,26.5,M,,*5D
$GPRMC,081545.00,A,5432.20310,N,01841.52663,E,15.05,84.0,140625,,,A*62
$GPVTG,84.0,T,,M,15.05,N,27.87,K,A*3A
$HEHDT,82.9,T*1C
$VWVHW,82.9,T,,M,14.76,N,27.34,K*4F
$GPGSV,2,1,08,03,64,044,47,08,41,099,45,11,23,154,44,14,48,209,46*7D
$GPGSV,2,2,08,17,66,266,48,22,21,314,41,28,09,354,38,31,57,124,46*76
$GAGSV,2,1,05,04,50,074,48,09,36,184,47,12,66,239,49,24,10,289,39*6A
$GAGSV,2,2,05,31,18,024,40*54
$GPZDA,081545.00,14,06,2025,00,00*6D
$GPGGA,081546.00,5432.20381,N,01841.53405,E,1,12,1.1,16.2,M,26.5,M,,*56
$GPRMC,081546.00,A,5432.20381,N,01841.53405,E,15.21,84.6,140625,,,A*6A
$GPVTG,84.6,T,,M,15.21,N,28.17,K,A*3C
$HEHDT,82.9,T*1C
$VWVHW,82.9,T,,M,14.89,N,27.58,K*45
$GPGGA,081547.00,5432.20427,N,01841.54110,E,1,12,1.1,16.9,M,26.5,M,,*51
$GPRMC,081547.00,A,5432.20427,N,01841.54110,E,15.19,83.9,140625,,,A*65
$GPVTG,83.9,T,,M,15.19,N,28.14,K,A*3C
$HEHDT,83.3,T*17
$VWVHW,83.3,T,,M,14.62,N,27.07,K*41
$GPGGA,081548.00,5432.20554,N,01841.54895,E,1,12,1.1,16.5,M,26.5,M,,*53
$GPRMC,081548.00,A,5432.20554,N,01841.54895,E,15.09,84.2,140625,,,A*66
$GPVTG,84.2,T,,M,15.09,N,27.94,K,A*36
$HEHDT,82.9,T*1C
$VWVHW,82.9,T,,M,14.80,N,27.40,K*45
$GPGGA,081549.00,5432.20517,N,01841.55549,E,1,12,1.1,16.6,M,26.5,M,,*5B
$GPRMC,081549.00,A,5432.20517,N,01841.55549,E,15.11,84.4,140625,,,A*62
$GPVTG,84.4,T,,M,15.11,N,27.98,K,A*35
$HEHDT,83.0,T*14
$VWVHW,83.0,T,,M,14.77,N,27.35,K*47
$GPGGA,081550.00,5432.20577,N,01841.56220,E,1,12,1.1,16.4,M,26.5,M,,*5C
$GPRMC,081550.00,A,5432.20577,N,01841.56220,E,15.21,84.5,140625,,,A*65
$GPVTG,84.5,T,,M,15.21,N,28.16,K,A*3E
$HEHDT,82.9,T*1C
$VWVHW,82.9,T,,M,14.85,N,27.51,K*40
$GPGSV,2,1,08,03,64,044,48,08,41,099,44,11,23,154,44,14,48,209,46*73
$GPGSV,2,2,08,17,66,266,48,22,21,314,42,28,09,354,38,31,58,124,47*7B
$GAGSV,2,1,05,04,50,074,47,09,36,184,47,12,66,239,48,24,10,289,40*6A
$GAGSV,2,2,05,31,18,024,41*55
$GPZDA,081550.00,14,06,2025,00,00*69
$GPGGA,081551.00,5432.20632,N,01841.56949,E,1,12,1.1,15.9,M,26.5,M,,*55
$GPRMC,081551.00,A,5432.20632,N,01841.56949,E,15.04,84.0,140625,,,A*60
$GPVTG,84.0,T,,M,15.04,N,27.86,K,A*3A
$HEHDT,82.9,T*1C
$VWVHW,82.9,T,,M,14.66,N,27.15,K*4D
$GPGGA,081552.00,5432.20650,N,01841.57718,E,1,12,1.1,16.9,M,26.5,M,,*5A
$GPRMC,081552.00,A,5432.20650,N,01841.57718,E,15.07,84.2,140625,,,A*6D
$GPVTG,84.2,T,,M,15.07,N,27.91,K,A*3D
$HEHDT,83.4,T*10
$VWVHW,83.4,T,,M,14.97,N,27.72,K*4E
$GPGGA,081553.00,5432.20638,N,01841.58372,E,1,12,1.1,16.5,M,26.5,M,,*5E
$GPRMC,081553.00,A,5432.20638,N,01841.58372,E,15.28,84.6,140625,,,A*6C
$GPVTG,84.6,T,,M,15.28,N,28.31,K,A*31
$HEHDT,82.9,T*1C
$VWVHW,82.9,T,,M,14.70,N,27.22,K*4E
$GPGGA,081554.00,5432.20723,N,01841.59256,E,1,12,1.1,16.5,M,26.5,M,,*54
$GPRMC,081554.00,A,5432.20723,N,01841.59256,E,15.19,84.1,140625,,,A*63
$GPVTG,84.1,T,,M,15.19,N,28.13,K,A*34
$HEHDT,83.3,T*17
$VWVHW,83.3,T,,M,14.83,N,27.46,K*4B
$GPGGA,081555.00,5432.20747,N,01841.59871,E,1,12,1.1,16.8,M,26.5,M,,*55
$GPRMC,081555.00,A,5432.20747,N,01841.59871,E,15.09,83.8,140625,,,A*60
$GPVTG,83.8,T,,M,15.09,N,27.95,K,A*3A
$HEHDT,83.4,T*10
$VWVHW,83.4,T,,M,14.86,N,27.53,K*4D
$GPGSV,2,1,08,03,64,044,47,08,41,099,44,11,23,154,43,14,48,209,46*7B
$GPGSV,2,2,08,17,66,266,47,22,21,314,40,28,09,354,39,31,58,124,46*76
$GAGSV,2,1,05,04,50,074,48,09,36,184,46,12,66,239,49,24,10,289,39*6B
$GAGSV,2,2,05,31,18,024,39*5A
$GPZDA,081555.00,14,06,2025,00,00*6C
$GPGGA,081556.00,5432.20801,N,01841.60608,E,1,12,1.0,17.7,M,26.5,M,,*5E
$GPRMC,081556.00,A,5432.20801,N,01841.60608,E,15.15,83.8,140625,,,A*69
$GPVTG,83.8,T,,M,15.15,N,28.06,K,A*32
$HEHDT,83.6,T*12
$VWVHW,83.6,T,,M,14.87,N,27.54,K*49
$GPGGA,081557.00,5432.20845,N,01841.61314,E,1,12,1.0,16.9,M,26.5,M,,*59
$GPRMC,081557.00,A,5432.20845,N,01841.61314,E,15.28,83.6,140625,,,A*61
$GPVTG,83.6,T,,M,15.28,N,28.30,K,A*37
$HEHDT,83.3,T*17
$VWVHW,83.3,T,,M,14.65,N,27.14,K*44
$GPGGA,081558.00,5432.20919,N,01841.62072,E,1,12,1.0,16.7,M,26.5,M,,*50
$GPRMC,081558.00,A,5432.20919,N,01841.62072,E,15.33,84.5,140625,,,A*68
$GPVTG,84.5,T,,M,15.33,N,28.39,K,A*30
$HEHDT,82.8,T*1D
$VWVHW,82.8,T,,M,14.83,N,27.47,K*40
$GPGGA,081559.00,5432.20948,N,01841.62790,E,1,12,1.0,17.0,M,26.5,M,,*58
$GPRMC,081559.00,A,5432.20948,N,01841.62790,E,15.19,84.2,140625,,,A*69
$GPVTG,84.2,T,,M,15.19,N,28.13,K,A*37
$HEHDT,83.6,T*12
$VWVHW,83.6,T,,M,14.85,N,27.51,K*4E
$GPGGA,081600.00,5432.20964,N,01841.63597,E,1,12,1.0,17.6,M,26.5,M,,*5B
$GPRMC,081600.00,A,5432.20964,N,01841.63597,E,15.01,84.3,140625,,,A*64
$GPVTG,84.3,T,,M,15.01,N,27.80,K,A*3A
$HEHDT,83.1,T*15
$VWVHW,83.1,T,,M,14.74,N,27.30,K*40
$GPGSV,2,1,08,03,64,044,47,08,41,099,44,11,23,154,44,14,48,209,46*7C
$GPGSV,2,2,08,17,66,266,47,22,21,314,42,28,09,354,39,31,58,124,47*75
$GAGSV,2,1,05,04,50,074,49,09,36,184,46,12,66,239,48,24,10,289,39*6B
$GAGSV,2,2,05,31,18,024,40*54
$GPZDA,081600.00,14,06,2025,00,00*6F
$GPGGA,081601.00,5432.21031,N,01841.64411,E,1,12,1.0,16.9,M,26.5,M,,*54
$GPRMC,081601.00,A,5432.21031,N,01841.64411,E,15.26,84.0,140625,,,A*63
$GPVTG,84.0,T,,M,15.26,N,28.25,K,A*3C
$HEHDT,82.9,T*1C
$VWVHW,82.9,T,,M,15.01,N,27.80,K*41
$GPGGA,081602.00,5432.21041,N,01841.65100,E,1,12,1.0,17.5,M,26.5,M,,*59
$GPRMC,081602.00,A,5432.21041,N,01841.65100,E,15.19,84.0,140625,,,A*6F
$GPVTG,84.0,T,,M,15.19,N,28.13,K,A*35
$HEHDT,83.6,T*12
$VWVHW,83.6,T,,M,14.82,N,27.45,K*4C
$GPGGA,081603.00,5432.21093,N,01841.65728,E,1,12,1.0,16.7,M,26.5,M,,*58
$GPRMC,081603.00,A,5432.21093,N,01841.65728,E,15.17,84.0,140625,,,A*63
$GPVTG,84.0,T,,M,15.17,N,28.09,K,A*30
$HEHDT,83.1,T*15
$VWVHW,83.1,T,,M,14.87,N,27.54,K*4E
$GPGGA,081604.00,5432.21170,N,01841.66447,E,1,12,1.0,17.0,M,26.5,M,,*5C
$GPRMC,081604.00,A,5432.21170,N,01841.66447,E,15.15,84.4,140625,,,A*67
$GPVTG,84.4,T,,M,15.15,N,28.06,K,A*39
$HEHDT,83.1,T*15
$VWVHW,83.1,T,,M,14.81,N,27.43,K*4E
$GPGGA,081605.00,5432.21203,N,01841.67168,E,1,12,1.0,16.7,M,26.5,M,,*55
$GPRMC,081605.00,A,5432.21203,N,01841.67168,E,15.07,84.0,140625,,,A*6F
$GPVTG,84.0,T,,M,15.07,N,27.91,K,A*3F
$HEHDT,83.1,T*15
$VWVHW,83.1,T,,M,14.76,N,27.34,K*46
$GPGSV,2,1,08,03,64,044,48,08,41,099,45,11,23,154,43,14,48,209,46*75
$GPGSV,2,2,08,17,66,266,47,22,21,314,40,28,09,354,39,31,58,124,47*77
$GAGSV,2,1,05,04,50,074,47,09,36,184,46,12,66,239,48,24,10,289,39*65
$GAGSV,2,2,05,31,18,024,39*5A
$GPZDA,081605.00,14,06,2025,00,00*6A
$GPGGA,081606.00,5432.21274,N,01841.67899,E,1,12,1.0,16.9,M,26.5,M,,*5F
$GPRMC,081606.00,A,5432.21274,N,01841.67899,E,15.22,84.4,140625,,,A*68
$GPVTG,84.4,T,,M,15.22,N,28.19,K,A*33
$HEHDT,83.3,T*17
$VWVHW,83.3,T,,M,14.76,N,27.33,K*43
$GPGGA,081607.00,5432.21306,N,01841.68689,E,1,12,1.0,17.0,M,26.5,M,,*52
$GPRMC,081607.00,A,5432.21306,N,01841.68689,E,15.16,84.0,140625,,,A*6E
$GPVTG,84.0,T,,M,15.16,N,28.08,K,A*30
$HEHDT,83.2,T*16
$VWVHW,83.2,T,,M,14.95,N,27.69,K*40
$GPGGA,081608.00,5432.21374,N,01841.69303,E,1,12,1.0,16.5,M,26.5,M,,*5A
$GPRMC,081608.00,A,5432.21374,N,01841.69303,E,15.09,84.0,140625,,,A*6C
$GPVTG,84.0,T,,M,15.09,N,27.95,K,A*35
$HEHDT,83.3,T*17
$VWVHW,83.3,T,,M,14.85,N,27.51,K*4B
$GPGGA,081609.00,5432.21410,N,01841.70068,E,1,12,1.0,16.6,M,26.5,M,,*5B
$GPRMC,081609.00,A,5432.21410,N,01841.70068,E,15.29,84.0,140625,,,A*6C
$GPVTG,84.0,T,,M,15.29,N,28.31,K,A*36
$HEHDT,83.1,T*15
$VWVHW,83.1,T,,M,14.78,N,27.37,K*4B
$GPGGA,081610.00,5432.21462,N,01841.70688,E,1,12,1.0,16.4,M,26.5,M,,*5C
$GPRMC,081610.00,A,5432.21462,N,01841.70688,E,15.08,84.3,140625,,,A*69
$GPVTG,84.3,T,,M,15.08,N,27.93,K,A*31
$HEHDT,83.0,T*14
$VWVHW,83.0,T,,M,14.84,N,27.48,K*41
$GPGSV,2,1,08,03,64,044,49,08,41,099,45,11,23,154,41,14,48,209,47*77
$GPGSV,2,2,08,17,66,266,47,22,21,314,41,28,09,354,39,31,58,124,47*76
$GAGSV,2,1,05,04,50,074,49,09,36,184,45,12,66,239,48,24,10,289,39*68
$GAGSV,2,2,05,31,18,024,40*54
$GPZDA,081610.00,14,06,2025,00,00*6E
$GPGGA,081611.00,5432.21515,N,01841.71484,E,1,12,1.0,17.0,M,26.5,M,,*56
$GPRMC,081611.00,A,5432.21515,N,01841.71484,E,15.13,84.2,140625,,,A*6D
$GPVTG,84.2,T,,M,15.13,N,28.02,K,A*3D
$HEHDT,83.5,T*11
$VWVHW,83.5,T,,M,14.89,N,27.58,K*48
$GPGGA,081612.00,5432.21536,N,01841.72274,E,1,12,1.0,16.8,M,26.5,M,,*57
$GPRMC,081612.00,A,5432.21536,N,01841.72274,E,15.12,84.0,140625,,,A*66
$GPVTG,84.0,T,,M,15.12,N,28.00,K,A*3C
$HEHDT,83.2,T*16
$VWVHW,83.2,T,,M,14.85,N,27.50,K*4B
$GPGGA,081613.00,5432.21638,N,01841.72949,E,1,12,1.0,16.9,M,26.5,M,,*5F
$GPRMC,081613.00,A,5432.21638,N,01841.72949,E,15.19,84.1,140625,,,A*65
$GPVTG,84.1,T,,M,15.19,N,28.13,K,A*34
$HEHDT,83.5,T*11
$VWVHW,83.5,T,,M,14.91,N,27.62,K*48
$GPGGA,081614.00,5432.21686,N,01841.73612,E,1,12,1.0,16.7,M,26.5,M,,*53
$GPRMC,081614.00,A,5432.21686,N,01841.73612,E,15.18,83.7,140625,,,A*67
$GPVTG,83.7,T,,M,15.18,N,28.11,K,A*36
$HEHDT,83.2,T*16
$VWVHW,83.2,T,,M,14.89,N,27.57,K*40
$GPGGA,081615.00,5432.21727,N,01841.74373,E,1,12,1.0,17.0,M,26.5,M,,*5B
$GPRMC,081615.00,A,5432.21727,N,01841.74373,E,15.18,84.2,140625,,,A*6B
$GPVTG,84.2,T,,M,15.18,N,28.11,K,A*34
$HEHDT,83.7,T*13
$VWVHW,83.7,T,,M,14.81,N,27.43,K*48
$GPGSV,2,1,08,03,64,044,48,08,41,099,44,11,23,154,43,14,48,209,46*74
$GPGSV,2,2,08,17,66,266,48,22,21,314,41,28,09,354,40,31,58,124,47*77
$GAGSV,2,1,05,04,50,074,48,09,36,184,46,12,66,239,49,24,10,289,38*6A
$GAGSV,2,2,05,31,18,024,41*55
$GPZDA,081615.00,14,06,2025,00,00*6B
$GPGGA,081616.00,5432.21694,N,01841.75030,E,1,12,1.0,16.2,M,26.5,M,,*57
$GPRMC,081616.00,A,5432.21694,N,01841.75030,E,15.22,84.7,140625,,,A*68
$GPVTG,84.7,T,,M,15.22,N,28.19,K,A*30
$HEHDT,83.4,T*10
$VWVHW,83.4,T,,M,14.78,N,27.37,K*4E
$GPGGA,081617.00,5432.21776,N,01841.75807,E,1,12,1.0,16.0,M,26.5,M,,*55
$GPRMC,081617.00,A,5432.21776,N,01841.75807,E,15.17,84.1,140625,,,A*68
$GPVTG,84.1,T,,M,15.17,N,28.10,K,A*39
$HEHDT,83.4,T*10
$VWVHW,83.4,T,,M,14.89,N,27.57,K*46
$GPGGA,081618.00,5432.21830,N,01841.76513,E,1,12,1.0,16.4,M,26.5,M,,*58
$GPRMC,081618.00,A,5432.21830,N,01841.76513,E,15.14,84.1,140625,,,A*62
$GPVTG,84.1,T,,M,15.14,N,28.05,K,A*3E
$HEHDT,83.1,T*15
$VWVHW,83.1,T,,M,14.95,N,27.68,K*42
$GPGGA,081619.00,5432.21866,N,01841.77192,E,1,12,1.0,16.9,M,26.5,M,,*5B
$GPRMC,081619.00,A,5432.21866,N,01841.77192,E,15.27,83.9,140625,,,A*63
$GPVTG,83.9,T,,M,15.27,N,28.27,K,A*31
$HEHDT,82.8,T*1D
$VWVHW,82.8,T,,M,14.96,N,27.71,K*41
$GPGGA,081620.00,5432.21901,N,01841.77955,E,1,12,1.0,16.1,M,26.5,M,,*5A
$GPRMC,081620.00,A,5432.21901,N,01841.77955,E,15.23,84.2,140625,,,A*62
$GPVTG,84.2,T,,M,15.23,N,28.20,K,A*3E
$HEHDT,83.3,T*17
$VWVHW,83.3,T,,M,14.80,N,27.41,K*4F
$GPGSV,2,1,08,03,64,044,49,08,41,099,44,11,23,154,43,14,48,209,47*74
$GPGSV,2,2,08,17,66,266,48,22,21,314,41,28,09,354,39,31,58,124,47*79
$GAGSV,2,1,05,04,50,074,49,09,36,184,45,12,66,239,48,24,10,289,38*69
$GAGSV,2,2,05,31,18,024,39*5A
$GPZDA,081620.00,14,06,2025,00,00*6D
$GPGGA,081621.00,5432.21934,N,01841.78568,E,1,12,1.0,16.0,M,26.5,M,,*51
$GPRMC,081621.00,A,5432.21934,N,01841.78568,E,15.21,83.9,140625,,,A*66
$GPVTG,83.9,T,,M,15.21,N,28.16,K,A*35
$HEHDT,83.4,T*10
$VWVHW,83.4,T,,M,14.82,N,27.46,K*4D
$GPGGA,081622.00,5432.21976,N,01841.79409,E,1,12,1.0,16.5,M,26.5,M,,*56
$GPRMC,081622.00,A,5432.21976,N,01841.79409,E,15.15,83.9,140625,,,A*63
$GPVTG,83.9,T,,M,15.15,N,28.06,K,A*33
$HEHDT,83.3,T*17
$VWVHW,83.3,T,,M,14.76,N,27.34,K*44
$GPGGA,081623.00,5432.21966,N,01841.80049,E,1,12,1.0,16.5,M,26.5,M,,*50
$GPRMC,081623.00,A,5432.21966,N,01841.80049,E,15.28,84.3,140625,,,A*66
$GPVTG,84.3,T,,M,15.28,N,28.30,K,A*35
$HEHDT,83.6,T*12
$VWVHW,83.6,T,,M,14.72,N,27.26,K*46
$GPGGA,081624.00,5432.22045,N,01841.80848,E,1,12,1.0,16.4,M,26.5,M,,*54
$GPRMC,081624.00,A,5432.22045,N,01841.80848,E,15.12,84.4,140625,,,A*6D
$GPVTG,84.4,T,,M,15.12,N,28.00,K,A*38
$HEHDT,83.4,T*10
$VWVHW,83.4,T,,M,14.75,N,27.31,K*45
$GPGGA,081625.00,5432.22085,N,01841.81442,E,1,12,1.0,16.5,M,26.5,M,,*5F
$GPRMC,081625.00,A,5432.22085,N,01841.81442,E,15.11,84.0,140625,,,A*60
$GPVTG,84.0,T,,M,15.11,N,27.98,K,A*31
$HEHDT,83.2,T*16
$VWVHW,83.2,T,,M,14.78,N,27.38,K*47
$GPGSV,2,1,08,03,65,044,49,08,41,099,45,11,23,154,42,14,48,209,46*74
$GPGSV,2,2,08,17,66,266,48,22,21,314,41,28,09,354,40,31,58,124,48*78
$GAGSV,2,1,05,04,50,074,47,09,36,184,45,12,66,239,49,24,10,289,39*67
$GAGSV,2,2,05,31,18,024,39*5A
$GPZDA,081625.00,14,06,2025,00,00*68
$GPGGA,081626.00,5432.22111,N,01841.82207,E,1,12,1.0,16.5,M,26.5,M,,*54
$GPRMC,081626.00,A,5432.22111,N,01841.82207,E,15.18,83.9,140625,,,A*6C
$GPVTG,83.9,T,,M,15.18,N,28.11,K,A*38
$HEHDT,83.2,T*16
$VWVHW,83.2,T,,M,14.92,N,27.64,K*4A
$GPGGA,081627.00,5432.22153,N,01841.82965,E,1,12,1.0,16.8,M,26.5,M,,*51
$GPRMC,081627.00,A,5432.22153,N,01841.82965,E,15.22,84.0,140625,,,A*63
$GPVTG,84.0,T,,M,15.22,N,28.18,K,A*36
$HEHDT,83.0,T*14
$VWVHW,83.0,T,,M,14.77,N,27.36,K*44
$GPGGA,081628.00,5432.22186,N,01841.83675,E,1,12,1.0,16.1,M,26.5,M,,*50
$GPRMC,081628.00,A,5432.22186,N,01841.83675,E,15.16,84.2,140625,,,A*6E
$GPVTG,84.2,T,,M,15.16,N,28.08,K,A*32
$HEHDT,83.7,T*13
$VWVHW,83.7,T,,M,14.84,N,27.48,K*46
$GPGGA,081629.00,5432.22225,N,01841.84496,E,1,12,1.0,15.8,M,26.5,M,,*59
$GPRMC,081629.00,A,5432.22225,N,01841.84496,E,15.20,84.1,140625,,,A*6B
$GPVTG,84.1,T,,M,15.20,N,28.16,K,A*3B
$HEHDT,82.6,T*13
$VWVHW,82.6,T,,M,14.85,N,27.50,K*4E
$GPGGA,081630.00,5432.22238,N,01841.85226,E,1,12,1.0,16.7,M,26.5,M,,*5D
$GPRMC,081630.00,A,5432.22238,N,01841.85226,E,15.04,84.0,140625,,,A*64
$GPVTG,84.0,T,,M,15.04,N,27.86,K,A*3A
$HEHDT,83.3,T*17
$VWVHW,83.3,T,,M,14.81,N,27.42,K*4D
$GPGSV,2,1,08,03,65,044,48,08,41,099,45,11,23,154,43,14,48,209,47*75
$GPGSV,2,2,08,17,66,266,48,22,21,314,42,28,09,354,40,31,58,124,48*7B
$GAGSV,2,1,05,04,50,074,46,09,36,184,44,12,66,239,49,24,10,289,38*66
$GAGSV,2,2,05,31,18,024,41*55
$GPZDA,081630.00,14,06,2025,00,00*6C
$GPGGA,081631.00,5432.22307,N,01841.85873,E,1,12,1.0,16.9,M,26.5,M,,*55
$GPRMC,081631.00,A,5432.22307,N,01841.85873,E,15.22,83.9,140625,,,A*68
$GPVTG,83.9,T,,M,15.22,N,28.19,K,A*39
$HEHDT,83.2,T*16
$VWVHW,83.2,T,,M,14.90,N,27.60,K*4C
$GPGGA,081632.00,5432.22344,N,01841.86620,E,1,12,1.0,16.3,M,26.5,M,,*50
$GPRMC,081632.00,A,5432.22344,N,01841.86620,E,15.00,83.8,140625,,,A*66
$GPVTG,83.8,T,,M,15.00,N,27.77,K,A*3F
$HEHDT,83.4,T*10
$VWVHW,83.4,T,,M,14.76,N,27.34,K*43
$GPGGA,081633.00,5432.22389,N,01841.87258,E,1,12,1.0,15.9,M,26.5,M,,*53
$GPRMC,081633.00,A,5432.22389,N,01841.87258,E,15.26,84.0,140625,,,A*67
$GPVTG,84.0,T,,M,15.26,N,28.26,K,A*3F
$HEHDT,82.9,T*1C
$VWVHW,82.9,T,,M,14.85,N,27.50,K*41
$GPGGA,081634.00,5432.22380,N,01841.87978,E,1,12,1.0,16.4,M,26.5,M,,*5A
$GPRMC,081634.00,A,5432.22380,N,01841.87978,E,15.22,84.4,140625,,,A*60
$GPVTG,84.4,T,,M,15.22,N,28.19,K,A*33
$HEHDT,83.1,T*15
$VWVHW,83.1,T,,M,14.92,N,27.63,K*4E
$GPGGA,081635.00,5432.22433,N,01841.88768,E,1,12,1.0,16.5,M,26.5,M,,*55
$GPRMC,081635.00,A,5432.22433,N,01841.88768,E,15.18,84.2,140625,,,A*61
$GPVTG,84.2,T,,M,15.18,N,28.11,K,A*34
$HEHDT,83.4,T*10
$VWVHW,83.4,T,,M,14.79,N,27.39,K*41
$GPGSV,2,1,08,03,65,044,50,08,41,099,45,11,23,154,41,14,48,209,47*7E
$GPGSV,2,2,08,17,66,266,48,22,21,314,41,28,09,354,39,31,58,124,48*76
$GAGSV,2,1,05,04,50,074,46,09,36,184,45,12,66,239,48,24,10,289,38*66
$GAGSV,2,2,05,31,18,024,40*54
$GPZDA,081635.00,14,06,2025,00,00*69
$GPGGA,081636.00,5432.22542,N,01841.89425,E,1,12,1.0,15.8,M,26.5,M,,*54
$GPRMC,081636.00,A,5432.22542,N,01841.89425,E,15.12,83.9,140625,,,A*68
$GPVTG,83.9,T,,M,15.12,N,28.01,K,A*33
$HEHDT,83.1,T*15
$VWVHW,83.1,T,,M,14.89,N,27.58,K*4C
$GPGGA,081637.00,5432.22532,N,01841.90264,E,1,12,1.0,15.7,M,26.5,M,,*56
$GPRMC,081637.00,A,5432.22532,N,01841.90264,E,15.22,84.1,140625,,,A*69
$GPVTG,84.1,T,,M,15.22,N,28.18,K,A*37
$HEHDT,83.0,T*14
$VWVHW,83.0,T,,M,14.80,N,27.42,K*4F
$GPGGA,081638.00,5432.22565,N,01841.90891,E,1,12,1.0,15.9,M,26.5,M,,*55
$GPRMC,081638.00,A,5432.22565,N,01841.90891,E,15.01,84.2,140625,,,A*66
$GPVTG,84.2,T,,M,15.01,N,27.81,K,A*3A
$HEHDT,83.0,T*14
$VWVHW,83.0,T,,M,14.79,N,27.38,K*44
$GPGGA,081639.00,5432.22587,N,01841.91677,E,1,12,1.0,15.7,M,26.5,M,,*51
$GPRMC,081639.00,A,5432.22587,N,01841.91677,E,15.19,83.9,140625,,,A*69
$GPVTG,83.9,T,,M,15.19,N,28.14,K,A*3C
$HEHDT,83.2,T*16
$VWVHW,83.2,T,,M,14.73,N,27.29,K*4C
$GPGGA,081640.00,5432.22627,N,01841.92356,E,1,12,1.0,16.1,M,26.5,M,,*56
$GPRMC,081640.00,A,5432.22627,N,01841.92356,E,15.16,84.6,140625,,,A*6C
$GPVTG,84.6,T,,M,15.16,N,28.07,K,A*39
$HEHDT,83.6,T*12
$VWVHW,83.6,T,,M,14.70,N,27.22,K*40
$GPGSV,2,1,08,03,65,044,49,08,41,099,45,11,23,154,41,14,48,209,47*76
$GPGSV,2,2,08,17,66,266,49,22,21,314,41,28,09,354,39,31,58,124,47*78
$GAGSV,2,1,05,04,50,074,46,09,36,184,45,12,66,239,49,24,10,289,39*66
$GAGSV,2,2,05,31,18,024,42*56
$GPZDA,081640.00,14,06,2025,00,00*6B
$GPGGA,081641.00,5432.22657,N,01841.93095,E,1,12,1.0,15.8,M,26.5,M,,*57
$GPRMC,081641.00,A,5432.22657,N,01841.93095,E,15.17,84.5,140625,,,A*65
$GPVTG,84.5,T,,M,15.17,N,28.10,K,A*3D
$HEHDT,83.3,T*17
$VWVHW,83.3,T,,M,14.80,N,27.41,K*4F
$GPGGA,081642.00,5432.22676,N,01841.93769,E,1,12,1.0,15.6,M,26.5,M,,*5D
$GPRMC,081642.00,A,5432.22676,N,01841.93769,E,15.19,84.1,140625,,,A*6B
$GPVTG,84.1,T,,M,15.19,N,28.14,K,A*33
$HEHDT,83.4,T*10
$VWVHW,83.4,T,,M,14.83,N,27.47,K*4D
$GPGGA,081643.00,5432.22809,N,01841.94529,E,1,12,1.0,15.2,M,26.5,M,,*5F
$GPRMC,081643.00,A,5432.22809,N,01841.94529,E,15.19,83.4,140625,,,A*6F
$GPVTG,83.4,T,,M,15.19,N,28.14,K,A*31
$HEHDT,83.2,T*16
$VWVHW,83.2,T,,M,14.72,N,27.26,K*42
$GPGGA,081644.00,5432.22803,N,01841.95272,E,1,12,1.0,15.6,M,26.5,M,,*5E
$GPRMC,081644.00,A,5432.22803,N,01841.95272,E,14.98,84.3,140625,,,A*62
$GPVTG,84.3,T,,M,14.98,N,27.75,K,A*31
$HEHDT,83.2,T*16
$VWVHW,83.2,T,,M,14.87,N,27.55,K*4C
$GPGGA,081645.00,5432.22863,N,01841.96006,E,1,12,1.0,15.5,M,26.5,M,,*58
$GPRMC,081645.00,A,5432.22863,N,01841.96006,E,15.11,84.2,140625,,,A*66
$GPVTG,84.2,T,,M,15.11,N,27.99,K,A*32
$HEHDT,83.5,T*11
$VWVHW,83.5,T,,M,14.84,N,27.49,K*45
$GPGSV,2,1,08,03,65,044,50,08,41,099,45,11,23,154,41,14,48,209,47*7E
$GPGSV,2,2,08,17,66,266,48,22,21,314,41,28,09,354,38,31,58,124,48*77
$GAGSV,2,1,05,04,50,074,48,09,36,184,45,12,66,239,50,24,10,289,39*60
$GAGSV,2,2,05,31,18,024,40*54
$GPZDA,081645.00,14,06,2025,00,00*6E
$GPGGA,081646.00,5432.22875,N,01841.96783,E,1,12,1.0,15.9,M,26.5,M,,*5A
$GPRMC,081646.00,A,5432.22875,N,01841.96783,E,15.24,84.0,140625,,,A*6C
$GPVTG,84.0,T,,M,15.24,N,28.23,K,A*38
$HEHDT,83.7,T*13
$VWVHW,83.7,T,,M,14.81,N,27.43,K*48
$GPGGA,081647.00,5432.22904,N,01841.97416,E,1,12,1.0,16.0,M,26.5,M,,*58
$GPRMC,081647.00,A,5432.22904,N,01841.97416,E,15.20,84.2,140625,,,A*62
$GPVTG,84.2,T,,M,15.20,N,28.14,K,A*3A
$HEHDT,83.5,T*11
$VWVHW,83.5,T,,M,14.81,N,27.42,K*4B
$GPGGA,081648.00,5432.22969,N,01841.98137,E,1,12,1.0,16.1,M,26.5,M,,*54
$GPRMC,081648.00,A,5432.22969,N,01841.98137,E,15.20,83.5,140625,,,A*6F
$GPVTG,83.5,T,,M,15.20,N,28.16,K,A*38
$HEHDT,83.5,T*11
$VWVHW,83.5,T,,M,14.78,N,27.38,K*40
$GPGGA,081649.00,5432.23039,N,01841.98925,E,1,12,1.0,15.3,M,26.5,M,,*52
$GPRMC,081649.00,A,5432.23039,N,01841.98925,E,14.96,84.3,140625,,,A*65
$GPVTG,84.3,T,,M,14.96,N,27.71,K,A*3B
$HEHDT,83.3,T*17
$VWVHW,83.3,T,,M,14.78,N,27.37,K*49
$GPGGA,081650.00,5432.23097,N,01841.99579,E,1,12,1.0,15.3,M,26.5,M,,*5A
$GPRMC,081650.00,A,5432.23097,N,01841.99579,E,15.12,84.0,140625,,,A*63
$GPVTG,84.0,T,,M,15.12,N,28.00,K,A*3C
$HEHDT,83.3,T*17
$VWVHW,83.3,T,,M,14.72,N,27.27,K*42
$GPGSV,2,1,08,03,65,044,50,08,41,099,46,11,23,154,41,14,48,209,46*7C
$GPGSV,2,2,08,17,66,266,49,22,21,314,41,28,09,354,38,31,58,124,47*79
$GAGSV,2,1,05,04,50,074,47,09,36,184,43,12,66,239,50,24,10,289,38*68
$GAGSV,2,2,05,31,18,024,40*54
$GPZDA,081650.00,14,06,2025,00,00*6A
$GPGGA,081651.00,5432.23119,N,01842.00353,E,1,12,1.0,15.4,M,26.5,M,,*56
$GPRMC,081651.00,A,5432.23119,N,01842.00353,E,15.18,84.0,140625,,,A*62
$GPVTG,84.0,T,,M,15.18,N,28.12,K,A*35
$HEHDT,83.1,T*15
$VWVHW,83.1,T,,M,14.61,N,27.06,K*41
$GPGGA,081652.00,5432.23156,N,01842.01023,E,1,12,1.0,15.3,M,26.5,M,,*5C
$GPRMC,081652.00,A,5432.23156,N,01842.01023,E,15.22,84.4,140625,,,A*62
$GPVTG,84.4,T,,M,15.22,N,28.19,K,A*33
$HEHDT,82.9,T*1C
$VWVHW,82.9,T,,M,14.74,N,27.30,K*49
$GPGGA,081653.00,5432.23188,N,01842.01694,E,1,12,1.0,15.2,M,26.5,M,,*55
$GPRMC,081653.00,A,5432.23188,N,01842.01694,E,15.16,84.1,140625,,,A*68
$GPVTG,84.1,T,,M,15.16,N,28.07,K,A*3E
$HEHDT,83.2,T*16
$VWVHW,83.2,T,,M,14.73,N,27.28,K*4D
$GPGGA,081654.00,5432.23230,N,01842.02540,E,1,12,1.0,15.5,M,26.5,M,,*5C
$GPRMC,081654.00,A,5432.23230,N,01842.02540,E,15.03,83.9,140625,,,A*6D
$GPVTG,83.9,T,,M,15.03,N,27.84,K,A*31
$HEHDT,83.4,T*10
$VWVHW,83.4,T,,M,14.72,N,27.27,K*45
$GPGGA,081655.00,5432.23256,N,01842.03184,E,1,12,1.0,15.6,M,26.5,M,,*53
$GPRMC,081655.00,A,5432.23256,N,01842.03184,E,15.31,84.0,140625,,,A*6E
$GPVTG,84.0,T,,M,15.31,N,28.35,K,A*3B
$HEHDT,82.8,T*1D
$VWVHW,82.8,T,,M,14.79,N,27.39,K*4C
$GPGSV,2,1,08,03,65,044,49,08,41,099,46,11,23,154,40,14,48,209,46*75
$GPGSV,2,2,08,17,66,266,49,22,21,314,41,28,09,354,39,31,58,124,47*78
$GAGSV,2,1,05,04,50,074,47,09,36,184,45,12,66,239,50,24,10,289,39*6F
$GAGSV,2,2,05,31,18,024,41*55
$GPZDA,081655.00,14,06,2025,00,00*6F
$GPGGA,081656.00,5432.23306,N,01842.03908,E,1,12,1.0,15.5,M,26.5,M,,*5B
$GPRMC,081656.00,A,5432.23306,N,01842.03908,E,15.12,84.4,140625,,,A*60
$GPVTG,84.4,T,,M,15.12,N,28.00,K,A*38
$HEHDT,82.9,T*1C
$VWVHW,82.9,T,,M,14.86,N,27.51,K*43
$GPGGA,081657.00,5432.23324,N,01842.04554,E,1,12,1.0,15.3,M,26.5,M,,*5E
$GPRMC,081657.00,A,5432.23324,N,01842.04554,E,15.26,84.3,140625,,,A*63
$GPVTG,84.3,T,,M,15.26,N,28.25,K,A*3F
$HEHDT,83.2,T*16
$VWVHW,83.2,T,,M,14.76,N,27.33,K*42
$GPGGA,081658.00,5432.23387,N,01842.05339,E,1,12,1.0,15.6,M,26.5,M,,*51
$GPRMC,081658.00,A,5432.23387,N,01842.05339,E,15.10,84.1,140625,,,A*6E
$GPVTG,84.1,T,,M,15.10,N,27.96,K,A*3F
$HEHDT,83.0,T*14
$VWVHW,83.0,T,,M,14.71,N,27.25,K*40
$GPGGA,081659.00,5432.23441,N,01842.06027,E,1,12,1.0,15.1,M,26.5,M,,*55
$GPRMC,081659.00,A,5432.23441,N,01842.06027,E,15.23,84.0,140625,,,A*6C
$GPVTG,84.0,T,,M,15.23,N,28.21,K,A*3D
$HEHDT,83.2,T*16
$VWVHW,83.2,T,,M,14.72,N,27.27,K*43
$GPGGA,081700.00,5432.23438,N,01842.06808,E,1,12,1.0,14.3,M,26.5,M,,*50
$GPRMC,081700.00,A,5432.23438,N,01842.06808,E,15.05,84.3,140625,,,A*6D
$GPVTG,84.3,T,,M,15.05,N,27.87,K,A*39
$HEHDT,83.1,T*15
$VWVHW,83.1,T,,M,14.78,N,27.38,K*44
$GPGSV,2,1,08,03,65,044,49,08,41,099,46,11,23,154,41,14,48,209,47*75
$GPGSV,2,2,08,17,66,266,48,22,21,314,40,28,09,354,39,31,58,124,47*78
$GAGSV,2,1,05,04,50,074,47,09,36,184,45,12,66,239,50,24,10,289,38*6E
$GAGSV,2,2,05,31,18,024,40*54
$GPZDA,081700.00,14,06,2025,00,00*6E
$GPGGA,081701.00,5432.23450,N,01842.07405,E,1,12,1.0,14.9,M,26.5,M,,*55
$GPRMC,081701.00,A,5432.23450,N,01842.07405,E,15.02,84.0,140625,,,A*66
$GPVTG,84.0,T,,M,15.02,N,27.81,K,A*3B
$HEHDT,83.0,T*14
$VWVHW,83.0,T,,M,14.59,N,27.03,K*4E
$GPGGA,081702.00,5432.23496,N,01842.08169,E,1,12,0.9,15.2,M,26.5,M,,*5E
$GPRMC,081702.00,A,5432.23496,N,01842.08169,E,14.97,84.4,140625,,,A*66
$GPVTG,84.4,T,,M,14.97,N,27.72,K,A*3E
$HEHDT,83.0,T*14
$VWVHW,83.0,T,,M,14.72,N,27.25,K*43
$GPGGA,081703.00,5432.23557,N,01842.08918,E,1,12,0.9,15.6,M,26.5,M,,*59
$GPRMC,081703.00,A,5432.23557,N,01842.08918,E,15.10,84.3,140625,,,A*6C
$GPVTG,84.3,T,,M,15.10,N,27.96,K,A*3D
$HEHDT,83.1,T*15
$VWVHW,83.1,T,,M,14.77,N,27.35,K*46
$GPGGA,081704.00,5432.23629,N,01842.09577,E,1,12,0.9,15.0,M,26.5,M,,*56
$GPRMC,081704.00,A,5432.23629,N,01842.09577,E,15.19,84.1,140625,,,A*6E
$GPVTG,84.1,T,,M,15.19,N,28.13,K,A*34
$HEHDT,83.2,T*16
$VWVHW,83.2,T,,M,14.77,N,27.35,K*45
$GPGGA,081705.00,5432.23685,N,01842.10325,E,1,12,0.9,15.1,M,26.5,M,,*59
$GPRMC,081705.00,A,5432.23685,N,01842.10325,E,15.17,84.3,140625,,,A*6C
$GPVTG,84.3,T,,M,15.17,N,28.09,K,A*33
$HEHDT,83.1,T*15
$VWVHW,83.1,T,,M,14.81,N,27.42,K*4F
$GPGSV,2,1,08,03,65,044,50,08,41,099,47,11,23,154,41,14,48,209,46*7D
$GPGSV,2,2,08,17,66,266,49,22,21,314,40,28,09,354,38,31,58,124,46*79
$GAGSV,2,1,05,04,50,074,47,09,36,184,45,12,66,239,49,24,10,289,38*66
$GAGSV,2,2,05,31,18,024,40*54
$GPZDA,081705.00,14,06,2025,00,00*6B
$GPGGA,081706.00,5432.23670,N,01842.11089,E,1,12,0.9,15.1,M,26.5,M,,*54
$GPRMC,081706.00,A,5432.23670,N,01842.11089,E,15.14,83.8,140625,,,A*6E
$GPVTG,83.8,T,,M,15.14,N,28.05,K,A*30
$HEHDT,83.0,T*14
$VWVHW,83.0,T,,M,14.63,N,27.09,K*4D
$GPGGA,081707.00,5432.23727,N,01842.11710,E,1,12,0.9,14.6,M,26.5,M,,*57
$GPRMC,081707.00,A,5432.23727,N,01842.11710,E,15.00,84.3,140625,,,A*62
$GPVTG,84.3,T,,M,15.00,N,27.77,K,A*33
$HEHDT,83.3,T*17
$VWVHW,83.3,T,,M,14.72,N,27.25,K*40
$GPGGA,081708.00,5432.23795,N,01842.12420,E,1,12,0.9,15.0,M,26.5,M,,*55
$GPRMC,081708.00,A,5432.23795,N,01842.12420,E,15.00,84.0,140625,,,A*64
$GPVTG,84.0,T,,M,15.00,N,27.78,K,A*3F
$HEHDT,83.2,T*16
$VWVHW,83.2,T,,M,14.73,N,27.28,K*4D
$GPGGA,081709.00,5432.23856,N,01842.13205,E,1,12,0.9,14.5,M,26.5,M,,*50
$GPRMC,081709.00,A,5432.23856,N,01842.13205,E,15.09,84.2,140625,,,A*6E
$GPVTG,84.2,T,,M,15.09,N,27.94,K,A*36
$HEHDT,83.3,T*17
$VWVHW,83.3,T,,M,14.84,N,27.47,K*4D
$GPGGA,081710.00,5432.23892,N,01842.13839,E,1,12,0.9,14.3,M,26.5,M,,*53
$GPRMC,081710.00,A,5432.23892,N,01842.13839,E,14.98,83.9,140625,,,A*6E
$GPVTG,83.9,T,,M,14.98,N,27.74,K,A*3D
$HEHDT,83.0,T*14
$VWVHW,83.0,T,,M,14.66,N,27.14,K*44
$GPGSV,2,1,08,03,65,044,50,08,41,099,47,11,23,154,41,14,48,209,46*7D
$GPGSV,2,2,08,17,66,266,48,22,21,314,42,28,09,354,38,31,58,124,47*7B
$GAGSV,2,1,05,04,50,074,47,09,36,184,44,12,66,239,49,24,10,289,38*67
$GAGSV,2,2,05,31,18,024,39*5A
$GPZDA,081710.00,14,06,2025,00,00*6F
$GPGGA,081711.00,5432.23935,N,01842.14575,E,1,12,0.9,15.0,M,26.5,M,,*5E
$GPRMC,081711.00,A,5432.23935,N,01842.14575,E,14.95,84.1,140625,,,A*63
$GPVTG,84.1,T,,M,14.95,N,27.68,K,A*32
$HEHDT,83.1,T*15
$VWVHW,83.1,T,,M,14.71,N,27.24,K*40
$GPGGA,081712.00,5432.23975,N,01842.15372,E,1,12,0.9,14.8,M,26.5,M,,*50
$GPRMC,081712.00,A,5432.23975,N,01842.15372,E,15.02,83.8,140625,,,A*65
$GPVTG,83.8,T,,M,15.02,N,27.81,K,A*34
$HEHDT,83.1,T*15
$VWVHW,83.1,T,,M,14.67,N,27.16,K*46
$GPGGA,081713.00,5432.24011,N,01842.15998,E,1,12,0.9,14.7,M,26.5,M,,*5C
$GPRMC,081713.00,A,5432.24011,N,01842.15998,E,15.14,84.6,140625,,,A*68
$GPVTG,84.6,T,,M,15.14,N,28.04,K,A*38
$HEHDT,83.2,T*16
$VWVHW,83.2,T,,M,14.78,N,27.37,K*48
$GPGGA,081714.00,5432.24066,N,01842.16744,E,1,12,0.9,14.9,M,26.5,M,,*59
$GPRMC,081714.00,A,5432.24066,N,01842.16744,E,15.11,84.2,140625,,,A*62
$GPVTG,84.2,T,,M,15.11,N,27.98,K,A*33
$HEHDT,82.8,T*1D
$VWVHW,82.8,T,,M,14.68,N,27.20,K*44
$GPGGA,081715.00,5432.24117,N,01842.17500,E,1,12,0.9,14.8,M,26.5,M,,*5D
$GPRMC,081715.00,A,5432.24117,N,01842.17500,E,14.98,84.2,140625,,,A*67
$GPVTG,84.2,T,,M,14.98,N,27.75,K,A*30
$HEHDT,83.0,T*14
$VWVHW,83.0,T,,M,14.72,N,27.27,K*41
$GPGSV,2,1,08,03,65,044,49,08,41,099,47,11,23,154,42,14,48,209,47*77
$GPGSV,2,2,08,17,66,266,48,22,21,314,42,28,09,354,38,31,58,124,47*7B
$GAGSV,2,1,05,04,50,074,48,09,36,184,46,12,66,239,48,24,10,289,39*6A
$GAGSV,2,2,05,31,18,024,40*54
$GPZDA,081715.00,14,06,2025,00,00*6A
$GPGGA,081716.00,5432.24137,N,01842.18185,E,1,12,0.9,15.0,M,26.5,M,,*53
$GPRMC,081716.00,A,5432.24137,N,01842.18185,E,15.08,84.0,140625,,,A*6A
$GPVTG,84.0,T,,M,15.08,N,27.93,K,A*32
$HEHDT,83.0,T*14
$VWVHW,83.0,T,,M,14.69,N,27.20,K*4C
$GPGGA,081717.00,5432.24203,N,01842.18888,E,1,12,0.9,14.5,M,26.5,M,,*56
$GPRMC,081717.00,A,5432.24203,N,01842.18888,E,14.98,84.3,140625,,,A*60
$GPVTG,84.3,T,,M,14.98,N,27.74,K,A*30
$HEHDT,83.3,T*17
$VWVHW,83.3,T,,M,14.76,N,27.34,K*44
$GPGGA,081718.00,5432.24238,N,01842.19625,E,1,12,0.9,14.9,M,26.5,M,,*55
$GPRMC,081718.00,A,5432.24238,N,01842.19625,E,15.07,84.2,140625,,,A*69
$GPVTG,84.2,T,,M,15.07,N,27.91,K,A*3D
$HEHDT,83.0,T*14
$VWVHW,83.0,T,,M,14.74,N,27.30,K*41
$GPGGA,081719.00,5432.24237,N,01842.20287,E,1,12,0.9,14.3,M,26.5,M,,*57
$GPRMC,081719.00,A,5432.24237,N,01842.20287,E,15.03,83.6,140625,,,A*66
$GPVTG,83.6,T,,M,15.03,N,27.84,K,A*3E
$HEHDT,83.4,T*10
$VWVHW,83.4,T,,M,14.59,N,27.01,K*48
$GPGGA,081720.00,5432.24324,N,01842.21044,E,1,12,0.9,14.2,M,26.5,M,,*53
$GPRMC,081720.00,A,5432.24324,N,01842.21044,E,14.95,84.4,140625,,,A*68
$GPVTG,84.4,T,,M,14.95,N,27.68,K,A*37
$HEHDT,83.4,T*10
$VWVHW,83.4,T,,M,14.55,N,26.95,K*48
$GPGSV,2,1,08,03,65,044,50,08,41,099,47,11,23,154,41,14,48,209,48*73
$GPGSV,2,2,08,17,66,266,48,22,21,314,41,28,10,354,38,31,58,124,48*7F
$GAGSV,2,1,05,04,50,074,47,09,36,184,45,12,66,239,49,24,10,289,38*66
$GAGSV,2,2,05,31,18,024,40*54
$GPZDA,081720.00,14,06,2025,00,00*6C
$GPGGA,081721.00,5432.24369,N,01842.21758,E,1,12,0.9,14.4,M,26.5,M,,*57
$GPRMC,081721.00,A,5432.24369,N,01842.21758,E,14.97,84.2,140625,,,A*6E
$GPVTG,84.2,T,,M,14.97,N,27.72,K,A*38
$HEHDT,83.0,T*14
$VWVHW,83.0,T,,M,14.75,N,27.32,K*42
$GPGGA,081722.00,5432.24386,N,01842.22569,E,1,12,0.9,14.9,M,26.5,M,,*5B
$GPRMC,081722.00,A,5432.24386,N,01842.22569,E,15.12,84.2,140625,,,A*63
$GPVTG,84.2,T,,M,15.12,N,28.00,K,A*3E
$HEHDT,83.5,T*11
$VWVHW,83.5,T,,M,14.73,N,27.29,K*4B
$GPGGA,081723.00,5432.24405,N,01842.23137,E,1,12,0.9,14.7,M,26.5,M,,*56
$GPRMC,081723.00,A,5432.24405,N,01842.23137,E,15.01,83.8,140625,,,A*6F
$GPVTG,83.8,T,,M,15.01,N,27.81,K,A*37
$HEHDT,83.2,T*16
$VWVHW,83.2,T,,M,14.68,N,27.19,K*45
$GPGGA,081724.00,5432.24424,N,01842.23901,E,1,12,0.9,14.8,M,26.5,M,,*50
$GPRMC,081724.00,A,5432.24424,N,01842.23901,E,15.16,83.8,140625,,,A*60
$GPVTG,83.8,T,,M,15.16,N,28.08,K,A*3F
$HEHDT,82.5,T*10
$VWVHW,82.5,T,,M,14.82,N,27.45,K*4E
$GPGGA,081725.00,5432.24463,N,01842.24598,E,1,12,0.9,15.0,M,26.5,M,,*50
$GPRMC,081725.00,A,5432.24463,N,01842.24598,E,15.16,84.6,140625,,,A*60
$GPVTG,84.6,T,,M,15.16,N,28.07,K,A*39
$HEHDT,83.0,T*14
$VWVHW,83.0,T,,M,14.62,N,27.07,K*42
$GPGSV,2,1,08,03,65,044,49,08,41,099,48,11,23,154,41,14,48,209,45*79
$GPGSV,2,2,08,17,66,266,49,22,21,314,41,28,10,354,39,31,58,124,47*70
$GAGSV,2,1,05,04,50,074,47,09,36,184,45,12,66,239,47,24,10,289,38*68
$GAGSV,2,2,05,31,18,024,41*55
$GPZDA,081725.00,14,06,2025,00,00*69
$GPGGA,081726.00,5432.24512,N,01842.25365,E,1,12,0.9,14.7,M,26.5,M,,*57
$GPRMC,081726.00,A,5432.24512,N,01842.25365,E,15.01,84.0,140625,,,A*61
$GPVTG,84.0,T,,M,15.01,N,27.80,K,A*39
$HEHDT,83.3,T*17
$VWVHW,83.3,T,,M,14.62,N,27.09,K*4F
$GPGGA,081727.00,5432.24571,N,01842.25998,E,1,12,0.9,14.6,M,26.5,M,,*5A
$GPRMC,081727.00,A,5432.24571,N,01842.25998,E,14.93,83.5,140625,,,A*65
$GPVTG,83.5,T,,M,14.93,N,27.66,K,A*39
$HEHDT,82.8,T*1D
$VWVHW,82.8,T,,M,14.63,N,27.10,K*4C
$GPGGA,081728.00,5432.24659,N,01842.26767,E,1,12,0.9,15.4,M,26.5,M,,*52
$GPRMC,081728.00,A,5432.24659,N,01842.26767,E,15.09,83.8,140625,,,A*61
$GPVTG,83.8,T,,M,15.09,N,27.95,K,A*3A
$HEHDT,83.4,T*10
$VWVHW,83.4,T,,M,14.67,N,27.17,K*42
$GPGGA,081729.00,5432.24642,N,01842.27542,E,1,12,0.9,14.5,M,26.5,M,,*5D
$GPRMC,081729.00,A,5432.24642,N,01842.27542,E,14.94,84.0,140625,,,A*64
$GPVTG,84.0,T,,M,14.94,N,27.67,K,A*3D
$HEHDT,83.2,T*16
$VWVHW,83.2,T,,M,14.64,N,27.11,K*41
$GPGGA,081730.00,5432.24677,N,01842.28178,E,1,12,0.9,14.4,M,26.5,M,,*50
$GPRMC,081730.00,A,5432.24677,N,01842.28178,E,14.94,84.0,140625,,,A*68
$GPVTG,84.0,T,,M,14.94,N,27.67,K,A*3D
$HEHDT,83.3,T*17
$VWVHW,83.3,T,,M,14.67,N,27.17,K*45
$GPGSV,2,1,08,03,65,044,48,08,41,099,48,11,23,154,42,14,48,209,47*79
$GPGSV,2,2,08,17,66,266,49,22,21,314,41,28,10,354,39,31,58,124,47*70
$GAGSV,2,1,05,04,50,074,48,09,36,184,45,12,66,239,48,24,10,289,38*68
$GAGSV,2,2,05,31,18,024,40*54
$GPZDA,081730.00,14,06,2025,00,00*6D
$GPGGA,081731.00,5432.24697,N,01842.28909,E,1,12,0.9,14.0,M,26.5,M,,*55
$GPRMC,081731.00,A,5432.24697,N,01842.28909,E,15.02,84.6,140625,,,A*61
$GPVTG,84.6,T,,M,15.02,N,27.82,K,A*3E
$HEHDT,83.2,T*16
$VWVHW,83.2,T,,M,14.50,N,26.85,K*4A
$GPGGA,081732.00,5432.24794,N,01842.29654,E,1,12,0.9,14.7,M,26.5,M,,*55
$GPRMC,081732.00,A,5432.24794,N,01842.29654,E,15.11,84.2,140625,,,A*60
$GPVTG,84.2,T,,M,15.11,N,27.99,K,A*32
$HEHDT,83.4,T*10
$VWVHW,83.4,T,,M,14.55,N,26.95,K*48
$GPGGA,081733.00,5432.24840,N,01842.30295,E,1,12,0.9,15.2,M,26.5,M,,*57
$GPRMC,081733.00,A,5432.24840,N,01842.30295,E,14.96,83.9,140625,,,A*64
$GPVTG,83.9,T,,M,14.96,N,27.72,K,A*35
$HEHDT,83.3,T*17
$VWVHW,83.3,T,,M,14.61,N,27.06,K*43
$GPGGA,081734.00,5432.24904,N,01842.31010,E,1,12,0.9,14.8,M,26.5,M,,*54
$GPRMC,081734.00,A,5432.24904,N,01842.31010,E,15.08,84.2,140625,,,A*66
$GPVTG,84.2,T,,M,15.08,N,27.93,K,A*30
$HEHDT,83.7,T*13
$VWVHW,83.7,T,,M,14.58,N,27.00,K*4B
$GPGGA,081735.00,5432.24939,N,01842.31748,E,1,12,0.9,14.8,M,26.5,M,,*51
$GPRMC,081735.00,A,5432.24939,N,01842.31748,E,14.98,84.0,140625,,,A*69
$GPVTG,84.0,T,,M,14.98,N,27.75,K,A*32
$HEHDT,83.2,T*16
$VWVHW,83.2,T,,M,14.57,N,26.99,K*40
$GPGSV,2,1,08,03,65,044,49,08,41,099,48,11,23,154,42,14,48,209,48*77
$GPGSV,2,2,08,17,66,266,49,22,21,314,42,28,10,354,39,31,58,124,48*7C
$GAGSV,2,1,05,04,50,074,48,09,36,184,45,12,66,239,48,24,10,289,37*67
$GAGSV,2,2,05,31,18,024,40*54
$GPZDA,081735.00,14,06,2025,00,00*68
$GPGGA,081736.00,5432.24988,N,01842.32554,E,1,12,0.9,15.4,M,26.5,M,,*59
$GPRMC,081736.00,A,5432.24988,N,01842.32554,E,15.04,84.4,140625,,,A*6C
$GPVTG,84.4,T,,M,15.04,N,27.85,K,A*3D
$HEHDT,83.0,T*14
$VWVHW,83.0,T,,M,14.79,N,27.39,K*45
$GPGGA,081737.00,5432.25062,N,01842.33215,E,1,12,0.9,14.9,M,26.5,M,,*5B
$GPRMC,081737.00,A,5432.25062,N,01842.33215,E,15.10,84.0,140625,,,A*63
$GPVTG,84.0,T,,M,15.10,N,27.96,K,A*3E
$HEHDT,83.0,T*14
$VWVHW,83.0,T,,M,14.66,N,27.16,K*46
$GPGGA,081738.00,5432.25090,N,01842.33899,E,1,12,0.9,15.4,M,26.5,M,,*5B
$GPRMC,081738.00,A,5432.25090,N,01842.33899,E,15.01,84.0,140625,,,A*6F
$GPVTG,84.0,T,,M,15.01,N,27.80,K,A*39
$HEHDT,83.2,T*16
$VWVHW,83.2,T,,M,14.69,N,27.20,K*4E
$GPGGA,081739.00,5432.25117,N,01842.34598,E,1,12,0.9,14.6,M,26.5,M,,*5C
$GPRMC,081739.00,A,5432.25117,N,01842.34598,E,14.99,83.8,140625,,,A*64
$GPVTG,83.8,T,,M,14.99,N,27.77,K,A*3E
$HEHDT,83.1,T*15
$VWVHW,83.1,T,,M,14.66,N,27.15,K*44
$GPGGA,081740.00,5432.25176,N,01842.35363,E,1,12,0.9,14.6,M,26.5,M,,*56
$GPRMC,081740.00,A,5432.25176,N,01842.35363,E,14.92,84.2,140625,,,A*68
$GPVTG,84.2,T,,M,14.92,N,27.63,K,A*3D
$HEHDT,82.7,T*12
$VWVHW,82.7,T,,M,14.68,N,27.18,K*40
$GPGSV,2,1,08,03,65,044,50,08,41,099,49,11,23,154,42,14,48,209,47*71
$GPGSV,2,2,08,17,66,266,48,22,21,314,40,28,10,354,39,31,58,124,48*7F
$GAGSV,2,1,05,04,50,074,48,09,36,184,46,12,66,239,47,24,10,289,37*6B
$GAGSV,2,2,05,31,18,024,41*55
$GPZDA,081740.00,14,06,2025,00,00*6A
$GPGGA,081741.00,5432.25216,N,01842.36076,E,1,12,0.9,14.7,M,26.5,M,,*57
$GPRMC,081741.00,A,5432.25216,N,01842.36076,E,15.07,84.5,140625,,,A*62
$GPVTG,84.5,T,,M,15.07,N,27.91,K,A*3A
$HEHDT,83.8,T*1C
$VWVHW,83.8,T,,M,14.53,N,26.92,K*45
$GPGGA,081742.00,5432.25281,N,01842.36703,E,1,12,0.9,15.2,M,26.5,M,,*5B
$GPRMC,081742.00,A,5432.25281,N,01842.36703,E,14.99,83.6,140625,,,A*68
$GPVTG,83.6,T,,M,14.99,N,27.75,K,A*32
$HEHDT,82.8,T*1D
$VWVHW,82.8,T,,M,14.64,N,27.11,K*4A
$GPGGA,081743.00,5432.25273,N,01842.37445,E,1,12,0.9,14.5,M,26.5,M,,*51
$GPRMC,081743.00,A,5432.25273,N,01842.37445,E,14.91,84.1,140625,,,A*6C
$GPVTG,84.1,T,,M,14.91,N,27.61,K,A*3F
$HEHDT,83.2,T*16
$VWVHW,83.2,T,,M,14.62,N,27.07,K*40
$GPGGA,081744.00,5432.25314,N,01842.38140,E,1,12,0.9,14.4,M,26.5,M,,*58
$GPRMC,081744.00,A,5432.25314,N,01842.38140,E,15.10,84.2,140625,,,A*6F
$GPVTG,84.2,T,,M,15.10,N,27.96,K,A*3C
$HEHDT,83.3,T*17
$VWVHW,83.3,T,,M,14.55,N,26.95,K*4F
$GPGGA,081745.00,5432.25390,N,01842.39003,E,1,12,0.9,14.9,M,26.5,M,,*5F
$GPRMC,081745.00,A,5432.25390,N,01842.39003,E,14.92,84.3,140625,,,A*6F
$GPVTG,84.3,T,,M,14.92,N,27.63,K,A*3C
$HEHDT,83.2,T*16
$VWVHW,83.2,T,,M,14.52,N,26.89,K*44
$GPGSV,2,1,08,03,65,044,49,08,41,099,49,11,23,154,43,14,48,209,47*78
$GPGSV,2,2,08,17,66,266,49,22,21,314,41,28,10,354,40,31,58,124,47*7E
$GAGSV,2,1,05,04,50,074,48,09,36,184,46,12,66,239,48,24,10,289,39*6A
$GAGSV,2,2,05,31,18,024,41*55
$GPZDA,081745.00,14,06,2025,00,00*6F
$GPGGA,081746.00,5432.25412,N,01842.39569,E,1,12,0.9,14.5,M,26.5,M,,*54
$GPRMC,081746.00,A,5432.25412,N,01842.39569,E,14.84,84.1,140625,,,A*6D
$GPVTG,84.1,T,,M,14.84,N,27.49,K,A*31
$HEHDT,83.2,T*16
$VWVHW,83.2,T,,M,14.55,N,26.95,K*4E
$GPGGA,081747.00,5432.25442,N,01842.40252,E,1,12,0.9,15.3,M,26.5,M,,*56
$GPRMC,081747.00,A,5432.25442,N,01842.40252,E,15.02,84.4,140625,,,A*62
$GPVTG,84.4,T,,M,15.02,N,27.81,K,A*3F
$HEHDT,83.7,T*13
$VWVHW,83.7,T,,M,14.59,N,27.01,K*4B
$GPGGA,081748.00,5432.25506,N,01842.40965,E,1,12,0.9,14.7,M,26.5,M,,*52
$GPRMC,081748.00,A,5432.25506,N,01842.40965,E,14.93,83.9,140625,,,A*60
$GPVTG,83.9,T,,M,14.93,N,27.66,K,A*35
$HEHDT,83.4,T*10
$VWVHW,83.4,T,,M,14.57,N,26.98,K*47
$GPGGA,081749.00,5432.25569,N,01842.41730,E,1,12,0.9,14.4,M,26.5,M,,*56
$GPRMC,081749.00,A,5432.25569,N,01842.41730,E,14.90,84.1,140625,,,A*6B
$GPVTG,84.1,T,,M,14.90,N,27.59,K,A*35
$HEHDT,83.3,T*17
$VWVHW,83.3,T,,M,14.60,N,27.05,K*41
$GPGGA,081750.00,5432.25528,N,01842.42459,E,1,12,0.9,15.3,M,26.5,M,,*52
$GPRMC,081750.00,A,5432.25528,N,01842.42459,E,14.92,83.9,140625,,,A*64
$GPVTG,83.9,T,,M,14.92,N,27.64,K,A*36
$HEHDT,83.2,T*16
$VWVHW,83.2,T,,M,14.55,N,26.95,K*4E
$GPGSV,2,1,08,03,65,044,50,08,41,099,48,11,23,154,41,14,48,209,47*73
$GPGSV,2,2,08,17,66,266,48,22,21,314,41,28,10,354,39,31,58,124,48*7E
$GAGSV,2,1,05,04,50,074,48,09,36,184,46,12,66,239,47,24,10,289,39*65
$GAGSV,2,2,05,31,18,024,42*56
$GPZDA,081750.00,14,06,2025,00,00*6B
$GPGGA,081751.00,5432.25593,N,01842.43168,E,1,12,0.9,14.3,M,26.5,M,,*54
$GPRMC,081751.00,A,5432.25593,N,01842.43168,E,14.97,84.0,140625,,,A*68
$GPVTG,84.0,T,,M,14.97,N,27.72,K,A*3A
$HEHDT,82.8,T*1D
$VWVHW,82.8,T,,M,14.74,N,27.30,K*48
$GPGGA,081752.00,5432.25668,N,01842.43834,E,1,12,0.9,14.7,M,26.5,M,,*54
$GPRMC,081752.00,A,5432.25668,N,01842.43834,E,14.76,84.1,140625,,,A*62
$GPVTG,84.1,T,,M,14.76,N,27.34,K,A*36
$HEHDT,83.3,T*17
$VWVHW,83.3,T,,M,14.44,N,26.75,K*41
$GPGGA,081753.00,5432.25660,N,01842.44501,E,1,12,0.9,14.4,M,26.5,M,,*52
$GPRMC,081753.00,A,5432.25660,N,01842.44501,E,14.94,84.7,140625,,,A*6D
$GPVTG,84.7,T,,M,14.94,N,27.66,K,A*3B
$HEHDT,83.1,T*15
$VWVHW,83.1,T,,M,14.47,N,26.79,K*4C
$GPGGA,081754.00,5432.25713,N,01842.45244,E,1,12,0.9,14.6,M,26.5,M,,*55
$GPRMC,081754.00,A,5432.25713,N,01842.45244,E,15.12,83.5,140625,,,A*62
$GPVTG,83.5,T,,M,15.12,N,28.00,K,A*3E
$HEHDT,83.3,T*17
$VWVHW,83.3,T,,M,14.44,N,26.73,K*47
$GPGGA,081755.00,5432.25768,N,01842.45922,E,1,12,0.9,14.5,M,26.5,M,,*50
$GPRMC,081755.00,A,5432.25768,N,01842.45922,E,15.07,84.5,140625,,,A*67
$GPVTG,84.5,T,,M,15.07,N,27.90,K,A*3B
$HEHDT,83.7,T*13
$VWVHW,83.7,T,,M,14.65,N,27.13,K*47
$GPGSV,2,1,08,03,65,044,49,08,41,099,48,11,23,154,42,14,48,209,46*79
$GPGSV,2,2,08,17,66,266,49,22,21,314,41,28,10,354,40,31,58,124,48*71
$GAGSV,2,1,05,04,50,074,46,09,36,184,45,12,66,239,47,24,10,289,39*68
$GAGSV,2,2,05,31,18,024,42*56
$GPZDA,081755.00,14,06,2025,00,00*6E
$GPGGA,081756.00,5432.25844,N,01842.46753,E,1,12,0.9,14.1,M,26.5,M,,*5D
$GPRMC,081756.00,A,5432.25844,N,01842.46753,E,14.93,83.5,140625,,,A*65
$GPVTG,83.5,T,,M,14.93,N,27.65,K,A*3A
$HEHDT,83.5,T*11
$VWVHW,83.5,T,,M,14.60,N,27.04,K*46
$GPGGA,081757.00,5432.25872,N,01842.47437,E,1,12,0.9,14.2,M,26.5,M,,*5A
$GPRMC,081757.00,A,5432.25872,N,01842.47437,E,14.87,84.1,140625,,,A*67
$GPVTG,84.1,T,,M,14.87,N,27.54,K,A*3E
$HEHDT,82.7,T*12
$VWVHW,82.7,T,,M,14.55,N,26.95,K*4A
$GPGGA,081758.00,5432.25915,N,01842.48154,E,1,12,0.9,14.5,M,26.5,M,,*5D
$GPRMC,081758.00,A,5432.25915,N,01842.48154,E,14.81,84.0,140625,,,A*60
$GPVTG,84.0,T,,M,14.81,N,27.43,K,A*3F
$HEHDT,83.2,T*16
$VWVHW,83.2,T,,M,14.53,N,26.91,K*4C
$GPGGA,081759.00,5432.25949,N,01842.48825,E,1,12,1.0,13.8,M,26.5,M,,*58
$GPRMC,081759.00,A,5432.25949,N,01842.48825,E,14.88,83.5,140625,,,A*6C
$GPVTG,83.5,T,,M,14.88,N,27.56,K,A*30
$HEHDT,83.1,T*15
$VWVHW,83.1,T,,M,14.61,N,27.05,K*42
$GPGGA,081800.00,5432.26025,N,01842.49535,E,1,12,1.0,14.3,M,26.5,M,,*5A
$GPRMC,081800.00,A,5432.26025,N,01842.49535,E,14.89,84.3,140625,,,A*62
$GPVTG,84.3,T,,M,14.89,N,27.57,K,A*31
$HEHDT,83.3,T*17
$VWVHW,83.3,T,,M,14.54,N,26.93,K*48
$GPGSV,2,1,08,03,65,044,49,08,41,099,49,11,23,154,41,14,48,209,46*7B
$GPGSV,2,2,08,17,66,266,49,22,21,314,41,28,10,354,40,31,58,124,47*7E
$GAGSV,2,1,05,04,50,074,47,09,36,184,46,12,66,239,48,24,10,289,38*64
$GAGSV,2,2,05,31,18,024,42*56
$GPZDA,081800.00,14,06,2025,00,00*61
$GPGGA,081801.00,5432.26070,N,01842.50242,E,1,12,1.0,14.6,M,26.5,M,,*51
$GPRMC,081801.00,A,5432.26070,N,01842.50242,E,14.99,84.3,140625,,,A*6D
$GPVTG,84.3,T,,M,14.99,N,27.77,K,A*32
$HEHDT,83.1,T*15
$VWVHW,83.1,T,,M,14.48,N,26.82,K*47
$GPGGA,081802.00,5432.26097,N,01842.50929,E,1,12,1.0,14.6,M,26.5,M,,*5D
$GPRMC,081802.00,A,5432.26097,N,01842.50929,E,14.85,84.6,140625,,,A*69
$GPVTG,84.6,T,,M,14.85,N,27.51,K,A*3E
$HEHDT,83.0,T*14
$VWVHW,83.0,T,,M,14.44,N,26.74,K*43
$GPGGA,081803.00,5432.26145,N,01842.51663,E,1,12,1.0,14.8,M,26.5,M,,*5C
$GPRMC,081803.00,A,5432.26145,N,01842.51663,E,14.98,84.1,140625,,,A*6D
$GPVTG,84.1,T,,M,14.98,N,27.74,K,A*32
$HEHDT,83.3,T*17
$VWVHW,83.3,T,,M,14.74,N,27.29,K*4A
$GPGGA,081804.00,5432.26195,N,01842.52426,E,1,12,1.0,15.2,M,26.5,M,,*5D
$GPRMC,081804.00,A,5432.26195,N,01842.52426,E,14.89,83.9,140625,,,A*68
$GPVTG,83.9,T,,M,14.89,N,27.57,K,A*3C
$HEHDT,83.2,T*16
$VWVHW,83.2,T,,M,14.49,N,26.83,K*44
$GPGGA,081805.00,5432.26163,N,01842.53067,E,1,12,1.0,14.5,M,26.5,M,,*53
$GPRMC,081805.00,A,5432.26163,N,01842.53067,E,14.83,83.6,140625,,,A*65
$GPVTG,83.6,T,,M,14.83,N,27.46,K,A*39
$HEHDT,82.9,T*1C
$VWVHW,82.9,T,,M,14.50,N,26.86,K*43
$GPGSV,2,1,08,03,65,044,50,08,41,099,48,11,23,154,42,14,48,209,45*72
$GPGSV,2,2,08,17,66,266,49,22,21,314,41,28,10,354,40,31,58,124,48*71
$GAGSV,2,1,05,04,50,074,47,09,36,184,46,12,66,239,49,24,10,289,38*65
$GAGSV,2,2,05,31,18,024,41*55
$GPZDA,081805.00,14,06,2025,00,00*64
$GPGGA,081806.00,5432.26245,N,01842.53715,E,1,12,1.0,14.8,M,26.5,M,,*58
$GPRMC,081806.00,A,5432.26245,N,01842.53715,E,14.93,84.3,140625,,,A*60
$GPVTG,84.3,T,,M,14.93,N,27.65,K,A*3B
$HEHDT,83.1,T*15
$VWVHW,83.1,T,,M,14.67,N,27.17,K*47
$GPGGA,081807.00,5432.26310,N,01842.54393,E,1,12,1.0,14.7,M,26.5,M,,*5A
$GPRMC,081807.00,A,5432.26310,N,01842.54393,E,14.97,84.3,140625,,,A*69
$GPVTG,84.3,T,,M,14.97,N,27.72,K,A*39
$HEHDT,82.9,T*1C
$VWVHW,82.9,T,,M,14.44,N,26.74,K*4B
$GPGGA,081808.00,5432.26342,N,01842.55085,E,1,12,1.0,15.1,M,26.5,M,,*50
$GPRMC,081808.00,A,5432.26342,N,01842.55085,E,14.85,83.9,140625,,,A*6A
$GPVTG,83.9,T,,M,14.85,N,27.49,K,A*3F
$HEHDT,82.5,T*10
$VWVHW,82.5,T,,M,14.51,N,26.88,K*40
$GPGGA,081809.00,5432.26385,N,01842.55823,E,1,12,1.0,14.5,M,26.5,M,,*5B
$GPRMC,081809.00,A,5432.26385,N,01842.55823,E,14.88,83.8,140625,,,A*68
$GPVTG,83.8,T,,M,14.88,N,27.56,K,A*3D
$HEHDT,82.9,T*1C
$VWVHW,82.9,T,,M,14.45,N,26.76,K*48
$GPGGA,081810.00,5432.26439,N,01842.56530,E,1,12,1.0,15.9,M,26.5,M,,*52
$GPRMC,081810.00,A,5432.26439,N,01842.56530,E,14.93,84.1,140625,,,A*68
$GPVTG,84.1,T,,M,14.93,N,27.65,K,A*39
$HEHDT,83.3,T*17
$VWVHW,83.3,T,,M,14.42,N,26.70,K*42
$GPGSV,2,1,08,03,65,044,50,08,41,099,48,11,23,154,42,14,48,209,45*72
$GPGSV,2,2,08,17,66,266,48,22,21,314,40,28,10,354,39,31,58,124,49*7E
$GAGSV,2,1,05,04,50,074,46,09,36,184,45,12,66,239,50,24,10,289,38*6F
$GAGSV,2,2,05,31,18,024,41*55
$GPZDA,081810.00,14,06,2025,00,00*60
$GPGGA,081811.00,5432.26472,N,01842.57240,E,1,12,1.0,15.5,M,26.5,M,,*51
$GPRMC,081811.00,A,5432.26472,N,01842.57240,E,14.92,83.8,140625,,,A*68
$GPVTG,83.8,T,,M,14.92,N,27.63,K,A*30
$HEHDT,83.4,T*10
$VWVHW,83.4,T,,M,14.49,N,26.83,K*42
$GPGGA,081812.00,5432.26466,N,01842.57990,E,1,12,1.0,16.0,M,26.5,M,,*57
$GPRMC,081812.00,A,5432.26466,N,01842.57990,E,14.97,84.1,140625,,,A*63
$GPVTG,84.1,T,,M,14.97,N,27.73,K,A*3A
$HEHDT,83.4,T*10
$VWVHW,83.4,T,,M,14.39,N,26.65,K*4D
$GPGGA,081813.00,5432.26573,N,01842.58600,E,1,12,1.0,15.3,M,26.5,M,,*5A
$GPRMC,081813.00,A,5432.26573,N,01842.58600,E,14.83,84.4,140625,,,A*6E
$GPVTG,84.4,T,,M,14.83,N,27.47,K,A*3D
$HEHDT,83.1,T*15
$VWVHW,83.1,T,,M,14.50,N,26.85,K*49
$GPGGA,081814.00,5432.26598,N,01842.59367,E,1,12,1.0,15.5,M,26.5,M,,*5B
$GPRMC,081814.00,A,5432.26598,N,01842.59367,E,14.95,84.4,140625,,,A*6E
$GPVTG,84.4,T,,M,14.95,N,27.68,K,A*37
$HEHDT,83.1,T*15
$VWVHW,83.1,T,,M,14.51,N,26.87,K*4A
$GPGGA,081815.00,5432.26598,N,01842.60010,E,1,12,1.0,14.7,M,26.5,M,,*50
$GPRMC,081815.00,A,5432.26598,N,01842.60010,E,14.93,83.7,140625,,,A*64
$GPVTG,83.7,T,,M,14.93,N,27.66,K,A*3B
$HEHDT,82.9,T*1C
$VWVHW,82.9,T,,M,14.49,N,26.83,K*4E
$GPGSV,2,1,08,03,65,044,49,08,41,099,47,11,23,154,42,14,48,209,47*77
$GPGSV,2,2,08,17,66,266,48,22,21,314,40,28,10,354,38,31,58,124,48*7E
$GAGSV,2,1,05,04,50,074,47,09,35,184,44,12,66,239,48,24,10,289,38*65
$GAGSV,2,2,05,31,18,024,42*56
$GPZDA,081815.00,14,06,2025,00,00*65
$GPGGA,081816.00,5432.26620,N,01842.60740,E,1,12,1.0,15.2,M,26.5,M,,*55
$GPRMC,081816.00,A,5432.26620,N,01842.60740,E,14.85,84.7,140625,,,A*65
$GPVTG,84.7,T,,M,14.85,N,27.51,K,A*3F
$HEHDT,82.7,T*12
$VWVHW,82.7,T,,M,14.49,N,26.84,K*47
$GPGGA,081817.00,5432.26651,N,01842.61448,E,1,12,1.0,14.2,M,26.5,M,,*59
$GPRMC,081817.00,A,5432.26651,N,01842.61448,E,14.93,83.9,140625,,,A*66
$GPVTG,83.9,T,,M,14.93,N,27.66,K,A*35
$HEHDT,82.8,T*1D
$VWVHW,82.8,T,,M,14.46,N,26.78,K*44
$GPGGA,081818.00,5432.26713,N,01842.62159,E,1,12,1.0,14.6,M,26.5,M,,*53
$GPRMC,081818.00,A,5432.26713,N,01842.62159,E,15.00,84.3,140625,,,A*6E
$GPVTG,84.3,T,,M,15.00,N,27.78,K,A*3C
$HEHDT,83.1,T*15
$VWVHW,83.1,T,,M,14.51,N,26.87,K*4A
$GPGGA,081819.00,5432.26788,N,01842.62800,E,1,12,1.0,15.8,M,26.5,M,,*5A
$GPRMC,081819.00,A,5432.26788,N,01842.62800,E,14.82,84.2,140625,,,A*62
$GPVTG,84.2,T,,M,14.82,N,27.45,K,A*38
$HEHDT,82.8,T*1D
$VWVHW,82.8,T,,M,14.49,N,26.83,K*4F
$GPGGA,081820.00,5432.26786,N,01842.63556,E,1,12,1.0,15.7,M,26.5,M,,*5E
$GPRMC,081820.00,A,5432.26786,N,01842.63556,E,14.72,83.6,140625,,,A*65
$GPVTG,83.6,T,,M,14.72,N,27.27,K,A*30
$HEHDT,83.0,T*14
$VWVHW,83.0,T,,M,14.53,N,26.90,K*4F
$GPGSV,2,1,08,03,65,044,49,08,41,099,47,11,23,154,43,14,48,209,46*77
$GPGSV,2,2,08,17,66,266,48,22,21,314,41,28,10,354,38,31,58,124,48*7F
$GAGSV,2,1,05,04,50,074,47,09,35,184,43,12,66,239,49,24,10,289,37*6C
$GAGSV,2,2,05,31,18,024,43*57
$GPZDA,081820.00,14,06,2025,00,00*63
$GPGGA,081821.00,5432.26862,N,01842.64209,E,1,12,1.0,15.2,M,26.5,M,,*55
$GPRMC,081821.00,A,5432.26862,N,01842.64209,E,14.88,83.8,140625,,,A*60
$GPVTG,83.8,T,,M,14.88,N,27.56,K,A*3D
$HEHDT,82.8,T*1D
$VWVHW,82.8,T,,M,14.47,N,26.80,K*42
$GPGGA,081822.00,5432.26879,N,01842.64899,E,1,12,1.0,15.4,M,26.5,M,,*59
$GPRMC,081822.00,A,5432.26879,N,01842.64899,E,14.86,84.2,140625,,,A*69
$GPVTG,84.2,T,,M,14.86,N,27.51,K,A*39
$HEHDT,83.1,T*15
$VWVHW,83.1,T,,M,14.52,N,26.88,K*46
$GPGGA,081823.00,5432.26958,N,01842.65607,E,1,12,1.0,15.1,M,26.5,M,,*57
$GPRMC,081823.00,A,5432.26958,N,01842.65607,E,14.88,84.8,140625,,,A*66
$GPVTG,84.8,T,,M,14.88,N,27.55,K,A*39
$HEHDT,83.0,T*14
$VWVHW,83.0,T,,M,14.63,N,27.10,K*45
$GPGGA,081824.00,5432.26988,N,01842.66321,E,1,12,1.0,16.0,M,26.5,M,,*5D
$GPRMC,081824.00,A,5432.26988,N,01842.66321,E,14.79,84.3,140625,,,A*6B
$GPVTG,84.3,T,,M,14.79,N,27.39,K,A*36
$HEHDT,83.0,T*14
$VWVHW,83.0,T,,M,14.44,N,26.74,K*43
$GPGGA,081825.00,5432.27017,N,01842.67098,E,1,12,1.0,15.0,M,26.5,M,,*51
$GPRMC,081825.00,A,5432.27017,N,01842.67098,E,14.76,84.1,140625,,,A*69
$GPVTG,84.1,T,,M,14.76,N,27.33,K,A*31
$HEHDT,83.2,T*16
$VWVHW,83.2,T,,M,14.59,N,27.02,K*4D
$GPGSV,2,1,08,03,65,044,50,08,41,099,47,11,23,154,41,14,48,209,46*7D
$GPGSV,2,2,08,17,66,266,48,22,21,314,40,28,10,354,39,31,58,124,49*7E
$GAGSV,2,1,05,04,50,074,46,09,35,184,44,12,66,239,48,24,10,289,37*6B
$GAGSV,2,2,05,31,18,024,43*57
$GPZDA,081825.00,14,06,2025,00,00*66
$GPGGA,081826.00,5432.27074,N,01842.67696,E,1,12,1.0,15.3,M,26.5,M,,*5C
$GPRMC,081826.00,A,5432.27074,N,01842.67696,E,14.85,84.5,140625,,,A*6F
$GPVTG,84.5,T,,M,14.85,N,27.51,K,A*3D
$HEHDT,82.7,T*12
$VWVHW,82.7,T,,M,14.45,N,26.77,K*47
$GPGGA,081827.00,5432.27127,N,01842.68422,E,1,12,1.0,14.7,M,26.5,M,,*5D
$GPRMC,081827.00,A,5432.27127,N,01842.68422,E,14.74,83.8,140625,,,A*6F
$GPVTG,83.8,T,,M,14.74,N,27.31,K,A*3F
$HEHDT,83.6,T*12
$VWVHW,83.6,T,,M,14.60,N,27.04,K*45
$GPGGA,081828.00,5432.27180,N,01842.69106,E,1,12,1.0,14.9,M,26.5,M,,*53
$GPRMC,081828.00,A,5432.27180,N,01842.69106,E,14.88,84.7,140625,,,A*64
$GPVTG,84.7,T,,M,14.88,N,27.55,K,A*36
$HEHDT,83.2,T*16
$VWVHW,83.2,T,,M,14.28,N,26.45,K*49
$GPGGA,081829.00,5432.27166,N,01842.69894,E,1,12,1.0,14.8,M,26.5,M,,*59
$GPRMC,081829.00,A,5432.27166,N,01842.69894,E,14.75,84.2,140625,,,A*68
$GPVTG,84.2,T,,M,14.75,N,27.32,K,A*30
$HEHDT,82.9,T*1C
$VWVHW,82.9,T,,M,14.43,N,26.72,K*4A
$GPGGA,081830.00,5432.27235,N,01842.70645,E,1,12,1.0,14.7,M,26.5,M,,*51
$GPRMC,081830.00,A,5432.27235,N,01842.70645,E,14.86,84.3,140625,,,A*62
$GPVTG,84.3,T,,M,14.86,N,27.51,K,A*38
$HEHDT,83.0,T*14
$VWVHW,83.0,T,,M,14.57,N,26.99,K*42
$GPGSV,2,1,08,03,65,044,50,08,41,099,47,11,23,154,42,14,48,209,46*7E
$GPGSV,2,2,08,17,66,266,48,22,21,314,41,28,10,354,39,31,58,124,49*7F
$GAGSV,2,1,05,04,50,074,47,09,35,184,44,12,66,239,48,24,10,289,38*65
$GAGSV,2,2,05,31,18,024,42*56
$GPZDA,081830.00,14,06,2025,00,00*62
$GPGGA,081831.00,5432.27274,N,01842.71339,E,1,12,1.0,15.1,M,26.5,M,,*5D
$GPRMC,081831.00,A,5432.27274,N,01842.71339,E,14.78,84.3,140625,,,A*68
$GPVTG,84.3,T,,M,14.78,N,27.38,K,A*36
$HEHDT,83.5,T*11
$VWVHW,83.5,T,,M,14.51,N,26.87,K*4E
$GPGGA,081832.00,5432.27309,N,01842.72005,E,1,12,1.0,13.9,M,26.5,M,,*54
$GPRMC,081832.00,A,5432.27309,N,01842.72005,E,14.76,84.1,140625,,,A*63
$GPVTG,84.1,T,,M,14.76,N,27.34,K,A*36
$HEHDT,83.4,T*10
$VWVHW,83.4,T,,M,14.39,N,26.65,K*4D
$GPGGA,081833.00,5432.27379,N,01842.72724,E,1,12,1.0,14.6,M,26.5,M,,*5E
$GPRMC,081833.00,A,5432.27379,N,01842.72724,E,14.73,84.5,140625,,,A*60
$GPVTG,84.5,T,,M,14.73,N,27.28,K,A*3A
$HEHDT,83.1,T*15
$VWVHW,83.1,T,,M,14.45,N,26.77,K*40
$GPGGA,081834.00,5432.27449,N,01842.73450,E,1,12,1.0,14.2,M,26.5,M,,*58
$GPRMC,081834.00,A,5432.27449,N,01842.73450,E,14.82,84.3,140625,,,A*6A
$GPVTG,84.3,T,,M,14.82,N,27.44,K,A*38
$HEHDT,83.3,T*17
$VWVHW,83.3,T,,M,14.50,N,26.85,K*4B
$GPGGA,081835.00,5432.27461,N,01842.74067,E,1,12,1.0,15.0,M,26.5,M,,*57
$GPRMC,081835.00,A,5432.27461,N,01842.74067,E,14.82,84.4,140625,,,A*61
$GPVTG,84.4,T,,M,14.82,N,27.44,K,A*3F
$HEHDT,83.4,T*10
$VWVHW,83.4,T,,M,14.49,N,26.84,K*45
$GPGSV,2,1,08,03,65,044,50,08,41,099,46,11,23,154,42,14,48,209,46*7F
$GPGSV,2,2,08,17,66,266,48,22,21,314,41,28,10,354,39,31,58,124,50*77
$GAGSV,2,1,05,04,50,074,47,09,35,184,44,12,66,239,48,24,10,289,38*65
$GAGSV,2,2,05,31,18,024,42*56
$GPZDA,081835.00,14,06,2025,00,00*67
$GPGGA,081836.00,5432.27508,N,01842.74840,E,1,12,1.0,15.1,M,26.5,M,,*56
$GPRMC,081836.00,A,5432.27508,N,01842.74840,E,14.93,84.2,140625,,,A*67
$GPVTG,84.2,T,,M,14.93,N,27.64,K,A*3B
$HEHDT,83.3,T*17
$VWVHW,83.3,T,,M,14.47,N,26.79,K*4E
$GPGGA,081837.00,5432.27546,N,01842.75549,E,1,12,1.0,14.6,M,26.5,M,,*5E
$GPRMC,081837.00,A,5432.27546,N,01842.75549,E,14.78,84.0,140625,,,A*6E
$GPVTG,84.0,T,,M,14.78,N,27.38,K,A*35
$HEHDT,83.5,T*11
$VWVHW,83.5,T,,M,14.45,N,26.76,K*45
$GPGGA,081838.00,5432.27614,N,01842.76155,E,1,12,1.0,14.8,M,26.5,M,,*51
$GPRMC,081838.00,A,5432.27614,N,01842.76155,E,14.91,84.0,140625,,,A*68
$GPVTG,84.0,T,,M,14.91,N,27.62,K,A*3D
$HEHDT,83.0,T*14
$VWVHW,83.0,T,,M,14.35,N,26.57,K*44
$GPGGA,081839.00,5432.27631,N,01842.76886,E,1,12,1.0,14.5,M,26.5,M,,*5D
$GPRMC,081839.00,A,5432.27631,N,01842.76886,E,14.85,84.6,140625,,,A*6A
$GPVTG,84.6,T,,M,14.85,N,27.50,K,A*3F
$HEHDT,83.0,T*14
$VWVHW,83.0,T,,M,14.53,N,26.91,K*4E
$GPGGA,081840.00,5432.27676,N,01842.77587,E,1,12,1.0,15.3,M,26.5,M,,*5A
$GPRMC,081840.00,A,5432.27676,N,01842.77587,E,14.55,84.6,140625,,,A*67
$GPVTG,84.6,T,,M,14.55,N,26.96,K,A*39
$HEHDT,83.3,T*17
$VWVHW,83.3,T,,M,14.39,N,26.65,K*4A
$GPGSV,2,1,08,03,65,044,50,08,41,099,46,11,23,154,42,14,48,209,47*7E
$GPGSV,2,2,08,17,66,266,48,22,21,314,40,28,10,354,38,31,58,124,49*7F
$GAGSV,2,1,05,04,50,074,47,09,35,184,43,12,66,239,48,24,10,289,38*62
$GAGSV,2,2,05,31,18,024,43*57
$GPZDA,081840.00,14,06,2025,00,00*65
$GPGGA,081841.00,5432.27721,N,01842.78355,E,1,12,1.0,14.8,M,26.5,M,,*54
$GPRMC,081841.00,A,5432.27721,N,01842.78355,E,14.75,84.1,140625,,,A*66
$GPVTG,84.1,T,,M,14.75,N,27.31,K,A*30
$HEHDT,83.4,T*10
$VWVHW,83.4,T,,M,14.38,N,26.64,K*4D
$GPGGA,081842.00,5432.27803,N,01842.79028,E,1,12,1.0,14.3,M,26.5,M,,*5B
$GPRMC,081842.00,A,5432.27803,N,01842.79028,E,14.74,84.3,140625,,,A*61
$GPVTG,84.3,T,,M,14.74,N,27.31,K,A*33
$HEHDT,83.1,T*15
$VWVHW,83.1,T,,M,14.58,N,26.99,K*4C
$GPGGA,081843.00,5432.27879,N,01842.79816,E,1,12,1.0,14.6,M,26.5,M,,*57
$GPRMC,081843.00,A,5432.27879,N,01842.79816,E,14.83,83.8,140625,,,A*6C
$GPVTG,83.8,T,,M,14.83,N,27.47,K,A*36
$HEHDT,82.7,T*12
$VWVHW,82.7,T,,M,14.54,N,26.93,K*4D
$GPGGA,081844.00,5432.27888,N,01842.80469,E,1,12,1.0,15.5,M,26.5,M,,*5E
$GPRMC,081844.00,A,5432.27888,N,01842.80469,E,14.80,84.5,140625,,,A*6E
$GPVTG,84.5,T,,M,14.80,N,27.41,K,A*39
$HEHDT,83.1,T*15
$VWVHW,83.1,T,,M,14.43,N,26.72,K*43
$GPGGA,081845.00,5432.27927,N,01842.81215,E,1,12,1.0,15.7,M,26.5,M,,*55
$GPRMC,081845.00,A,5432.27927,N,01842.81215,E,14.77,84.6,140625,,,A*6C
$GPVTG,84.6,T,,M,14.77,N,27.36,K,A*32
$HEHDT,83.0,T*14
$VWVHW,83.0,T,,M,14.45,N,26.76,K*40
$GPGSV,2,1,08,03,65,044,50,08,41,100,46,11,23,154,43,14,48,210,46*77
$GPGSV,2,2,08,17,66,266,49,22,21,314,41,28,10,354,39,31,58,124,48*7F
$GAGSV,2,1,05,04,50,074,47,09,35,184,44,12,66,240,49,24,10,290,37*6D
$GAGSV,2,2,05,31,18,024,42*56
$GPZDA,081845.00,14,06,2025,00,00*60
$GPGGA,081846.00,5432.28013,N,01842.81801,E,1,12,1.0,15.0,M,26.5,M,,*5F
$GPRMC,081846.00,A,5432.28013,N,01842.81801,E,14.78,84.2,140625,,,A*6A
$GPVTG,84.2,T,,M,14.78,N,27.37,K,A*38
$HEHDT,83.0,T*14
$VWVHW,83.0,T,,M,14.42,N,26.71,K*40
$GPGGA,081847.00,5432.27998,N,01842.82513,E,1,12,1.0,15.7,M,26.5,M,,*51
$GPRMC,081847.00,A,5432.27998,N,01842.82513,E,14.94,84.3,140625,,,A*60
$GPVTG,84.3,T,,M,14.94,N,27.67,K,A*3E
$HEHDT,83.6,T*12
$VWVHW,83.6,T,,M,14.56,N,26.96,K*4A
$GPGGA,081848.00,5432.28024,N,01842.83187,E,1,12,1.0,15.1,M,26.5,M,,*51
$GPRMC,081848.00,A,5432.28024,N,01842.83187,E,14.94,84.3,140625,,,A*66
$GPVTG,84.3,T,,M,14.94,N,27.67,K,A*3E
$HEHDT,83.1,T*15
$VWVHW,83.1,T,,M,14.55,N,26.94,K*4C
$GPGGA,081849.00,5432.28009,N,01842.83891,E,1,12,1.0,15.1,M,26.5,M,,*51
$GPRMC,081849.00,A,5432.28009,N,01842.83891,E,14.85,84.1,140625,,,A*64
$GPVTG,84.1,T,,M,14.85,N,27.49,K,A*30
$HEHDT,83.4,T*10
$VWVHW,83.4,T,,M,14.42,N,26.71,K*44
$GPGGA,081850.00,5432.28111,N,01842.84676,E,1,12,1.0,14.6,M,26.5,M,,*57
$GPRMC,081850.00,A,5432.28111,N,01842.84676,E,14.82,84.3,140625,,,A*61
$GPVTG,84.3,T,,M,14.82,N,27.44,K,A*38
$HEHDT,83.0,T*14
$VWVHW,83.0,T,,M,14.43,N,26.72,K*42
$GPGSV,2,1,08,03,65,045,50,08,41,100,46,11,23,155,42,14,48,210,46*76
$GPGSV,2,2,08,17,66,267,49,22,21,315,40,28,10,355,39,31,58,125,49*7F
$GAGSV,2,1,05,04,50,075,47,09,35,185,42,12,66,240,48,24,10,290,37*6A
$GAGSV,2,2,05,31,18,025,42*57
$GPZDA,081850.00,14,06,2025,00,00*64
$GPGGA,081851.00,5432.28121,N,01842.85334,E,1,12,1.0,14.5,M,26.5,M,,*54
$GPRMC,081851.00,A,5432.28121,N,01842.85334,E,14.90,83.9,140625,,,A*6F
$GPVTG,83.9,T,,M,14.90,N,27.59,K,A*3A
$HEHDT,83.8,T*1C
$VWVHW,83.8,T,,M,14.43,N,26.72,K*4A
$GPGGA,081852.00,5432.28160,N,01842.86027,E,1,12,1.0,14.8,M,26.5,M,,*5D
$GPRMC,081852.00,A,5432.28160,N,01842.86027,E,14.73,84.7,140625,,,A*6F
$GPVTG,84.7,T,,M,14.73,N,27.29,K,A*39
$HEHDT,82.9,T*1C
$VWVHW,82.9,T,,M,14.42,N,26.71,K*48
$GPGGA,081853.00,5432.28211,N,01842.86757,E,1,12,1.0,14.7,M,26.5,M,,*56
$GPRMC,081853.00,A,5432.28211,N,01842.86757,E,14.82,84.1,140625,,,A*63
$GPVTG,84.1,T,,M,14.82,N,27.46,K,A*38
$HEHDT,83.2,T*16
$VWVHW,83.2,T,,M,14.64,N,27.12,K*42
$GPGGA,081854.00,5432.28216,N,01842.87476,E,1,12,1.0,15.0,M,26.5,M,,*51
$GPRMC,081854.00,A,5432.28216,N,01842.87476,E,14.90,83.7,140625,,,A*60
$GPVTG,83.7,T,,M,14.90,N,27.60,K,A*3E
$HEHDT,83.5,T*11
$VWVHW,83.5,T,,M,14.32,N,26.52,K*43
$GPGGA,081855.00,5432.28267,N,01842.88138,E,1,12,1.0,14.3,M,26.5,M,,*54
$GPRMC,081855.00,A,5432.28267,N,01842.88138,E,14.87,84.5,140625,,,A*64
$GPVTG,84.5,T,,M,14.87,N,27.54,K,A*3A
$HEHDT,83.3,T*17
$VWVHW,83.3,T,,M,14.53,N,26.90,K*4C
$GPGSV,2,1,08,03,65,045,49,08,41,100,46,11,22,155,43,14,48,210,47*7F
$GPGSV,2,2,08,17,66,267,48,22,21,315,40,28,10,355,38,31,58,125,48*7E
$GAGSV,2,1,05,04,50,075,48,09,35,185,43,12,66,240,47,24,10,290,37*6B
$GAGSV,2,2,05,31,18,025,42*57
$GPZDA,081855.00,14,06,2025,00,00*61
$GPGGA,081856.00,5432.28285,N,01842.88873,E,1,12,1.0,14.6,M,26.5,M,,*58
$GPRMC,081856.00,A,5432.28285,N,01842.88873,E,14.80,83.7,140625,,,A*6F
$GPVTG,83.7,T,,M,14.80,N,27.41,K,A*3C
$HEHDT,83.2,T*16
$VWVHW,83.2,T,,M,14.39,N,26.65,K*4B
$GPGGA,081857.00,5432.28338,N,01842.89564,E,1,12,1.0,15.3,M,26.5,M,,*50
$GPRMC,081857.00,A,5432.28338,N,01842.89564,E,14.77,83.4,140625,,,A*68
$GPVTG,83.4,T,,M,14.77,N,27.36,K,A*37
$HEHDT,83.2,T*16
$VWVHW,83.2,T,,M,14.39,N,26.66,K*48
$GPGGA,081858.00,5432.28391,N,01842.90227,E,1,12,1.0,15.7,M,26.5,M,,*50
$GPRMC,081858.00,A,5432.28391,N,01842.90227,E,14.96,84.0,140625,,,A*60
$GPVTG,84.0,T,,M,14.96,N,27.71,K,A*38
$HEHDT,83.1,T*15
$VWVHW,83.1,T,,M,14.49,N,26.83,K*47
$GPGGA,081859.00,5432.28475,N,01842.90970,E,1,12,1.0,15.2,M,26.5,M,,*50
$GPRMC,081859.00,A,5432.28475,N,01842.90970,E,14.74,84.3,140625,,,A*6A
$GPVTG,84.3,T,,M,14.74,N,27.30,K,A*32
$HEHDT,83.0,T*14
$VWVHW,83.0,T,,M,14.43,N,26.72,K*42
$GPGGA,081900.00,5432.28477,N,01842.91631,E,1,12,1.0,14.7,M,26.5,M,,*50
$GPRMC,081900.00,A,5432.28477,N,01842.91631,E,14.90,84.2,140625,,,A*65
$GPVTG,84.2,T,,M,14.90,N,27.59,K,A*36
$HEHDT,83.3,T*17
$VWVHW,83.3,T,,M,14.36,N,26.60,K*40
$GPGSV,2,1,08,03,65,045,50,08,41,100,46,11,22,155,42,14,48,210,47*76
$GPGSV,2,2,08,17,66,267,49,22,21,315,41,28,10,355,38,31,58,125,48*7E
$GAGSV,2,1,05,04,50,075,47,09,35,185,42,12,66,240,48,24,10,290,38*65
$GAGSV,2,2,05,31,18,025,41*54
$GPZDA,081900.00,14,06,2025,00,00*60
$GPGGA,081901.00,5432.28564,N,01842.92368,E,1,12,1.0,15.3,M,26.5,M,,*5D
$GPRMC,081901.00,A,5432.28564,N,01842.92368,E,14.95,84.5,140625,,,A*6F
$GPVTG,84.5,T,,M,14.95,N,27.68,K,A*36
$HEHDT,83.5,T*11
$VWVHW,83.5,T,,M,14.46,N,26.77,K*47
$GPGGA,081902.00,5432.28623,N,01842.93100,E,1,12,1.0,15.6,M,26.5,M,,*56
$GPRMC,081902.00,A,5432.28623,N,01842.93100,E,14.91,83.9,140625,,,A*6E
$GPVTG,83.9,T,,M,14.91,N,27.61,K,A*30
$HEHDT,83.4,T*10
$VWVHW,83.4,T,,M,14.44,N,26.75,K*46
$GPGGA,081903.00,5432.28598,N,01842.93732,E,1,12,1.0,15.4,M,26.5,M,,*51
$GPRMC,081903.00,A,5432.28598,N,01842.93732,E,14.91,84.8,140625,,,A*6D
$GPVTG,84.8,T,,M,14.91,N,27.62,K,A*35
$HEHDT,83.3,T*17
$VWVHW,83.3,T,,M,14.47,N,26.80,K*48
$GPGGA,081904.00,5432.28686,N,01842.94452,E,1,12,1.0,14.5,M,26.5,M,,*58
$GPRMC,081904.00,A,5432.28686,N,01842.94452,E,14.86,84.0,140625,,,A*6A
$GPVTG,84.0,T,,M,14.86,N,27.52,K,A*38
$HEHDT,83.2,T*16
$VWVHW,83.2,T,,M,14.46,N,26.78,K*4F
$GPGGA,081905.00,5432.28743,N,01842.95309,E,1,12,1.1,14.8,M,26.5,M,,*55
$GPRMC,081905.00,A,5432.28743,N,01842.95309,E,14.70,84.6,140625,,,A*64
$GPVTG,84.6,T,,M,14.70,N,27.23,K,A*31
$HEHDT,83.3,T*17
$VWVHW,83.3,T,,M,14.43,N,26.72,K*41
$GPGSV,2,1,08,03,65,045,50,08,41,100,46,11,22,155,42,14,48,210,47*76
$GPGSV,2,2,08,17,66,267,50,22,21,315,42,28,10,355,39,31,58,125,48*74
$GAGSV,2,1,05,04,50,075,48,09,35,185,42,12,66,240,48,24,10,290,39*6B
$GAGSV,2,2,05,31,18,025,41*54
$GPZDA,081905.00,14,06,2025,00,00*65
$GPGGA,081906.00,5432.28772,N,01842.96000,E,1,12,1.1,15.6,M,26.5,M,,*52
$GPRMC,081906.00,A,5432.28772,N,01842.96000,E,14.76,84.6,140625,,,A*6A
$GPVTG,84.6,T,,M,14.76,N,27.34,K,A*31
$HEHDT,83.2,T*16
$VWVHW,83.2,T,,M,14.34,N,26.56,K*46
$GPGGA,081907.00,5432.28793,N,01842.96662,E,1,12,1.1,15.1,M,26.5,M,,*59
$GPRMC,081907.00,A,5432.28793,N,01842.96662,E,14.90,84.4,140625,,,A*6C
$GPVTG,84.4,T,,M,14.90,N,27.59,K,A*30
$HEHDT,83.0,T*14
$VWVHW,83.0,T,,M,14.63,N,27.10,K*45
$GPGGA,081908.00,5432.28878,N,01842.97396,E,1,12,1.1,15.6,M,26.5,M,,*54
$GPRMC,081908.00,A,5432.28878,N,01842.97396,E,14.82,83.9,140625,,,A*6F
$GPVTG,83.9,T,,M,14.82,N,27.45,K,A*34
$HEHDT,83.4,T*10
$VWVHW,83.4,T,,M,14.49,N,26.83,K*42
$GPGGA,081909.00,5432.28902,N,01842.98090,E,1,12,1.1,15.3,M,26.5,M,,*56
$GPRMC,081909.00,A,5432.28902,N,01842.98090,E,14.90,83.7,140625,,,A*65
$GPVTG,83.7,T,,M,14.90,N,27.59,K,A*34
$HEHDT,83.3,T*17
$VWVHW,83.3,T,,M,14.46,N,26.78,K*4E
$GPGGA,081910.00,5432.29013,N,01842.98754,E,1,12,1.1,14.7,M,26.5,M,,*5C
$GPRMC,081910.00,A,5432.29013,N,01842.98754,E,14.95,84.0,140625,,,A*6F
$GPVTG,84.0,T,,M,14.95,N,27.70,K,A*3A
$HEHDT,83.3,T*17
$VWVHW,83.3,T,,M,14.53,N,26.91,K*4D
$GPGSV,2,1,08,03,65,045,49,08,41,100,46,11,22,155,42,14,48,210,48*71
$GPGSV,2,2,08,17,66,267,49,22,21,315,42,28,10,355,40,31,58,125,48*72
$GAGSV,2,1,05,04,50,075,47,09,35,185,44,12,66,240,49,24,10,290,39*63
$GAGSV,2,2,05,31,18,025,40*55
$GPZDA,081910.00,14,06,2025,00,00*61
$GPGGA,081911.00,5432.29031,N,01842.99491,E,1,12,1.1,14.8,M,26.5,M,,*59
$GPRMC,081911.00,A,5432.29031,N,01842.99491,E,14.77,83.9,140625,,,A*67
$GPVTG,83.9,T,,M,14.77,N,27.35,K,A*39
$HEHDT,83.7,T*13
$VWVHW,83.7,T,,M,14.50,N,26.85,K*4F
$GPGGA,081912.00,5432.29028,N,01843.00223,E,1,12,1.1,15.1,M,26.5,M,,*54
$GPRMC,081912.00,A,5432.29028,N,01843.00223,E,15.01,84.0,140625,,,A*6C
$GPVTG,84.0,T,,M,15.01,N,27.80,K,A*39
$HEHDT,83.0,T*14
$VWVHW,83.0,T,,M,14.44,N,26.75,K*42
$GPGGA,081913.00,5432.29054,N,01843.00882,E,1,12,1.1,15.4,M,26.5,M,,*5A
$GPRMC,081913.00,A,5432.29054,N,01843.00882,E,14.81,84.3,140625,,,A*6D
$GPVTG,84.3,T,,M,14.81,N,27.43,K,A*3C
$HEHDT,83.2,T*16
$VWVHW,83.2,T,,M,14.36,N,26.60,K*41
$GPGGA,081914.00,5432.29085,N,01843.01636,E,1,12,1.1,14.7,M,26.5,M,,*53
$GPRMC,081914.00,A,5432.29085,N,01843.01636,E,14.67,84.1,140625,,,A*6C
$GPVTG,84.1,T,,M,14.67,N,27.16,K,A*36
$HEHDT,82.6,T*13
$VWVHW,82.6,T,,M,14.43,N,26.73,K*44
$GPGGA,081915.00,5432.29182,N,01843.02281,E,1,12,1.1,14.7,M,26.5,M,,*5F
$GPRMC,081915.00,A,5432.29182,N,01843.02281,E,14.80,84.0,140625,,,A*68
$GPVTG,84.0,T,,M,14.80,N,27.42,K,A*3F
$HEHDT,83.0,T*14
$VWVHW,83.0,T,,M,14.50,N,26.86,K*4B
$GPGSV,2,1,08,03,65,045,50,08,41,100,45,11,22,155,41,14,48,210,48*79
$GPGSV,2,2,08,17,66,267,49,22,21,315,42,28,10,355,39,31,58,125,47*73
$GAGSV,2,1,05,04,50,075,48,09,35,185,44,12,66,240,48,24,10,290,38*6C
$GAGSV,2,2,05,31,18,025,40*55
$GPZDA,081915.00,14,06,2025,00,00*64
$GPGGA,081916.00,5432.29218,N,01843.02981,E,1,12,1.1,15.3,M,26.5,M,,*52
$GPRMC,081916.00,A,5432.29218,N,01843.02981,E,14.89,84.4,140625,,,A*6D
$GPVTG,84.4,T,,M,14.89,N,27.57,K,A*36
$HEHDT,83.5,T*11
$VWVHW,83.5,T,,M,14.41,N,26.69,K*4F
$GPGGA,081917.00,5432.29189,N,01843.03714,E,1,12,1.1,15.3,M,26.5,M,,*5B
$GPRMC,081917.00,A,5432.29189,N,01843.03714,E,15.02,84.1,140625,,,A*63
$GPVTG,84.1,T,,M,15.02,N,27.82,K,A*39
$HEHDT,82.8,T*1D
$VWVHW,82.8,T,,M,14.52,N,26.90,K*47
$GPGGA,081918.00,5432.29260,N,01843.04430,E,1,12,1.1,15.6,M,26.5,M,,*57
$GPRMC,081918.00,A,5432.29260,N,01843.04430,E,14.83,84.0,140625,,,A*63
$GPVTG,84.0,T,,M,14.83,N,27.46,K,A*38
$HEHDT,83.5,T*11
$VWVHW,83.5,T,,M,14.49,N,26.84,K*44
$GPGGA,081919.00,5432.29259,N,01843.05094,E,1,12,1.1,15.3,M,26.5,M,,*52
$GPRMC,081919.00,A,5432.29259,N,01843.05094,E,14.92,83.9,140625,,,A*6D
$GPVTG,83.9,T,,M,14.92,N,27.64,K,A*36
$HEHDT,82.9,T*1C
$VWVHW,82.9,T,,M,14.60,N,27.04,K*4B
$GPGGA,081920.00,5432.29326,N,01843.05853,E,1,12,1.1,14.6,M,26.5,M,,*56
$GPRMC,081920.00,A,5432.29326,N,01843.05853,E,14.91,84.3,140625,,,A*63
$GPVTG,84.3,T,,M,14.91,N,27.61,K,A*3D
$HEHDT,83.2,T*16
$VWVHW,83.2,T,,M,14.38,N,26.63,K*4C
$GPGSV,2,1,08,03,65,045,49,08,41,100,46,11,22,155,42,14,48,210,48*71
$GPGSV,2,2,08,17,66,267,49,22,21,315,42,28,10,355,39,31,58,125,46*72
$GAGSV,2,1,05,04,50,075,47,09,35,185,44,12,66,240,48,24,10,290,37*6C
$GAGSV,2,2,05,31,18,025,40*55
$GPZDA,081920.00,14,06,2025,00,00*62
$GPGGA,081921.00,5432.29392,N,01843.06418,E,1,12,1.1,14.7,M,26.5,M,,*59
$GPRMC,081921.00,A,5432.29392,N,01843.06418,E,14.87,83.8,140625,,,A*66
$GPVTG,83.8,T,,M,14.87,N,27.54,K,A*30
$HEHDT,83.6,T*12
$VWVHW,83.6,T,,M,14.46,N,26.78,K*4B
$GPGGA,081922.00,5432.29432,N,01843.07202,E,1,12,1.1,15.2,M,26.5,M,,*5F
$GPRMC,081922.00,A,5432.29432,N,01843.07202,E,14.83,84.0,140625,,,A*6F
$GPVTG,84.0,T,,M,14.83,N,27.46,K,A*38
$HEHDT,83.2,T*16
$VWVHW,83.2,T,,M,14.49,N,26.84,K*43
$GPGGA,081923.00,5432.29463,N,01843.07985,E,1,12,1.1,14.6,M,26.5,M,,*5B
$GPRMC,081923.00,A,5432.29463,N,01843.07985,E,15.00,84.1,140625,,,A*65
$GPVTG,84.1,T,,M,15.00,N,27.77,K,A*31
$HEHDT,83.2,T*16
$VWVHW,83.2,T,,M,14.36,N,26.59,K*4B
$GPGGA,081924.00,5432.29472,N,01843.08634,E,1,12,1.1,15.2,M,26.5,M,,*53
$GPRMC,081924.00,A,5432.29472,N,01843.08634,E,14.83,83.6,140625,,,A*62
$GPVTG,83.6,T,,M,14.83,N,27.47,K,A*38
$HEHDT,83.2,T*16
$VWVHW,83.2,T,,M,14.37,N,26.61,K*41
$GPGGA,081925.00,5432.29502,N,01843.09420,E,1,12,1.1,14.8,M,26.5,M,,*59
$GPRMC,081925.00,A,5432.29502,N,01843.09420,E,14.89,84.8,140625,,,A*60
$GPVTG,84.8,T,,M,14.89,N,27.58,K,A*35
$HEHDT,83.4,T*10
$VWVHW,83.4,T,,M,14.55,N,26.94,K*49
$GPGSV,2,1,08,03,65,045,49,08,41,100,46,11,22,155,42,14,48,210,48*71
$GPGSV,2,2,08,17,66,267,49,22,21,315,41,28,10,355,38,31,58,125,47*71
$GAGSV,2,1,05,04,50,075,49,09,35,185,44,12,65,240,48,24,10,290,37*61
$GAGSV,2,2,05,31,18,025,40*55
$GPZDA,081925.00,14,06,2025,00,00*67
$GPGGA,081926.00,5432.29604,N,01843.10120,E,1,12,1.1,15.0,M,26.5,M,,*5B
$GPRMC,081926.00,A,5432.29604,N,01843.10120,E,14.87,84.1,140625,,,A*6C
$GPVTG,84.1,T,,M,14.87,N,27.53,K,A*39
$HEHDT,83.1,T*15
$VWVHW,83.1,T,,M,14.42,N,26.71,K*41
$GPGGA,081927.00,5432.29579,N,01843.10808,E,1,12,1.1,15.1,M,26.5,M,,*51
$GPRMC,081927.00,A,5432.29579,N,01843.10808,E,14.94,83.5,140625,,,A*66
$GPVTG,83.5,T,,M,14.94,N,27.66,K,A*3E
$HEHDT,83.2,T*16
$VWVHW,83.2,T,,M,14.65,N,27.12,K*43
$GPGGA,081928.00,5432.29598,N,01843.11519,E,1,12,1.1,15.3,M,26.5,M,,*5F
$GPRMC,081928.00,A,5432.29598,N,01843.11519,E,15.05,84.3,140625,,,A*62
$GPVTG,84.3,T,,M,15.05,N,27.87,K,A*39
$HEHDT,83.4,T*10
$VWVHW,83.4,T,,M,14.57,N,26.98,K*47
$GPGGA,081929.00,5432.29674,N,01843.12241,E,1,12,1.1,14.8,M,26.5,M,,*5C
$GPRMC,081929.00,A,5432.29674,N,01843.12241,E,14.87,83.7,140625,,,A*63
$GPVTG,83.7,T,,M,14.87,N,27.54,K,A*3F
$HEHDT,83.4,T*10
$VWVHW,83.4,T,,M,14.66,N,27.14,K*40
$GPGGA,081930.00,5432.29722,N,01843.12905,E,1,12,1.1,14.5,M,26.5,M,,*50
$GPRMC,081930.00,A,5432.29722,N,01843.12905,E,14.89,83.9,140625,,,A*62
$GPVTG,83.9,T,,M,14.89,N,27.58,K,A*33
$HEHDT,83.2,T*16
$VWVHW,83.2,T,,M,14.58,N,27.00,K*4E
$GPGSV,2,1,08,03,65,045,49,08,41,100,45,11,22,155,41,14,48,210,49*70
$GPGSV,2,2,08,17,66,267,49,22,21,315,42,28,10,355,38,31,58,125,48*7D
$GAGSV,2,1,05,04,50,075,49,09,35,185,44,12,65,240,48,24,10,290,37*61
$GAGSV,2,2,05,31,18,025,39*5B
$GPZDA,081930.00,14,06,2025,00,00*63
$GPGGA,081931.00,5432.29754,N,01843.13600,E,1,12,1.1,14.8,M,26.5,M,,*56
$GPRMC,081931.00,A,5432.29754,N,01843.13600,E,14.90,84.7,140625,,,A*68
$GPVTG,84.7,T,,M,14.90,N,27.59,K,A*33
$HEHDT,83.4,T*10
$VWVHW,83.4,T,,M,14.60,N,27.04,K*47
$GPGGA,081932.00,5432.29795,N,01843.14263,E,1,12,1.1,15.4,M,26.5,M,,*53
$GPRMC,081932.00,A,5432.29795,N,01843.14263,E,14.83,84.3,140625,,,A*66
$GPVTG,84.3,T,,M,14.83,N,27.46,K,A*3B
$HEHDT,83.7,T*13
$VWVHW,83.7,T,,M,14.43,N,26.72,K*45
$GPGGA,081933.00,5432.29888,N,01843.15118,E,1,12,1.1,15.4,M,26.5,M,,*5F
$GPRMC,081933.00,A,5432.29888,N,01843.15118,E,14.75,83.8,140625,,,A*6F
$GPVTG,83.8,T,,M,14.75,N,27.32,K,A*3D
$HEHDT,83.3,T*17
$VWVHW,83.3,T,,M,14.54,N,26.93,K*48
$GPGGA,081934.00,5432.29901,N,01843.15806,E,1,12,1.1,15.6,M,26.5,M,,*5C
$GPRMC,081934.00,A,5432.29901,N,01843.15806,E,14.75,84.3,140625,,,A*62
$GPVTG,84.3,T,,M,14.75,N,27.32,K,A*31
$HEHDT,82.9,T*1C
$VWVHW,82.9,T,,M,14.42,N,26.71,K*48
$GPGGA,081935.00,5432.29942,N,01843.16492,E,1,12,1.1,15.3,M,26.5,M,,*5D
$GPRMC,081935.00,A,5432.29942,N,01843.16492,E,15.04,83.9,140625,,,A*6C
$GPVTG,83.9,T,,M,15.04,N,27.85,K,A*37
$HEHDT,82.9,T*1C
$VWVHW,82.9,T,,M,14.52,N,26.89,K*4E
$GPGSV,2,1,08,03,65,045,48,08,41,100,46,11,22,155,41,14,48,210,50*7A
$GPGSV,2,2,08,17,66,267,50,22,21,315,41,28,10,355,39,31,58,125,48*77
$GAGSV,2,1,05,04,50,075,49,09,35,185,43,12,65,240,49,24,10,290,38*68
$GAGSV,2,2,05,31,18,025,40*55
$GPZDA,081935.00,14,06,2025,00,00*66
$GPGGA,081936.00,5432.29999,N,01843.17195,E,1,12,1.1,15.7,M,26.5,M,,*5F
$GPRMC,081936.00,A,5432.29999,N,01843.17195,E,14.83,84.4,140625,,,A*6E
$GPVTG,84.4,T,,M,14.83,N,27.47,K,A*3D
$HEHDT,83.3,T*17
$VWVHW,83.3,T,,M,14.63,N,27.10,K*46
$GPGGA,081937.00,5432.30017,N,01843.17885,E,1,12,1.1,15.2,M,26.5,M,,*54
$GPRMC,081937.00,A,5432.30017,N,01843.17885,E,14.92,84.4,140625,,,A*60
$GPVTG,84.4,T,,M,14.92,N,27.62,K,A*3A
$HEHDT,82.9,T*1C
$VWVHW,82.9,T,,M,14.71,N,27.24,K*49
$GPGGA,081938.00,5432.30050,N,01843.18595,E,1,12,1.1,15.7,M,26.5,M,,*5E
$GPRMC,081938.00,A,5432.30050,N,01843.18595,E,14.78,83.9,140625,,,A*61
$GPVTG,83.9,T,,M,14.78,N,27.38,K,A*3B
$HEHDT,83.2,T*16
$VWVHW,83.2,T,,M,14.43,N,26.72,K*40
$GPGGA,081939.00,5432.30072,N,01843.19341,E,1,12,1.1,14.8,M,26.5,M,,*5F
$GPRMC,081939.00,A,5432.30072,N,01843.19341,E,14.92,84.6,140625,,,A*62
$GPVTG,84.6,T,,M,14.92,N,27.63,K,A*39
$HEHDT,83.0,T*14
$VWVHW,83.0,T,,M,14.62,N,27.08,K*4D
$GPGGA,081940.00,5432.30123,N,01843.19955,E,1,12,1.1,14.6,M,26.5,M,,*55
$GPRMC,081940.00,A,5432.30123,N,01843.19955,E,14.98,83.9,140625,,,A*64
$GPVTG,83.9,T,,M,14.98,N,27.75,K,A*3C
$HEHDT,82.8,T*1D
$VWVHW,82.8,T,,M,14.68,N,27.18,K*4F
$GPGSV,2,1,08,03,65,045,48,08,41,100,45,11,22,155,41,14,48,210,49*71
$GPGSV,2,2,08,17,66,267,49,22,21,315,41,28,10,355,39,31,58,125,47*70
$GAGSV,2,1,05,04,50,075,49,09,35,185,44,12,65,240,48,24,10,290,38*6E
$GAGSV,2,2,05,31,18,025,39*5B
$GPZDA,081940.00,14,06,2025,00,00*64
$GPGGA,081941.00,5432.30179,N,01843.20836,E,1,12,1.1,15.6,M,26.5,M,,*54
$GPRMC,081941.00,A,5432.30179,N,01843.20836,E,15.00,84.6,140625,,,A*6C
$GPVTG,84.6,T,,M,15.00,N,27.77,K,A*36
$HEHDT,83.1,T*15
$VWVHW,83.1,T,,M,14.47,N,26.79,K*4C
$GPGGA,081942.00,5432.30215,N,01843.21433,E,1,12,1.1,15.8,M,26.5,M,,*58
$GPRMC,081942.00,A,5432.30215,N,01843.21433,E,14.90,84.2,140625,,,A*62
$GPVTG,84.2,T,,M,14.90,N,27.60,K,A*3C
$HEHDT,82.9,T*1C
$VWVHW,82.9,T,,M,14.63,N,27.10,K*4D
$GPGGA,081943.00,5432.30273,N,01843.22144,E,1,12,1.1,15.0,M,26.5,M,,*57
$GPRMC,081943.00,A,5432.30273,N,01843.22144,E,14.83,84.6,140625,,,A*63
$GPVTG,84.6,T,,M,14.83,N,27.47,K,A*3F
$HEHDT,83.5,T*11
$VWVHW,83.5,T,,M,14.52,N,26.88,K*42
$GPGGA,081944.00,5432.30332,N,01843.22860,E,1,12,1.1,15.2,M,26.5,M,,*59
$GPRMC,081944.00,A,5432.30332,N,01843.22860,E,14.89,83.9,140625,,,A*6D
$GPVTG,83.9,T,,M,14.89,N,27.58,K,A*33
$HEHDT,83.0,T*14
$VWVHW,83.0,T,,M,14.57,N,26.99,K*42
$GPGGA,081945.00,5432.30386,N,01843.23608,E,1,12,1.1,14.9,M,26.5,M,,*5C
$GPRMC,081945.00,A,5432.30386,N,01843.23608,E,14.96,84.0,140625,,,A*62
$GPVTG,84.0,T,,M,14.96,N,27.71,K,A*38
$HEHDT,83.3,T*17
$VWVHW,83.3,T,,M,14.59,N,27.02,K*4C
$GPGSV,2,1,08,03,65,045,48,08,41,100,46,11,22,155,41,14,48,210,49*72
$GPGSV,2,2,08,17,66,267,50,22,21,315,41,28,10,355,39,31,58,125,47*78
$GAGSV,2,1,05,04,50,075,49,09,35,185,45,12,65,240,48,24,10,290,38*6F
$GAGSV,2,2,05,31,18,025,41*54
$GPZDA,081945.00,14,06,2025,00,00*61
$GPGGA,081946.00,5432.30387,N,01843.24294,E,1,12,1.1,14.3,M,26.5,M,,*52
$GPRMC,081946.00,A,5432.30387,N,01843.24294,E,14.79,84.2,140625,,,A*65
$GPVTG,84.2,T,,M,14.79,N,27.39,K,A*37
$HEHDT,83.2,T*16
$VWVHW,83.2,T,,M,14.64,N,27.11,K*41
$GPGGA,081947.00,5432.30430,N,01843.25109,E,1,12,1.1,14.8,M,26.5,M,,*55
$GPRMC,081947.00,A,5432.30430,N,01843.25109,E,14.88,84.8,140625,,,A*6D
$GPVTG,84.8,T,,M,14.88,N,27.57,K,A*3B
$HEHDT,83.5,T*11
$VWVHW,83.5,T,,M,14.64,N,27.11,K*46
$GPGGA,081948.00,5432.30518,N,01843.25739,E,1,12,1.1,14.6,M,26.5,M,,*5A
$GPRMC,081948.00,A,5432.30518,N,01843.25739,E,15.04,84.3,140625,,,A*62
$GPVTG,84.3,T,,M,15.04,N,27.85,K,A*3A
$HEHDT,83.5,T*11
$VWVHW,83.5,T,,M,14.69,N,27.20,K*49
$GPGGA,081949.00,5432.30537,N,01843.26458,E,1,12,1.1,14.4,M,26.5,M,,*53
$GPRMC,081949.00,A,5432.30537,N,01843.26458,E,14.83,84.3,140625,,,A*67
$GPVTG,84.3,T,,M,14.83,N,27.46,K,A*3B
$HEHDT,83.2,T*16
$VWVHW,83.2,T,,M,14.59,N,27.03,K*4C
$GPGGA,081950.00,5432.30572,N,01843.27155,E,1,12,1.1,14.6,M,26.5,M,,*51
$GPRMC,081950.00,A,5432.30572,N,01843.27155,E,15.06,84.6,140625,,,A*6E
$GPVTG,84.6,T,,M,15.06,N,27.90,K,A*39
$HEHDT,82.8,T*1D
$VWVHW,82.8,T,,M,14.62,N,27.08,K*44
$GPGSV,2,1,08,03,65,045,50,08,41,100,45,11,22,155,42,14,48,210,48*7A
$GPGSV,2,2,08,17,66,267,49,22,21,315,41,28,10,355,39,31,58,125,47*70
$GAGSV,2,1,05,04,50,075,50,09,35,185,45,12,65,240,48,24,10,290,38*67
$GAGSV,2,2,05,31,18,025,41*54
$GPZDA,081950.00,14,06,2025,00,00*65
$GPGGA,081951.00,5432.30588,N,01843.27882,E,1,12,1.1,14.6,M,26.5,M,,*56
$GPRMC,081951.00,A,5432.30588,N,01843.27882,E,14.87,84.2,140625,,,A*65
$GPVTG,84.2,T,,M,14.87,N,27.53,K,A*3A
$HEHDT,83.3,T*17
$VWVHW,83.3,T,,M,14.62,N,27.08,K*4E
$GPGGA,081952.00,5432.30620,N,01843.28604,E,1,12,1.1,14.1,M,26.5,M,,*5C
$GPRMC,081952.00,A,5432.30620,N,01843.28604,E,15.16,84.3,140625,,,A*60
$GPVTG,84.3,T,,M,15.16,N,28.07,K,A*3C
$HEHDT,83.0,T*14
$VWVHW,83.0,T,,M,14.61,N,27.06,K*40
$GPGGA,081953.00,5432.30672,N,01843.29276,E,1,12,1.1,13.7,M,26.5,M,,*5B
$GPRMC,081953.00,A,5432.30672,N,01843.29276,E,14.92,84.3,140625,,,A*6B
$GPVTG,84.3,T,,M,14.92,N,27.64,K,A*3B
$HEHDT,82.8,T*1D
$VWVHW,82.8,T,,M,14.70,N,27.22,K*4F
$GPGGA,081954.00,5432.30734,N,01843.30045,E,1,12,1.1,13.5,M,26.5,M,,*57
$GPRMC,081954.00,A,5432.30734,N,01843.30045,E,14.83,83.7,140625,,,A*66
$GPVTG,83.7,T,,M,14.83,N,27.46,K,A*38
$HEHDT,83.4,T*10
$VWVHW,83.4,T,,M,14.61,N,27.06,K*44
$GPGGA,081955.00,5432.30750,N,01843.30742,E,1,12,1.1,13.7,M,26.5,M,,*56
$GPRMC,081955.00,A,5432.30750,N,01843.30742,E,15.01,83.7,140625,,,A*6E
$GPVTG,83.7,T,,M,15.01,N,27.80,K,A*39
$HEHDT,83.2,T*16
$VWVHW,83.2,T,,M,14.60,N,27.04,K*41
$GPGSV,2,1,08,03,65,045,49,08,41,100,45,11,22,155,41,14,48,210,48*71
$GPGSV,2,2,08,17,66,267,50,22,21,315,41,28,10,355,37,31,58,125,47*76
$GAGSV,2,1,05,04,50,075,49,09,35,185,45,12,65,240,49,24,10,290,38*6E
$GAGSV,2,2,05,31,18,025,41*54
$GPZDA,081955.00,14,06,2025,00,00*60
$GPGGA,081956.00,5432.30854,N,01843.31355,E,1,12,1.1,14.5,M,26.5,M,,*58
$GPRMC,081956.00,A,5432.30854,N,01843.31355,E,14.89,84.2,140625,,,A*66
$GPVTG,84.2,T,,M,14.89,N,27.58,K,A*3F
$HEHDT,83.0,T*14
$VWVHW,83.0,T,,M,14.67,N,27.18,K*49
$GPGGA,081957.00,5432.30905,N,01843.32170,E,1,12,1.1,14.4,M,26.5,M,,*5B
$GPRMC,081957.00,A,5432.30905,N,01843.32170,E,15.12,84.0,140625,,,A*65
$GPVTG,84.0,T,,M,15.12,N,27.99,K,A*33
$HEHDT,83.6,T*12
$VWVHW,83.6,T,,M,14.62,N,27.09,K*4A
$GPGGA,081958.00,5432.30941,N,01843.32874,E,1,12,1.1,14.0,M,26.5,M,,*5D
$GPRMC,081958.00,A,5432.30941,N,01843.32874,E,14.95,83.8,140625,,,A*66
$GPVTG,83.8,T,,M,14.95,N,27.69,K,A*3D
$HEHDT,83.1,T*15
$VWVHW,83.1,T,,M,14.68,N,27.19,K*46
$GPGGA,081959.00,5432.31000,N,01843.33562,E,1,12,1.1,13.6,M,26.5,M,,*5B
$GPRMC,081959.00,A,5432.31000,N,01843.33562,E,15.07,84.2,140625,,,A*66
$GPVTG,84.2,T,,M,15.07,N,27.91,K,A*3D
$HEHDT,83.4,T*10
$VWVHW,83.4,T,,M,14.51,N,26.86,K*4E
$GPGGA,082000.00,5432.31009,N,01843.34262,E,1,12,1.1,13.8,M,26.5,M,,*5A
$GPRMC,082000.00,A,5432.31009,N,01843.34262,E,15.03,84.0,140625,,,A*6F
$GPVTG,84.0,T,,M,15.03,N,27.83,K,A*38
$HEHDT,83.6,T*12
$VWVHW,83.6,T,,M,14.61,N,27.06,K*46
$GPGSV,2,1,08,03,65,045,50,08,41,100,46,11,22,155,41,14,48,210,48*7A
$GPGSV,2,2,08,17,66,267,50,22,21,315,41,28,10,355,39,31,58,125,46*79
$GAGSV,2,1,05,04,50,075,50,09,35,185,44,12,65,240,47,24,10,290,39*68
$GAGSV,2,2,05,31,18,025,41*54
$GPZDA,082000.00,14,06,2025,00,00*6A
$GPGGA,082001.00,5432.31038,N,01843.35100,E,1,12,1.1,13.5,M,26.5,M,,*52
$GPRMC,082001.00,A,5432.31038,N,01843.35100,E,15.05,84.5,140625,,,A*69
$GPVTG,84.5,T,,M,15.05,N,27.87,K,A*3F
$HEHDT,83.0,T*14
$VWVHW,83.0,T,,M,14.68,N,27.19,K*47
$GPGGA,082002.00,5432.31072,N,01843.35760,E,1,12,1.1,13.4,M,26.5,M,,*5E
$GPRMC,082002.00,A,5432.31072,N,01843.35760,E,15.00,84.1,140625,,,A*65
$GPVTG,84.1,T,,M,15.00,N,27.78,K,A*3E
$HEHDT,83.6,T*12
$VWVHW,83.6,T,,M,14.62,N,27.07,K*44
$GPGGA,082003.00,5432.31101,N,01843.36523,E,1,12,1.1,14.0,M,26.5,M,,*5F
$GPRMC,082003.00,A,5432.31101,N,01843.36523,E,15.04,83.6,140625,,,A*63
$GPVTG,83.6,T,,M,15.04,N,27.86,K,A*3B
$HEHDT,83.1,T*15
$VWVHW,83.1,T,,M,14.54,N,26.93,K*4A
$GPGGA,082004.00,5432.31112,N,01843.37278,E,1,12,1.1,14.7,M,26.5,M,,*55
$GPRMC,082004.00,A,5432.31112,N,01843.37278,E,15.08,84.1,140625,,,A*62
$GPVTG,84.1,T,,M,15.08,N,27.93,K,A*33
$HEHDT,83.4,T*10
$VWVHW,83.4,T,,M,14.61,N,27.05,K*47
$GPGGA,082005.00,5432.31196,N,01843.37913,E,1,12,1.1,14.2,M,26.5,M,,*5B
$GPRMC,082005.00,A,5432.31196,N,01843.37913,E,15.03,84.1,140625,,,A*62
$GPVTG,84.1,T,,M,15.03,N,27.84,K,A*3E
$HEHDT,83.3,T*17
$VWVHW,83.3,T,,M,14.65,N,27.13,K*43
$GPGSV,2,1,08,03,65,045,50,08,41,100,45,11,22,155,42,14,47,210,48*75
$GPGSV,2,2,08,17,66,267,50,22,21,315,41,28,10,355,39,31,58,125,47*78
$GAGSV,2,1,05,04,50,075,49,09,35,185,44,12,65,240,48,24,10,290,38*6E
$GAGSV,2,2,05,31,18,025,41*54
$GPZDA,082005.00,14,06,2025,00,00*6F
$GPGGA,082006.00,5432.31260,N,01843.38639,E,1,12,1.1,14.2,M,26.5,M,,*5A
$GPRMC,082006.00,A,5432.31260,N,01843.38639,E,14.94,83.8,140625,,,A*62
$GPVTG,83.8,T,,M,14.94,N,27.67,K,A*32
$HEHDT,83.1,T*15
$VWVHW,83.1,T,,M,14.69,N,27.20,K*4D
$GPGGA,082007.00,5432.31293,N,01843.39341,E,1,12,1.1,13.9,M,26.5,M,,*50
$GPRMC,082007.00,A,5432.31293,N,01843.39341,E,15.09,84.2,140625,,,A*6C
$GPVTG,84.2,T,,M,15.09,N,27.96,K,A*34
$HEHDT,83.3,T*17
$VWVHW,83.3,T,,M,14.76,N,27.34,K*44
$GPGGA,082008.00,5432.31371,N,01843.40052,E,1,12,1.1,14.0,M,26.5,M,,*53
$GPRMC,082008.00,A,5432.31371,N,01843.40052,E,14.99,83.7,140625,,,A*6B
$GPVTG,83.7,T,,M,14.99,N,27.76,K,A*30
$HEHDT,83.2,T*16
$VWVHW,83.2,T,,M,14.62,N,27.07,K*40
$GPGGA,082009.00,5432.31388,N,01843.40843,E,1,12,1.1,14.2,M,26.5,M,,*5E
$GPRMC,082009.00,A,5432.31388,N,01843.40843,E,15.04,84.3,140625,,,A*62
$GPVTG,84.3,T,,M,15.04,N,27.86,K,A*39
$HEHDT,83.1,T*15
$VWVHW,83.1,T,,M,14.64,N,27.11,K*42
$GPGGA,082010.00,5432.31392,N,01843.41463,E,1,12,1.1,13.4,M,26.5,M,,*53
$GPRMC,082010.00,A,5432.31392,N,01843.41463,E,15.01,84.0,140625,,,A*68
$GPVTG,84.0,T,,M,15.01,N,27.80,K,A*39
$HEHDT,82.9,T*1C
$VWVHW,82.9,T,,M,14.75,N,27.31,K*49
$GPGSV,2,1,08,03,65,045,50,08,41,100,44,11,22,155,40,14,47,210,48*76
$GPGSV,2,2,08,17,66,267,49,22,21,315,41,28,10,355,39,31,58,125,47*70
$GAGSV,2,1,05,04,50,075,50,09,35,185,45,12,65,240,47,24,10,290,38*68
$GAGSV,2,2,05,31,18,025,41*54
$GPZDA,082010.00,14,06,2025,00,00*6B
$GPGGA,082011.00,5432.31456,N,01843.42232,E,1,12,1.1,13.8,M,26.5,M,,*50
$GPRMC,082011.00,A,5432.31456,N,01843.42232,E,15.07,84.0,140625,,,A*61
$GPVTG,84.0,T,,M,15.07,N,27.91,K,A*3F
$HEHDT,83.4,T*10
$VWVHW,83.4,T,,M,14.63,N,27.09,K*49
$GPGGA,082012.00,5432.31525,N,01843.42868,E,1,12,1.1,13.8,M,26.5,M,,*53
$GPRMC,082012.00,A,5432.31525,N,01843.42868,E,15.02,84.5,140625,,,A*62
$GPVTG,84.5,T,,M,15.02,N,27.81,K,A*3E
$HEHDT,83.1,T*15
$VWVHW,83.1,T,,M,14.82,N,27.45,K*4B
$GPGGA,082013.00,5432.31554,N,01843.43573,E,1,12,1.1,13.1,M,26.5,M,,*5B
$GPRMC,082013.00,A,5432.31554,N,01843.43573,E,15.09,84.1,140625,,,A*6C
$GPVTG,84.1,T,,M,15.09,N,27.95,K,A*34
$HEHDT,82.9,T*1C
$VWVHW,82.9,T,,M,14.62,N,27.08,K*45
$GPGGA,082014.00,5432.31622,N,01843.44311,E,1,12,1.1,13.5,M,26.5,M,,*5F
$GPRMC,082014.00,A,5432.31622,N,01843.44311,E,14.94,84.1,140625,,,A*69
$GPVTG,84.1,T,,M,14.94,N,27.67,K,A*3C
$HEHDT,82.7,T*12
$VWVHW,82.7,T,,M,14.63,N,27.09,K*4B
$GPGGA,082015.00,5432.31624,N,01843.45018,E,1,12,1.1,13.1,M,26.5,M,,*57
$GPRMC,082015.00,A,5432.31624,N,01843.45018,E,14.99,84.6,140625,,,A*6F
$GPVTG,84.6,T,,M,14.99,N,27.77,K,A*37
$HEHDT,82.9,T*1C
$VWVHW,82.9,T,,M,14.71,N,27.24,K*49
$GPGSV,2,1,08,03,65,045,49,08,41,100,45,11,22,155,40,14,47,210,49*7E
$GPGSV,2,2,08,17,66,267,49,22,21,315,42,28,10,355,39,31,58,125,47*73
$GAGSV,2,1,05,04,50,075,49,09,35,185,44,12,65,240,47,24,10,290,38*61
$GAGSV,2,2,05,31,18,025,41*54
$GPZDA,082015.00,14,06,2025,00,00*6E
$GPGGA,082016.00,5432.31740,N,01843.45705,E,1,12,1.1,13.5,M,26.5,M,,*58
$GPRMC,082016.00,A,5432.31740,N,01843.45705,E,15.10,83.8,140625,,,A*6D
$GPVTG,83.8,T,,M,15.10,N,27.96,K,A*31
$HEHDT,83.1,T*15
$VWVHW,83.1,T,,M,14.62,N,27.07,K*43
$GPGGA,082017.00,5432.31762,N,01843.46433,E,1,12,1.1,13.4,M,26.5,M,,*5D
$GPRMC,082017.00,A,5432.31762,N,01843.46433,E,15.07,83.7,140625,,,A*60
$GPVTG,83.7,T,,M,15.07,N,27.92,K,A*3C
$HEHDT,83.0,T*14
$VWVHW,83.0,T,,M,14.90,N,27.59,K*44
$GPGGA,082018.00,5432.31763,N,01843.47189,E,1,12,1.1,13.9,M,26.5,M,,*5B
$GPRMC,082018.00,A,5432.31763,N,01843.47189,E,15.09,84.1,140625,,,A*64
$GPVTG,84.1,T,,M,15.09,N,27.95,K,A*34
$HEHDT,83.5,T*11
$VWVHW,83.5,T,,M,14.83,N,27.47,K*4C
$GPGGA,082019.00,5432.31832,N,01843.47890,E,1,12,1.1,13.4,M,26.5,M,,*5D
$GPRMC,082019.00,A,5432.31832,N,01843.47890,E,14.95,84.0,140625,,,A*6A
$GPVTG,84.0,T,,M,14.95,N,27.69,K,A*32
$HEHDT,83.2,T*16
$VWVHW,83.2,T,,M,14.58,N,27.01,K*4F
$GPGGA,082020.00,5432.31836,N,01843.48627,E,1,12,1.1,13.6,M,26.5,M,,*5C
$GPRMC,082020.00,A,5432.31836,N,01843.48627,E,15.02,84.1,140625,,,A*67
$GPVTG,84.1,T,,M,15.02,N,27.82,K,A*39
$HEHDT,83.4,T*10
$VWVHW,83.4,T,,M,14.79,N,27.39,K*41
$GPGSV,2,1,08,03,65,045,50,08,41,100,45,11,22,155,41,14,47,210,49*77
$GPGSV,2,2,08,17,66,267,49,22,21,315,40,28,10,355,39,31,58,125,48*7E
$GAGSV,2,1,05,04,50,075,49,09,35,185,45,12,65,240,48,24,10,290,39*6E
$GAGSV,2,2,05,31,18,025,42*57
$GPZDA,082020.00,14,06,2025,00,00*68
$GPGGA,082021.00,5432.31926,N,01843.49337,E,1,12,1.1,13.5,M,26.5,M,,*5B
$GPRMC,082021.00,A,5432.31926,N,01843.49337,E,15.09,83.7,140625,,,A*69
$GPVTG,83.7,T,,M,15.09,N,27.95,K,A*35
$HEHDT,83.4,T*10
$VWVHW,83.4,T,,M,14.71,N,27.23,K*42
$GPGGA,082022.00,5432.31927,N,01843.50036,E,1,12,1.1,14.0,M,26.5,M,,*51
$GPRMC,082022.00,A,5432.31927,N,01843.50036,E,15.20,84.1,140625,,,A*6B
$GPVTG,84.1,T,,M,15.20,N,28.15,K,A*38
$HEHDT,82.8,T*1D
$VWVHW,82.8,T,,M,14.76,N,27.33,K*49
$GPGGA,082023.00,5432.31976,N,01843.50720,E,1,12,1.1,14.1,M,26.5,M,,*55
$GPRMC,082023.00,A,5432.31976,N,01843.50720,E,15.07,84.4,140625,,,A*6E
$GPVTG,84.4,T,,M,15.07,N,27.91,K,A*3B
$HEHDT,83.3,T*17
$VWVHW,83.3,T,,M,14.62,N,27.07,K*41
$GPGGA,082024.00,5432.31988,N,01843.51427,E,1,12,1.1,15.5,M,26.5,M,,*53
$GPRMC,082024.00,A,5432.31988,N,01843.51427,E,15.05,84.0,140625,,,A*6B
$GPVTG,84.0,T,,M,15.05,N,27.87,K,A*3A
$HEHDT,83.2,T*16
$VWVHW,83.2,T,,M,14.67,N,27.18,K*4B
$GPGGA,082025.00,5432.32056,N,01843.52210,E,1,12,1.1,14.7,M,26.5,M,,*59
$GPRMC,082025.00,A,5432.32056,N,01843.52210,E,15.13,83.8,140625,,,A*6A
$GPVTG,83.8,T,,M,15.13,N,28.02,K,A*30
$HEHDT,83.5,T*11
$VWVHW,83.5,T,,M,14.67,N,27.16,K*42
$GPGSV,2,1,08,03,65,045,50,08,41,100,45,11,22,155,42,14,47,210,48*75
$GPGSV,2,2,08,17,66,267,49,22,21,315,41,28,10,355,39,31,58,125,47*70
$GAGSV,2,1,05,04,50,075,50,09,35,185,45,12,65,240,49,24,10,290,39*67
$GAGSV,2,2,05,31,18,025,41*54
$GPZDA,082025.00,14,06,2025,00,00*6D
$GPGGA,082026.00,5432.32098,N,01843.52967,E,1,12,1.1,14.8,M,26.5,M,,*5C
$GPRMC,082026.00,A,5432.32098,N,01843.52967,E,15.20,84.5,140625,,,A*6A
$GPVTG,84.5,T,,M,15.20,N,28.15,K,A*3C
$HEHDT,83.1,T*15
$VWVHW,83.1,T,,M,14.72,N,27.25,K*42
$GPGGA,082027.00,5432.32149,N,01843.53578,E,1,12,1.1,14.7,M,26.5,M,,*5C
$GPRMC,082027.00,A,5432.32149,N,01843.53578,E,15.11,84.2,140625,,,A*60
$GPVTG,84.2,T,,M,15.11,N,27.99,K,A*32
$HEHDT,83.0,T*14
$VWVHW,83.0,T,,M,14.78,N,27.37,K*4A
$GPGGA,082028.00,5432.32196,N,01843.54270,E,1,12,1.1,14.6,M,26.5,M,,*58
$GPRMC,082028.00,A,5432.32196,N,01843.54270,E,15.03,84.7,140625,,,A*63
$GPVTG,84.7,T,,M,15.03,N,27.83,K,A*3F
$HEHDT,83.3,T*17
$VWVHW,83.3,T,,M,14.78,N,27.38,K*46
$GPGGA,082029.00,5432.32217,N,01843.54998,E,1,12,1.1,14.8,M,26.5,M,,*50
$GPRMC,082029.00,A,5432.32217,N,01843.54998,E,15.19,83.5,140625,,,A*6B
$GPVTG,83.5,T,,M,15.19,N,28.13,K,A*37
$HEHDT,82.5,T*10
$VWVHW,82.5,T,,M,14.79,N,27.39,K*41
$GPGGA,082030.00,5432.32249,N,01843.55726,E,1,12,1.1,14.7,M,26.5,M,,*56
$GPRMC,082030.00,A,5432.32249,N,01843.55726,E,15.16,84.4,140625,,,A*6B
$GPVTG,84.4,T,,M,15.16,N,28.07,K,A*3B
$HEHDT,83.2,T*16
$VWVHW,83.2,T,,M,14.78,N,27.38,K*47
$GPGSV,2,1,08,03,65,045,50,08,41,100,45,11,22,155,41,14,47,210,48*76
$GPGSV,2,2,08,17,66,267,50,22,21,315,41,28,10,355,39,31,58,125,48*77
$GAGSV,2,1,05,04,50,075,48,09,35,185,46,12,65,240,48,24,10,290,38*6D
$GAGSV,2,2,05,31,18,025,41*54
$GPZDA,082030.00,14,06,2025,00,00*69
$GPGGA,082031.00,5432.32324,N,01843.56407,E,1,12,1.1,14.4,M,26.5,M,,*5D
$GPRMC,082031.00,A,5432.32324,N,01843.56407,E,15.29,84.3,140625,,,A*68
$GPVTG,84.3,T,,M,15.29,N,28.32,K,A*36
$HEHDT,83.2,T*16
$VWVHW,83.2,T,,M,14.65,N,27.13,K*42
$GPGGA,082032.00,5432.32371,N,01843.57161,E,1,12,1.1,14.3,M,26.5,M,,*5D
$GPRMC,082032.00,A,5432.32371,N,01843.57161,E,15.11,83.9,140625,,,A*69
$GPVTG,83.9,T,,M,15.11,N,27.99,K,A*3E
$HEHDT,83.6,T*12
$VWVHW,83.6,T,,M,14.68,N,27.19,K*41
$GPGGA,082033.00,5432.32381,N,01843.57845,E,1,12,1.1,14.8,M,26.5,M,,*57
$GPRMC,082033.00,A,5432.32381,N,01843.57845,E,15.02,84.0,140625,,,A*64
$GPVTG,84.0,T,,M,15.02,N,27.81,K,A*3B
$HEHDT,83.1,T*15
$VWVHW,83.1,T,,M,14.74,N,27.30,K*40
$GPGGA,082034.00,5432.32412,N,01843.58632,E,1,12,1.1,14.5,M,26.5,M,,*51
$GPRMC,082034.00,A,5432.32412,N,01843.58632,E,15.12,84.4,140625,,,A*6A
$GPVTG,84.4,T,,M,15.12,N,28.00,K,A*38
$HEHDT,83.3,T*17
$VWVHW,83.3,T,,M,14.67,N,27.18,K*4A
$GPGGA,082035.00,5432.32448,N,01843.59319,E,1,12,1.1,14.3,M,26.5,M,,*54
$GPRMC,082035.00,A,5432.32448,N,01843.59319,E,15.01,83.8,140625,,,A*60
$GPVTG,83.8,T,,M,15.01,N,27.81,K,A*37
$HEHDT,83.5,T*11
$VWVHW,83.5,T,,M,14.72,N,27.26,K*45
$GPGSV,2,1,08,03,65,045,49,08,41,100,44,11,22,155,40,14,47,210,47*71
$GPGSV,2,2,08,17,66,267,49,22,21,315,41,28,10,355,39,31,58,125,48*7F
$GAGSV,2,1,05,04,50,075,48,09,35,185,45,12,65,240,49,24,10,290,38*6F
$GAGSV,2,2,05,31,18,025,42*57
$GPZDA,082035.00,14,06,2025,00,00*6C
$GPGGA,082036.00,5432.32480,N,01843.60067,E,1,12,1.1,14.1,M,26.5,M,,*51
$GPRMC,082036.00,A,5432.32480,N,01843.60067,E,15.20,83.7,140625,,,A*6B
$GPVTG,83.7,T,,M,15.20,N,28.16,K,A*3A
$HEHDT,83.4,T*10
$VWVHW,83.4,T,,M,14.83,N,27.46,K*4C
$GPGGA,082037.00,5432.32526,N,01843.60777,E,1,12,1.1,14.2,M,26.5,M,,*58
$GPRMC,082037.00,A,5432.32526,N,01843.60777,E,15.30,84.2,140625,,,A*62
$GPVTG,84.2,T,,M,15.30,N,28.33,K,A*3E
$HEHDT,83.5,T*11
$VWVHW,83.5,T,,M,14.72,N,27.27,K*44
$GPGGA,082038.00,5432.32583,N,01843.61533,E,1,12,1.1,14.4,M,26.5,M,,*5D
$GPRMC,082038.00,A,5432.32583,N,01843.61533,E,15.13,84.0,140625,,,A*62
$GPVTG,84.0,T,,M,15.13,N,28.02,K,A*3F
$HEHDT,83.2,T*16
$VWVHW,83.2,T,,M,14.74,N,27.29,K*4B
$GPGGA,082039.00,5432.32602,N,01843.62223,E,1,12,1.1,14.0,M,26.5,M,,*57
$GPRMC,082039.00,A,5432.32602,N,01843.62223,E,15.17,84.4,140625,,,A*6C
$GPVTG,84.4,T,,M,15.17,N,28.09,K,A*34
$HEHDT,83.4,T*10
$VWVHW,83.4,T,,M,14.65,N,27.13,K*44
$GPGGA,082040.00,5432.32699,N,01843.63018,E,1,12,1.1,13.9,M,26.5,M,,*5E
$GPRMC,082040.00,A,5432.32699,N,01843.63018,E,14.94,84.1,140625,,,A*64
$GPVTG,84.1,T,,M,14.94,N,27.67,K,A*3C
$HEHDT,83.0,T*14
$VWVHW,83.0,T,,M,14.80,N,27.40,K*4D
$GPGSV,2,1,08,03,65,045,49,08,41,100,44,11,22,155,42,14,47,210,48*7C
$GPGSV,2,2,08,17,66,267,50,22,21,315,41,28,10,355,39,31,58,125,48*77
$GAGSV,2,1,05,04,50,075,48,09,35,185,44,12,65,240,49,24,10,290,37*61
$GAGSV,2,2,05,31,18,025,41*54
$GPZDA,082040.00,14,06,2025,00,00*6E
$GPGGA,082041.00,5432.32692,N,01843.63671,E,1,12,1.1,13.9,M,26.5,M,,*5D
$GPRMC,082041.00,A,5432.32692,N,01843.63671,E,15.07,83.7,140625,,,A*6D
$GPVTG,83.7,T,,M,15.07,N,27.90,K,A*3E
$HEHDT,83.3,T*17
$VWVHW,83.3,T,,M,14.68,N,27.19,K*44
$GPGGA,082042.00,5432.32738,N,01843.64384,E,1,12,1.1,14.4,M,26.5,M,,*5D
$GPRMC,082042.00,A,5432.32738,N,01843.64384,E,15.17,84.5,140625,,,A*63
$GPVTG,84.5,T,,M,15.17,N,28.09,K,A*35
$HEHDT,83.4,T*10
$VWVHW,83.4,T,,M,14.75,N,27.32,K*46
$GPGGA,082043.00,5432.32802,N,01843.65147,E,1,12,1.1,14.8,M,26.5,M,,*5A
$GPRMC,082043.00,A,5432.32802,N,01843.65147,E,15.23,83.8,140625,,,A*65
$GPVTG,83.8,T,,M,15.23,N,28.21,K,A*32
$HEHDT,82.8,T*1D
$VWVHW,82.8,T,,M,14.74,N,27.31,K*49
$GPGGA,082044.00,5432.32835,N,01843.65838,E,1,12,1.1,14.7,M,26.5,M,,*57
$GPRMC,082044.00,A,5432.32835,N,01843.65838,E,15.11,84.2,140625,,,A*6B
$GPVTG,84.2,T,,M,15.11,N,27.99,K,A*32
$HEHDT,83.1,T*15
$VWVHW,83.1,T,,M,14.80,N,27.41,K*4D
$GPGGA,082045.00,5432.32870,N,01843.66514,E,1,12,1.1,14.6,M,26.5,M,,*56
$GPRMC,082045.00,A,5432.32870,N,01843.66514,E,15.07,84.2,140625,,,A*6C
$GPVTG,84.2,T,,M,15.07,N,27.91,K,A*3D
$HEHDT,83.1,T*15
$VWVHW,83.1,T,,M,14.85,N,27.51,K*49
$GPGSV,2,1,08,03,65,045,50,08,41,100,44,11,22,155,42,14,47,210,47*7B
$GPGSV,2,2,08,17,66,267,49,22,21,315,42,28,10,355,39,31,58,125,48*7C
$GAGSV,2,1,05,04,50,075,47,09,35,185,44,12,65,240,49,24,10,290,38*61
$GAGSV,2,2,05,31,18,025,41*54
$GPZDA,082045.00,14,06,2025,00,00*6B
$GPGGA,082046.00,5432.32916,N,01843.67272,E,1,12,1.1,14.2,M,26.5,M,,*56
$GPRMC,082046.00,A,5432.32916,N,01843.67272,E,14.99,83.6,140625,,,A*6D
$GPVTG,83.6,T,,M,14.99,N,27.76,K,A*31
$HEHDT,83.2,T*16
$VWVHW,83.2,T,,M,14.71,N,27.24,K*43
$GPGGA,082047.00,5432.32962,N,01843.67970,E,1,12,1.1,14.6,M,26.5,M,,*59
$GPRMC,082047.00,A,5432.32962,N,01843.67970,E,15.21,84.3,140625,,,A*66
$GPVTG,84.3,T,,M,15.21,N,28.18,K,A*36
$HEHDT,83.6,T*12
$VWVHW,83.6,T,,M,14.89,N,27.58,K*4B
$GPGGA,082048.00,5432.32980,N,01843.68701,E,1,12,1.1,14.6,M,26.5,M,,*5D
$GPRMC,082048.00,A,5432.32980,N,01843.68701,E,15.12,84.5,140625,,,A*64
$GPVTG,84.5,T,,M,15.12,N,28.00,K,A*39
$HEHDT,83.1,T*15
$VWVHW,83.1,T,,M,14.75,N,27.31,K*40
$GPGGA,082049.00,5432.33016,N,01843.69387,E,1,12,1.1,14.4,M,26.5,M,,*52
$GPRMC,082049.00,A,5432.33016,N,01843.69387,E,15.17,84.2,140625,,,A*6B
$GPVTG,84.2,T,,M,15.17,N,28.09,K,A*32
$HEHDT,83.0,T*14
$VWVHW,83.0,T,,M,14.88,N,27.55,K*41
$GPGGA,082050.00,5432.33058,N,01843.70168,E,1,12,1.1,14.4,M,26.5,M,,*5B
$GPRMC,082050.00,A,5432.33058,N,01843.70168,E,15.18,84.2,140625,,,A*6D
$GPVTG,84.2,T,,M,15.18,N,28.11,K,A*34
$HEHDT,83.2,T*16
$VWVHW,83.2,T,,M,14.96,N,27.70,K*4B
$GPGSV,2,1,08,03,65,045,49,08,41,100,45,11,22,155,41,14,47,210,47*71
$GPGSV,2,2,08,17,66,267,49,22,21,315,42,28,10,355,40,31,58,125,48*72
$GAGSV,2,1,05,04,50,075,47,09,35,185,44,12,65,240,50,24,10,290,37*66
$GAGSV,2,2,05,31,18,025,41*54
$GPZDA,082050.00,14,06,2025,00,00*6F
$GPGGA,082051.00,5432.33105,N,01843.70821,E,1,12,1.1,14.7,M,26.5,M,,*54
$GPRMC,082051.00,A,5432.33105,N,01843.70821,E,15.12,83.9,140625,,,A*67
$GPVTG,83.9,T,,M,15.12,N,28.00,K,A*32
$HEHDT,83.6,T*12
$VWVHW,83.6,T,,M,14.86,N,27.51,K*4D
$GPGGA,082052.00,5432.33192,N,01843.71573,E,1,12,1.1,14.2,M,26.5,M,,*57
$GPRMC,082052.00,A,5432.33192,N,01843.71573,E,15.04,84.1,140625,,,A*69
$GPVTG,84.1,T,,M,15.04,N,27.85,K,A*38
$HEHDT,83.0,T*14
$VWVHW,83.0,T,,M,14.84,N,27.49,K*40
$GPGGA,082053.00,5432.33183,N,01843.72196,E,1,12,1.1,14.8,M,26.5,M,,*50
$GPRMC,082053.00,A,5432.33183,N,01843.72196,E,15.08,84.0,140625,,,A*69
$GPVTG,84.0,T,,M,15.08,N,27.93,K,A*32
$HEHDT,83.2,T*16
$VWVHW,83.2,T,,M,14.73,N,27.28,K*4D
$GPGGA,082054.00,5432.33264,N,01843.72922,E,1,12,1.1,14.6,M,26.5,M,,*54
$GPRMC,082054.00,A,5432.33264,N,01843.72922,E,15.15,84.4,140625,,,A*6B
$GPVTG,84.4,T,,M,15.15,N,28.05,K,A*3A
$HEHDT,83.6,T*12
$VWVHW,83.6,T,,M,14.90,N,27.60,K*48
$GPGGA,082055.00,5432.33333,N,01843.73734,E,1,12,1.1,14.6,M,26.5,M,,*5E
$GPRMC,082055.00,A,5432.33333,N,01843.73734,E,15.14,84.2,140625,,,A*66
$GPVTG,84.2,T,,M,15.14,N,28.03,K,A*3B
$HEHDT,83.2,T*16
$VWVHW,83.2,T,,M,14.74,N,27.31,K*42
$GPGSV,2,1,08,03,65,045,48,08,41,100,45,11,22,155,42,14,47,210,47*73
$GPGSV,2,2,08,17,66,267,48,22,21,315,41,28,10,355,39,31,58,125,48*7E
$GAGSV,2,1,05,04,50,075,47,09,35,185,44,12,65,240,50,24,10,290,38*69
$GAGSV,2,2,05,31,18,025,40*55
$GPZDA,082055.00,14,06,2025,00,00*6A
$GPGGA,082056.00,5432.33353,N,01843.74409,E,1,12,1.1,14.7,M,26.5,M,,*50
$GPRMC,082056.00,A,5432.33353,N,01843.74409,E,15.21,83.8,140625,,,A*62
$GPVTG,83.8,T,,M,15.21,N,28.17,K,A*35
$HEHDT,83.0,T*14
$VWVHW,83.0,T,,M,14.77,N,27.35,K*47
$GPGGA,082057.00,5432.33376,N,01843.75164,E,1,12,1.1,15.5,M,26.5,M,,*5A
$GPRMC,082057.00,A,5432.33376,N,01843.75164,E,15.22,84.0,140625,,,A*67
$GPVTG,84.0,T,,M,15.22,N,28.19,K,A*37
$HEHDT,83.6,T*12
$VWVHW,83.6,T,,M,14.81,N,27.43,K*49
$GPGGA,082058.00,5432.33418,N,01843.75840,E,1,12,1.1,14.8,M,26.5,M,,*59
$GPRMC,082058.00,A,5432.33418,N,01843.75840,E,15.00,84.5,140625,,,A*6D
$GPVTG,84.5,T,,M,15.00,N,27.78,K,A*3A
$HEHDT,82.6,T*13
$VWVHW,82.6,T,,M,14.78,N,27.37,K*4D
$GPGGA,082059.00,5432.33456,N,01843.76531,E,1,12,1.1,15.5,M,26.5,M,,*56
$GPRMC,082059.00,A,5432.33456,N,01843.76531,E,15.26,83.9,140625,,,A*61
$GPVTG,83.9,T,,M,15.26,N,28.27,K,A*30
$HEHDT,83.3,T*17
$VWVHW,83.3,T,,M,14.95,N,27.69,K*41
$GPGGA,082100.00,5432.33525,N,01843.77264,E,1,12,1.1,14.7,M,26.5,M,,*5B
$GPRMC,082100.00,A,5432.33525,N,01843.77264,E,15.06,83.8,140625,,,A*6C
$GPVTG,83.8,T,,M,15.06,N,27.90,K,A*30
$HEHDT,83.4,T*10
$VWVHW,83.4,T,,M,14.79,N,27.39,K*41
$GPGSV,2,1,08,03,65,045,49,08,41,100,45,11,22,155,42,14,47,210,48*7D
$GPGSV,2,2,08,17,66,267,49,22,21,315,41,28,10,355,39,31,58,125,49*7E
$GAGSV,2,1,05,04,50,075,48,09,35,185,45,12,65,240,50,24,10,290,37*68
$GAGSV,2,2,05,31,18,025,40*55
$GPZDA,082100.00,14,06,2025,00,00*6B
$GPGGA,082101.00,5432.33533,N,01843.78002,E,1,12,1.1,14.9,M,26.5,M,,*5E
$GPRMC,082101.00,A,5432.33533,N,01843.78002,E,15.19,84.5,140625,,,A*63
$GPVTG,84.5,T,,M,15.19,N,28.13,K,A*30
$HEHDT,83.0,T*14
$VWVHW,83.0,T,,M,14.77,N,27.36,K*44
$GPGGA,082102.00,5432.33588,N,01843.78676,E,1,12,1.1,14.7,M,26.5,M,,*56
$GPRMC,082102.00,A,5432.33588,N,01843.78676,E,15.07,84.2,140625,,,A*6D
$GPVTG,84.2,T,,M,15.07,N,27.91,K,A*3D
$HEHDT,83.2,T*16
$VWVHW,83.2,T,,M,14.96,N,27.71,K*4A
$GPGGA,082103.00,5432.33676,N,01843.79404,E,1,12,1.1,15.2,M,26.5,M,,*57
$GPRMC,082103.00,A,5432.33676,N,01843.79404,E,15.18,83.8,140625,,,A*6B
$GPVTG,83.8,T,,M,15.18,N,28.12,K,A*3A
$HEHDT,83.4,T*10
$VWVHW,83.4,T,,M,14.95,N,27.70,K*4E
$GPGGA,082104.00,5432.33677,N,01843.80087,E,1,12,1.1,14.9,M,26.5,M,,*52
$GPRMC,082104.00,A,5432.33677,N,01843.80087,E,15.27,84.2,140625,,,A*65
$GPVTG,84.2,T,,M,15.27,N,28.29,K,A*33
$HEHDT,83.1,T*15
$VWVHW,83.1,T,,M,14.86,N,27.52,K*49
$GPGGA,082105.00,5432.33749,N,01843.80891,E,1,12,1.1,15.0,M,26.5,M,,*58
$GPRMC,082105.00,A,5432.33749,N,01843.80891,E,15.11,84.1,140625,,,A*61
$GPVTG,84.1,T,,M,15.11,N,27.98,K,A*30
$HEHDT,83.2,T*16
$VWVHW,83.2,T,,M,14.88,N,27.55,K*43
$GPGSV,2,1,08,03,65,045,48,08,41,100,45,11,22,155,43,14,47,210,47*72
$GPGSV,2,2,08,17,66,267,49,22,21,315,43,28,10,355,39,31,58,125,47*72
$GAGSV,2,1,05,04,50,075,47,09,35,185,45,12,65,240,48,24,10,290,36*6F
$GAGSV,2,2,05,31,18,025,41*54
$GPZDA,082105.00,14,06,2025,00,00*6E
$GPGGA,082106.00,5432.33783,N,01843.81531,E,1,12,1.1,14.9,M,26.5,M,,*53
$GPRMC,082106.00,A,5432.33783,N,01843.81531,E,15.24,84.1,140625,,,A*64
$GPVTG,84.1,T,,M,15.24,N,28.22,K,A*38
$HEHDT,83.4,T*10
$VWVHW,83.4,T,,M,14.83,N,27.47,K*4D
$GPGGA,082107.00,5432.33832,N,01843.82224,E,1,12,1.1,15.4,M,26.5,M,,*5B
$GPRMC,082107.00,A,5432.33832,N,01843.82224,E,15.11,84.2,140625,,,A*65
$GPVTG,84.2,T,,M,15.11,N,27.97,K,A*3C
$HEHDT,83.8,T*1C
$VWVHW,83.8,T,,M,14.80,N,27.41,K*44
$GPGGA,082108.00,5432.33956,N,01843.82986,E,1,12,1.1,15.4,M,26.5,M,,*54
$GPRMC,082108.00,A,5432.33956,N,01843.82986,E,15.25,84.3,140625,,,A*6C
$GPVTG,84.3,T,,M,15.25,N,28.24,K,A*3D
$HEHDT,83.4,T*10
$VWVHW,83.4,T,,M,14.85,N,27.51,K*4C
$GPGGA,082109.00,5432.33935,N,01843.83727,E,1,12,1.1,15.0,M,26.5,M,,*50
$GPRMC,082109.00,A,5432.33935,N,01843.83727,E,15.29,84.1,140625,,,A*62
$GPVTG,84.1,T,,M,15.29,N,28.32,K,A*34
$HEHDT,83.3,T*17
$VWVHW,83.3,T,,M,14.77,N,27.36,K*47
$GPGGA,082110.00,5432.34001,N,01843.84426,E,1,12,1.1,14.9,M,26.5,M,,*5C
$GPRMC,082110.00,A,5432.34001,N,01843.84426,E,15.17,83.9,140625,,,A*64
$GPVTG,83.9,T,,M,15.17,N,28.10,K,A*36
$HEHDT,83.1,T*15
$VWVHW,83.1,T,,M,14.97,N,27.72,K*4B
$GPGSV,2,1,08,03,65,045,49,08,41,100,44,11,22,155,42,14,47,210,46*72
$GPGSV,2,2,08,17,66,267,47,22,21,315,41,28,10,355,39,31,58,125,48*71
$GAGSV,2,1,05,04,50,075,47,09,35,185,44,12,65,240,50,24,10,290,37*66
$GAGSV,2,2,05,31,18,025,42*57
$GPZDA,082110.00,14,06,2025,00,00*6A
$GPGGA,082111.00,5432.34002,N,01843.85157,E,1,12,1.1,15.0,M,26.5,M,,*54
$GPRMC,082111.00,A,5432.34002,N,01843.85157,E,15.29,83.8,140625,,,A*68
$GPVTG,83.8,T,,M,15.29,N,28.32,K,A*3A
$HEHDT,83.4,T*10
$VWVHW,83.4,T,,M,14.74,N,27.30,K*45
$GPGGA,082112.00,5432.34087,N,01843.85833,E,1,12,1.1,15.2,M,26.5,M,,*53
$GPRMC,082112.00,A,5432.34087,N,01843.85833,E,15.17,84.0,140625,,,A*6F
$GPVTG,84.0,T,,M,15.17,N,28.10,K,A*38
$HEHDT,83.4,T*10
$VWVHW,83.4,T,,M,14.75,N,27.31,K*45
$GPGGA,082113.00,5432.34102,N,01843.86580,E,1,12,1.1,15.0,M,26.5,M,,*5A
$GPRMC,082113.00,A,5432.34102,N,01843.86580,E,15.12,83.8,140625,,,A*6E
$GPVTG,83.8,T,,M,15.12,N,28.00,K,A*33
$HEHDT,83.1,T*15
$VWVHW,83.1,T,,M,14.73,N,27.27,K*41
$GPGGA,082114.00,5432.34202,N,01843.87325,E,1,12,1.1,15.4,M,26.5,M,,*52
$GPRMC,082114.00,A,5432.34202,N,01843.87325,E,15.13,84.5,140625,,,A*69
$GPVTG,84.5,T,,M,15.13,N,28.02,K,A*3A
$HEHDT,83.0,T*14
$VWVHW,83.0,T,,M,14.72,N,27.26,K*40
$GPGGA,082115.00,5432.34251,N,01843.88066,E,1,12,1.1,15.2,M,26.5,M,,*58
$GPRMC,082115.00,A,5432.34251,N,01843.88066,E,15.23,84.0,140625,,,A*63
$GPVTG,84.0,T,,M,15.23,N,28.20,K,A*3C
$HEHDT,83.6,T*12
$VWVHW,83.6,T,,M,14.86,N,27.51,K*4D
$GPGSV,2,1,08,03,65,045,49,08,41,100,45,11,22,155,42,14,47,210,46*73
$GPGSV,2,2,08,17,66,267,48,22,21,315,41,28,10,355,39,31,58,125,49*7F
$GAGSV,2,1,05,04,50,075,47,09,35,185,46,12,65,240,49,24,10,290,38*63
$GAGSV,2,2,05,31,18,025,42*57
$GPZDA,082115.00,14,06,2025,00,00*6F
$GPGGA,082116.00,5432.34287,N,01843.88827,E,1,12,1.1,15.5,M,26.5,M,,*5A
$GPRMC,082116.00,A,5432.34287,N,01843.88827,E,15.26,83.8,140625,,,A*6C
$GPVTG,83.8,T,,M,15.26,N,28.27,K,A*31
$HEHDT,83.5,T*11
$VWVHW,83.5,T,,M,14.85,N,27.50,K*4C
$GPGGA,082117.00,5432.34313,N,01843.89456,E,1,12,1.1,15.0,M,26.5,M,,*59
$GPRMC,082117.00,A,5432.34313,N,01843.89456,E,15.07,84.1,140625,,,A*67
$GPVTG,84.1,T,,M,15.07,N,27.90,K,A*3F
$HEHDT,82.8,T*1D
$VWVHW,82.8,T,,M,14.75,N,27.31,K*48
$GPGGA,082118.00,5432.34363,N,01843.90249,E,1,12,1.1,15.2,M,26.5,M,,*53
$GPRMC,082118.00,A,5432.34363,N,01843.90249,E,15.15,83.9,140625,,,A*63
$GPVTG,83.9,T,,M,15.15,N,28.07,K,A*32
$HEHDT,82.4,T*11
$VWVHW,82.4,T,,M,14.78,N,27.37,K*4F
$GPGGA,082119.00,5432.34390,N,01843.90944,E,1,12,1.1,15.5,M,26.5,M,,*5F
$GPRMC,082119.00,A,5432.34390,N,01843.90944,E,15.17,84.2,140625,,,A*66
$GPVTG,84.2,T,,M,15.17,N,28.10,K,A*3A
$HEHDT,83.5,T*11
$VWVHW,83.5,T,,M,14.77,N,27.35,K*42
$GPGGA,082120.00,5432.34487,N,01843.91675,E,1,12,1.1,16.0,M,26.5,M,,*5E
$GPRMC,082120.00,A,5432.34487,N,01843.91675,E,15.19,84.0,140625,,,A*6D
$GPVTG,84.0,T,,M,15.19,N,28.14,K,A*32
$HEHDT,83.2,T*16
$VWVHW,83.2,T,,M,14.83,N,27.47,K*4B
$GPGSV,2,1,08,03,65,045,49,08,41,100,44,11,22,155,42,14,47,210,47*73
$GPGSV,2,2,08,17,66,267,49,22,21,315,41,28,10,355,39,31,58,125,48*7F
$GAGSV,2,1,05,04,50,075,47,09,35,185,45,12,65,240,50,24,10,290,37*67
$GAGSV,2,2,05,31,18,025,42*57
$GPZDA,082120.00,14,06,2025,00,00*69
$GPGGA,082121.00,5432.34540,N,01843.92395,E,1,12,1.1,15.4,M,26.5,M,,*5A
$GPRMC,082121.00,A,5432.34540,N,01843.92395,E,15.16,83.6,140625,,,A*60
$GPVTG,83.6,T,,M,15.16,N,28.07,K,A*3E
$HEHDT,83.1,T*15
$VWVHW,83.1,T,,M,14.87,N,27.53,K*49
$GPGGA,082122.00,5432.34543,N,01843.93074,E,1,12,1.1,15.7,M,26.5,M,,*54
$GPRMC,082122.00,A,5432.34543,N,01843.93074,E,15.18,84.4,140625,,,A*66
$GPVTG,84.4,T,,M,15.18,N,28.11,K,A*32
$HEHDT,83.3,T*17
$VWVHW,83.3,T,,M,14.86,N,27.52,K*4B
$GPGGA,082123.00,5432.34577,N,01843.93800,E,1,12,1.1,15.4,M,26.5,M,,*5A
$GPRMC,082123.00,A,5432.34577,N,01843.93800,E,15.06,83.8,140625,,,A*6F
$GPVTG,83.8,T,,M,15.06,N,27.89,K,A*38
$HEHDT,83.3,T*17
$VWVHW,83.3,T,,M,14.83,N,27.46,K*4B
$GPGGA,082124.00,5432.34595,N,01843.94560,E,1,12,1.1,15.8,M,26.5,M,,*51
$GPRMC,082124.00,A,5432.34595,N,01843.94560,E,15.01,83.6,140625,,,A*61
$GPVTG,83.6,T,,M,15.01,N,27.80,K,A*38
$HEHDT,83.2,T*16
$VWVHW,83.2,T,,M,14.85,N,27.50,K*4B
$GPGGA,082125.00,5432.34676,N,01843.95195,E,1,12,1.1,16.0,M,26.5,M,,*5A
$GPRMC,082125.00,A,5432.34676,N,01843.95195,E,15.18,83.9,140625,,,A*66
$GPVTG,83.9,T,,M,15.18,N,28.12,K,A*3B
$HEHDT,83.5,T*11
$VWVHW,83.5,T,,M,14.70,N,27.23,K*42
$GPGSV,2,1,08,03,65,045,48,08,41,100,46,11,22,155,42,14,47,210,48*7F
$GPGSV,2,2,08,17,66,267,49,22,21,315,41,28,10,355,39,31,58,125,50*76
$GAGSV,2,1,05,04,50,075,48,09,35,185,46,12,65,240,50,24,10,290,37*6B
$GAGSV,2,2,05,31,18,025,41*54
$GPZDA,082125.00,14,06,2025,00,00*6C
$GPGGA,082126.00,5432.34731,N,01843.95950,E,1,12,1.1,15.8,M,26.5,M,,*51
$GPRMC,082126.00,A,5432.34731,N,01843.95950,E,15.24,84.1,140625,,,A*66
$GPVTG,84.1,T,,M,15.24,N,28.23,K,A*39
$HEHDT,82.9,T*1C
$VWVHW,82.9,T,,M,14.91,N,27.61,K*46
$GPGGA,082127.00,5432.34749,N,01843.96626,E,1,12,1.1,15.8,M,26.5,M,,*52
$GPRMC,082127.00,A,5432.34749,N,01843.96626,E,15.26,83.7,140625,,,A*66
$GPVTG,83.7,T,,M,15.26,N,28.26,K,A*3F
$HEHDT,82.8,T*1D
$VWVHW,82.8,T,,M,14.97,N,27.72,K*43
$GPGGA,082128.00,5432.34754,N,01843.97409,E,1,12,1.1,15.8,M,26.5,M,,*5F
$GPRMC,082128.00,A,5432.34754,N,01843.97409,E,15.23,84.0,140625,,,A*6E
$GPVTG,84.0,T,,M,15.23,N,28.21,K,A*3D
$HEHDT,83.3,T*17
$VWVHW,83.3,T,,M,14.84,N,27.48,K*42
$GPGGA,082129.00,5432.34828,N,01843.98089,E,1,12,1.1,15.3,M,26.5,M,,*52
$GPRMC,082129.00,A,5432.34828,N,01843.98089,E,15.29,84.4,140625,,,A*66
$GPVTG,84.4,T,,M,15.29,N,28.31,K,A*32
$HEHDT,83.2,T*16
$VWVHW,83.2,T,,M,14.75,N,27.32,K*40
$GPGGA,082130.00,5432.34857,N,01843.98828,E,1,12,1.1,16.0,M,26.5,M,,*51
$GPRMC,082130.00,A,5432.34857,N,01843.98828,E,15.22,84.4,140625,,,A*6E
$GPVTG,84.4,T,,M,15.22,N,28.20,K,A*39
$HEHDT,83.1,T*15
$VWVHW,83.1,T,,M,14.79,N,27.40,K*4A
$GPGSV,2,1,08,03,65,045,49,08,41,100,44,11,22,155,43,14,47,210,47*72
$GPGSV,2,2,08,17,66,267,49,22,21,315,40,28,10,355,38,31,58,125,49*7E
$GAGSV,2,1,05,04,50,075,48,09,35,185,46,12,65,240,51,24,10,290,38*65
$GAGSV,2,2,05,31,18,025,41*54
$GPZDA,082130.00,14,06,2025,00,00*68
$GPGGA,082131.00,5432.34897,N,01843.99477,E,1,12,1.1,15.7,M,26.5,M,,*5F
$GPRMC,082131.00,A,5432.34897,N,01843.99477,E,15.08,84.3,140625,,,A*6B
$GPVTG,84.3,T,,M,15.08,N,27.92,K,A*30
$HEHDT,82.7,T*12
$VWVHW,82.7,T,,M,14.77,N,27.36,K*42
$GPGGA,082132.00,5432.34914,N,01844.00313,E,1,12,1.1,16.6,M,26.5,M,,*56
$GPRMC,082132.00,A,5432.34914,N,01844.00313,E,15.00,83.8,140625,,,A*64
$GPVTG,83.8,T,,M,15.00,N,27.78,K,A*30
$HEHDT,83.5,T*11
$VWVHW,83.5,T,,M,14.76,N,27.34,K*42
$GPGGA,082133.00,5432.35049,N,01844.00892,E,1,12,1.1,16.1,M,26.5,M,,*52
$GPRMC,082133.00,A,5432.35049,N,01844.00892,E,15.13,84.2,140625,,,A*68
$GPVTG,84.2,T,,M,15.13,N,28.02,K,A*3D
$HEHDT,83.1,T*15
$VWVHW,83.1,T,,M,14.80,N,27.42,K*4E
$GPGGA,082134.00,5432.35069,N,01844.01634,E,1,12,1.1,15.5,M,26.5,M,,*53
$GPRMC,082134.00,A,5432.35069,N,01844.01634,E,15.19,83.8,140625,,,A*69
$GPVTG,83.8,T,,M,15.19,N,28.13,K,A*3A
$HEHDT,83.3,T*17
$VWVHW,83.3,T,,M,14.76,N,27.33,K*43
$GPGGA,082135.00,5432.35108,N,01844.02452,E,1,12,1.1,15.7,M,26.5,M,,*57
$GPRMC,082135.00,A,5432.35108,N,01844.02452,E,15.14,84.0,140625,,,A*6D
$GPVTG,84.0,T,,M,15.14,N,28.05,K,A*3F
$HEHDT,82.8,T*1D
$VWVHW,82.8,T,,M,14.74,N,27.30,K*48
$GPGSV,2,1,08,03,65,045,50,08,41,100,44,11,22,155,43,14,47,210,47*7A
$GPGSV,2,2,08,17,66,267,49,22,21,315,41,28,10,355,38,31,58,125,50*77
$GAGSV,2,1,05,04,50,075,47,09,35,185,45,12,65,240,51,24,10,290,37*66
$GAGSV,2,2,05,31,18,025,40*55
$GPZDA,082135.00,14,06,2025,00,00*6D
$GPGGA,082136.00,5432.35150,N,01844.03037,E,1,12,1.1,15.9,M,26.5,M,,*51
$GPRMC,082136.00,A,5432.35150,N,01844.03037,E,15.15,84.1,140625,,,A*65
$GPVTG,84.1,T,,M,15.15,N,28.06,K,A*3C
$HEHDT,83.1,T*15
$VWVHW,83.1,T,,M,14.80,N,27.40,K*4C
$GPGGA,082137.00,5432.35220,N,01844.03790,E,1,12,1.1,16.0,M,26.5,M,,*54
$GPRMC,082137.00,A,5432.35220,N,01844.03790,E,15.37,83.5,140625,,,A*69
$GPVTG,83.5,T,,M,15.37,N,28.46,K,A*3B
$HEHDT,83.0,T*14
$VWVHW,83.0,T,,M,14.90,N,27.59,K*44
$GPGGA,082138.00,5432.35218,N,01844.04467,E,1,12,1.1,16.1,M,26.5,M,,*5D
$GPRMC,082138.00,A,5432.35218,N,01844.04467,E,15.20,84.1,140625,,,A*64
$GPVTG,84.1,T,,M,15.20,N,28.15,K,A*38
$HEHDT,83.4,T*10
$VWVHW,83.4,T,,M,14.89,N,27.58,K*49
$GPGGA,082139.00,5432.35263,N,01844.05255,E,1,12,1.1,15.6,M,26.5,M,,*52
$GPRMC,082139.00,A,5432.35263,N,01844.05255,E,15.24,84.5,140625,,,A*6F
$GPVTG,84.5,T,,M,15.24,N,28.23,K,A*3D
$HEHDT,82.9,T*1C
$VWVHW,82.9,T,,M,14.74,N,27.30,K*49
$GPGGA,082140.00,5432.35309,N,01844.05945,E,1,12,1.1,15.9,M,26.5,M,,*54
$GPRMC,082140.00,A,5432.35309,N,01844.05945,E,15.27,83.9,140625,,,A*6E
$GPVTG,83.9,T,,M,15.27,N,28.29,K,A*3F
$HEHDT,83.8,T*1C
$VWVHW,83.8,T,,M,14.62,N,27.07,K*4A
$GPGSV,2,1,08,03,65,045,50,08,41,100,45,11,22,155,43,14,47,210,48*74
$GPGSV,2,2,08,17,66,267,50,22,21,315,41,28,10,355,39,31,58,125,49*76
$GAGSV,2,1,05,04,50,075,48,09,35,185,46,12,65,240,51,24,10,290,38*65
$GAGSV,2,2,05,31,18,025,41*54
$GPZDA,082140.00,14,06,2025,00,00*6F
$GPGGA,082141.00,5432.35391,N,01844.06746,E,1,12,1.1,16.0,M,26.5,M,,*50
$GPRMC,082141.00,A,5432.35391,N,01844.06746,E,15.22,84.1,140625,,,A*6A
$GPVTG,84.1,T,,M,15.22,N,28.19,K,A*36
$HEHDT,83.4,T*10
$VWVHW,83.4,T,,M,14.85,N,27.50,K*4D
$GPGGA,082142.00,5432.35408,N,01844.07520,E,1,12,1.1,16.0,M,26.5,M,,*57
$GPRMC,082142.00,A,5432.35408,N,01844.07520,E,15.13,84.1,140625,,,A*6F
$GPVTG,84.1,T,,M,15.13,N,28.02,K,A*3E
$HEHDT,82.8,T*1D
$VWVHW,82.8,T,,M,14.96,N,27.71,K*41
$GPGGA,082143.00,5432.35421,N,01844.08173,E,1,12,1.1,15.6,M,26.5,M,,*55
$GPRMC,082143.00,A,5432.35421,N,01844.08173,E,15.18,84.3,140625,,,A*61
$GPVTG,84.3,T,,M,15.18,N,28.12,K,A*36
$HEHDT,83.6,T*12
$VWVHW,83.6,T,,M,14.78,N,27.37,K*4C
$GPGGA,082144.00,5432.35451,N,01844.08922,E,1,12,1.1,16.3,M,26.5,M,,*5F
$GPRMC,082144.00,A,5432.35451,N,01844.08922,E,15.16,83.9,140625,,,A*6E
$GPVTG,83.9,T,,M,15.16,N,28.08,K,A*3E
$HEHDT,83.0,T*14
$VWVHW,83.0,T,,M,14.73,N,27.27,K*40
$GPGGA,082145.00,5432.35513,N,01844.09668,E,1,12,1.1,16.3,M,26.5,M,,*59
$GPRMC,082145.00,A,5432.35513,N,01844.09668,E,15.19,83.7,140625,,,A*69
$GPVTG,83.7,T,,M,15.19,N,28.13,K,A*35
$HEHDT,83.2,T*16
$VWVHW,83.2,T,,M,14.71,N,27.24,K*43
$GPGSV,2,1,08,03,65,045,50,08,41,100,45,11,22,155,41,14,47,210,47*79
$GPGSV,2,2,08,17,66,267,50,22,21,315,41,28,10,355,38,31,58,125,50*7F
$GAGSV,2,1,05,04,50,075,48,09,35,185,46,12,65,240,52,24,10,290,37*69
$GAGSV,2,2,05,31,18,025,40*55
$GPZDA,082145.00,14,06,2025,00,00*6A
$GPGGA,082146.00,5432.35534,N,01844.10353,E,1,12,1.0,16.4,M,26.5,M,,*5C
$GPRMC,082146.00,A,5432.35534,N,01844.10353,E,15.11,84.2,140625,,,A*60
$GPVTG,84.2,T,,M,15.11,N,27.98,K,A*33
$HEHDT,83.1,T*15
$VWVHW,83.1,T,,M,14.77,N,27.36,K*45
$GPGGA,082147.00,5432.35612,N,01844.11058,E,1,12,1.0,15.9,M,26.5,M,,*5D
$GPRMC,082147.00,A,5432.35612,N,01844.11058,E,15.12,83.7,140625,,,A*6E
$GPVTG,83.7,T,,M,15.12,N,28.00,K,A*3C
$HEHDT,83.4,T*10
$VWVHW,83.4,T,,M,14.99,N,27.75,K*47
$GPGGA,082148.00,5432.35675,N,01844.11668,E,1,12,1.0,15.8,M,26.5,M,,*57
$GPRMC,082148.00,A,5432.35675,N,01844.11668,E,15.14,84.2,140625,,,A*61
$GPVTG,84.2,T,,M,15.14,N,28.04,K,A*3C
$HEHDT,83.3,T*17
$VWVHW,83.3,T,,M,14.74,N,27.31,K*43
$GPGGA,082149.00,5432.35756,N,01844.12431,E,1,12,1.0,15.6,M,26.5,M,,*55
$GPRMC,082149.00,A,5432.35756,N,01844.12431,E,15.03,84.4,140625,,,A*6D
$GPVTG,84.4,T,,M,15.03,N,27.84,K,A*3B
$HEHDT,82.8,T*1D
$VWVHW,82.8,T,,M,14.86,N,27.53,K*40
$GPGGA,082150.00,5432.35717,N,01844.13200,E,1,12,1.0,15.6,M,26.5,M,,*5D
$GPRMC,082150.00,A,5432.35717,N,01844.13200,E,15.05,84.2,140625,,,A*65
$GPVTG,84.2,T,,M,15.05,N,27.87,K,A*38
$HEHDT,83.4,T*10
$VWVHW,83.4,T,,M,14.79,N,27.38,K*40
$GPGSV,2,1,08,03,65,045,50,08,41,100,44,11,22,155,42,14,47,210,49*75
$GPGSV,2,2,08,17,66,267,50,22,21,315,42,28,10,355,38,31,58,125,49*74
$GAGSV,2,1,05,04,50,075,47,09,35,185,45,12,65,240,51,24,10,290,36*67
$GAGSV,2,2,05,31,18,025,40*55
$GPZDA,082150.00,14,06,2025,00,00*6E
$GPGGA,082151.00,5432.35840,N,01844.13911,E,1,12,1.0,15.2,M,26.5,M,,*5E
$GPRMC,082151.00,A,5432.35840,N,01844.13911,E,15.19,84.4,140625,,,A*69
$GPVTG,84.4,T,,M,15.19,N,28.13,K,A*31
$HEHDT,83.2,T*16
$VWVHW,83.2,T,,M,14.78,N,27.38,K*47
$GPGGA,082152.00,5432.35874,N,01844.14640,E,1,12,1.0,15.5,M,26.5,M,,*51
$GPRMC,082152.00,A,5432.35874,N,01844.14640,E,15.21,84.2,140625,,,A*6C
$GPVTG,84.2,T,,M,15.21,N,28.18,K,A*37
$HEHDT,83.5,T*11
$VWVHW,83.5,T,,M,14.90,N,27.59,K*41
$GPGGA,082153.00,5432.35929,N,01844.15340,E,1,12,1.0,15.7,M,26.5,M,,*5F
$GPRMC,082153.00,A,5432.35929,N,01844.15340,E,15.01,84.5,140625,,,A*65
$GPVTG,84.5,T,,M,15.01,N,27.79,K,A*3A
$HEHDT,82.9,T*1C
$VWVHW,82.9,T,,M,14.84,N,27.48,K*49
$GPGGA,082154.00,5432.35910,N,01844.16045,E,1,12,1.0,15.8,M,26.5,M,,*58
$GPRMC,082154.00,A,5432.35910,N,01844.16045,E,15.05,84.4,140625,,,A*68
$GPVTG,84.4,T,,M,15.05,N,27.87,K,A*3E
$HEHDT,83.3,T*17
$VWVHW,83.3,T,,M,14.71,N,27.24,K*42
$GPGGA,082155.00,5432.35962,N,01844.16708,E,1,12,1.0,16.6,M,26.5,M,,*5F
$GPRMC,082155.00,A,5432.35962,N,01844.16708,E,15.20,84.0,140625,,,A*61
$GPVTG,84.0,T,,M,15.20,N,28.15,K,A*39
$HEHDT,83.3,T*17
$VWVHW,83.3,T,,M,14.70,N,27.23,K*44
$GPGSV,2,1,08,03,65,045,50,08,41,100,43,11,22,155,41,14,47,210,47*7F
$GPGSV,2,2,08,17,66,267,50,22,21,315,40,28,10,355,38,31,58,125,49*76
$GAGSV,2,1,05,04,50,075,48,09,35,185,45,12,65,240,51,24,10,290,36*68
$GAGSV,2,2,05,31,18,025,40*55
$GPZDA,082155.00,14,06,2025,00,00*6B
$GPGGA,082156.00,5432.36045,N,01844.17411,E,1,12,1.0,16.3,M,26.5,M,,*5C
$GPRMC,082156.00,A,5432.36045,N,01844.17411,E,15.19,83.5,140625,,,A*6F
$GPVTG,83.5,T,,M,15.19,N,28.14,K,A*30
$HEHDT,83.5,T*11
$VWVHW,83.5,T,,M,14.67,N,27.16,K*42
$GPGGA,082157.00,5432.36042,N,01844.18162,E,1,12,1.0,16.2,M,26.5,M,,*55
$GPRMC,082157.00,A,5432.36042,N,01844.18162,E,15.23,84.2,140625,,,A*6E
$GPVTG,84.2,T,,M,15.23,N,28.21,K,A*3F
$HEHDT,82.9,T*1C
$VWVHW,82.9,T,,M,14.70,N,27.23,K*4F
$GPGGA,082158.00,5432.36067,N,01844.18837,E,1,12,1.0,15.2,M,26.5,M,,*57
$GPRMC,082158.00,A,5432.36067,N,01844.18837,E,15.30,83.8,140625,,,A*60
$GPVTG,83.8,T,,M,15.30,N,28.33,K,A*33
$HEHDT,83.2,T*16
$VWVHW,83.2,T,,M,14.58,N,27.01,K*4F
$GPGGA,082159.00,5432.36159,N,01844.19596,E,1,12,1.0,15.8,M,26.5,M,,*57
$GPRMC,082159.00,A,5432.36159,N,01844.19596,E,15.07,84.0,140625,,,A*61
$GPVTG,84.0,T,,M,15.07,N,27.92,K,A*3C
$HEHDT,83.3,T*17
$VWVHW,83.3,T,,M,14.76,N,27.34,K*44
$GPGGA,082200.00,5432.36211,N,01844.20298,E,1,12,1.0,15.8,M,26.5,M,,*54
$GPRMC,082200.00,A,5432.36211,N,01844.20298,E,15.13,83.8,140625,,,A*68
$GPVTG,83.8,T,,M,15.13,N,28.02,K,A*30
$HEHDT,82.9,T*1C
$VWVHW,82.9,T,,M,14.81,N,27.42,K*46
$GPGSV,2,1,08,03,65,045,49,08,41,100,44,11,22,155,42,14,47,210,48*7C
$GPGSV,2,2,08,17,66,267,51,22,21,315,41,28,10,355,39,31,58,125,49*77
$GAGSV,2,1,05,04,50,075,47,09,35,185,45,12,65,240,52,24,10,290,37*65
$GAGSV,2,2,05,31,18,025,40*55
$GPZDA,082200.00,14,06,2025,00,00*68
$GPGGA,082201.00,5432.36256,N,01844.20997,E,1,12,1.0,15.4,M,26.5,M,,*5E
$GPRMC,082201.00,A,5432.36256,N,01844.20997,E,15.15,84.2,140625,,,A*65
$GPVTG,84.2,T,,M,15.15,N,28.07,K,A*3E
$HEHDT,83.4,T*10
$VWVHW,83.4,T,,M,14.80,N,27.42,K*4B
$GPGGA,082202.00,5432.36314,N,01844.21661,E,1,12,1.0,16.1,M,26.5,M,,*5B
$GPRMC,082202.00,A,5432.36314,N,01844.21661,E,15.18,84.3,140625,,,A*6A
$GPVTG,84.3,T,,M,15.18,N,28.12,K,A*36
$HEHDT,83.2,T*16
$VWVHW,83.2,T,,M,14.78,N,27.38,K*47
$GPGGA,082203.00,5432.36330,N,01844.22452,E,1,12,1.0,15.9,M,26.5,M,,*56
$GPRMC,082203.00,A,5432.36330,N,01844.22452,E,15.15,84.3,140625,,,A*61
$GPVTG,84.3,T,,M,15.15,N,28.06,K,A*3E
$HEHDT,83.6,T*12
$VWVHW,83.6,T,,M,14.70,N,27.23,K*41
$GPGGA,082204.00,5432.36373,N,01844.23116,E,1,12,1.0,16.0,M,26.5,M,,*58
$GPRMC,082204.00,A,5432.36373,N,01844.23116,E,15.10,84.3,140625,,,A*60
$GPVTG,84.3,T,,M,15.10,N,27.97,K,A*3C
$HEHDT,83.0,T*14
$VWVHW,83.0,T,,M,14.68,N,27.18,K*46
$GPGGA,082205.00,5432.36408,N,01844.23850,E,1,12,1.0,15.8,M,26.5,M,,*52
$GPRMC,082205.00,A,5432.36408,N,01844.23850,E,14.99,84.2,140625,,,A*60
$GPVTG,84.2,T,,M,14.99,N,27.75,K,A*31
$HEHDT,83.3,T*17
$VWVHW,83.3,T,,M,14.82,N,27.44,K*48
$GPGSV,2,1,08,03,65,045,50,08,41,100,44,11,22,155,40,14,47,210,47*79
$GPGSV,2,2,08,17,66,267,50,22,21,315,42,28,10,355,39,31,58,125,49*75
$GAGSV,2,1,05,04,50,075,48,09,35,185,46,12,65,240,52,24,10,290,37*69
$GAGSV,2,2,05,31,18,025,40*55
$GPZDA,082205.00,14,06,2025,00,00*6D
$GPGGA,082206.00,5432.36490,N,01844.24554,E,1,12,1.0,15.5,M,26.5,M,,*53
$GPRMC,082206.00,A,5432.36490,N,01844.24554,E,15.04,83.9,140625,,,A*65
$GPVTG,83.9,T,,M,15.04,N,27.86,K,A*34
$HEHDT,83.2,T*16
$VWVHW,83.2,T,,M,14.72,N,27.26,K*42
$GPGGA,082207.00,5432.36468,N,01844.25293,E,1,12,1.0,15.9,M,26.5,M,,*54
$GPRMC,082207.00,A,5432.36468,N,01844.25293,E,14.94,83.8,140625,,,A*67
$GPVTG,83.8,T,,M,14.94,N,27.67,K,A*32
$HEHDT,83.1,T*15
$VWVHW,83.1,T,,M,14.78,N,27.38,K*44
$GPGGA,082208.00,5432.36536,N,01844.25977,E,1,12,1.0,15.9,M,26.5,M,,*50
$GPRMC,082208.00,A,5432.36536,N,01844.25977,E,15.07,83.9,140625,,,A*69
$GPVTG,83.9,T,,M,15.07,N,27.92,K,A*32
$HEHDT,83.0,T*14
$VWVHW,83.0,T,,M,14.77,N,27.36,K*44
$GPGGA,082209.00,5432.36622,N,01844.26703,E,1,12,1.0,15.9,M,26.5,M,,*59
$GPRMC,082209.00,A,5432.36622,N,01844.26703,E,14.97,84.3,140625,,,A*65
$GPVTG,84.3,T,,M,14.97,N,27.72,K,A*39
$HEHDT,83.5,T*11
$VWVHW,83.5,T,,M,14.69,N,27.21,K*48
$GPGGA,082210.00,5432.36650,N,01844.27410,E,1,12,1.0,15.7,M,26.5,M,,*5A
$GPRMC,082210.00,A,5432.36650,N,01844.27410,E,15.03,84.3,140625,,,A*64
$GPVTG,84.3,T,,M,15.03,N,27.83,K,A*3B
$HEHDT,82.9,T*1C
$VWVHW,82.9,T,,M,14.74,N,27.29,K*41
$GPGSV,2,1,08,03,65,045,49,08,41,100,45,11,22,155,41,14,47,210,48*7E
$GPGSV,2,2,08,17,66,267,50,22,21,315,41,28,10,355,39,31,58,125,50*7E
$GAGSV,2,1,05,04,50,075,47,09,35,185,45,12,65,240,51,24,10,290,37*66
$GAGSV,2,2,05,31,18,025,41*54
$GPZDA,082210.00,14,06,2025,00,00*69
$GPGGA,082211.00,5432.36706,N,01844.28107,E,1,12,1.0,16.0,M,26.5,M,,*51
$GPRMC,082211.00,A,5432.36706,N,01844.28107,E,15.04,84.6,140625,,,A*69
$GPVTG,84.6,T,,M,15.04,N,27.86,K,A*3C
$HEHDT,83.6,T*12
$VWVHW,83.6,T,,M,14.76,N,27.33,K*46
$GPGGA,082212.00,5432.36744,N,01844.28846,E,1,12,1.0,15.7,M,26.5,M,,*5C
$GPRMC,082212.00,A,5432.36744,N,01844.28846,E,15.13,84.1,140625,,,A*61
$GPVTG,84.1,T,,M,15.13,N,28.01,K,A*3D
$HEHDT,83.0,T*14
$VWVHW,83.0,T,,M,14.72,N,27.26,K*40
$GPGGA,082213.00,5432.36854,N,01844.29556,E,1,12,1.0,16.3,M,26.5,M,,*59
$GPRMC,082213.00,A,5432.36854,N,01844.29556,E,15.14,84.0,140625,,,A*65
$GPVTG,84.0,T,,M,15.14,N,28.03,K,A*39
$HEHDT,83.1,T*15
$VWVHW,83.1,T,,M,14.75,N,27.31,K*40
$GPGGA,082214.00,5432.36835,N,01844.30270,E,1,12,1.0,16.5,M,26.5,M,,*54
$GPRMC,082214.00,A,5432.36835,N,01844.30270,E,14.98,84.2,140625,,,A*69
$GPVTG,84.2,T,,M,14.98,N,27.74,K,A*31
$HEHDT,83.4,T*10
$VWVHW,83.4,T,,M,14.59,N,27.03,K*4A
$GPGGA,082215.00,5432.36867,N,01844.30995,E,1,12,1.0,16.1,M,26.5,M,,*56
$GPRMC,082215.00,A,5432.36867,N,01844.30995,E,15.02,84.4,140625,,,A*6B
$GPVTG,84.4,T,,M,15.02,N,27.81,K,A*3F
$HEHDT,83.1,T*15
$VWVHW,83.1,T,,M,14.70,N,27.22,K*47
$GPGSV,2,1,08,03,65,045,49,08,41,100,45,11,22,155,42,14,47,210,47*72
$GPGSV,2,2,08,17,66,267,50,22,21,315,40,28,10,355,36,31,58,125,51*71
$GAGSV,2,1,05,04,50,075,49,09,35,185,44,12,65,240,51,24,10,290,37*69
$GAGSV,2,2,05,31,18,025,41*54
$GPZDA,082215.00,14,06,2025,00,00*6C
$GPGGA,082216.00,5432.36914,N,01844.31672,E,1,12,1.0,15.5,M,26.5,M,,*50
$GPRMC,082216.00,A,5432.36914,N,01844.31672,E,14.92,84.4,140625,,,A*62
$GPVTG,84.4,T,,M,14.92,N,27.63,K,A*3B
$HEHDT,83.5,T*11
$VWVHW,83.5,T,,M,14.62,N,27.07,K*47
$GPGGA,082217.00,5432.36945,N,01844.32385,E,1,12,1.0,16.2,M,26.5,M,,*5F
$GPRMC,082217.00,A,5432.36945,N,01844.32385,E,15.07,84.2,140625,,,A*62
$GPVTG,84.2,T,,M,15.07,N,27.92,K,A*3E
$HEHDT,83.0,T*14
$VWVHW,83.0,T,,M,14.72,N,27.26,K*40
$GPGGA,082218.00,5432.37031,N,01844.33086,E,1,12,1.0,15.9,M,26.5,M,,*52
$GPRMC,082218.00,A,5432.37031,N,01844.33086,E,15.14,84.0,140625,,,A*67
$GPVTG,84.0,T,,M,15.14,N,28.04,K,A*3E
$HEHDT,83.1,T*15
$VWVHW,83.1,T,,M,14.62,N,27.07,K*43
$GPGGA,082219.00,5432.37046,N,01844.33732,E,1,12,1.0,15.4,M,26.5,M,,*56
$GPRMC,082219.00,A,5432.37046,N,01844.33732,E,15.11,84.2,140625,,,A*69
$GPVTG,84.2,T,,M,15.11,N,27.98,K,A*33
$HEHDT,83.1,T*15
$VWVHW,83.1,T,,M,14.81,N,27.43,K*4E
$GPGGA,082220.00,5432.37101,N,01844.34538,E,1,12,1.0,16.2,M,26.5,M,,*54
$GPRMC,082220.00,A,5432.37101,N,01844.34538,E,14.89,84.2,140625,,,A*6E
$GPVTG,84.2,T,,M,14.89,N,27.58,K,A*3F
$HEHDT,83.0,T*14
$VWVHW,83.0,T,,M,14.69,N,27.20,K*4C
$GPGSV,2,1,08,03,65,045,48,08,41,100,45,11,22,155,41,14,47,210,48*7F
$GPGSV,2,2,08,17,66,267,50,22,21,315,41,28,10,355,38,31,58,125,49*77
$GAGSV,2,1,05,04,50,075,47,09,35,185,45,12,65,240,50,24,10,290,38*68
$GAGSV,2,2,05,31,18,025,41*54
$GPZDA,082220.00,14,06,2025,00,00*6A
$GPGGA,082221.00,5432.37107,N,01844.35247,E,1,12,1.0,16.0,M,26.5,M,,*5F
$GPRMC,082221.00,A,5432.37107,N,01844.35247,E,15.04,84.4,140625,,,A*65
$GPVTG,84.4,T,,M,15.04,N,27.86,K,A*3E
$HEHDT,82.7,T*12
$VWVHW,82.7,T,,M,14.70,N,27.23,K*41
$GPGGA,082222.00,5432.37172,N,01844.35935,E,1,12,1.0,15.4,M,26.5,M,,*57
$GPRMC,082222.00,A,5432.37172,N,01844.35935,E,15.01,84.0,140625,,,A*6B
$GPVTG,84.0,T,,M,15.01,N,27.81,K,A*38
$HEHDT,83.3,T*17
$VWVHW,83.3,T,,M,14.65,N,27.13,K*43
$GPGGA,082223.00,5432.37257,N,01844.36731,E,1,12,1.0,14.7,M,26.5,M,,*59
$GPRMC,082223.00,A,5432.37257,N,01844.36731,E,15.02,84.2,140625,,,A*66
$GPVTG,84.2,T,,M,15.02,N,27.81,K,A*39
$HEHDT,83.6,T*12
$VWVHW,83.6,T,,M,14.70,N,27.22,K*40
$GPGGA,082224.00,5432.37307,N,01844.37421,E,1,12,1.0,15.1,M,26.5,M,,*5E
$GPRMC,082224.00,A,5432.37307,N,01844.37421,E,14.95,83.9,140625,,,A*65
$GPVTG,83.9,T,,M,14.95,N,27.69,K,A*3C
$HEHDT,83.1,T*15
$VWVHW,83.1,T,,M,14.72,N,27.27,K*40
$GPGGA,082225.00,5432.37298,N,01844.38092,E,1,12,1.0,15.6,M,26.5,M,,*5C
$GPRMC,082225.00,A,5432.37298,N,01844.38092,E,14.95,84.2,140625,,,A*6C
$GPVTG,84.2,T,,M,14.95,N,27.70,K,A*38
$HEHDT,82.9,T*1C
$VWVHW,82.9,T,,M,14.68,N,27.19,K*4F
$GPGSV,2,1,08,03,65,045,48,08,41,100,45,11,22,155,41,14,47,210,47*70
$GPGSV,2,2,08,17,66,267,49,22,21,315,41,28,10,355,39,31,58,125,49*7E
$GAGSV,2,1,05,04,50,075,48,09,35,185,45,12,65,240,50,24,10,290,38*67
$GAGSV,2,2,05,31,18,025,40*55
$GPZDA,082225.00,14,06,2025,00,00*6F
$GPGGA,082226.00,5432.37389,N,01844.38829,E,1,12,1.0,15.3,M,26.5,M,,*53
$GPRMC,082226.00,A,5432.37389,N,01844.38829,E,15.03,83.8,140625,,,A*65
$GPVTG,83.8,T,,M,15.03,N,27.84,K,A*30
$HEHDT,83.0,T*14
$VWVHW,83.0,T,,M,14.57,N,26.98,K*43
$GPGGA,082227.00,5432.37411,N,01844.39560,E,1,12,1.0,16.0,M,26.5,M,,*55
$GPRMC,082227.00,A,5432.37411,N,01844.39560,E,14.90,84.2,140625,,,A*65
$GPVTG,84.2,T,,M,14.90,N,27.60,K,A*3C
$HEHDT,83.2,T*16
$VWVHW,83.2,T,,M,14.60,N,27.04,K*41
$GPGGA,082228.00,5432.37408,N,01844.40197,E,1,12,1.0,15.6,M,26.5,M,,*55
$GPRMC,082228.00,A,5432.37408,N,01844.40197,E,14.94,84.4,140625,,,A*62
$GPVTG,84.4,T,,M,14.94,N,27.68,K,A*36
$HEHDT,83.3,T*17
$VWVHW,83.3,T,,M,14.49,N,26.83,K*45
$GPGGA,082229.00,5432.37473,N,01844.40987,E,1,12,1.0,15.6,M,26.5,M,,*51
$GPRMC,082229.00,A,5432.37473,N,01844.40987,E,15.14,83.9,140625,,,A*65
$GPVTG,83.9,T,,M,15.14,N,28.04,K,A*30
$HEHDT,83.2,T*16
$VWVHW,83.2,T,,M,14.57,N,26.98,K*41
$GPGGA,082230.00,5432.37504,N,01844.41651,E,1,12,1.0,15.4,M,26.5,M,,*5F
$GPRMC,082230.00,A,5432.37504,N,01844.41651,E,14.87,84.0,140625,,,A*6C
$GPVTG,84.0,T,,M,14.87,N,27.54,K,A*3F
$HEHDT,82.9,T*1C
$VWVHW,82.9,T,,M,14.51,N,26.87,K*43
$GPGSV,2,1,08,03,65,045,49,08,41,100,44,11,22,155,41,14,47,210,46*71
$GPGSV,2,2,08,17,66,267,51,22,21,315,41,28,10,355,38,31,58,125,48*77
$GAGSV,2,1,05,04,50,075,47,09,35,185,44,12,65,240,50,24,10,290,37*66
$GAGSV,2,2,05,31,18,025,40*55
$GPZDA,082230.00,14,06,2025,00,00*6B
$GPGGA,082231.00,5432.37557,N,01844.42364,E,1,12,1.0,15.3,M,26.5,M,,*5F
$GPRMC,082231.00,A,5432.37557,N,01844.42364,E,14.89,84.3,140625,,,A*66
$GPVTG,84.3,T,,M,14.89,N,27.58,K,A*3E
$HEHDT,83.1,T*15
$VWVHW,83.1,T,,M,14.64,N,27.11,K*42
$GPGGA,082232.00,5432.37641,N,01844.43110,E,1,12,1.0,15.3,M,26.5,M,,*58
$GPRMC,082232.00,A,5432.37641,N,01844.43110,E,15.03,84.1,140625,,,A*60
$GPVTG,84.1,T,,M,15.03,N,27.83,K,A*39
$HEHDT,83.4,T*10
$VWVHW,83.4,T,,M,14.66,N,27.15,K*41
$GPGGA,082233.00,5432.37687,N,01844.43776,E,1,12,1.0,15.5,M,26.5,M,,*53
$GPRMC,082233.00,A,5432.37687,N,01844.43776,E,14.98,84.3,140625,,,A*6C
$GPVTG,84.3,T,,M,14.98,N,27.75,K,A*31
$HEHDT,83.0,T*14
$VWVHW,83.0,T,,M,14.56,N,26.97,K*4D
$GPGGA,082234.00,5432.37699,N,01844.44479,E,1,12,1.0,15.7,M,26.5,M,,*52
$GPRMC,082234.00,A,5432.37699,N,01844.44479,E,14.94,84.2,140625,,,A*62
$GPVTG,84.2,T,,M,14.94,N,27.67,K,A*3F
$HEHDT,83.0,T*14
$VWVHW,83.0,T,,M,14.70,N,27.22,K*46
$GPGGA,082235.00,5432.37729,N,01844.45237,E,1,12,1.0,15.2,M,26.5,M,,*51
$GPRMC,082235.00,A,5432.37729,N,01844.45237,E,14.96,84.0,140625,,,A*64
$GPVTG,84.0,T,,M,14.96,N,27.70,K,A*39
$HEHDT,83.2,T*16
$VWVHW,83.2,T,,M,14.69,N,27.21,K*4F
$GPGSV,2,1,08,03,65,045,51,08,41,100,45,11,22,155,42,14,47,210,47*7B
$GPGSV,2,2,08,17,66,267,49,22,21,315,41,28,10,355,38,31,58,125,50*77
$GAGSV,2,1,05,04,50,075,48,09,35,185,45,12,65,240,51,24,10,290,38*66
$GAGSV,2,2,05,31,18,025,41*54
$GPZDA,082235.00,14,06,2025,00,00*6E
$GPGGA,082236.00,5432.37802,N,01844.45991,E,1,12,1.0,14.9,M,26.5,M,,*59
$GPRMC,082236.00,A,5432.37802,N,01844.45991,E,14.96,83.9,140625,,,A*68
$GPVTG,83.9,T,,M,14.96,N,27.70,K,A*37
$HEHDT,83.3,T*17
$VWVHW,83.3,T,,M,14.58,N,27.00,K*4F
$GPGGA,082237.00,5432.37817,N,01844.46692,E,1,12,1.0,15.4,M,26.5,M,,*5F
$GPRMC,082237.00,A,5432.37817,N,01844.46692,E,14.90,84.4,140625,,,A*6E
$GPVTG,84.4,T,,M,14.90,N,27.59,K,A*30
$HEHDT,83.2,T*16
$VWVHW,83.2,T,,M,14.59,N,27.01,K*4E
$GPGGA,082238.00,5432.37872,N,01844.47390,E,1,12,1.0,15.3,M,26.5,M,,*52
$GPRMC,082238.00,A,5432.37872,N,01844.47390,E,15.05,84.1,140625,,,A*6C
$GPVTG,84.1,T,,M,15.05,N,27.87,K,A*3B
$HEHDT,83.1,T*15
$VWVHW,83.1,T,,M,14.59,N,27.02,K*4E
$GPGGA,082239.00,5432.37973,N,01844.48077,E,1,12,1.0,15.3,M,26.5,M,,*56
$GPRMC,082239.00,A,5432.37973,N,01844.48077,E,14.97,84.2,140625,,,A*61
$GPVTG,84.2,T,,M,14.97,N,27.72,K,A*38
$HEHDT,83.1,T*15
$VWVHW,83.1,T,,M,14.58,N,27.00,K*4D
$GPGGA,082240.00,5432.37993,N,01844.48857,E,1,12,1.0,15.0,M,26.5,M,,*5F
$GPRMC,082240.00,A,5432.37993,N,01844.48857,E,14.98,84.0,140625,,,A*66
$GPVTG,84.0,T,,M,14.98,N,27.75,K,A*32
$HEHDT,83.1,T*15
$VWVHW,83.1,T,,M,14.70,N,27.22,K*47
$GPGSV,2,1,08,03,65,045,50,08,41,100,44,11,22,155,42,14,47,210,46*7A
$GPGSV,2,2,08,17,66,267,48,22,21,315,41,28,10,355,38,31,58,125,49*7E
$GAGSV,2,1,05,04,50,075,48,09,35,185,44,12,65,240,51,24,10,290,38*67
$GAGSV,2,2,05,31,18,025,39*5B
$GPZDA,082240.00,14,06,2025,00,00*6C
$GPGGA,082241.00,5432.37984,N,01844.49564,E,1,12,1.0,14.8,M,26.5,M,,*5D
$GPRMC,082241.00,A,5432.37984,N,01844.49564,E,14.99,83.4,140625,,,A*6F
$GPVTG,83.4,T,,M,14.99,N,27.77,K,A*32
$HEHDT,83.5,T*11
$VWVHW,83.5,T,,M,14.44,N,26.74,K*46
$GPGGA,082242.00,5432.38018,N,01844.50294,E,1,12,1.0,14.9,M,26.5,M,,*5C
$GPRMC,082242.00,A,5432.38018,N,01844.50294,E,14.94,84.1,140625,,,A*60
$GPVTG,84.1,T,,M,14.94,N,27.67,K,A*3C
$HEHDT,82.9,T*1C
$VWVHW,82.9,T,,M,14.45,N,26.76,K*48
$GPGGA,082243.00,5432.38075,N,01844.51016,E,1,12,1.0,14.4,M,26.5,M,,*52
$GPRMC,082243.00,A,5432.38075,N,01844.51016,E,15.02,84.6,140625,,,A*6A
$GPVTG,84.6,T,,M,15.02,N,27.82,K,A*3E
$HEHDT,83.1,T*15
$VWVHW,83.1,T,,M,14.67,N,27.17,K*47
$GPGGA,082244.00,5432.38124,N,01844.51745,E,1,12,1.0,14.6,M,26.5,M,,*53
$GPRMC,082244.00,A,5432.38124,N,01844.51745,E,14.87,84.4,140625,,,A*67
$GPVTG,84.4,T,,M,14.87,N,27.53,K,A*3C
$HEHDT,83.0,T*14
$VWVHW,83.0,T,,M,14.60,N,27.05,K*42
$GPGGA,082245.00,5432.38200,N,01844.52468,E,1,12,1.0,14.8,M,26.5,M,,*56
$GPRMC,082245.00,A,5432.38200,N,01844.52468,E,15.04,84.0,140625,,,A*62
$GPVTG,84.0,T,,M,15.04,N,27.85,K,A*39
$HEHDT,82.9,T*1C
$VWVHW,82.9,T,,M,14.52,N,26.89,K*4E
$GPGSV,2,1,08,03,65,045,50,08,41,100,45,11,22,155,42,14,47,210,46*7B
$GPGSV,2,2,08,17,66,267,49,22,21,315,41,28,10,355,39,31,58,125,49*7E
$GAGSV,2,1,05,04,50,075,49,09,35,185,45,12,65,240,51,24,10,290,38*67
$GAGSV,2,2,05,31,18,025,39*5B
$GPZDA,082245.00,14,06,2025,00,00*69
$GPGGA,082246.00,5432.38238,N,01844.53148,E,1,12,1.0,14.5,M,26.5,M,,*55
$GPRMC,082246.00,A,5432.38238,N,01844.53148,E,14.89,84.6,140625,,,A*6E
$GPVTG,84.6,T,,M,14.89,N,27.58,K,A*3B
$HEHDT,83.0,T*14
$VWVHW,83.0,T,,M,14.65,N,27.13,K*40
$GPGGA,082247.00,5432.38252,N,01844.53846,E,1,12,1.0,14.2,M,26.5,M,,*58
$GPRMC,082247.00,A,5432.38252,N,01844.53846,E,14.96,84.2,140625,,,A*6E
$GPVTG,84.2,T,,M,14.96,N,27.70,K,A*3B
$HEHDT,83.3,T*17
$VWVHW,83.3,T,,M,14.41,N,26.68,K*48
$GPGGA,082248.00,5432.38317,N,01844.54605,E,1,12,1.0,14.1,M,26.5,M,,*5A
$GPRMC,082248.00,A,5432.38317,N,01844.54605,E,15.02,84.1,140625,,,A*60
$GPVTG,84.1,T,,M,15.02,N,27.82,K,A*39
$HEHDT,83.1,T*15
$VWVHW,83.1,T,,M,14.56,N,26.96,K*4D
$GPGGA,082249.00,5432.38308,N,01844.55241,E,1,12,1.0,14.5,M,26.5,M,,*54
$GPRMC,082249.00,A,5432.38308,N,01844.55241,E,14.90,84.1,140625,,,A*60
$GPVTG,84.1,T,,M,14.90,N,27.59,K,A*35
$HEHDT,82.9,T*1C
$VWVHW,82.9,T,,M,14.51,N,26.87,K*43
$GPGGA,082250.00,5432.38357,N,01844.55916,E,1,12,1.0,15.1,M,26.5,M,,*5A
$GPRMC,082250.00,A,5432.38357,N,01844.55916,E,14.93,83.8,140625,,,A*66
$GPVTG,83.8,T,,M,14.93,N,27.65,K,A*37
$HEHDT,83.4,T*10
$VWVHW,83.4,T,,M,14.55,N,26.94,K*49
$GPGSV,2,1,08,03,65,045,49,08,41,100,46,11,22,155,42,14,47,210,46*70
$GPGSV,2,2,08,17,66,267,48,22,21,315,40,28,10,355,38,31,58,125,49*7F
$GAGSV,2,1,05,04,50,075,48,09,35,185,45,12,65,240,51,24,10,290,38*66
$GAGSV,2,2,05,31,18,025,39*5B
$GPZDA,082250.00,14,06,2025,00,00*6D
$GPGGA,082251.00,5432.38400,N,01844.56670,E,1,12,1.0,15.3,M,26.5,M,,*50
$GPRMC,082251.00,A,5432.38400,N,01844.56670,E,14.99,83.9,140625,,,A*65
$GPVTG,83.9,T,,M,14.99,N,27.76,K,A*3E
$HEHDT,83.1,T*15
$VWVHW,83.1,T,,M,14.58,N,27.01,K*4C
$GPGGA,082252.00,5432.38462,N,01844.57416,E,1,12,0.9,15.0,M,26.5,M,,*5F
$GPRMC,082252.00,A,5432.38462,N,01844.57416,E,14.93,84.2,140625,,,A*67
$GPVTG,84.2,T,,M,14.93,N,27.65,K,A*3A
$HEHDT,83.5,T*11
$VWVHW,83.5,T,,M,14.53,N,26.91,K*4B
$GPGGA,082253.00,5432.38505,N,01844.58048,E,1,12,0.9,15.5,M,26.5,M,,*5B
$GPRMC,082253.00,A,5432.38505,N,01844.58048,E,15.00,84.5,140625,,,A*6A
$GPVTG,84.5,T,,M,15.00,N,27.78,K,A*3A
$HEHDT,82.9,T*1C
$VWVHW,82.9,T,,M,14.57,N,26.98,K*4B
$GPGGA,082254.00,5432.38564,N,01844.58752,E,1,12,0.9,15.0,M,26.5,M,,*52
$GPRMC,082254.00,A,5432.38564,N,01844.58752,E,14.91,83.6,140625,,,A*6B
$GPVTG,83.6,T,,M,14.91,N,27.61,K,A*3F
$HEHDT,83.2,T*16
$VWVHW,83.2,T,,M,14.67,N,27.16,K*45
$GPGGA,082255.00,5432.38605,N,01844.59445,E,1,12,0.9,15.3,M,26.5,M,,*50
$GPRMC,082255.00,A,5432.38605,N,01844.59445,E,14.99,84.2,140625,,,A*61
$GPVTG,84.2,T,,M,14.99,N,27.76,K,A*32
$HEHDT,82.7,T*12
$VWVHW,82.7,T,,M,14.60,N,27.04,K*45
$GPGSV,2,1,08,03,65,046,49,08,41,100,46,11,22,156,42,14,47,210,47*71
$GPGSV,2,2,08,17,66,268,49,22,21,316,40,28,10,356,39,31,58,126,49*73
$GAGSV,2,1,05,04,50,076,48,09,35,186,44,12,65,240,50,24,10,290,38*66
$GAGSV,2,2,05,31,18,026,40*56
$GPZDA,082255.00,14,06,2025,00,00*68
$GPGGA,082256.00,5432.38638,N,01844.60200,E,1,12,0.9,15.7,M,26.5,M,,*54
$GPRMC,082256.00,A,5432.38638,N,01844.60200,E,14.91,84.1,140625,,,A*6A
$GPVTG,84.1,T,,M,14.91,N,27.62,K,A*3C
$HEHDT,83.1,T*15
$VWVHW,83.1,T,,M,14.61,N,27.06,K*41
$GPGGA,082257.00,5432.38688,N,01844.60922,E,1,12,0.9,15.0,M,26.5,M,,*52
$GPRMC,082257.00,A,5432.38688,N,01844.60922,E,14.94,84.7,140625,,,A*68
$GPVTG,84.7,T,,M,14.94,N,27.67,K,A*3A
$HEHDT,83.1,T*15
$VWVHW,83.1,T,,M,14.60,N,27.04,K*42
$GPGGA,082258.00,5432.38682,N,01844.61525,E,1,12,0.9,15.2,M,26.5,M,,*5F
$GPRMC,082258.00,A,5432.38682,N,01844.61525,E,14.95,84.7,140625,,,A*66
$GPVTG,84.7,T,,M,14.95,N,27.69,K,A*35
$HEHDT,83.2,T*16
$VWVHW,83.2,T,,M,14.52,N,26.89,K*44
$GPGGA,082259.00,5432.38743,N,01844.62325,E,1,12,0.9,15.6,M,26.5,M,,*53
$GPRMC,082259.00,A,5432.38743,N,01844.62325,E,14.78,84.3,140625,,,A*69
$GPVTG,84.3,T,,M,14.78,N,27.38,K,A*36
$HEHDT,83.5,T*11
$VWVHW,83.5,T,,M,14.47,N,26.80,K*4E
$GPGGA,082300.00,5432.38793,N,01844.62973,E,1,12,0.9,15.3,M,26.5,M,,*5F
$GPRMC,082300.00,A,5432.38793,N,01844.62973,E,14.94,83.9,140625,,,A*6F
$GPVTG,83.9,T,,M,14.94,N,27.67,K,A*33
$HEHDT,83.6,T*12
$VWVHW,83.6,T,,M,14.33,N,26.54,K*47
$GPGSV,2,1,08,03,65,046,48,08,41,101,46,11,22,156,42,14,47,211,47*70
$GPGSV,2,2,08,17,66,268,49,22,21,316,41,28,10,356,39,31,58,126,49*72
$GAGSV,2,1,05,04,50,076,48,09,35,186,44,12,65,241,51,24,10,291,38*67
$GAGSV,2,2,05,31,18,026,40*56
$GPZDA,082300.00,14,06,2025,00,00*69
$GPGGA,082301.00,5432.38884,N,01844.63711,E,1,12,0.9,14.9,M,26.5,M,,*57
$GPRMC,082301.00,A,5432.38884,N,01844.63711,E,14.90,83.9,140625,,,A*68
$GPVTG,83.9,T,,M,14.90,N,27.60,K,A*30
$HEHDT,83.1,T*15
$VWVHW,83.1,T,,M,14.60,N,27.05,K*43
$GPGGA,082302.00,5432.38849,N,01844.64494,E,1,12,0.9,14.6,M,26.5,M,,*53
$GPRMC,082302.00,A,5432.38849,N,01844.64494,E,14.82,84.3,140625,,,A*6D
$GPVTG,84.3,T,,M,14.82,N,27.45,K,A*39
$HEHDT,82.8,T*1D
$VWVHW,82.8,T,,M,14.52,N,26.90,K*47
$GPGGA,082303.00,5432.38919,N,01844.65168,E,1,12,0.9,14.8,M,26.5,M,,*5F
$GPRMC,082303.00,A,5432.38919,N,01844.65168,E,14.98,84.0,140625,,,A*67
$GPVTG,84.0,T,,M,14.98,N,27.74,K,A*33
$HEHDT,83.6,T*12
$VWVHW,83.6,T,,M,14.60,N,27.05,K*44
$GPGGA,082304.00,5432.38961,N,01844.65814,E,1,12,0.9,15.5,M,26.5,M,,*59
$GPRMC,082304.00,A,5432.38961,N,01844.65814,E,15.00,84.0,140625,,,A*6D
$GPVTG,84.0,T,,M,15.00,N,27.77,K,A*30
$HEHDT,83.0,T*14
$VWVHW,83.0,T,,M,14.68,N,27.18,K*46
$GPGGA,082305.00,5432.39062,N,01844.66542,E,1,12,0.9,15.4,M,26.5,M,,*5F
$GPRMC,082305.00,A,5432.39062,N,01844.66542,E,14.97,84.3,140625,,,A*66
$GPVTG,84.3,T,,M,14.97,N,27.72,K,A*39
$HEHDT,83.3,T*17
$VWVHW,83.3,T,,M,14.59,N,27.03,K*4D
$GPGSV,2,1,08,03,65,046,50,08,41,101,45,11,22,156,43,14,47,211,47*7B
$GPGSV,2,2,08,17,66,268,49,22,21,316,40,28,10,356,39,31,58,126,50*7B
$GAGSV,2,1,05,04,50,076,48,09,35,186,44,12,65,241,51,24,10,291,37*68
$GAGSV,2,2,05,31,18,026,40*56
$GPZDA,082305.00,14,06,2025,00,00*6C
$GPGGA,082306.00,5432.39086,N,01844.67273,E,1,12,0.9,15.6,M,26.5,M,,*50
$GPRMC,082306.00,A,5432.39086,N,01844.67273,E,14.92,84.1,140625,,,A*6C
$GPVTG,84.1,T,,M,14.92,N,27.63,K,A*3E
$HEHDT,83.1,T*15
$VWVHW,83.1,T,,M,14.52,N,26.88,K*46
$GPGGA,082307.00,5432.39080,N,01844.67972,E,1,12,0.9,15.9,M,26.5,M,,*52
$GPRMC,082307.00,A,5432.39080,N,01844.67972,E,14.96,84.0,140625,,,A*64
$GPVTG,84.0,T,,M,14.96,N,27.71,K,A*38
$HEHDT,83.2,T*16
$VWVHW,83.2,T,,M,14.44,N,26.75,K*40
$GPGGA,082308.00,5432.39147,N,01844.68632,E,1,12,0.9,15.9,M,26.5,M,,*53
$GPRMC,082308.00,A,5432.39147,N,01844.68632,E,14.81,84.6,140625,,,A*65
$GPVTG,84.6,T,,M,14.81,N,27.43,K,A*39
$HEHDT,83.7,T*13
$VWVHW,83.7,T,,M,14.62,N,27.08,K*4A
$GPGGA,082309.00,5432.39204,N,01844.69505,E,1,12,0.9,16.1,M,26.5,M,,*5B
$GPRMC,082309.00,A,5432.39204,N,01844.69505,E,14.75,84.0,140625,,,A*6B
$GPVTG,84.0,T,,M,14.75,N,27.32,K,A*32
$HEHDT,83.5,T*11
$VWVHW,83.5,T,,M,14.54,N,26.92,K*4F
$GPGGA,082310.00,5432.39268,N,01844.70114,E,1,12,0.9,16.5,M,26.5,M,,*51
$GPRMC,082310.00,A,5432.39268,N,01844.70114,E,14.91,84.0,140625,,,A*6F
$GPVTG,84.0,T,,M,14.91,N,27.61,K,A*3E
$HEHDT,83.3,T*17
$VWVHW,83.3,T,,M,14.54,N,26.93,K*48
$GPGSV,2,1,08,03,65,046,48,08,41,101,45,11,22,156,43,14,47,211,46*73
$GPGSV,2,2,08,17,66,268,49,22,21,316,40,28,10,356,39,31,59,126,48*73
$GAGSV,2,1,05,04,50,076,48,09,35,186,45,12,65,241,51,24,10,291,38*66
$GAGSV,2,2,05,31,18,026,42*54
$GPZDA,082310.00,14,06,2025,00,00*68
$GPGGA,082311.00,5432.39323,N,01844.70735,E,1,12,0.9,16.3,M,26.5,M,,*5D
$GPRMC,082311.00,A,5432.39323,N,01844.70735,E,14.87,84.5,140625,,,A*67
$GPVTG,84.5,T,,M,14.87,N,27.54,K,A*3A
$HEHDT,83.1,T*15
$VWVHW,83.1,T,,M,14.43,N,26.73,K*42
$GPGGA,082312.00,5432.39299,N,01844.71445,E,1,12,0.9,15.5,M,26.5,M,,*5E
$GPRMC,082312.00,A,5432.39299,N,01844.71445,E,14.78,83.8,140625,,,A*6B
$GPVTG,83.8,T,,M,14.78,N,27.37,K,A*35
$HEHDT,83.5,T*11
$VWVHW,83.5,T,,M,14.45,N,26.77,K*44
$GPGGA,082313.00,5432.39369,N,01844.72276,E,1,12,0.9,16.4,M,26.5,M,,*56
$GPRMC,082313.00,A,5432.39369,N,01844.72276,E,14.78,83.9,140625,,,A*60
$GPVTG,83.9,T,,M,14.78,N,27.37,K,A*34
$HEHDT,83.4,T*10
$VWVHW,83.4,T,,M,14.55,N,26.94,K*49
$GPGGA,082314.00,5432.39434,N,01844.72833,E,1,12,0.9,16.0,M,26.5,M,,*51
$GPRMC,082314.00,A,5432.39434,N,01844.72833,E,14.93,84.1,140625,,,A*69
$GPVTG,84.1,T,,M,14.93,N,27.65,K,A*39
$HEHDT,83.5,T*11
$VWVHW,83.5,T,,M,14.37,N,26.62,K*45
$GPGGA,082315.00,5432.39507,N,01844.73670,E,1,12,0.9,15.9,M,26.5,M,,*53
$GPRMC,082315.00,A,5432.39507,N,01844.73670,E,14.89,84.3,140625,,,A*68
$GPVTG,84.3,T,,M,14.89,N,27.58,K,A*3E
$HEHDT,83.3,T*17
$VWVHW,83.3,T,,M,14.41,N,26.69,K*49
$GPGSV,2,1,08,03,65,046,48,08,41,101,46,11,22,156,42,14,47,211,47*70
$GPGSV,2,2,08,17,66,268,50,22,21,316,40,28,10,356,39,31,59,126,49*7A
$GAGSV,2,1,05,04,50,076,48,09,35,186,45,12,65,241,51,24,10,291,36*68
$GAGSV,2,2,05,31,19,026,41*56
$GPZDA,082315.00,14,06,2025,00,00*6D
$GPGGA,082316.00,5432.39526,N,01844.74365,E,1,12,0.9,16.7,M,26.5,M,,*58
$GPRMC,082316.00,A,5432.39526,N,01844.74365,E,14.80,83.6,140625,,,A*65
$GPVTG,83.6,T,,M,14.80,N,27.42,K,A*3E
$HEHDT,83.0,T*14
$VWVHW,83.0,T,,M,14.49,N,26.84,K*41
$GPGGA,082317.00,5432.39573,N,01844.75002,E,1,12,0.9,16.0,M,26.5,M,,*5D
$GPRMC,082317.00,A,5432.39573,N,01844.75002,E,14.90,83.8,140625,,,A*68
$GPVTG,83.8,T,,M,14.90,N,27.59,K,A*3B
$HEHDT,83.6,T*12
$VWVHW,83.6,T,,M,14.34,N,26.56,K*42
$GPGGA,082318.00,5432.39579,N,01844.75733,E,1,12,0.9,16.4,M,26.5,M,,*59
$GPRMC,082318.00,A,5432.39579,N,01844.75733,E,14.88,84.1,140625,,,A*6F
$GPVTG,84.1,T,,M,14.88,N,27.55,K,A*30
$HEHDT,83.1,T*15
$VWVHW,83.1,T,,M,14.47,N,26.80,K*4A
$GPGGA,082319.00,5432.39641,N,01844.76450,E,1,12,0.9,16.2,M,26.5,M,,*53
$GPRMC,082319.00,A,5432.39641,N,01844.76450,E,14.81,84.1,140625,,,A*6A
$GPVTG,84.1,T,,M,14.81,N,27.43,K,A*3E
$HEHDT,82.9,T*1C
$VWVHW,82.9,T,,M,14.61,N,27.05,K*4B
$GPGGA,082320.00,5432.39703,N,01844.77132,E,1,12,0.9,15.7,M,26.5,M,,*58
$GPRMC,082320.00,A,5432.39703,N,01844.77132,E,14.98,83.6,140625,,,A*6F
$GPVTG,83.6,T,,M,14.98,N,27.73,K,A*35
$HEHDT,83.3,T*17
$VWVHW,83.3,T,,M,14.56,N,26.96,K*4F
$GPGSV,2,1,08,03,65,046,48,08,41,101,45,11,22,156,43,14,47,211,47*72
$GPGSV,2,2,08,17,66,268,49,22,21,316,41,28,10,356,39,31,59,126,49*73
$GAGSV,2,1,05,04,50,076,48,09,35,186,44,12,65,241,51,24,10,291,38*67
$GAGSV,2,2,05,31,19,026,42*55
$GPZDA,082320.00,14,06,2025,00,00*6B
$GPGGA,082321.00,5432.39685,N,01844.77830,E,1,12,0.9,15.8,M,26.5,M,,*52
$GPRMC,082321.00,A,5432.39685,N,01844.77830,E,14.89,84.1,140625,,,A*6A
$GPVTG,84.1,T,,M,14.89,N,27.58,K,A*3C
$HEHDT,83.3,T*17
$VWVHW,83.3,T,,M,14.55,N,26.94,K*4E
$GPGGA,082322.00,5432.39758,N,01844.78556,E,1,12,0.9,15.8,M,26.5,M,,*52
$GPRMC,082322.00,A,5432.39758,N,01844.78556,E,14.76,83.9,140625,,,A*65
$GPVTG,83.9,T,,M,14.76,N,27.34,K,A*39
$HEHDT,83.6,T*12
$VWVHW,83.6,T,,M,14.38,N,26.64,K*4F
$GPGGA,082323.00,5432.39824,N,01844.79259,E,1,12,0.9,15.5,M,26.5,M,,*53
$GPRMC,082323.00,A,5432.39824,N,01844.79259,E,14.94,83.8,140625,,,A*64
$GPVTG,83.8,T,,M,14.94,N,27.67,K,A*32
$HEHDT,83.4,T*10
$VWVHW,83.4,T,,M,14.51,N,26.88,K*40
$GPGGA,082324.00,5432.39823,N,01844.79939,E,1,12,0.9,15.7,M,26.5,M,,*5C
$GPRMC,082324.00,A,5432.39823,N,01844.79939,E,14.90,84.0,140625,,,A*62
$GPVTG,84.0,T,,M,14.90,N,27.60,K,A*3E
$HEHDT,82.9,T*1C
$VWVHW,82.9,T,,M,14.56,N,26.96,K*44
$GPGGA,082325.00,5432.39894,N,01844.80609,E,1,12,0.9,16.2,M,26.5,M,,*5D
$GPRMC,082325.00,A,5432.39894,N,01844.80609,E,14.78,83.8,140625,,,A*6C
$GPVTG,83.8,T,,M,14.78,N,27.37,K,A*35
$HEHDT,83.0,T*14
$VWVHW,83.0,T,,M,14.35,N,26.57,K*44
$GPGSV,2,1,08,03,65,046,47,08,41,101,45,11,22,156,43,14,47,211,47*7D
$GPGSV,2,2,08,17,66,268,49,22,21,316,41,28,10,356,39,31,59,126,48*72
$GAGSV,2,1,05,04,50,076,48,09,35,186,46,12,65,241,51,24,10,291,37*6A
$GAGSV,2,2,05,31,19,026,40*57
$GPZDA,082325.00,14,06,2025,00,00*6E
$GPGGA,082326.00,5432.39935,N,01844.81366,E,1,12,0.9,16.0,M,26.5,M,,*5B
$GPRMC,082326.00,A,5432.39935,N,01844.81366,E,14.87,84.3,140625,,,A*64
$GPVTG,84.3,T,,M,14.87,N,27.53,K,A*3B
$HEHDT,83.4,T*10
$VWVHW,83.4,T,,M,14.52,N,26.89,K*42
$GPGGA,082327.00,5432.40043,N,01844.82056,E,1,12,0.9,15.4,M,26.5,M,,*58
$GPRMC,082327.00,A,5432.40043,N,01844.82056,E,14.85,84.5,140625,,,A*64
$GPVTG,84.5,T,,M,14.85,N,27.51,K,A*3D
$HEHDT,83.4,T*10
$VWVHW,83.4,T,,M,14.47,N,26.80,K*4F
$GPGGA,082328.00,5432.40035,N,01844.82737,E,1,12,0.9,16.0,M,26.5,M,,*51
$GPRMC,082328.00,A,5432.40035,N,01844.82737,E,14.83,84.0,140625,,,A*69
$GPVTG,84.0,T,,M,14.83,N,27.47,K,A*39
$HEHDT,82.9,T*1C
$VWVHW,82.9,T,,M,14.57,N,26.98,K*4B
$GPGGA,082329.00,5432.40091,N,01844.83423,E,1,12,0.9,15.8,M,26.5,M,,*52
$GPRMC,082329.00,A,5432.40091,N,01844.83423,E,14.91,83.8,140625,,,A*6D
$GPVTG,83.8,T,,M,14.91,N,27.61,K,A*31
$HEHDT,83.2,T*16
$VWVHW,83.2,T,,M,14.60,N,27.04,K*41
$GPGGA,082330.00,5432.40144,N,01844.84083,E,1,12,0.9,15.5,M,26.5,M,,*57
$GPRMC,082330.00,A,5432.40144,N,01844.84083,E,14.83,84.3,140625,,,A*6A
$GPVTG,84.3,T,,M,14.83,N,27.47,K,A*3A
$HEHDT,83.5,T*11
$VWVHW,83.5,T,,M,14.52,N,26.90,K*4B
$GPGSV,2,1,08,03,65,046,47,08,41,101,45,11,22,156,43,14,47,211,47*7D
$GPGSV,2,2,08,17,66,268,50,22,21,316,41,28,10,356,39,31,59,126,49*7B
$GAGSV,2,1,05,04,50,076,48,09,35,186,44,12,65,241,50,24,10,291,38*66
$GAGSV,2,2,05,31,19,026,41*56
$GPZDA,082330.00,14,06,2025,00,00*6A
$GPGGA,082331.00,5432.40153,N,01844.84824,E,1,12,0.9,15.8,M,26.5,M,,*58
$GPRMC,082331.00,A,5432.40153,N,01844.84824,E,14.79,84.2,140625,,,A*6C
$GPVTG,84.2,T,,M,14.79,N,27.39,K,A*37
$HEHDT,83.4,T*10
$VWVHW,83.4,T,,M,14.43,N,26.73,K*47
$GPGGA,082332.00,5432.40236,N,01844.85604,E,1,12,0.9,16.2,M,26.5,M,,*5F
$GPRMC,082332.00,A,5432.40236,N,01844.85604,E,14.86,84.2,140625,,,A*62
$GPVTG,84.2,T,,M,14.86,N,27.53,K,A*3B
$HEHDT,82.9,T*1C
$VWVHW,82.9,T,,M,14.48,N,26.81,K*4D
$GPGGA,082333.00,5432.40284,N,01844.86317,E,1,12,0.9,16.0,M,26.5,M,,*51
$GPRMC,082333.00,A,5432.40284,N,01844.86317,E,14.98,84.2,140625,,,A*61
$GPVTG,84.2,T,,M,14.98,N,27.74,K,A*31
$HEHDT,83.1,T*15
$VWVHW,83.1,T,,M,14.68,N,27.18,K*47
$GPGGA,082334.00,5432.40255,N,01844.86859,E,1,12,0.9,16.2,M,26.5,M,,*59
$GPRMC,082334.00,A,5432.40255,N,01844.86859,E,14.81,84.5,140625,,,A*64
$GPVTG,84.5,T,,M,14.81,N,27.42,K,A*3B
$HEHDT,82.8,T*1D
$VWVHW,82.8,T,,M,14.44,N,26.75,K*4B
$GPGGA,082335.00,5432.40322,N,01844.87551,E,1,12,0.9,16.6,M,26.5,M,,*59
$GPRMC,082335.00,A,5432.40322,N,01844.87551,E,14.87,83.9,140625,,,A*6D
$GPVTG,83.9,T,,M,14.87,N,27.54,K,A*31
$HEHDT,82.8,T*1D
$VWVHW,82.8,T,,M,14.50,N,26.85,K*41
$GPGSV,2,1,08,03,65,046,47,08,41,101,46,11,22,156,43,14,47,211,46*7F
$GPGSV,2,2,08,17,66,268,49,22,21,316,41,28,10,356,39,31,59,126,50*7B
$GAGSV,2,1,05,04,50,076,48,09,35,186,45,12,65,241,50,24,10,291,37*68
$GAGSV,2,2,05,31,19,026,40*57
$GPZDA,082335.00,14,06,2025,00,00*6F
$GPGGA,082336.00,5432.40369,N,01844.88357,E,1,12,0.9,16.3,M,26.5,M,,*5F
$GPRMC,082336.00,A,5432.40369,N,01844.88357,E,14.86,84.0,140625,,,A*61
$GPVTG,84.0,T,,M,14.86,N,27.53,K,A*39
$HEHDT,82.7,T*12
$VWVHW,82.7,T,,M,14.46,N,26.78,K*4B
$GPGGA,082337.00,5432.40370,N,01844.88999,E,1,12,0.9,16.2,M,26.5,M,,*5F
$GPRMC,082337.00,A,5432.40370,N,01844.88999,E,14.86,84.0,140625,,,A*60
$GPVTG,84.0,T,,M,14.86,N,27.51,K,A*3B
$HEHDT,82.9,T*1C
$VWVHW,82.9,T,,M,14.58,N,27.00,K*44
$GPGGA,082338.00,5432.40404,N,01844.89750,E,1,12,0.9,16.6,M,26.5,M,,*5A
$GPRMC,082338.00,A,5432.40404,N,01844.89750,E,14.72,83.8,140625,,,A*65
$GPVTG,83.8,T,,M,14.72,N,27.25,K,A*3C
$HEHDT,83.0,T*14
$VWVHW,83.0,T,,M,14.49,N,26.84,K*41
$GPGGA,082339.00,5432.40508,N,01844.90456,E,1,12,0.9,16.5,M,26.5,M,,*58
$GPRMC,082339.00,A,5432.40508,N,01844.90456,E,14.82,83.8,140625,,,A*6B
$GPVTG,83.8,T,,M,14.82,N,27.44,K,A*34
$HEHDT,82.9,T*1C
$VWVHW,82.9,T,,M,14.53,N,26.91,K*46
$GPGGA,082340.00,5432.40519,N,01844.91016,E,1,12,0.9,16.8,M,26.5,M,,*5A
$GPRMC,082340.00,A,5432.40519,N,01844.91016,E,14.86,84.6,140625,,,A*69
$GPVTG,84.6,T,,M,14.86,N,27.51,K,A*3D
$HEHDT,82.9,T*1C
$VWVHW,82.9,T,,M,14.44,N,26.75,K*4A
$GPGSV,2,1,08,03,65,046,47,08,41,101,44,11,22,156,43,14,47,211,48*73
$GPGSV,2,2,08,17,66,268,50,22,21,316,42,28,10,356,39,31,59,126,49*78
$GAGSV,2,1,05,04,50,076,47,09,35,186,45,12,65,241,50,24,10,291,38*68
$GAGSV,2,2,05,31,19,026,39*59
$GPZDA,082340.00,14,06,2025,00,00*6D
$GPGGA,082341.00,5432.40593,N,01844.91702,E,1,12,0.9,17.2,M,26.5,M,,*50
$GPRMC,082341.00,A,5432.40593,N,01844.91702,E,14.78,84.2,140625,,,A*6D
$GPVTG,84.2,T,,M,14.78,N,27.38,K,A*37
$HEHDT,83.1,T*15
$VWVHW,83.1,T,,M,14.55,N,26.94,K*4C
$GPGGA,082342.00,5432.40622,N,01844.92493,E,1,12,0.9,16.9,M,26.5,M,,*58
$GPRMC,082342.00,A,5432.40622,N,01844.92493,E,14.92,84.3,140625,,,A*6A
$GPVTG,84.3,T,,M,14.92,N,27.63,K,A*3C
$HEHDT,82.6,T*13
$VWVHW,82.6,T,,M,14.48,N,26.81,K*42
$GPGGA,082343.00,5432.40677,N,01844.93205,E,1,12,0.9,17.0,M,26.5,M,,*59
$GPRMC,082343.00,A,5432.40677,N,01844.93205,E,14.85,82.8,140625,,,A*68
$GPVTG,82.8,T,,M,14.85,N,27.49,K,A*3F
$HEHDT,82.8,T*1D
$VWVHW,82.8,T,,M,14.64,N,27.12,K*49
$GPGGA,082344.00,5432.40660,N,01844.93863,E,1,12,0.9,16.1,M,26.5,M,,*52
$GPRMC,082344.00,A,5432.40660,N,01844.93863,E,14.87,84.5,140625,,,A*6A
$GPVTG,84.5,T,,M,14.87,N,27.53,K,A*3D
$HEHDT,83.3,T*17
$VWVHW,83.3,T,,M,14.51,N,26.88,K*47
$GPGGA,082345.00,5432.40768,N,01844.94631,E,1,12,0.9,16.8,M,26.5,M,,*5D
$GPRMC,082345.00,A,5432.40768,N,01844.94631,E,14.89,83.9,140625,,,A*69
$GPVTG,83.9,T,,M,14.89,N,27.57,K,A*3C
$HEHDT,83.1,T*15
$VWVHW,83.1,T,,M,14.36,N,26.60,K*42
$GPGSV,2,1,08,03,65,046,49,08,41,101,46,11,22,156,42,14,47,211,48*7E
$GPGSV,2,2,08,17,66,268,49,22,21,316,41,28,10,356,37,31,59,126,49*7D
$GAGSV,2,1,05,04,50,076,47,09,35,186,45,12,65,241,50,24,10,291,39*69
$GAGSV,2,2,05,31,19,026,40*57
$GPZDA,082345.00,14,06,2025,00,00*68
$GPGGA,082346.00,5432.40837,N,01844.95232,E,1,12,0.9,16.1,M,26.5,M,,*54
$GPRMC,082346.00,A,5432.40837,N,01844.95232,E,14.84,84.4,140625,,,A*6E
$GPVTG,84.4,T,,M,14.84,N,27.49,K,A*34
$HEHDT,83.5,T*11
$VWVHW,83.5,T,,M,14.35,N,26.58,K*4E
$GPGGA,082347.00,5432.40878,N,01844.95944,E,1,12,0.9,16.7,M,26.5,M,,*52
$GPRMC,082347.00,A,5432.40878,N,01844.95944,E,14.97,84.5,140625,,,A*6D
$GPVTG,84.5,T,,M,14.97,N,27.72,K,A*3F
$HEHDT,83.2,T*16
$VWVHW,83.2,T,,M,14.40,N,26.67,K*47
$GPGGA,082348.00,5432.40938,N,01844.96635,E,1,12,0.9,16.1,M,26.5,M,,*54
$GPRMC,082348.00,A,5432.40938,N,01844.96635,E,14.86,83.8,140625,,,A*67
$GPVTG,83.8,T,,M,14.86,N,27.53,K,A*36
$HEHDT,82.9,T*1C
$VWVHW,82.9,T,,M,14.44,N,26.74,K*4B
$GPGGA,082349.00,5432.40924,N,01844.97329,E,1,12,1.0,15.9,M,26.5,M,,*52
$GPRMC,082349.00,A,5432.40924,N,01844.97329,E,14.97,84.2,140625,,,A*6F
$GPVTG,84.2,T,,M,14.97,N,27.72,K,A*38
$HEHDT,83.9,T*1D
$VWVHW,83.9,T,,M,14.57,N,26.98,K*4A
$GPGGA,082350.00,5432.40940,N,01844.98096,E,1,12,1.0,16.4,M,26.5,M,,*5E
$GPRMC,082350.00,A,5432.40940,N,01844.98096,E,14.86,84.3,140625,,,A*6C
$GPVTG,84.3,T,,M,14.86,N,27.52,K,A*3B
$HEHDT,83.1,T*15
$VWVHW,83.1,T,,M,14.46,N,26.79,K*4D
$GPGSV,2,1,08,03,66,046,48,08,41,101,46,11,22,156,42,14,47,211,48*7C
$GPGSV,2,2,08,17,66,268,50,22,22,316,41,28,10,356,38,31,59,126,49*79
$GAGSV,2,1,05,04,50,076,47,09,35,186,44,12,65,241,51,24,10,291,39*69
$GAGSV,2,2,05,31,19,026,39*59
$GPZDA,082350.00,14,06,2025,00,00*6C
$GPGGA,082351.00,5432.41014,N,01844.98735,E,1,12,1.0,16.3,M,26.5,M,,*5F
$GPRMC,082351.00,A,5432.41014,N,01844.98735,E,14.87,84.3,140625,,,A*6B
$GPVTG,84.3,T,,M,14.87,N,27.53,K,A*3B
$HEHDT,83.3,T*17
$VWVHW,83.3,T,,M,14.58,N,27.00,K*4F
$GPGGA,082352.00,5432.41044,N,01844.99419,E,1,12,1.0,16.1,M,26.5,M,,*57
$GPRMC,082352.00,A,5432.41044,N,01844.99419,E,14.76,84.2,140625,,,A*6E
$GPVTG,84.2,T,,M,14.76,N,27.34,K,A*35
$HEHDT,83.1,T*15
$VWVHW,83.1,T,,M,14.42,N,26.70,K*40
$GPGGA,082353.00,5432.41077,N,01845.00128,E,1,12,1.0,16.3,M,26.5,M,,*52
$GPRMC,082353.00,A,5432.41077,N,01845.00128,E,14.71,83.8,140625,,,A*63
$GPVTG,83.8,T,,M,14.71,N,27.24,K,A*3E
$HEHDT,83.3,T*17
$VWVHW,83.3,T,,M,14.53,N,26.91,K*4D
$GPGGA,082354.00,5432.41136,N,01845.00865,E,1,12,1.0,16.2,M,26.5,M,,*50
$GPRMC,082354.00,A,5432.41136,N,01845.00865,E,14.76,84.1,140625,,,A*69
$GPVTG,84.1,T,,M,14.76,N,27.34,K,A*36
$HEHDT,82.9,T*1C
$VWVHW,82.9,T,,M,14.49,N,26.84,K*49
$GPGGA,082355.00,5432.41183,N,01845.01462,E,1,12,1.0,16.0,M,26.5,M,,*57
$GPRMC,082355.00,A,5432.41183,N,01845.01462,E,14.73,83.7,140625,,,A*68
$GPVTG,83.7,T,,M,14.73,N,27.28,K,A*3F
$HEHDT,83.1,T*15
$VWVHW,83.1,T,,M,14.54,N,26.92,K*4B
$GPGSV,2,1,08,03,66,046,50,08,41,101,47,11,22,156,42,14,47,211,48*74
$GPGSV,2,2,08,17,66,268,50,22,22,316,41,28,10,356,38,31,59,126,49*79
$GAGSV,2,1,05,04,50,076,47,09,35,186,46,12,65,241,50,24,10,291,38*6B
$GAGSV,2,2,05,31,19,026,40*57
$GPZDA,082355.00,14,06,2025,00,00*69
$GPGGA,082356.00,5432.41225,N,01845.02276,E,1,12,1.0,16.1,M,26.5,M,,*5A
$GPRMC,082356.00,A,5432.41225,N,01845.02276,E,14.82,83.9,140625,,,A*64
$GPVTG,83.9,T,,M,14.82,N,27.45,K,A*34
$HEHDT,83.2,T*16
$VWVHW,83.2,T,,M,14.42,N,26.71,K*42
$GPGGA,082357.00,5432.41231,N,01845.02928,E,1,12,1.0,16.9,M,26.5,M,,*56
$GPRMC,082357.00,A,5432.41231,N,01845.02928,E,14.81,84.4,140625,,,A*69
$GPVTG,84.4,T,,M,14.81,N,27.43,K,A*3B
$HEHDT,83.4,T*10
$VWVHW,83.4,T,,M,14.47,N,26.79,K*49
$GPGGA,082358.00,5432.41317,N,01845.03560,E,1,12,1.0,16.1,M,26.5,M,,*55
$GPRMC,082358.00,A,5432.41317,N,01845.03560,E,14.81,84.2,140625,,,A*64
$GPVTG,84.2,T,,M,14.81,N,27.43,K,A*3D
$HEHDT,83.1,T*15
$VWVHW,83.1,T,,M,14.33,N,26.54,K*40
$GPGGA,082359.00,5432.41381,N,01845.04273,E,1,12,1.0,16.0,M,26.5,M,,*58
$GPRMC,082359.00,A,5432.41381,N,01845.04273,E,14.76,84.8,140625,,,A*6A
$GPVTG,84.8,T,,M,14.76,N,27.34,K,A*3F
$HEHDT,83.2,T*16
$VWVHW,83.2,T,,M,14.41,N,26.68,K*49
$GPGGA,082400.00,5432.41368,N,01845.05007,E,1,12,1.0,16.2,M,26.5,M,,*56
$GPRMC,082400.00,A,5432.41368,N,01845.05007,E,14.78,84.2,140625,,,A*62
$GPVTG,84.2,T,,M,14.78,N,27.37,K,A*38
$HEHDT,83.1,T*15
$VWVHW,83.1,T,,M,14.50,N,26.85,K*49
$GPGSV,2,1,08,03,66,046,49,08,41,101,46,11,22,156,42,14,47,211,48*7D
$GPGSV,2,2,08,17,66,268,49,22,22,316,40,28,10,356,39,31,59,126,49*71
$GAGSV,2,1,05,04,50,076,47,09,35,186,46,12,65,241,50,24,10,291,38*6B
$GAGSV,2,2,05,31,19,026,40*57
$GPZDA,082400.00,14,06,2025,00,00*6E
$GPGGA,082401.00,5432.41446,N,01845.05780,E,1,12,1.0,16.5,M,26.5,M,,*53
$GPRMC,082401.00,A,5432.41446,N,01845.05780,E,14.82,84.1,140625,,,A*66
$GPVTG,84.1,T,,M,14.82,N,27.45,K,A*3B
$HEHDT,83.0,T*14
$VWVHW,83.0,T,,M,14.62,N,27.08,K*4D
$GPGGA,082402.00,5432.41479,N,01845.06466,E,1,12,1.0,16.6,M,26.5,M,,*57
$GPRMC,082402.00,A,5432.41479,N,01845.06466,E,14.85,83.9,140625,,,A*69
$GPVTG,83.9,T,,M,14.85,N,27.50,K,A*37
$HEHDT,83.5,T*11
$VWVHW,83.5,T,,M,14.34,N,26.56,K*41
$GPGGA,082403.00,5432.41496,N,01845.07196,E,1,12,1.0,17.3,M,26.5,M,,*58
$GPRMC,082403.00,A,5432.41496,N,01845.07196,E,14.88,84.0,140625,,,A*61
$GPVTG,84.0,T,,M,14.88,N,27.57,K,A*33
$HEHDT,82.9,T*1C
$VWVHW,82.9,T,,M,14.49,N,26.84,K*49
$GPGGA,082404.00,5432.41574,N,01845.07814,E,1,12,1.0,16.6,M,26.5,M,,*55
$GPRMC,082404.00,A,5432.41574,N,01845.07814,E,14.79,84.3,140625,,,A*65
$GPVTG,84.3,T,,M,14.79,N,27.39,K,A*36
$HEHDT,83.1,T*15
$VWVHW,83.1,T,,M,14.58,N,27.00,K*4D
$GPGGA,082405.00,5432.41582,N,01845.08494,E,1,12,1.0,16.8,M,26.5,M,,*58
$GPRMC,082405.00,A,5432.41582,N,01845.08494,E,14.88,83.7,140625,,,A*6B
$GPVTG,83.7,T,,M,14.88,N,27.56,K,A*32
$HEHDT,83.2,T*16
$VWVHW,83.2,T,,M,14.47,N,26.80,K*49
$GPGSV,2,1,08,03,66,046,49,08,41,101,47,11,22,156,43,14,47,211,48*7D
$GPGSV,2,2,08,17,66,268,49,22,22,316,40,28,10,356,39,31,59,126,48*70
$GAGSV,2,1,05,04,50,076,46,09,35,186,46,12,65,241,50,24,10,291,38*6A
$GAGSV,2,2,05,31,19,026,41*56
$GPZDA,082405.00,14,06,2025,00,00*6B
$GPGGA,082406.00,5432.41654,N,01845.09223,E,1,12,1.0,17.6,M,26.5,M,,*57
$GPRMC,082406.00,A,5432.41654,N,01845.09223,E,14.77,84.4,140625,,,A*6F
$GPVTG,84.4,T,,M,14.77,N,27.36,K,A*30
$HEHDT,83.6,T*12
$VWVHW,83.6,T,,M,14.57,N,26.98,K*45
$GPGGA,082407.00,5432.41721,N,01845.09924,E,1,12,1.0,16.6,M,26.5,M,,*58
$GPRMC,082407.00,A,5432.41721,N,01845.09924,E,14.85,83.8,140625,,,A*67
$GPVTG,83.8,T,,M,14.85,N,27.49,K,A*3E
$HEHDT,83.4,T*10
$VWVHW,83.4,T,,M,14.50,N,26.85,K*4C
$GPGGA,082408.00,5432.41717,N,01845.10589,E,1,12,1.0,17.4,M,26.5,M,,*52
$GPRMC,082408.00,A,5432.41717,N,01845.10589,E,14.86,83.5,140625,,,A*60
$GPVTG,83.5,T,,M,14.86,N,27.53,K,A*3B
$HEHDT,83.4,T*10
$VWVHW,83.4,T,,M,14.36,N,26.60,K*47
$GPGGA,082409.00,5432.41743,N,01845.11313,E,1,12,1.0,17.2,M,26.5,M,,*50
$GPRMC,082409.00,A,5432.41743,N,01845.11313,E,14.85,84.1,140625,,,A*64
$GPVTG,84.1,T,,M,14.85,N,27.49,K,A*30
$HEHDT,83.0,T*14
$VWVHW,83.0,T,,M,14.50,N,26.85,K*48
$GPGGA,082410.00,5432.41824,N,01845.12001,E,1,12,1.0,17.7,M,26.5,M,,*50
$GPRMC,082410.00,A,5432.41824,N,01845.12001,E,14.84,84.2,140625,,,A*63
$GPVTG,84.2,T,,M,14.84,N,27.48,K,A*33
$HEHDT,83.1,T*15
$VWVHW,83.1,T,,M,14.50,N,26.86,K*4A
$GPGSV,2,1,08,03,66,046,49,08,41,101,44,11,22,156,43,14,47,211,48*7E
$GPGSV,2,2,08,17,66,268,50,22,22,316,41,28,11,356,38,31,59,126,49*78
$GAGSV,2,1,05,04,50,076,46,09,35,186,46,12,65,241,49,24,10,291,37*6D
$GAGSV,2,2,05,31,19,026,42*55
$GPZDA,082410.00,14,06,2025,00,00*6F
$GPGGA,082411.00,5432.41826,N,01845.12678,E,1,12,1.0,17.0,M,26.5,M,,*5C
$GPRMC,082411.00,A,5432.41826,N,01845.12678,E,14.93,83.9,140625,,,A*62
$GPVTG,83.9,T,,M,14.93,N,27.65,K,A*36
$HEHDT,83.5,T*11
$VWVHW,83.5,T,,M,14.44,N,26.74,K*46
$GPGGA,082412.00,5432.41903,N,01845.13395,E,1,12,1.0,16.6,M,26.5,M,,*59
$GPRMC,082412.00,A,5432.41903,N,01845.13395,E,14.67,84.1,140625,,,A*64
$GPVTG,84.1,T,,M,14.67,N,27.18,K,A*38
$HEHDT,82.9,T*1C
$VWVHW,82.9,T,,M,14.47,N,26.80,K*43
$GPGGA,082413.00,5432.41975,N,01845.14147,E,1,12,1.0,17.0,M,26.5,M,,*54
$GPRMC,082413.00,A,5432.41975,N,01845.14147,E,14.76,84.3,140625,,,A*6C
$GPVTG,84.3,T,,M,14.76,N,27.33,K,A*33
$HEHDT,83.1,T*15
$VWVHW,83.1,T,,M,14.44,N,26.74,K*42
$GPGGA,082414.00,5432.41996,N,01845.14797,E,1,12,1.0,17.1,M,26.5,M,,*54
$GPRMC,082414.00,A,5432.41996,N,01845.14797,E,14.78,83.8,140625,,,A*6F
$GPVTG,83.8,T,,M,14.78,N,27.37,K,A*35
$HEHDT,83.4,T*10
$VWVHW,83.4,T,,M,14.55,N,26.94,K*49
$GPGGA,082415.00,5432.42064,N,01845.15578,E,1,12,1.0,17.2,M,26.5,M,,*53
$GPRMC,082415.00,A,5432.42064,N,01845.15578,E,14.80,83.5,140625,,,A*61
$GPVTG,83.5,T,,M,14.80,N,27.40,K,A*3F
$HEHDT,83.2,T*16
$VWVHW,83.2,T,,M,14.51,N,26.87,K*49
$GPGSV,2,1,08,03,66,046,49,08,41,101,46,11,22,156,42,14,47,211,48*7D
$GPGSV,2,2,08,17,66,268,49,22,22,316,41,28,11,356,39,31,59,126,48*70
$GAGSV,2,1,05,04,50,076,47,09,35,186,44,12,65,241,50,24,10,291,38*69
$GAGSV,2,2,05,31,19,026,42*55
$GPZDA,082415.00,14,06,2025,00,00*6A
$GPGGA,082416.00,5432.42091,N,01845.16249,E,1,12,1.0,17.3,M,26.5,M,,*5D
$GPRMC,082416.00,A,5432.42091,N,01845.16249,E,14.76,83.7,140625,,,A*65
$GPVTG,83.7,T,,M,14.76,N,27.34,K,A*37
$HEHDT,83.4,T*10
$VWVHW,83.4,T,,M,14.61,N,27.05,K*47
$GPGGA,082417.00,5432.42110,N,01845.16938,E,1,12,1.0,17.9,M,26.5,M,,*53
$GPRMC,082417.00,A,5432.42110,N,01845.16938,E,14.95,84.0,140625,,,A*6C
$GPVTG,84.0,T,,M,14.95,N,27.68,K,A*33
$HEHDT,83.4,T*10
$VWVHW,83.4,T,,M,14.63,N,27.09,K*49
$GPGGA,082418.00,5432.42177,N,01845.17637,E,1,12,1.0,17.9,M,26.5,M,,*5C
$GPRMC,082418.00,A,5432.42177,N,01845.17637,E,14.77,84.0,140625,,,A*6F
$GPVTG,84.0,T,,M,14.77,N,27.35,K,A*37
$HEHDT,83.2,T*16
$VWVHW,83.2,T,,M,14.37,N,26.60,K*40
$GPGGA,082419.00,5432.42168,N,01845.18355,E,1,12,1.0,17.8,M,26.5,M,,*5C
$GPRMC,082419.00,A,5432.42168,N,01845.18355,E,14.91,84.4,140625,,,A*62
$GPVTG,84.4,T,,M,14.91,N,27.60,K,A*3B
$HEHDT,82.9,T*1C
$VWVHW,82.9,T,,M,14.56,N,26.97,K*45
$GPGGA,082420.00,5432.42244,N,01845.19082,E,1,12,1.0,17.9,M,26.5,M,,*52
$GPRMC,082420.00,A,5432.42244,N,01845.19082,E,14.82,83.6,140625,,,A*6A
$GPVTG,83.6,T,,M,14.82,N,27.44,K,A*3A
$HEHDT,83.6,T*12
$VWVHW,83.6,T,,M,14.53,N,26.90,K*49
$GPGSV,2,1,08,03,66,046,50,08,41,101,46,11,22,156,43,14,47,211,49*75
$GPGSV,2,2,08,17,66,268,50,22,22,316,40,28,11,356,38,31,59,126,48*78
$GAGSV,2,1,05,04,50,076,47,09,35,186,45,12,65,241,50,24,10,291,37*67
$GAGSV,2,2,05,31,19,026,41*56
$GPZDA,082420.00,14,06,2025,00,00*6C
$GPGGA,082421.00,5432.42268,N,01845.19824,E,1,12,1.0,17.1,M,26.5,M,,*51
$GPRMC,082421.00,A,5432.42268,N,01845.19824,E,15.03,84.2,140625,,,A*6A
$GPVTG,84.2,T,,M,15.03,N,27.84,K,A*3D
$HEHDT,82.9,T*1C
$VWVHW,82.9,T,,M,14.54,N,26.94,K*44
$GPGGA,082422.00,5432.42382,N,01845.20490,E,1,12,1.0,17.6,M,26.5,M,,*59
$GPRMC,082422.00,A,5432.42382,N,01845.20490,E,14.82,84.5,140625,,,A*6A
$GPVTG,84.5,T,,M,14.82,N,27.45,K,A*3F
$HEHDT,82.9,T*1C
$VWVHW,82.9,T,,M,14.59,N,27.01,K*44
$GPGGA,082423.00,5432.42348,N,01845.21155,E,1,12,1.0,17.6,M,26.5,M,,*53
$GPRMC,082423.00,A,5432.42348,N,01845.21155,E,14.82,83.8,140625,,,A*6A
$GPVTG,83.8,T,,M,14.82,N,27.45,K,A*35
$HEHDT,83.1,T*15
$VWVHW,83.1,T,,M,14.40,N,26.67,K*44
$GPGGA,082424.00,5432.42367,N,01845.21885,E,1,12,1.0,17.5,M,26.5,M,,*5E
$GPRMC,082424.00,A,5432.42367,N,01845.21885,E,14.80,84.5,140625,,,A*6C
$GPVTG,84.5,T,,M,14.80,N,27.41,K,A*39
$HEHDT,83.5,T*11
$VWVHW,83.5,T,,M,14.48,N,26.81,K*40
$GPGGA,082425.00,5432.42398,N,01845.22657,E,1,12,1.0,17.2,M,26.5,M,,*5A
$GPRMC,082425.00,A,5432.42398,N,01845.22657,E,14.76,83.8,140625,,,A*6C
$GPVTG,83.8,T,,M,14.76,N,27.34,K,A*38
$HEHDT,83.0,T*14
$VWVHW,83.0,T,,M,14.61,N,27.05,K*43
$GPGSV,2,1,08,03,66,046,50,08,41,101,45,11,22,156,41,14,47,211,49*74
$GPGSV,2,2,08,17,66,268,50,22,22,316,40,28,11,356,39,31,59,126,48*79
$GAGSV,2,1,05,04,50,076,46,09,35,186,45,12,65,241,49,24,10,291,38*61
$GAGSV,2,2,05,31,19,026,41*56
$GPZDA,082425.00,14,06,2025,00,00*69
$GPGGA,082426.00,5432.42460,N,01845.23359,E,1,12,1.0,17.6,M,26.5,M,,*57
$GPRMC,082426.00,A,5432.42460,N,01845.23359,E,14.84,84.1,140625,,,A*66
$GPVTG,84.1,T,,M,14.84,N,27.48,K,A*30
$HEHDT,83.1,T*15
$VWVHW,83.1,T,,M,14.48,N,26.82,K*47
$GPGGA,082427.00,5432.42518,N,01845.24081,E,1,12,1.0,17.0,M,26.5,M,,*5F
$GPRMC,082427.00,A,5432.42518,N,01845.24081,E,14.95,84.1,140625,,,A*68
$GPVTG,84.1,T,,M,14.95,N,27.69,K,A*33
$HEHDT,83.1,T*15
$VWVHW,83.1,T,,M,14.63,N,27.10,K*44
$GPGGA,082428.00,5432.42562,N,01845.24756,E,1,12,1.0,17.0,M,26.5,M,,*50
$GPRMC,082428.00,A,5432.42562,N,01845.24756,E,14.98,83.9,140625,,,A*65
$GPVTG,83.9,T,,M,14.98,N,27.74,K,A*3D
$HEHDT,83.3,T*17
$VWVHW,83.3,T,,M,14.65,N,27.13,K*43
$GPGGA,082429.00,5432.42618,N,01845.25487,E,1,12,1.0,16.6,M,26.5,M,,*56
$GPRMC,082429.00,A,5432.42618,N,01845.25487,E,14.75,84.3,140625,,,A*6A
$GPVTG,84.3,T,,M,14.75,N,27.32,K,A*31
$HEHDT,83.0,T*14
$VWVHW,83.0,T,,M,14.65,N,27.14,K*47
$GPGGA,082430.00,5432.42624,N,01845.26183,E,1,12,1.0,16.9,M,26.5,M,,*5C
$GPRMC,082430.00,A,5432.42624,N,01845.26183,E,14.85,84.1,140625,,,A*62
$GPVTG,84.1,T,,M,14.85,N,27.51,K,A*39
$HEHDT,83.0,T*14
$VWVHW,83.0,T,,M,14.55,N,26.95,K*4C
$GPGSV,2,1,08,03,66,046,49,08,41,101,45,11,22,156,41,14,47,211,48*7D
$GPGSV,2,2,08,17,66,268,48,22,22,316,40,28,11,356,39,31,59,126,49*71
$GAGSV,2,1,05,04,50,076,47,09,35,186,45,12,65,241,51,24,10,291,38*69
$GAGSV,2,2,05,31,19,026,41*56
$GPZDA,082430.00,14,06,2025,00,00*6D
$GPGGA,082431.00,5432.42694,N,01845.26863,E,1,12,1.0,16.8,M,26.5,M,,*50
$GPRMC,082431.00,A,5432.42694,N,01845.26863,E,14.86,83.7,140625,,,A*6D
$GPVTG,83.7,T,,M,14.86,N,27.51,K,A*3B
$HEHDT,83.1,T*15
$VWVHW,83.1,T,,M,14.60,N,27.04,K*42
$GPGGA,082432.00,5432.42684,N,01845.27479,E,1,12,1.0,16.4,M,26.5,M,,*58
$GPRMC,082432.00,A,5432.42684,N,01845.27479,E,14.84,83.9,140625,,,A*65
$GPVTG,83.9,T,,M,14.84,N,27.48,K,A*3F
$HEHDT,82.8,T*1D
$VWVHW,82.8,T,,M,14.70,N,27.23,K*4E
$GPGGA,082433.00,5432.42767,N,01845.28203,E,1,12,1.0,16.4,M,26.5,M,,*51
$GPRMC,082433.00,A,5432.42767,N,01845.28203,E,14.87,84.2,140625,,,A*63
$GPVTG,84.2,T,,M,14.87,N,27.55,K,A*3C
$HEHDT,83.2,T*16
$VWVHW,83.2,T,,M,14.53,N,26.90,K*4D
$GPGGA,082434.00,5432.42787,N,01845.28862,E,1,12,1.0,16.9,M,26.5,M,,*58
$GPRMC,082434.00,A,5432.42787,N,01845.28862,E,14.91,84.3,140625,,,A*61
$GPVTG,84.3,T,,M,14.91,N,27.62,K,A*3E
$HEHDT,83.6,T*12
$VWVHW,83.6,T,,M,14.57,N,26.99,K*44
$GPGGA,082435.00,5432.42794,N,01845.29677,E,1,12,1.0,16.6,M,26.5,M,,*5F
$GPRMC,082435.00,A,5432.42794,N,01845.29677,E,14.90,83.9,140625,,,A*65
$GPVTG,83.9,T,,M,14.90,N,27.60,K,A*30
$HEHDT,83.0,T*14
$VWVHW,83.0,T,,M,14.42,N,26.71,K*40
$GPGSV,2,1,08,03,66,046,50,08,41,101,45,11,22,156,42,14,47,211,49*77
$GPGSV,2,2,08,17,66,268,49,22,22,316,41,28,11,356,38,31,59,126,49*70
$GAGSV,2,1,05,04,50,076,47,09,35,186,45,12,65,241,49,24,10,291,39*61
$GAGSV,2,2,05,31,19,026,42*55
$GPZDA,082435.00,14,06,2025,00,00*68
$GPGGA,082436.00,5432.42870,N,01845.30300,E,1,12,1.0,16.8,M,26.5,M,,*5A
$GPRMC,082436.00,A,5432.42870,N,01845.30300,E,14.91,84.3,140625,,,A*62
$GPVTG,84.3,T,,M,14.91,N,27.61,K,A*3D
$HEHDT,83.1,T*15
$VWVHW,83.1,T,,M,14.48,N,26.82,K*47
$GPGGA,082437.00,5432.42932,N,01845.31063,E,1,12,1.0,17.7,M,26.5,M,,*55
$GPRMC,082437.00,A,5432.42932,N,01845.31063,E,14.83,83.5,140625,,,A*61
$GPVTG,83.5,T,,M,14.83,N,27.46,K,A*3A
$HEHDT,83.2,T*16
$VWVHW,83.2,T,,M,14.55,N,26.94,K*4F
$GPGGA,082438.00,5432.42953,N,01845.31734,E,1,12,1.0,17.0,M,26.5,M,,*5F
$GPRMC,082438.00,A,5432.42953,N,01845.31734,E,14.85,84.6,140625,,,A*6E
$GPVTG,84.6,T,,M,14.85,N,27.51,K,A*3E
$HEHDT,83.3,T*17
$VWVHW,83.3,T,,M,14.59,N,27.02,K*4C
$GPGGA,082439.00,5432.42977,N,01845.32464,E,1,12,1.0,16.9,M,26.5,M,,*55
$GPRMC,082439.00,A,5432.42977,N,01845.32464,E,14.95,84.6,140625,,,A*6D
$GPVTG,84.6,T,,M,14.95,N,27.68,K,A*35
$HEHDT,83.1,T*15
$VWVHW,83.1,T,,M,14.56,N,26.97,K*4C
$GPGGA,082440.00,5432.43036,N,01845.33224,E,1,12,1.0,16.9,M,26.5,M,,*55
$GPRMC,082440.00,A,5432.43036,N,01845.33224,E,14.78,84.1,140625,,,A*69
$GPVTG,84.1,T,,M,14.78,N,27.38,K,A*34
$HEHDT,83.4,T*10
$VWVHW,83.4,T,,M,14.61,N,27.05,K*47
$GPGSV,2,1,08,03,66,046,49,08,41,101,45,11,22,156,40,14,47,211,48*7C
$GPGSV,2,2,08,17,66,268,49,22,22,316,41,28,11,356,40,31,59,126,48*7E
$GAGSV,2,1,05,04,50,076,47,09,35,186,45,12,65,241,50,24,10,291,38*68
$GAGSV,2,2,05,31,19,026,41*56
$GPZDA,082440.00,14,06,2025,00,00*6A
$GPGGA,082441.00,5432.43066,N,01845.33862,E,1,12,1.0,16.6,M,26.5,M,,*56
$GPRMC,082441.00,A,5432.43066,N,01845.33862,E,14.99,84.0,140625,,,A*6B
$GPVTG,84.0,T,,M,14.99,N,27.77,K,A*31
$HEHDT,83.2,T*16
$VWVHW,83.2,T,,M,14.62,N,27.08,K*4F
$GPGGA,082442.00,5432.43057,N,01845.34616,E,1,12,1.0,16.4,M,26.5,M,,*5F
$GPRMC,082442.00,A,5432.43057,N,01845.34616,E,14.97,84.3,140625,,,A*6D
$GPVTG,84.3,T,,M,14.97,N,27.72,K,A*39
$HEHDT,83.1,T*15
$VWVHW,83.1,T,,M,14.69,N,27.20,K*4D
$GPGGA,082443.00,5432.43124,N,01845.35263,E,1,12,1.0,16.4,M,26.5,M,,*5C
$GPRMC,082443.00,A,5432.43124,N,01845.35263,E,14.84,83.8,140625,,,A*60
$GPVTG,83.8,T,,M,14.84,N,27.48,K,A*3E
$HEHDT,83.3,T*17
$VWVHW,83.3,T,,M,14.54,N,26.93,K*48
$GPGGA,082444.00,5432.43174,N,01845.35882,E,1,12,1.0,16.7,M,26.5,M,,*58
$GPRMC,082444.00,A,5432.43174,N,01845.35882,E,14.96,84.1,140625,,,A*6A
$GPVTG,84.1,T,,M,14.96,N,27.71,K,A*39
$HEHDT,83.4,T*10
$VWVHW,83.4,T,,M,14.47,N,26.80,K*4F
$GPGGA,082445.00,5432.43263,N,01845.36746,E,1,12,1.0,16.6,M,26.5,M,,*59
$GPRMC,082445.00,A,5432.43263,N,01845.36746,E,14.92,84.3,140625,,,A*6C
$GPVTG,84.3,T,,M,14.92,N,27.63,K,A*3C
$HEHDT,83.3,T*17
$VWVHW,83.3,T,,M,14.55,N,26.94,K*4E
$GPGSV,2,1,08,03,66,046,48,08,41,101,46,11,22,156,40,14,47,211,49*7F
$GPGSV,2,2,08,17,66,268,50,22,22,316,41,28,11,356,38,31,59,126,48*79
$GAGSV,2,1,05,04,50,076,47,09,35,186,44,12,65,241,49,24,10,291,39*60
$GAGSV,2,2,05,31,19,026,42*55
$GPZDA,082445.00,14,06,2025,00,00*6F
$GPGGA,082446.00,5432.43282,N,01845.37324,E,1,12,1.0,17.8,M,26.5,M,,*5B
$GPRMC,082446.00,A,5432.43282,N,01845.37324,E,14.85,83.9,140625,,,A*6A
$GPVTG,83.9,T,,M,14.85,N,27.50,K,A*37
$HEHDT,83.2,T*16
$VWVHW,83.2,T,,M,14.67,N,27.17,K*44
$GPGGA,082447.00,5432.43339,N,01845.37992,E,1,12,1.0,16.8,M,26.5,M,,*5D
$GPRMC,082447.00,A,5432.43339,N,01845.37992,E,14.94,84.6,140625,,,A*65
$GPVTG,84.6,T,,M,14.94,N,27.67,K,A*3B
$HEHDT,82.8,T*1D
$VWVHW,82.8,T,,M,14.47,N,26.80,K*42
$GPGGA,082448.00,5432.43409,N,01845.38734,E,1,12,1.0,16.5,M,26.5,M,,*56
$GPRMC,082448.00,A,5432.43409,N,01845.38734,E,14.96,84.4,140625,,,A*63
$GPVTG,84.4,T,,M,14.96,N,27.70,K,A*3D
$HEHDT,83.0,T*14
$VWVHW,83.0,T,,M,14.63,N,27.09,K*4D
$GPGGA,082449.00,5432.43410,N,01845.39418,E,1,12,1.0,17.3,M,26.5,M,,*54
$GPRMC,082449.00,A,5432.43410,N,01845.39418,E,14.98,84.2,140625,,,A*6E
$GPVTG,84.2,T,,M,14.98,N,27.73,K,A*36
$HEHDT,83.3,T*17
$VWVHW,83.3,T,,M,14.50,N,26.85,K*4B
$GPGGA,082450.00,5432.43456,N,01845.40161,E,1,12,1.0,16.8,M,26.5,M,,*51
$GPRMC,082450.00,A,5432.43456,N,01845.40161,E,14.95,84.4,140625,,,A*6A
$GPVTG,84.4,T,,M,14.95,N,27.68,K,A*37
$HEHDT,83.1,T*15
$VWVHW,83.1,T,,M,14.54,N,26.92,K*4B
$GPGSV,2,1,08,03,66,046,50,08,41,101,45,11,22,156,40,14,47,211,49*75
$GPGSV,2,2,08,17,66,268,50,22,22,316,40,28,11,356,39,31,59,126,49*78
$GAGSV,2,1,05,04,50,076,47,09,35,186,44,12,65,241,50,24,10,291,38*69
$GAGSV,2,2,05,31,19,026,40*57
$GPZDA,082450.00,14,06,2025,00,00*6B
$GPGGA,082451.00,5432.43543,N,01845.40856,E,1,12,1.0,16.1,M,26.5,M,,*51
$GPRMC,082451.00,A,5432.43543,N,01845.40856,E,14.90,84.0,140625,,,A*62
$GPVTG,84.0,T,,M,14.90,N,27.60,K,A*3E
$HEHDT,83.2,T*16
$VWVHW,83.2,T,,M,14.45,N,26.76,K*42
$GPGGA,082452.00,5432.43582,N,01845.41475,E,1,12,1.0,17.1,M,26.5,M,,*52
$GPRMC,082452.00,A,5432.43582,N,01845.41475,E,14.98,84.5,140625,,,A*6D
$GPVTG,84.5,T,,M,14.98,N,27.75,K,A*37
$HEHDT,83.5,T*11
$VWVHW,83.5,T,,M,14.62,N,27.09,K*49
$GPGGA,082453.00,5432.43607,N,01845.42267,E,1,12,1.0,16.8,M,26.5,M,,*53
$GPRMC,082453.00,A,5432.43607,N,01845.42267,E,15.12,84.0,140625,,,A*62
$GPVTG,84.0,T,,M,15.12,N,28.01,K,A*3D
$HEHDT,83.2,T*16
$VWVHW,83.2,T,,M,14.55,N,26.94,K*4F
$GPGGA,082454.00,5432.43665,N,01845.42945,E,1,12,1.0,16.3,M,26.5,M,,*50
$GPRMC,082454.00,A,5432.43665,N,01845.42945,E,15.07,84.3,140625,,,A*6D
$GPVTG,84.3,T,,M,15.07,N,27.91,K,A*3C
$HEHDT,83.4,T*10
$VWVHW,83.4,T,,M,14.64,N,27.12,K*44
$GPGGA,082455.00,5432.43753,N,01845.43744,E,1,12,1.1,17.5,M,26.5,M,,*5D
$GPRMC,082455.00,A,5432.43753,N,01845.43744,E,14.88,84.2,140625,,,A*61
$GPVTG,84.2,T,,M,14.88,N,27.56,K,A*30
$HEHDT,83.3,T*17
$VWVHW,83.3,T,,M,14.75,N,27.32,K*41
$GPGSV,2,1,08,03,66,046,50,08,41,101,45,11,22,156,39,14,47,211,49*7B
$GPGSV,2,2,08,17,66,268,49,22,22,316,41,28,11,356,39,31,59,126,48*70
$GAGSV,2,1,05,04,50,076,47,09,35,186,44,12,65,241,49,24,10,291,38*61
$GAGSV,2,2,05,31,19,026,42*55
$GPZDA,082455.00,14,06,2025,00,00*6E
$GPGGA,082456.00,5432.43751,N,01845.44353,E,1,12,1.1,17.4,M,26.5,M,,*58
$GPRMC,082456.00,A,5432.43751,N,01845.44353,E,14.97,83.9,140625,,,A*67
$GPVTG,83.9,T,,M,14.97,N,27.72,K,A*34
$HEHDT,83.1,T*15
$VWVHW,83.1,T,,M,14.64,N,27.11,K*42
$GPGGA,082457.00,5432.43813,N,01845.45043,E,1,12,1.1,16.6,M,26.5,M,,*50
$GPRMC,082457.00,A,5432.43813,N,01845.45043,E,14.90,84.1,140625,,,A*64
$GPVTG,84.1,T,,M,14.90,N,27.59,K,A*35
$HEHDT,83.2,T*16
$VWVHW,83.2,T,,M,14.64,N,27.11,K*41
$GPGGA,082458.00,5432.43837,N,01845.45932,E,1,12,1.1,17.1,M,26.5,M,,*50
$GPRMC,082458.00,A,5432.43837,N,01845.45932,E,14.86,83.9,140625,,,A*6A
$GPVTG,83.9,T,,M,14.86,N,27.51,K,A*35
$HEHDT,83.4,T*10
$VWVHW,83.4,T,,M,14.80,N,27.42,K*4B
$GPGGA,082459.00,5432.43898,N,01845.46602,E,1,12,1.1,17.2,M,26.5,M,,*58
$GPRMC,082459.00,A,5432.43898,N,01845.46602,E,14.97,83.9,140625,,,A*61
$GPVTG,83.9,T,,M,14.97,N,27.73,K,A*35
$HEHDT,82.9,T*1C
$VWVHW,82.9,T,,M,14.61,N,27.06,K*48
$GPGGA,082500.00,5432.43896,N,01845.47343,E,1,12,1.1,17.3,M,26.5,M,,*5B
$GPRMC,082500.00,A,5432.43896,N,01845.47343,E,15.03,84.3,140625,,,A*62
$GPVTG,84.3,T,,M,15.03,N,27.84,K,A*3C
$HEHDT,83.1,T*15
$VWVHW,83.1,T,,M,14.62,N,27.08,K*4C
$GPGSV,2,1,08,03,66,046,50,08,41,101,45,11,22,156,40,14,47,211,49*75
$GPGSV,2,2,08,17,66,268,48,22,22,316,40,28,11,356,39,31,59,126,48*70
$GAGSV,2,1,05,04,50,076,47,09,35,186,45,12,65,241,49,24,10,291,39*61
$GAGSV,2,2,05,31,19,026,40*57
$GPZDA,082500.00,14,06,2025,00,00*6F
$GPGGA,082501.00,5432.43912,N,01845.48074,E,1,12,1.1,17.7,M,26.5,M,,*5B
$GPRMC,082501.00,A,5432.43912,N,01845.48074,E,15.03,84.1,140625,,,A*64
$GPVTG,84.1,T,,M,15.03,N,27.84,K,A*3E
$HEHDT,82.9,T*1C
$VWVHW,82.9,T,,M,14.64,N,27.12,K*48
$GPGGA,082502.00,5432.43952,N,01845.48759,E,1,12,1.1,17.9,M,26.5,M,,*5A
$GPRMC,082502.00,A,5432.43952,N,01845.48759,E,15.11,84.4,140625,,,A*6D
$GPVTG,84.4,T,,M,15.11,N,27.99,K,A*34
$HEHDT,83.3,T*17
$VWVHW,83.3,T,,M,14.64,N,27.12,K*43
$GPGGA,082503.00,5432.44060,N,01845.49484,E,1,12,1.1,17.7,M,26.5,M,,*58
$GPRMC,082503.00,A,5432.44060,N,01845.49484,E,15.12,83.8,140625,,,A*69
$GPVTG,83.8,T,,M,15.12,N,28.00,K,A*33
$HEHDT,83.4,T*10
$VWVHW,83.4,T,,M,14.58,N,27.00,K*48
$GPGGA,082504.00,5432.44058,N,01845.50257,E,1,12,1.1,17.9,M,26.5,M,,*5A
$GPRMC,082504.00,A,5432.44058,N,01845.50257,E,15.19,84.2,140625,,,A*63
$GPVTG,84.2,T,,M,15.19,N,28.14,K,A*30
$HEHDT,83.5,T*11
$VWVHW,83.5,T,,M,14.72,N,27.26,K*45
$GPGGA,082505.00,5432.44103,N,01845.50927,E,1,12,1.1,17.9,M,26.5,M,,*58
$GPRMC,082505.00,A,5432.44103,N,01845.50927,E,15.08,84.6,140625,,,A*65
$GPVTG,84.6,T,,M,15.08,N,27.92,K,A*35
$HEHDT,83.6,T*12
$VWVHW,83.6,T,,M,14.70,N,27.22,K*40
$GPGSV,2,1,08,03,66,046,50,08,41,101,45,11,22,156,40,14,47,211,49*75
$GPGSV,2,2,08,17,66,268,49,22,22,316,41,28,11,356,39,31,59,126,49*71
$GAGSV,2,1,05,04,50,076,47,09,35,186,44,12,65,241,50,24,10,291,39*68
$GAGSV,2,2,05,31,19,026,42*55
$GPZDA,082505.00,14,06,2025,00,00*6A
$GPGGA,082506.00,5432.44138,N,01845.51693,E,1,12,1.1,18.0,M,26.5,M,,*54
$GPRMC,082506.00,A,5432.44138,N,01845.51693,E,15.21,84.4,140625,,,A*66
$GPVTG,84.4,T,,M,15.21,N,28.17,K,A*3E
$HEHDT,83.1,T*15
$VWVHW,83.1,T,,M,14.62,N,27.07,K*43
$GPGGA,082507.00,5432.44188,N,01845.52327,E,1,12,1.1,17.9,M,26.5,M,,*51
$GPRMC,082507.00,A,5432.44188,N,01845.52327,E,15.15,84.3,140625,,,A*65
$GPVTG,84.3,T,,M,15.15,N,28.05,K,A*3D
$HEHDT,83.3,T*17
$VWVHW,83.3,T,,M,14.68,N,27.18,K*45
$GPGGA,082508.00,5432.44188,N,01845.53085,E,1,12,1.1,17.5,M,26.5,M,,*58
$GPRMC,082508.00,A,5432.44188,N,01845.53085,E,15.19,84.9,140625,,,A*66
$GPVTG,84.9,T,,M,15.19,N,28.14,K,A*3B
$HEHDT,83.4,T*10
$VWVHW,83.4,T,,M,14.57,N,26.99,K*46
$GPGGA,082509.00,5432.44235,N,01845.53786,E,1,12,1.1,17.2,M,26.5,M,,*5F
$GPRMC,082509.00,A,5432.44235,N,01845.53786,E,15.20,84.2,140625,,,A*67
$GPVTG,84.2,T,,M,15.20,N,28.14,K,A*3A
$HEHDT,82.9,T*1C
$VWVHW,82.9,T,,M,14.83,N,27.47,K*41
$GPGGA,082510.00,5432.44254,N,01845.54522,E,1,12,1.1,17.8,M,26.5,M,,*51
$GPRMC,082510.00,A,5432.44254,N,01845.54522,E,15.05,84.6,140625,,,A*60
$GPVTG,84.6,T,,M,15.05,N,27.87,K,A*3C
$HEHDT,83.3,T*17
$VWVHW,83.3,T,,M,14.68,N,27.18,K*45
$GPGSV,2,1,08,03,66,046,50,08,41,101,44,11,22,156,41,14,47,211,48*74
$GPGSV,2,2,08,17,66,268,48,22,22,316,41,28,11,356,41,31,59,126,48*7E
$GAGSV,2,1,05,04,50,076,47,09,35,186,44,12,65,241,49,24,10,291,39*60
$GAGSV,2,2,05,31,19,026,41*56
$GPZDA,082510.00,14,06,2025,00,00*6E
$GPGGA,082511.00,5432.44304,N,01845.55227,E,1,12,1.1,16.7,M,26.5,M,,*59
$GPRMC,082511.00,A,5432.44304,N,01845.55227,E,15.29,85.2,140625,,,A*6D
$GPVTG,85.2,T,,M,15.29,N,28.32,K,A*36
$HEHDT,83.2,T*16
$VWVHW,83.2,T,,M,14.52,N,26.88,K*45
$GPGGA,082512.00,5432.44378,N,01845.55914,E,1,12,1.1,17.3,M,26.5,M,,*5F
$GPRMC,082512.00,A,5432.44378,N,01845.55914,E,15.25,85.0,140625,,,A*60
$GPVTG,85.0,T,,M,15.25,N,28.24,K,A*3F
$HEHDT,82.8,T*1D
$VWVHW,82.8,T,,M,14.68,N,27.19,K*4E
$GPGGA,082513.00,5432.44380,N,01845.56650,E,1,12,1.1,17.6,M,26.5,M,,*50
$GPRMC,082513.00,A,5432.44380,N,01845.56650,E,15.26,84.8,140625,,,A*60
$GPVTG,84.8,T,,M,15.26,N,28.26,K,A*37
$HEHDT,83.2,T*16
$VWVHW,83.2,T,,M,14.70,N,27.22,K*44
$GPGGA,082514.00,5432.44431,N,01845.57353,E,1,12,1.1,17.2,M,26.5,M,,*59
$GPRMC,082514.00,A,5432.44431,N,01845.57353,E,15.27,84.5,140625,,,A*61
$GPVTG,84.5,T,,M,15.27,N,28.28,K,A*35
$HEHDT,83.1,T*15
$VWVHW,83.1,T,,M,14.57,N,26.99,K*43
$GPGGA,082515.00,5432.44481,N,01845.58131,E,1,12,1.1,17.2,M,26.5,M,,*5A
$GPRMC,082515.00,A,5432.44481,N,01845.58131,E,15.29,84.8,140625,,,A*61
$GPVTG,84.8,T,,M,15.29,N,28.32,K,A*3D
$HEHDT,83.1,T*15
$VWVHW,83.1,T,,M,14.90,N,27.59,K*45
$GPGSV,2,1,08,03,66,046,49,08,41,101,45,11,22,156,40,14,47,211,48*7C
$GPGSV,2,2,08,17,66,268,48,22,22,316,42,28,11,356,40,31,59,126,48*7C
$GAGSV,2,1,05,04,50,076,46,09,35,186,44,12,65,241,48,24,10,291,40*6E
$GAGSV,2,2,05,31,19,026,42*55
$GPZDA,082515.00,14,06,2025,00,00*6B
$GPGGA,082516.00,5432.44503,N,01845.58841,E,1,12,1.1,17.3,M,26.5,M,,*5D
$GPRMC,082516.00,A,5432.44503,N,01845.58841,E,15.32,85.2,140625,,,A*66
$GPVTG,85.2,T,,M,15.32,N,28.37,K,A*39
$HEHDT,83.3,T*17
$VWVHW,83.3,T,,M,14.68,N,27.19,K*44
$GPGGA,082517.00,5432.44568,N,01845.59500,E,1,12,1.1,17.2,M,26.5,M,,*59
$GPRMC,082517.00,A,5432.44568,N,01845.59500,E,15.31,84.3,140625,,,A*60
$GPVTG,84.3,T,,M,15.31,N,28.35,K,A*38
$HEHDT,83.4,T*10
$VWVHW,83.4,T,,M,14.69,N,27.20,K*48
$GPGGA,082518.00,5432.44605,N,01845.60250,E,1,12,1.1,17.4,M,26.5,M,,*50
$GPRMC,082518.00,A,5432.44605,N,01845.60250,E,15.39,85.2,140625,,,A*67
$GPVTG,85.2,T,,M,15.39,N,28.50,K,A*33
$HEHDT,83.2,T*16
$VWVHW,83.2,T,,M,14.67,N,27.18,K*4B
$GPGGA,082519.00,5432.44605,N,01845.60941,E,1,12,1.1,17.1,M,26.5,M,,*5F
$GPRMC,082519.00,A,5432.44605,N,01845.60941,E,15.41,85.3,140625,,,A*63
$GPVTG,85.3,T,,M,15.41,N,28.54,K,A*39
$HEHDT,83.3,T*17
$VWVHW,83.3,T,,M,14.64,N,27.12,K*43
$GPGGA,082520.00,5432.44683,N,01845.61751,E,1,12,1.1,17.8,M,26.5,M,,*5C
$GPRMC,082520.00,A,5432.44683,N,01845.61751,E,15.46,85.1,140625,,,A*6C
$GPVTG,85.1,T,,M,15.46,N,28.62,K,A*39
$HEHDT,83.2,T*16
$VWVHW,83.2,T,,M,14.83,N,27.46,K*4A
$GPGSV,2,1,08,03,66,046,49,08,41,101,46,11,22,156,41,14,47,211,47*71
$GPGSV,2,2,08,17,66,268,48,22,22,316,42,28,11,356,40,31,59,126,48*7C
$GAGSV,2,1,05,04,50,076,46,09,35,186,45,12,65,241,49,24,10,291,39*60
$GAGSV,2,2,05,31,19,026,43*54
$GPZDA,082520.00,14,06,2025,00,00*6D
$GPGGA,082521.00,5432.44757,N,01845.62498,E,1,12,1.1,17.5,M,26.5,M,,*5D
$GPRMC,082521.00,A,5432.44757,N,01845.62498,E,15.33,84.9,140625,,,A*6B
$GPVTG,84.9,T,,M,15.33,N,28.39,K,A*3C
$HEHDT,83.4,T*10
$VWVHW,83.4,T,,M,14.77,N,27.35,K*43
$GPGGA,082522.00,5432.44746,N,01845.63233,E,1,12,1.1,17.2,M,26.5,M,,*5F
$GPRMC,082522.00,A,5432.44746,N,01845.63233,E,15.38,85.7,140625,,,A*6A
$GPVTG,85.7,T,,M,15.38,N,28.48,K,A*3E
$HEHDT,83.2,T*16
$VWVHW,83.2,T,,M,14.77,N,27.36,K*46
$GPGGA,082523.00,5432.44788,N,01845.64011,E,1,12,1.1,17.2,M,26.5,M,,*59
$GPRMC,082523.00,A,5432.44788,N,01845.64011,E,15.39,85.7,140625,,,A*6D
$GPVTG,85.7,T,,M,15.39,N,28.49,K,A*3E
$HEHDT,82.7,T*12
$VWVHW,82.7,T,,M,14.71,N,27.24,K*47
$GPGGA,082524.00,5432.44773,N,01845.64803,E,1,12,1.1,16.9,M,26.5,M,,*5B
$GPRMC,082524.00,A,5432.44773,N,01845.64803,E,15.41,85.7,140625,,,A*6A
$GPVTG,85.7,T,,M,15.41,N,28.54,K,A*3D
$HEHDT,83.2,T*16
$VWVHW,83.2,T,,M,14.65,N,27.14,K*45
$GPGGA,082525.00,5432.44899,N,01845.65513,E,1,12,1.1,17.4,M,26.5,M,,*50
$GPRMC,082525.00,A,5432.44899,N,01845.65513,E,15.43,84.9,140625,,,A*60
$GPVTG,84.9,T,,M,15.43,N,28.58,K,A*3C
$HEHDT,82.9,T*1C
$VWVHW,82.9,T,,M,14.80,N,27.41,K*44
$GPGSV,2,1,08,03,66,046,49,08,41,101,45,11,22,156,41,14,47,211,47*72
$GPGSV,2,2,08,17,66,268,48,22,22,316,42,28,11,356,40,31,59,126,47*73
$GAGSV,2,1,05,04,50,076,46,09,35,186,45,12,65,241,48,24,10,291,40*6F
$GAGSV,2,2,05,31,19,026,43*54
$GPZDA,082525.00,14,06,2025,00,00*68
$GPGGA,082526.00,5432.44864,N,01845.66234,E,1,12,1.1,17.3,M,26.5,M,,*57
$GPRMC,082526.00,A,5432.44864,N,01845.66234,E,15.56,84.9,140625,,,A*64
$GPVTG,84.9,T,,M,15.56,N,28.82,K,A*3F
$HEHDT,83.4,T*10
$VWVHW,83.4,T,,M,14.70,N,27.23,K*43
$GPGGA,082527.00,5432.44954,N,01845.66971,E,1,12,1.1,16.5,M,26.5,M,,*59
$GPRMC,082527.00,A,5432.44954,N,01845.66971,E,15.48,85.3,140625,,,A*69
$GPVTG,85.3,T,,M,15.48,N,28.66,K,A*31
$HEHDT,83.8,T*1C
$VWVHW,83.8,T,,M,14.66,N,27.15,K*4D
$GPGGA,082528.00,5432.44958,N,01845.67660,E,1,12,1.1,16.3,M,26.5,M,,*52
$GPRMC,082528.00,A,5432.44958,N,01845.67660,E,15.60,85.8,140625,,,A*65
$GPVTG,85.8,T,,M,15.60,N,28.89,K,A*31
$HEHDT,82.9,T*1C
$VWVHW,82.9,T,,M,14.76,N,27.33,K*48
$GPGGA,082529.00,5432.44961,N,01845.68419,E,1,12,1.1,16.8,M,26.5,M,,*51
$GPRMC,082529.00,A,5432.44961,N,01845.68419,E,15.65,85.1,140625,,,A*61
$GPVTG,85.1,T,,M,15.65,N,28.99,K,A*3C
$HEHDT,83.0,T*14
$VWVHW,83.0,T,,M,14.75,N,27.31,K*41
$GPGGA,082530.00,5432.45016,N,01845.69235,E,1,12,1.1,17.2,M,26.5,M,,*53
$GPRMC,082530.00,A,5432.45016,N,01845.69235,E,15.48,85.5,140625,,,A*63
$GPVTG,85.5,T,,M,15.48,N,28.67,K,A*36
$HEHDT,82.7,T*12
$VWVHW,82.7,T,,M,14.65,N,27.13,K*46
$GPGSV,2,1,08,03,66,046,48,08,41,101,45,11,22,156,41,14,47,211,48*7C
$GPGSV,2,2,08,17,66,268,49,22,22,316,42,28,11,356,42,31,59,126,48*7F
$GAGSV,2,1,05,04,50,076,46,09,35,186,45,12,65,241,48,24,10,291,40*6F
$GAGSV,2,2,05,31,19,026,42*55
$GPZDA,082530.00,14,06,2025,00,00*6C
$GPGGA,082531.00,5432.45021,N,01845.69901,E,1,12,1.1,16.4,M,26.5,M,,*5D
$GPRMC,082531.00,A,5432.45021,N,01845.69901,E,15.61,86.1,140625,,,A*66
$GPVTG,86.1,T,,M,15.61,N,28.92,K,A*30
$HEHDT,83.0,T*14
$VWVHW,83.0,T,,M,14.69,N,27.21,K*4D
$GPGGA,082532.00,5432.45099,N,01845.70728,E,1,12,1.1,16.8,M,26.5,M,,*5C
$GPRMC,082532.00,A,5432.45099,N,01845.70728,E,15.57,85.5,140625,,,A*69
$GPVTG,85.5,T,,M,15.57,N,28.84,K,A*35
$HEHDT,83.3,T*17
$VWVHW,83.3,T,,M,14.76,N,27.34,K*44
$GPGGA,082533.00,5432.45106,N,01845.71451,E,1,12,1.1,16.5,M,26.5,M,,*5B
$GPRMC,082533.00,A,5432.45106,N,01845.71451,E,15.67,85.7,140625,,,A*62
$GPVTG,85.7,T,,M,15.67,N,29.02,K,A*3B
$HEHDT,83.2,T*16
$VWVHW,83.2,T,,M,14.61,N,27.07,K*43
$GPGGA,082534.00,5432.45185,N,01845.72176,E,1,12,1.1,16.2,M,26.5,M,,*53
$GPRMC,082534.00,A,5432.45185,N,01845.72176,E,15.49,85.8,140625,,,A*6E
$GPVTG,85.8,T,,M,15.49,N,28.69,K,A*34
$HEHDT,83.0,T*14
$VWVHW,83.0,T,,M,14.56,N,26.96,K*4C
$GPGGA,082535.00,5432.45190,N,01845.72968,E,1,12,1.1,16.4,M,26.5,M,,*57
$GPRMC,082535.00,A,5432.45190,N,01845.72968,E,15.68,86.0,140625,,,A*64
$GPVTG,86.0,T,,M,15.68,N,29.05,K,A*37
$HEHDT,83.0,T*14
$VWVHW,83.0,T,,M,14.82,N,27.46,K*49
$GPGSV,2,1,08,03,66,046,48,08,41,101,46,11,22,156,42,14,47,211,48*7C
$GPGSV,2,2,08,17,66,268,48,22,22,316,42,28,11,356,41,31,59,126,48*7D
$GAGSV,2,1,05,04,50,076,46,09,35,186,45,12,65,241,48,24,10,291,40*6F
$GAGSV,2,2,05,31,19,026,43*54
$GPZDA,082535.00,14,06,2025,00,00*69
$GPGGA,082536.00,5432.45223,N,01845.73732,E,1,12,1.1,17.1,M,26.5,M,,*5B
$GPRMC,082536.00,A,5432.45223,N,01845.73732,E,15.52,85.6,140625,,,A*60
$GPVTG,85.6,T,,M,15.52,N,28.74,K,A*3C
$HEHDT,83.1,T*15
$VWVHW,83.1,T,,M,14.75,N,27.31,K*40
$GPGGA,082537.00,5432.45219,N,01845.74508,E,1,12,1.1,17.0,M,26.5,M,,*5E
$GPRMC,082537.00,A,5432.45219,N,01845.74508,E,15.83,85.7,140625,,,A*69
$GPVTG,85.7,T,,M,15.83,N,29.32,K,A*32
$HEHDT,83.1,T*15
$VWVHW,83.1,T,,M,14.72,N,27.26,K*41
$GPGGA,082538.00,5432.45308,N,01845.75170,E,1,12,1.1,17.0,M,26.5,M,,*5A
$GPRMC,082538.00,A,5432.45308,N,01845.75170,E,15.75,85.7,140625,,,A*64
$GPVTG,85.7,T,,M,15.75,N,29.17,K,A*3C
$HEHDT,83.1,T*15
$VWVHW,83.1,T,,M,14.75,N,27.32,K*43
$GPGGA,082539.00,5432.45365,N,01845.75957,E,1,12,1.1,17.0,M,26.5,M,,*5D
$GPRMC,082539.00,A,5432.45365,N,01845.75957,E,15.88,86.0,140625,,,A*65
$GPVTG,86.0,T,,M,15.88,N,29.42,K,A*3A
$HEHDT,83.4,T*10
$VWVHW,83.4,T,,M,14.89,N,27.58,K*49
$GPGGA,082540.00,5432.45380,N,01845.76682,E,1,12,1.1,16.8,M,26.5,M,,*55
$GPRMC,082540.00,A,5432.45380,N,01845.76682,E,15.64,86.3,140625,,,A*65
$GPVTG,86.3,T,,M,15.64,N,28.96,K,A*33
$HEHDT,83.0,T*14
$VWVHW,83.0,T,,M,14.84,N,27.49,K*40
$GPGSV,2,1,08,03,66,046,48,08,41,101,46,11,22,156,42,14,47,211,47*73
$GPGSV,2,2,08,17,66,268,49,22,22,316,42,28,11,356,41,31,59,126,47*73
$GAGSV,2,1,05,04,50,076,47,09,35,186,45,12,65,241,48,24,10,291,41*6F
$GAGSV,2,2,05,31,19,026,43*54
$GPZDA,082540.00,14,06,2025,00,00*6B
$GPGGA,082541.00,5432.45399,N,01845.77510,E,1,12,1.1,17.0,M,26.5,M,,*5C
$GPRMC,082541.00,A,5432.45399,N,01845.77510,E,15.82,86.1,140625,,,A*6F
$GPVTG,86.1,T,,M,15.82,N,29.29,K,A*3C
$HEHDT,83.1,T*15
$VWVHW,83.1,T,,M,14.67,N,27.16,K*46
$GPGGA,082542.00,5432.45390,N,01845.78230,E,1,12,1.1,16.5,M,26.5,M,,*58
$GPRMC,082542.00,A,5432.45390,N,01845.78230,E,15.71,86.1,140625,,,A*63
$GPVTG,86.1,T,,M,15.71,N,29.09,K,A*32
$HEHDT,83.0,T*14
$VWVHW,83.0,T,,M,14.82,N,27.45,K*4A
$GPGGA,082543.00,5432.45430,N,01845.78967,E,1,12,1.1,17.2,M,26.5,M,,*5B
$GPRMC,082543.00,A,5432.45430,N,01845.78967,E,15.91,86.0,140625,,,A*69
$GPVTG,86.0,T,,M,15.91,N,29.46,K,A*36
$HEHDT,83.2,T*16
$VWVHW,83.2,T,,M,14.66,N,27.15,K*47
$GPGGA,082544.00,5432.45397,N,01845.79717,E,1,12,1.1,17.4,M,26.5,M,,*58
$GPRMC,082544.00,A,5432.45397,N,01845.79717,E,15.86,86.4,140625,,,A*6E
$GPVTG,86.4,T,,M,15.86,N,29.37,K,A*32
$HEHDT,83.5,T*11
$VWVHW,83.5,T,,M,14.71,N,27.25,K*45
$GPGGA,082545.00,5432.45475,N,01845.80462,E,1,12,1.1,17.3,M,26.5,M,,*52
$GPRMC,082545.00,A,5432.45475,N,01845.80462,E,15.85,86.6,140625,,,A*62
$GPVTG,86.6,T,,M,15.85,N,29.35,K,A*31
$HEHDT,83.2,T*16
$VWVHW,83.2,T,,M,14.75,N,27.31,K*43
$GPGSV,2,1,08,03,66,046,48,08,41,101,46,11,22,156,42,14,47,211,47*73
$GPGSV,2,2,08,17,66,268,48,22,22,316,42,28,11,356,42,31,59,126,48*7E
$GAGSV,2,1,05,04,50,076,46,09,35,186,45,12,65,241,48,24,10,291,41*6E
$GAGSV,2,2,05,31,19,026,43*54
$GPZDA,082545.00,14,06,2025,00,00*6E
$GPGGA,082546.00,5432.45527,N,01845.81116,E,1,12,1.1,16.6,M,26.5,M,,*54
$GPRMC,082546.00,A,5432.45527,N,01845.81116,E,15.89,86.1,140625,,,A*6B
$GPVTG,86.1,T,,M,15.89,N,29.42,K,A*3A
$HEHDT,83.2,T*16
$VWVHW,83.2,T,,M,14.79,N,27.40,K*49
$GPGGA,082547.00,5432.45508,N,01845.81909,E,1,12,1.1,17.2,M,26.5,M,,*5B
$GPRMC,082547.00,A,5432.45508,N,01845.81909,E,15.89,85.9,140625,,,A*6A
$GPVTG,85.9,T,,M,15.89,N,29.43,K,A*30
$HEHDT,82.4,T*11
$VWVHW,82.4,T,,M,14.70,N,27.23,K*42
$GPGGA,082548.00,5432.45536,N,01845.82730,E,1,12,1.1,17.5,M,26.5,M,,*59
$GPRMC,082548.00,A,5432.45536,N,01845.82730,E,15.91,86.4,140625,,,A*68
$GPVTG,86.4,T,,M,15.91,N,29.47,K,A*33
$HEHDT,83.2,T*16
$VWVHW,83.2,T,,M,14.78,N,27.38,K*47
$GPGGA,082549.00,5432.45549,N,01845.83488,E,1,12,1.1,17.2,M,26.5,M,,*56
$GPRMC,082549.00,A,5432.45549,N,01845.83488,E,15.96,86.5,140625,,,A*66
$GPVTG,86.5,T,,M,15.96,N,29.55,K,A*36
$HEHDT,83.0,T*14
$VWVHW,83.0,T,,M,14.91,N,27.62,K*4D
$GPGGA,082550.00,5432.45604,N,01845.84193,E,1,12,1.1,17.6,M,26.5,M,,*58
$GPRMC,082550.00,A,5432.45604,N,01845.84193,E,15.94,86.6,140625,,,A*6D
$GPVTG,86.6,T,,M,15.94,N,29.52,K,A*30
$HEHDT,83.3,T*17
$VWVHW,83.3,T,,M,14.89,N,27.57,K*41
$GPGSV,2,1,08,03,66,046,48,08,41,101,46,11,22,156,43,14,47,211,47*72
$GPGSV,2,2,08,17,66,268,47,22,22,316,42,28,11,356,42,31,59,126,48*71
$GAGSV,2,1,05,04,50,076,47,09,35,186,46,12,65,241,48,24,10,291,42*6F
$GAGSV,2,2,05,31,19,026,44*53
$GPZDA,082550.00,14,06,2025,00,00*6A
$GPGGA,082551.00,5432.45623,N,01845.84979,E,1,12,1.1,18.0,M,26.5,M,,*59
$GPRMC,082551.00,A,5432.45623,N,01845.84979,E,15.91,86.5,140625,,,A*63
$GPVTG,86.5,T,,M,15.91,N,29.46,K,A*33
$HEHDT,83.4,T*10
$VWVHW,83.4,T,,M,14.71,N,27.25,K*44
$GPGGA,082552.00,5432.45652,N,01845.85698,E,1,12,1.1,18.2,M,26.5,M,,*5F
$GPRMC,082552.00,A,5432.45652,N,01845.85698,E,15.88,86.9,140625,,,A*63
$GPVTG,86.9,T,,M,15.88,N,29.42,K,A*33
$HEHDT,83.1,T*15
$VWVHW,83.1,T,,M,14.79,N,27.39,K*44
$GPGGA,082553.00,5432.45690,N,01845.86405,E,1,12,1.1,17.5,M,26.5,M,,*5D
$GPRMC,082553.00,A,5432.45690,N,01845.86405,E,16.00,86.4,140625,,,A*67
$GPVTG,86.4,T,,M,16.00,N,29.64,K,A*39
$HEHDT,83.2,T*16
$VWVHW,83.2,T,,M,14.72,N,27.27,K*43
$GPGGA,082554.00,5432.45700,N,01845.87261,E,1,12,1.1,17.2,M,26.5,M,,*50
$GPRMC,082554.00,A,5432.45700,N,01845.87261,E,16.03,86.7,140625,,,A*6D
$GPVTG,86.7,T,,M,16.03,N,29.69,K,A*34
$HEHDT,83.1,T*15
$VWVHW,83.1,T,,M,14.88,N,27.56,K*43
$GPGGA,082555.00,5432.45750,N,01845.88015,E,1,12,1.1,17.6,M,26.5,M,,*5E
$GPRMC,082555.00,A,5432.45750,N,01845.88015,E,16.03,86.9,140625,,,A*69
$GPVTG,86.9,T,,M,16.03,N,29.69,K,A*3A
$HEHDT,83.0,T*14
$VWVHW,83.0,T,,M,14.78,N,27.37,K*4A
$GPGSV,2,1,08,03,66,046,48,08,41,101,45,11,22,156,43,14,47,211,47*71
$GPGSV,2,2,08,17,66,268,47,22,22,316,43,28,11,356,42,31,59,126,48*70
$GAGSV,2,1,05,04,50,076,46,09,35,186,45,12,64,241,48,24,10,291,42*6C
$GAGSV,2,2,05,31,19,026,44*53
$GPZDA,082555.00,14,06,2025,00,00*6F
$GPGGA,082556.00,5432.45751,N,01845.88756,E,1,12,1.1,17.7,M,26.5,M,,*5D
$GPRMC,082556.00,A,5432.45751,N,01845.88756,E,16.10,86.2,140625,,,A*62
$GPVTG,86.2,T,,M,16.10,N,29.82,K,A*36
$HEHDT,83.3,T*17
$VWVHW,83.3,T,,M,14.85,N,27.50,K*4A
$GPGGA,082557.00,5432.45792,N,01845.89500,E,1,12,1.1,18.2,M,26.5,M,,*59
$GPRMC,082557.00,A,5432.45792,N,01845.89500,E,16.03,86.4,140625,,,A*68
$GPVTG,86.4,T,,M,16.03,N,29.69,K,A*37
$HEHDT,83.3,T*17
$VWVHW,83.3,T,,M,14.82,N,27.45,K*49
$GPGGA,082558.00,5432.45854,N,01845.90273,E,1,12,1.1,17.6,M,26.5,M,,*53
$GPRMC,082558.00,A,5432.45854,N,01845.90273,E,16.03,86.7,140625,,,A*6A
$GPVTG,86.7,T,,M,16.03,N,29.68,K,A*35
$HEHDT,83.1,T*15
$VWVHW,83.1,T,,M,14.80,N,27.41,K*4D
$GPGGA,082559.00,5432.45899,N,01845.90983,E,1,12,1.1,17.4,M,26.5,M,,*55
$GPRMC,082559.00,A,5432.45899,N,01845.90983,E,16.08,86.8,140625,,,A*6A
$GPVTG,86.8,T,,M,16.08,N,29.77,K,A*3F
$HEHDT,83.4,T*10
$VWVHW,83.4,T,,M,14.84,N,27.48,K*45
$GPGGA,082600.00,5432.45865,N,01845.91818,E,1,12,1.1,18.1,M,26.5,M,,*51
$GPRMC,082600.00,A,5432.45865,N,01845.91818,E,16.20,86.8,140625,,,A*6E
$GPVTG,86.8,T,,M,16.20,N,30.00,K,A*3D
$HEHDT,83.5,T*11
$VWVHW,83.5,T,,M,14.93,N,27.64,K*4C
$GPGSV,2,1,08,03,66,046,48,08,41,101,46,11,22,156,44,14,47,211,47*75
$GPGSV,2,2,08,17,66,268,47,22,22,316,43,28,11,356,42,31,59,126,47*7F
$GAGSV,2,1,05,04,50,076,46,09,35,186,45,12,64,241,47,24,10,291,42*63
$GAGSV,2,2,05,31,19,026,44*53
$GPZDA,082600.00,14,06,2025,00,00*6C
$GPGGA,082601.00,5432.45873,N,01845.92504,E,1,12,1.1,17.4,M,26.5,M,,*5E
$GPRMC,082601.00,A,5432.45873,N,01845.92504,E,16.02,86.7,140625,,,A*64
$GPVTG,86.7,T,,M,16.02,N,29.68,K,A*34
$HEHDT,83.0,T*14
$VWVHW,83.0,T,,M,14.90,N,27.59,K*44
$GPGGA,082602.00,5432.45952,N,01845.93326,E,1,12,1.1,18.6,M,26.5,M,,*55
$GPRMC,082602.00,A,5432.45952,N,01845.93326,E,16.06,87.0,140625,,,A*60
$GPVTG,87.0,T,,M,16.06,N,29.74,K,A*3B
$HEHDT,83.5,T*11
$VWVHW,83.5,T,,M,14.81,N,27.44,K*4D
$GPGGA,082603.00,5432.46004,N,01845.94068,E,1,12,1.1,18.0,M,26.5,M,,*55
$GPRMC,082603.00,A,5432.46004,N,01845.94068,E,16.20,87.4,140625,,,A*66
$GPVTG,87.4,T,,M,16.20,N,30.01,K,A*31
$HEHDT,82.8,T*1D
$VWVHW,82.8,T,,M,14.78,N,27.37,K*43
$GPGGA,082604.00,5432.46025,N,01845.94889,E,1,12,1.1,17.9,M,26.5,M,,*50
$GPRMC,082604.00,A,5432.46025,N,01845.94889,E,16.26,87.2,140625,,,A*65
$GPVTG,87.2,T,,M,16.26,N,30.12,K,A*33
$HEHDT,83.3,T*17
$VWVHW,83.3,T,,M,14.83,N,27.47,K*4A
$GPGGA,082605.00,5432.46074,N,01845.95557,E,1,12,1.1,17.9,M,26.5,M,,*5A
$GPRMC,082605.00,A,5432.46074,N,01845.95557,E,16.18,87.3,140625,,,A*63
$GPVTG,87.3,T,,M,16.18,N,29.96,K,A*3B
$HEHDT,83.3,T*17
$VWVHW,83.3,T,,M,15.01,N,27.79,K*4C
$GPGSV,2,1,08,03,66,046,48,08,41,101,46,11,22,156,44,14,47,211,46*74
$GPGSV,2,2,08,17,66,268,47,22,22,316,43,28,11,356,43,31,59,126,48*71
$GAGSV,2,1,05,04,50,076,47,09,35,186,45,12,64,241,47,24,10,291,43*63
$GAGSV,2,2,05,31,19,026,44*53
$GPZDA,082605.00,14,06,2025,00,00*69
$GPGGA,082606.00,5432.46027,N,01845.96372,E,1,12,1.1,17.9,M,26.5,M,,*5D
$GPRMC,082606.00,A,5432.46027,N,01845.96372,E,16.24,87.0,140625,,,A*68
$GPVTG,87.0,T,,M,16.24,N,30.08,K,A*38
$HEHDT,83.0,T*14
$VWVHW,83.0,T,,M,14.90,N,27.59,K*44
$GPGGA,082607.00,5432.46084,N,01845.97171,E,1,12,1.1,18.0,M,26.5,M,,*53
$GPRMC,082607.00,A,5432.46084,N,01845.97171,E,16.31,87.1,140625,,,A*65
$GPVTG,87.1,T,,M,16.31,N,30.20,K,A*37
$HEHDT,83.5,T*11
$VWVHW,83.5,T,,M,14.72,N,27.26,K*45
$GPGGA,082608.00,5432.46099,N,01845.97929,E,1,12,1.1,18.2,M,26.5,M,,*57
$GPRMC,082608.00,A,5432.46099,N,01845.97929,E,16.25,86.9,140625,,,A*6F
$GPVTG,86.9,T,,M,16.25,N,30.10,K,A*38
$HEHDT,82.9,T*1C
$VWVHW,82.9,T,,M,14.75,N,27.31,K*49
$GPGGA,082609.00,5432.46128,N,01845.98778,E,1,12,1.1,18.4,M,26.5,M,,*5E
$GPRMC,082609.00,A,5432.46128,N,01845.98778,E,16.33,87.5,140625,,,A*6A
$GPVTG,87.5,T,,M,16.33,N,30.24,K,A*35
$HEHDT,83.8,T*1C
$VWVHW,83.8,T,,M,14.82,N,27.45,K*42
$GPGGA,082610.00,5432.46124,N,01845.99480,E,1,12,1.1,18.1,M,26.5,M,,*5A
$GPRMC,082610.00,A,5432.46124,N,01845.99480,E,16.31,87.7,140625,,,A*6B
$GPVTG,87.7,T,,M,16.31,N,30.21,K,A*30
$HEHDT,83.3,T*17
$VWVHW,83.3,T,,M,14.80,N,27.40,K*4E
$GPGSV,2,1,08,03,66,046,49,08,41,101,46,11,22,156,44,14,47,211,47*74
$GPGSV,2,2,08,17,66,268,47,22,22,316,44,28,11,356,43,31,59,126,47*79
$GAGSV,2,1,05,04,50,076,47,09,35,186,45,12,64,241,48,24,09,291,43*64
$GAGSV,2,2,05,31,19,026,44*53
$GPZDA,082610.00,14,06,2025,00,00*6D
$GPGGA,082611.00,5432.46197,N,01846.00319,E,1,12,1.1,18.3,M,26.5,M,,*55
$GPRMC,082611.00,A,5432.46197,N,01846.00319,E,16.27,87.6,140625,,,A*60
$GPVTG,87.6,T,,M,16.27,N,30.13,K,A*37
$HEHDT,83.3,T*17
$VWVHW,83.3,T,,M,14.78,N,27.37,K*49
$GPGGA,082612.00,5432.46206,N,01846.01050,E,1,12,1.1,18.4,M,26.5,M,,*55
$GPRMC,082612.00,A,5432.46206,N,01846.01050,E,16.18,87.6,140625,,,A*6B
$GPVTG,87.6,T,,M,16.18,N,29.97,K,A*3F
$HEHDT,83.0,T*14
$VWVHW,83.0,T,,M,14.75,N,27.32,K*42
$GPGGA,082613.00,5432.46228,N,01846.01814,E,1,12,1.1,18.3,M,26.5,M,,*57
$GPRMC,082613.00,A,5432.46228,N,01846.01814,E,16.29,86.8,140625,,,A*63
$GPVTG,86.8,T,,M,16.29,N,30.16,K,A*33
$HEHDT,83.4,T*10
$VWVHW,83.4,T,,M,14.93,N,27.66,K*4F
$GPGGA,082614.00,5432.46215,N,01846.02581,E,1,12,1.1,18.1,M,26.5,M,,*5E
$GPRMC,082614.00,A,5432.46215,N,01846.02581,E,16.41,87.6,140625,,,A*69
$GPVTG,87.6,T,,M,16.41,N,30.38,K,A*3E
$HEHDT,83.1,T*15
$VWVHW,83.1,T,,M,14.80,N,27.42,K*4E
$GPGGA,082615.00,5432.46266,N,01846.03399,E,1,12,1.1,18.7,M,26.5,M,,*53
$GPRMC,082615.00,A,5432.46266,N,01846.03399,E,16.35,87.9,140625,,,A*6E
$GPVTG,87.9,T,,M,16.35,N,30.27,K,A*3C
$HEHDT,83.3,T*17
$VWVHW,83.3,T,,M,14.71,N,27.25,K*43
$GPGSV,2,1,08,03,66,046,47,08,41,101,46,11,22,156,44,14,47,211,46*7B
$GPGSV,2,2,08,17,66,268,46,22,22,316,44,28,11,356,43,31,59,126,47*78
$GAGSV,2,1,05,04,50,076,47,09,35,186,45,12,64,241,48,24,09,291,43*64
$GAGSV,2,2,05,31,19,026,45*52
$GPZDA,082615.00,14,06,2025,00,00*68
$GPGGA,082616.00,5432.46335,N,01846.04147,E,1,12,1.1,18.6,M,26.5,M,,*50
$GPRMC,082616.00,A,5432.46335,N,01846.04147,E,16.20,87.3,140625,,,A*62
$GPVTG,87.3,T,,M,16.20,N,30.01,K,A*36
$HEHDT,82.8,T*1D
$VWVHW,82.8,T,,M,14.77,N,27.36,K*4D
$GPGGA,082617.00,5432.46326,N,01846.04939,E,1,12,1.1,18.8,M,26.5,M,,*5C
$GPRMC,082617.00,A,5432.46326,N,01846.04939,E,16.24,88.0,140625,,,A*68
$GPVTG,88.0,T,,M,16.24,N,30.08,K,A*37
$HEHDT,83.2,T*16
$VWVHW,83.2,T,,M,14.85,N,27.49,K*43
$GPGGA,082618.00,5432.46313,N,01846.05658,E,1,12,1.1,18.4,M,26.5,M,,*50
$GPRMC,082618.00,A,5432.46313,N,01846.05658,E,16.28,87.5,140625,,,A*6E
$GPVTG,87.5,T,,M,16.28,N,30.15,K,A*3D
$HEHDT,83.1,T*15
$VWVHW,83.1,T,,M,14.74,N,27.30,K*40
$GPGGA,082619.00,5432.46369,N,01846.06417,E,1,12,1.1,18.8,M,26.5,M,,*5A
$GPRMC,082619.00,A,5432.46369,N,01846.06417,E,16.39,88.0,140625,,,A*62
$GPVTG,88.0,T,,M,16.39,N,30.35,K,A*35
$HEHDT,83.9,T*1D
$VWVHW,83.9,T,,M,14.81,N,27.43,K*46
$GPGGA,082620.00,5432.46390,N,01846.07368,E,1,12,1.1,18.2,M,26.5,M,,*52
$GPRMC,082620.00,A,5432.46390,N,01846.07368,E,16.42,87.2,140625,,,A*61
$GPVTG,87.2,T,,M,16.42,N,30.42,K,A*34
$HEHDT,83.4,T*10
$VWVHW,83.4,T,,M,14.87,N,27.54,K*4B
$GPGSV,2,1,08,03,66,046,48,08,41,101,46,11,22,156,45,14,47,211,46*75
$GPGSV,2,2,08,17,66,268,46,22,22,316,44,28,11,356,44,31,59,126,46*7E
$GAGSV,2,1,05,04,50,076,47,09,35,186,46,12,64,241,47,24,09,291,44*6F
$GAGSV,2,2,05,31,19,026,44*53
$GPZDA,082620.00,14,06,2025,00,00*6E
$GPGGA,082621.00,5432.46388,N,01846.08053,E,1,12,1.1,17.1,M,26.5,M,,*52
$GPRMC,082621.00,A,5432.46388,N,01846.08053,E,16.50,88.0,140625,,,A*63
$GPVTG,88.0,T,,M,16.50,N,30.56,K,A*3F
$HEHDT,83.2,T*16
$VWVHW,83.2,T,,M,14.78,N,27.37,K*48
$GPGGA,082622.00,5432.46429,N,01846.08784,E,1,12,1.1,17.7,M,26.5,M,,*56
$GPRMC,082622.00,A,5432.46429,N,01846.08784,E,16.35,87.7,140625,,,A*6A
$GPVTG,87.7,T,,M,16.35,N,30.27,K,A*32
$HEHDT,83.4,T*10
$VWVHW,83.4,T,,M,14.87,N,27.55,K*4A
$GPGGA,082623.00,5432.46446,N,01846.09558,E,1,12,1.1,18.3,M,26.5,M,,*57
$GPRMC,082623.00,A,5432.46446,N,01846.09558,E,16.54,87.9,140625,,,A*69
$GPVTG,87.9,T,,M,16.54,N,30.63,K,A*3B
$HEHDT,83.7,T*13
$VWVHW,83.7,T,,M,14.82,N,27.45,K*4D
$GPGGA,082624.00,5432.46494,N,01846.10416,E,1,12,1.1,17.9,M,26.5,M,,*59
$GPRMC,082624.00,A,5432.46494,N,01846.10416,E,16.51,87.8,140625,,,A*66
$GPVTG,87.8,T,,M,16.51,N,30.58,K,A*37
$HEHDT,82.9,T*1C
$VWVHW,82.9,T,,M,14.75,N,27.31,K*49
$GPGGA,082625.00,5432.46496,N,01846.11183,E,1,12,1.1,17.8,M,26.5,M,,*53
$GPRMC,082625.00,A,5432.46496,N,01846.11183,E,16.27,88.3,140625,,,A*68
$GPVTG,88.3,T,,M,16.27,N,30.13,K,A*3D
$HEHDT,83.4,T*10
$VWVHW,83.4,T,,M,14.76,N,27.33,K*44
$GPGSV,2,1,08,03,66,046,47,08,41,101,46,11,22,156,44,14,47,211,47*7A
$GPGSV,2,2,08,17,66,268,47,22,22,316,44,28,11,356,44,31,59,126,47*7E
$GAGSV,2,1,05,04,50,076,46,09,35,186,45,12,64,241,47,24,09,291,44*6D
$GAGSV,2,2,05,31,19,026,45*52
$GPZDA,082625.00,14,06,2025,00,00*6B
$GPGGA,082626.00,5432.46474,N,01846.11944,E,1,12,1.1,18.0,M,26.5,M,,*58
$GPRMC,082626.00,A,5432.46474,N,01846.11944,E,16.46,87.6,140625,,,A*69
$GPVTG,87.6,T,,M,16.46,N,30.49,K,A*3F
$HEHDT,83.4,T*10
$VWVHW,83.4,T,,M,14.90,N,27.60,K*4A
$GPGGA,082627.00,5432.46499,N,01846.12717,E,1,12,1.1,17.4,M,26.5,M,,*5A
$GPRMC,082627.00,A,5432.46499,N,01846.12717,E,16.41,88.0,140625,,,A*6E
$GPVTG,88.0,T,,M,16.41,N,30.40,K,A*38
$HEHDT,83.2,T*16
$VWVHW,83.2,T,,M,14.79,N,27.40,K*49
$GPGGA,082628.00,5432.46506,N,01846.13504,E,1,12,1.1,18.3,M,26.5,M,,*5B
$GPRMC,082628.00,A,5432.46506,N,01846.13504,E,16.62,88.0,140625,,,A*66
$GPVTG,88.0,T,,M,16.62,N,30.78,K,A*32
$HEHDT,83.3,T*17
$VWVHW,83.3,T,,M,14.87,N,27.54,K*4C
$GPGGA,082629.00,5432.46572,N,01846.14311,E,1,12,1.1,17.5,M,26.5,M,,*55
$GPRMC,082629.00,A,5432.46572,N,01846.14311,E,16.51,88.2,140625,,,A*63
$GPVTG,88.2,T,,M,16.51,N,30.58,K,A*32
$HEHDT,83.6,T*12
$VWVHW,83.6,T,,M,14.83,N,27.47,K*4F
$GPGGA,082630.00,5432.46536,N,01846.15112,E,1,12,1.1,17.8,M,26.5,M,,*50
$GPRMC,082630.00,A,5432.46536,N,01846.15112,E,16.54,88.0,140625,,,A*6C
$GPVTG,88.0,T,,M,16.54,N,30.64,K,A*3A
$HEHDT,82.9,T*1C
$VWVHW,82.9,T,,M,14.80,N,27.41,K*44
$GPGSV,2,1,08,03,66,046,47,08,41,101,46,11,22,156,45,14,47,211,46*7A
$GPGSV,2,2,08,17,66,268,47,22,22,316,45,28,11,356,44,31,59,126,46*7E
$GAGSV,2,1,05,04,50,076,46,09,35,186,46,12,64,241,46,24,09,291,44*6F
$GAGSV,2,2,05,31,19,026,45*52
$GPZDA,082630.00,14,06,2025,00,00*6F
$GPGGA,082631.00,5432.46537,N,01846.15905,E,1,12,1.1,17.8,M,26.5,M,,*5E
$GPRMC,082631.00,A,5432.46537,N,01846.15905,E,16.54,88.0,140625,,,A*62
$GPVTG,88.0,T,,M,16.54,N,30.64,K,A*3A
$HEHDT,83.2,T*16
$VWVHW,83.2,T,,M,14.74,N,27.29,K*4B
$GPGGA,082632.00,5432.46586,N,01846.16704,E,1,12,1.1,18.1,M,26.5,M,,*5D
$GPRMC,082632.00,A,5432.46586,N,01846.16704,E,16.48,88.0,140625,,,A*6A
$GPVTG,88.0,T,,M,16.48,N,30.51,K,A*31
$HEHDT,83.2,T*16
$VWVHW,83.2,T,,M,14.79,N,27.40,K*49
$GPGGA,082633.00,5432.46593,N,01846.17525,E,1,12,1.1,17.9,M,26.5,M,,*5F
$GPRMC,082633.00,A,5432.46593,N,01846.17525,E,16.61,88.3,140625,,,A*67
$GPVTG,88.3,T,,M,16.61,N,30.76,K,A*3C
$HEHDT,83.2,T*16
$VWVHW,83.2,T,,M,14.76,N,27.34,K*45
$GPGGA,082634.00,5432.46643,N,01846.18327,E,1,12,1.1,17.6,M,26.5,M,,*52
$GPRMC,082634.00,A,5432.46643,N,01846.18327,E,16.51,88.3,140625,,,A*66
$GPVTG,88.3,T,,M,16.51,N,30.58,K,A*33
$HEHDT,83.1,T*15
$VWVHW,83.1,T,,M,14.86,N,27.53,K*48
$GPGGA,082635.00,5432.46588,N,01846.19164,E,1,12,1.1,18.4,M,26.5,M,,*5E
$GPRMC,082635.00,A,5432.46588,N,01846.19164,E,16.62,88.1,140625,,,A*65
$GPVTG,88.1,T,,M,16.62,N,30.78,K,A*33
$HEHDT,83.3,T*17
$VWVHW,83.3,T,,M,14.88,N,27.56,K*41
$GPGSV,2,1,08,03,66,046,47,08,41,101,45,11,22,156,45,14,46,211,47*79
$GPGSV,2,2,08,17,66,268,46,22,22,316,45,28,11,356,44,31,59,126,47*7E
$GAGSV,2,1,05,04,50,076,47,09,35,186,45,12,64,241,46,24,09,291,44*6D
$GAGSV,2,2,05,31,19,026,45*52
$GPZDA,082635.00,14,06,2025,00,00*6A
$GPGGA,082636.00,5432.46646,N,01846.19854,E,1,12,1.1,18.1,M,26.5,M,,*53
$GPRMC,082636.00,A,5432.46646,N,01846.19854,E,16.57,88.0,140625,,,A*6A
$GPVTG,88.0,T,,M,16.57,N,30.69,K,A*34
$HEHDT,83.0,T*14
$VWVHW,83.0,T,,M,14.70,N,27.23,K*47
$GPGGA,082637.00,5432.46694,N,01846.20674,E,1,12,1.1,18.3,M,26.5,M,,*59
$GPRMC,082637.00,A,5432.46694,N,01846.20674,E,16.55,88.4,140625,,,A*64
$GPVTG,88.4,T,,M,16.55,N,30.65,K,A*3E
$HEHDT,83.2,T*16
$VWVHW,83.2,T,,M,14.89,N,27.57,K*40
$GPGGA,082638.00,5432.46667,N,01846.21504,E,1,12,1.1,17.7,M,26.5,M,,*54
$GPRMC,082638.00,A,5432.46667,N,01846.21504,E,16.71,88.1,140625,,,A*61
$GPVTG,88.1,T,,M,16.71,N,30.95,K,A*32
$HEHDT,83.5,T*11
$VWVHW,83.5,T,,M,14.65,N,27.14,K*42
$GPGGA,082639.00,5432.46719,N,01846.22275,E,1,12,1.1,17.9,M,26.5,M,,*51
$GPRMC,082639.00,A,5432.46719,N,01846.22275,E,16.60,88.7,140625,,,A*6C
$GPVTG,88.7,T,,M,16.60,N,30.74,K,A*3B
$HEHDT,83.2,T*16
$VWVHW,83.2,T,,M,14.94,N,27.68,K*40
$GPGGA,082640.00,5432.46693,N,01846.23052,E,1,12,1.1,18.0,M,26.5,M,,*5C
$GPRMC,082640.00,A,5432.46693,N,01846.23052,E,16.62,88.5,140625,,,A*67
$GPVTG,88.5,T,,M,16.62,N,30.77,K,A*38
$HEHDT,83.1,T*15
$VWVHW,83.1,T,,M,14.76,N,27.34,K*46
$GPGSV,2,1,08,03,66,046,47,08,41,101,45,11,22,156,45,14,46,211,46*78
$GPGSV,2,2,08,17,66,268,46,22,22,316,45,28,11,356,45,31,59,126,46*7E
$GAGSV,2,1,05,04,50,076,46,09,35,186,46,12,64,241,46,24,09,291,45*6E
$GAGSV,2,2,05,31,19,026,46*51
$GPZDA,082640.00,14,06,2025,00,00*68
$GPGGA,082641.00,5432.46727,N,01846.23835,E,1,12,1.1,18.1,M,26.5,M,,*5B
$GPRMC,082641.00,A,5432.46727,N,01846.23835,E,16.65,88.4,140625,,,A*67
$GPVTG,88.4,T,,M,16.65,N,30.84,K,A*32
$HEHDT,83.3,T*17
$VWVHW,83.3,T,,M,14.83,N,27.46,K*4B
$GPGGA,082642.00,5432.46678,N,01846.24620,E,1,12,1.1,18.2,M,26.5,M,,*5D
$GPRMC,082642.00,A,5432.46678,N,01846.24620,E,16.80,88.7,140625,,,A*6A
$GPVTG,88.7,T,,M,16.80,N,31.11,K,A*37
$HEHDT,82.9,T*1C
$VWVHW,82.9,T,,M,14.82,N,27.44,K*43
$GPGGA,082643.00,5432.46713,N,01846.25464,E,1,12,1.1,17.6,M,26.5,M,,*58
$GPRMC,082643.00,A,5432.46713,N,01846.25464,E,16.74,88.0,140625,,,A*68
$GPVTG,88.0,T,,M,16.74,N,31.00,K,A*3B
$HEHDT,83.6,T*12
$VWVHW,83.6,T,,M,14.80,N,27.41,K*4A
$GPGGA,082644.00,5432.46744,N,01846.26286,E,1,12,1.1,18.3,M,26.5,M,,*5E
$GPRMC,082644.00,A,5432.46744,N,01846.26286,E,16.58,88.9,140625,,,A*63
$GPVTG,88.9,T,,M,16.58,N,30.70,K,A*3A
$HEHDT,83.0,T*14
$VWVHW,83.0,T,,M,14.75,N,27.32,K*42
$GPGGA,082645.00,5432.46763,N,01846.27004,E,1,12,1.1,18.6,M,26.5,M,,*56
$GPRMC,082645.00,A,5432.46763,N,01846.27004,E,16.76,88.5,140625,,,A*6E
$GPVTG,88.5,T,,M,16.76,N,31.03,K,A*3F
$HEHDT,83.3,T*17
$VWVHW,83.3,T,,M,14.73,N,27.29,K*4D
$GPGSV,2,1,08,03,66,046,47,08,41,101,46,11,22,156,45,14,46,211,47*7A
$GPGSV,2,2,08,17,66,268,46,22,22,316,45,28,11,356,45,31,59,126,47*7F
$GAGSV,2,1,05,04,50,076,46,09,35,186,46,12,64,241,46,24,09,291,45*6E
$GAGSV,2,2,05,31,19,026,45*52
$GPZDA,082645.00,14,06,2025,00,00*6D
$GPGGA,082646.00,5432.46741,N,01846.27834,E,1,12,1.1,19.1,M,26.5,M,,*58
$GPRMC,082646.00,A,5432.46741,N,01846.27834,E,16.75,88.4,140625,,,A*64
$GPVTG,88.4,T,,M,16.75,N,31.02,K,A*3C
$HEHDT,83.6,T*12
$VWVHW,83.6,T,,M,14.84,N,27.49,K*46
$GPGGA,082647.00,5432.46792,N,01846.28705,E,1,12,1.1,19.2,M,26.5,M,,*56
$GPRMC,082647.00,A,5432.46792,N,01846.28705,E,16.79,88.8,140625,,,A*69
$GPVTG,88.8,T,,M,16.79,N,31.10,K,A*3F
$HEHDT,83.0,T*14
$VWVHW,83.0,T,,M,14.85,N,27.49,K*41
$GPGGA,082648.00,5432.46754,N,01846.29430,E,1,12,1.1,18.8,M,26.5,M,,*5C
$GPRMC,082648.00,A,5432.46754,N,01846.29430,E,16.77,88.5,140625,,,A*6B
$GPVTG,88.5,T,,M,16.77,N,31.05,K,A*38
$HEHDT,83.4,T*10
$VWVHW,83.4,T,,M,14.78,N,27.37,K*4E
$GPGGA,082649.00,5432.46759,N,01846.30271,E,1,12,1.1,18.8,M,26.5,M,,*5B
$GPRMC,082649.00,A,5432.46759,N,01846.30271,E,16.85,88.9,140625,,,A*6D
$GPVTG,88.9,T,,M,16.85,N,31.20,K,A*3E
$HEHDT,83.1,T*15
$VWVHW,83.1,T,,M,14.87,N,27.53,K*49
$GPGGA,082650.00,5432.46745,N,01846.31134,E,1,12,1.1,18.7,M,26.5,M,,*52
$GPRMC,082650.00,A,5432.46745,N,01846.31134,E,16.88,88.6,140625,,,A*69
$GPVTG,88.6,T,,M,16.88,N,31.27,K,A*3B
$HEHDT,83.3,T*17
$VWVHW,83.3,T,,M,14.83,N,27.46,K*4B
$GPGSV,2,1,08,03,66,046,46,08,41,101,46,11,22,156,46,14,46,211,47*78
$GPGSV,2,2,08,17,65,268,46,22,22,316,46,28,11,356,45,31,59,126,46*7E
$GAGSV,2,1,05,04,50,076,46,09,34,186,46,12,64,241,46,24,09,291,46*6C
$GAGSV,2,2,05,31,19,026,46*51
$GPZDA,082650.00,14,06,2025,00,00*69
$GPGGA,082651.00,5432.46850,N,01846.31795,E,1,12,1.1,19.1,M,26.5,M,,*52
$GPRMC,082651.00,A,5432.46850,N,01846.31795,E,16.86,89.4,140625,,,A*63
$GPVTG,89.4,T,,M,16.86,N,31.22,K,A*33
$HEHDT,83.7,T*13
$VWVHW,83.7,T,,M,14.79,N,27.39,K*42
$GPGGA,082652.00,5432.46818,N,01846.32620,E,1,12,1.1,18.9,M,26.5,M,,*58
$GPRMC,082652.00,A,5432.46818,N,01846.32620,E,16.77,89.0,140625,,,A*6A
$GPVTG,89.0,T,,M,16.77,N,31.07,K,A*3E
$HEHDT,83.0,T*14
$VWVHW,83.0,T,,M,14.56,N,26.97,K*4D
$GPGGA,082653.00,5432.46849,N,01846.33514,E,1,12,1.1,18.8,M,26.5,M,,*59
$GPRMC,082653.00,A,5432.46849,N,01846.33514,E,17.00,89.5,140625,,,A*6E
$GPVTG,89.5,T,,M,17.00,N,31.49,K,A*30
$HEHDT,83.6,T*12
$VWVHW,83.6,T,,M,14.60,N,27.04,K*45
$GPGGA,082654.00,5432.46863,N,01846.34261,E,1,12,1.1,18.6,M,26.5,M,,*5A
$GPRMC,082654.00,A,5432.46863,N,01846.34261,E,16.92,88.9,140625,,,A*64
$GPVTG,88.9,T,,M,16.92,N,31.33,K,A*3A
$HEHDT,83.4,T*10
$VWVHW,83.4,T,,M,14.81,N,27.43,K*4B
$GPGGA,082655.00,5432.46871,N,01846.35049,E,1,12,1.1,18.8,M,26.5,M,,*5F
$GPRMC,082655.00,A,5432.46871,N,01846.35049,E,16.95,89.1,140625,,,A*61
$GPVTG,89.1,T,,M,16.95,N,31.39,K,A*3E
$HEHDT,83.5,T*11
$VWVHW,83.5,T,,M,14.72,N,27.27,K*44
$GPGSV,2,1,08,03,66,046,46,08,41,101,46,11,22,156,46,14,46,211,47*78
$GPGSV,2,2,08,17,65,268,46,22,22,316,46,28,11,356,47,31,59,126,46*7C
$GAGSV,2,1,05,04,50,076,46,09,34,186,45,12,64,241,46,24,09,291,46*6F
$GAGSV,2,2,05,31,19,026,46*51
$GPZDA,082655.00,14,06,2025,00,00*6C
$GPGGA,082656.00,5432.46881,N,01846.35841,E,1,12,1.1,18.6,M,26.5,M,,*5D
$GPRMC,082656.00,A,5432.46881,N,01846.35841,E,16.98,89.5,140625,,,A*64
$GPVTG,89.5,T,,M,16.98,N,31.45,K,A*3C
$HEHDT,82.9,T*1C
$VWVHW,82.9,T,,M,14.75,N,27.33,K*4B
$GPGGA,082657.00,5432.46857,N,01846.36689,E,1,12,1.1,18.0,M,26.5,M,,*58
$GPRMC,082657.00,A,5432.46857,N,01846.36689,E,16.99,89.1,140625,,,A*62
$GPVTG,89.1,T,,M,16.99,N,31.47,K,A*3B
$HEHDT,83.2,T*16
$VWVHW,83.2,T,,M,14.78,N,27.37,K*48
$GPGGA,082658.00,5432.46860,N,01846.37527,E,1,12,1.1,18.1,M,26.5,M,,*54
$GPRMC,082658.00,A,5432.46860,N,01846.37527,E,17.02,89.0,140625,,,A*6D
$GPVTG,89.0,T,,M,17.02,N,31.52,K,A*3D
$HEHDT,83.0,T*14
$VWVHW,83.0,T,,M,14.80,N,27.41,K*4C
$GPGGA,082659.00,5432.46891,N,01846.38384,E,1,12,1.1,18.1,M,26.5,M,,*5B
$GPRMC,082659.00,A,5432.46891,N,01846.38384,E,16.98,89.4,140625,,,A*64
$GPVTG,89.4,T,,M,16.98,N,31.44,K,A*3C
$HEHDT,83.1,T*15
$VWVHW,83.1,T,,M,14.73,N,27.28,K*4E
$GPGGA,082700.00,5432.46866,N,01846.39199,E,1,12,1.1,18.1,M,26.5,M,,*51
$GPRMC,082700.00,A,5432.46866,N,01846.39199,E,16.97,89.5,140625,,,A*60
$GPVTG,89.5,T,,M,16.97,N,31.44,K,A*32
$HEHDT,83.4,T*10
$VWVHW,83.4,T,,M,14.54,N,26.93,K*4F
$GPGSV,2,1,08,03,66,046,47,08,41,101,46,11,22,156,46,14,46,211,46*78
$GPGSV,2,2,08,17,65,268,46,22,22,316,46,28,11,356,46,31,59,126,46*7D
$GAGSV,2,1,05,04,50,076,46,09,34,186,46,12,64,241,46,24,09,291,46*6C
$GAGSV,2,2,05,31,19,026,46*51
$GPZDA,082700.00,14,06,2025,00,00*6D
$GPGGA,082701.00,5432.46864,N,01846.39944,E,1,12,1.1,17.9,M,26.5,M,,*5D
$GPRMC,082701.00,A,5432.46864,N,01846.39944,E,16.98,88.9,140625,,,A*69
$GPVTG,88.9,T,,M,16.98,N,31.44,K,A*30
$HEHDT,83.6,T*12
$VWVHW,83.6,T,,M,14.69,N,27.20,K*4A
$GPGGA,082702.00,5432.46906,N,01846.40661,E,1,12,1.1,18.0,M,26.5,M,,*5B
$GPRMC,082702.00,A,5432.46906,N,01846.40661,E,16.96,89.5,140625,,,A*6A
$GPVTG,89.5,T,,M,16.96,N,31.41,K,A*36
$HEHDT,83.3,T*17
$VWVHW,83.3,T,,M,14.70,N,27.23,K*44
$GPGGA,082703.00,5432.46946,N,01846.41492,E,1,12,1.1,17.9,M,26.5,M,,*57
$GPRMC,082703.00,A,5432.46946,N,01846.41492,E,17.07,89.6,140625,,,A*6A
$GPVTG,89.6,T,,M,17.07,N,31.62,K,A*3D
$HEHDT,82.9,T*1C
$VWVHW,82.9,T,,M,14.62,N,27.08,K*45
$GPGGA,082704.00,5432.46922,N,01846.42365,E,1,12,1.1,17.2,M,26.5,M,,*55
$GPRMC,082704.00,A,5432.46922,N,01846.42365,E,17.07,89.0,140625,,,A*65
$GPVTG,89.0,T,,M,17.07,N,31.61,K,A*38
$HEHDT,83.4,T*10
$VWVHW,83.4,T,,M,14.72,N,27.26,K*44
$GPGGA,082705.00,5432.46945,N,01846.43184,E,1,12,1.1,17.9,M,26.5,M,,*52
$GPRMC,082705.00,A,5432.46945,N,01846.43184,E,16.92,89.4,140625,,,A*60
$GPVTG,89.4,T,,M,16.92,N,31.34,K,A*31
$HEHDT,83.2,T*16
$VWVHW,83.2,T,,M,14.79,N,27.39,K*47
$GPGSV,2,1,08,03,66,046,46,08,41,102,46,11,22,156,45,14,46,212,46*7A
$GPGSV,2,2,08,17,65,268,46,22,22,316,46,28,11,356,46,31,59,126,46*7D
$GAGSV,2,1,05,04,50,076,46,09,34,186,46,12,64,242,46,24,09,292,46*6C
$GAGSV,2,2,05,31,19,026,46*51
$GPZDA,082705.00,14,06,2025,00,00*68
$GPGGA,082706.00,5432.46902,N,01846.43984,E,1,12,1.1,17.9,M,26.5,M,,*5A
$GPRMC,082706.00,A,5432.46902,N,01846.43984,E,17.04,89.8,140625,,,A*6A
$GPVTG,89.8,T,,M,17.04,N,31.55,K,A*34
$HEHDT,83.0,T*14
$VWVHW,83.0,T,,M,14.82,N,27.45,K*4A
$GPGGA,082707.00,5432.46924,N,01846.44812,E,1,12,1.1,18.2,M,26.5,M,,*52
$GPRMC,082707.00,A,5432.46924,N,01846.44812,E,17.15,89.7,140625,,,A*69
$GPVTG,89.7,T,,M,17.15,N,31.76,K,A*3A
$HEHDT,83.0,T*14
$VWVHW,83.0,T,,M,14.77,N,27.35,K*47
$GPGGA,082708.00,5432.46928,N,01846.45548,E,1,12,1.1,18.0,M,26.5,M,,*50
$GPRMC,082708.00,A,5432.46928,N,01846.45548,E,17.12,89.4,140625,,,A*6D
$GPVTG,89.4,T,,M,17.12,N,31.71,K,A*39
$HEHDT,83.2,T*16
$VWVHW,83.2,T,,M,14.75,N,27.31,K*43
$GPGGA,082709.00,5432.47005,N,01846.46387,E,1,12,1.1,17.4,M,26.5,M,,*5B
$GPRMC,082709.00,A,5432.47005,N,01846.46387,E,17.07,89.7,140625,,,A*6A
$GPVTG,89.7,T,,M,17.07,N,31.62,K,A*3C
$HEHDT,82.9,T*1C
$VWVHW,82.9,T,,M,14.73,N,27.28,K*47
$GPGGA,082710.00,5432.46973,N,01846.47313,E,1,12,1.1,17.7,M,26.5,M,,*55
$GPRMC,082710.00,A,5432.46973,N,01846.47313,E,17.16,89.9,140625,,,A*69
$GPVTG,89.9,T,,M,17.16,N,31.78,K,A*39
$HEHDT,83.1,T*15
$VWVHW,83.1,T,,M,14.63,N,27.09,K*4C
$GPGSV,2,1,08,03,66,047,46,08,41,102,46,11,22,157,46,14,46,212,46*79
$GPGSV,2,2,08,17,65,269,47,22,22,317,45,28,11,357,46,31,59,127,46*7F
$GAGSV,2,1,05,04,50,077,46,09,34,187,46,12,64,242,47,24,09,292,45*6E
$GAGSV,2,2,05,31,19,027,45*53
$GPZDA,082710.00,14,06,2025,00,00*6C
$GPGGA,082711.00,5432.46946,N,01846.48121,E,1,12,1.1,17.2,M,26.5,M,,*5B
$GPRMC,082711.00,A,5432.46946,N,01846.48121,E,17.13,90.1,140625,,,A*67
$GPVTG,90.1,T,,M,17.13,N,31.73,K,A*37
$HEHDT,83.4,T*10
$VWVHW,83.4,T,,M,14.73,N,27.28,K*4B
$GPGGA,082712.00,5432.46942,N,01846.48950,E,1,12,1.1,17.0,M,26.5,M,,*50
$GPRMC,082712.00,A,5432.46942,N,01846.48950,E,17.17,90.0,140625,,,A*6B
$GPVTG,90.0,T,,M,17.17,N,31.79,K,A*38
$HEHDT,83.2,T*16
$VWVHW,83.2,T,,M,14.64,N,27.11,K*41
$GPGGA,082713.00,5432.46958,N,01846.49730,E,1,12,1.1,17.1,M,26.5,M,,*52
$GPRMC,082713.00,A,5432.46958,N,01846.49730,E,17.14,89.6,140625,,,A*65
$GPVTG,89.6,T,,M,17.14,N,31.73,K,A*3F
$HEHDT,83.4,T*10
$VWVHW,83.4,T,,M,14.81,N,27.44,K*4C
$GPGGA,082714.00,5432.47006,N,01846.50604,E,1,12,1.1,17.4,M,26.5,M,,*5D
$GPRMC,082714.00,A,5432.47006,N,01846.50604,E,17.11,89.6,140625,,,A*6A
$GPVTG,89.6,T,,M,17.11,N,31.69,K,A*31
$HEHDT,82.5,T*10
$VWVHW,82.5,T,,M,14.77,N,27.36,K*40
$GPGGA,082715.00,5432.46999,N,01846.51336,E,1,12,1.1,17.3,M,26.5,M,,*50
$GPRMC,082715.00,A,5432.46999,N,01846.51336,E,17.19,89.8,140625,,,A*66
$GPVTG,89.8,T,,M,17.19,N,31.83,K,A*33
$HEHDT,83.5,T*11
$VWVHW,83.5,T,,M,14.73,N,27.28,K*4A
$GPGSV,2,1,08,03,66,047,45,08,41,102,45,11,22,157,46,14,46,212,46*79
$GPGSV,2,2,08,17,65,269,46,22,22,317,46,28,11,357,47,31,59,127,46*7C
$GAGSV,2,1,05,04,50,077,46,09,34,187,46,12,64,242,47,24,09,292,46*6D
$GAGSV,2,2,05,31,19,027,47*51
$GPZDA,082715.00,14,06,2025,00,00*69
$GPGGA,082716.00,5432.46993,N,01846.52234,E,1,12,1.1,17.9,M,26.5,M,,*53
$GPRMC,082716.00,A,5432.46993,N,01846.52234,E,17.36,89.4,140625,,,A*6E
$GPVTG,89.4,T,,M,17.36,N,32.16,K,A*3D
$HEHDT,83.4,T*10
$VWVHW,83.4,T,,M,14.79,N,27.39,K*41
$GPGGA,082717.00,5432.46967,N,01846.53060,E,1,12,1.1,17.2,M,26.5,M,,*50
$GPRMC,082717.00,A,5432.46967,N,01846.53060,E,17.14,89.9,140625,,,A*6B
$GPVTG,89.9,T,,M,17.14,N,31.74,K,A*37
$HEHDT,82.9,T*1C
$VWVHW,82.9,T,,M,14.80,N,27.42,K*47
$GPGGA,082718.00,5432.46996,N,01846.53963,E,1,12,1.1,17.2,M,26.5,M,,*5B
$GPRMC,082718.00,A,5432.46996,N,01846.53963,E,17.23,89.9,140625,,,A*64
$GPVTG,89.9,T,,M,17.23,N,31.90,K,A*39
$HEHDT,83.6,T*12
$VWVHW,83.6,T,,M,14.78,N,27.37,K*4C
$GPGGA,082719.00,5432.46985,N,01846.54738,E,1,12,1.1,17.8,M,26.5,M,,*55
$GPRMC,082719.00,A,5432.46985,N,01846.54738,E,17.23,90.6,140625,,,A*67
$GPVTG,90.6,T,,M,17.23,N,31.91,K,A*3F
$HEHDT,83.3,T*17
$VWVHW,83.3,T,,M,14.90,N,27.59,K*47
$GPGGA,082720.00,5432.46990,N,01846.55543,E,1,12,1.1,17.2,M,26.5,M,,*5E
$GPRMC,082720.00,A,5432.46990,N,01846.55543,E,17.20,89.9,140625,,,A*62
$GPVTG,89.9,T,,M,17.20,N,31.85,K,A*3E
$HEHDT,83.0,T*14
$VWVHW,83.0,T,,M,14.75,N,27.32,K*42
$GPGSV,2,1,08,03,66,047,46,08,41,102,46,11,22,157,47,14,46,212,46*78
$GPGSV,2,2,08,17,65,269,45,22,22,317,46,28,11,357,47,31,59,127,46*7F
$GAGSV,2,1,05,04,50,077,46,09,34,187,46,12,64,242,45,24,09,292,46*6F
$GAGSV,2,2,05,31,19,027,46*50
$GPZDA,082720.00,14,06,2025,00,00*6F
$GPGGA,082721.00,5432.46966,N,01846.56352,E,1,12,1.1,17.2,M,26.5,M,,*53
$GPRMC,082721.00,A,5432.46966,N,01846.56352,E,17.25,90.0,140625,,,A*6B
$GPVTG,90.0,T,,M,17.25,N,31.95,K,A*3B
$HEHDT,83.0,T*14
$VWVHW,83.0,T,,M,14.73,N,27.28,K*4F
$GPGGA,082722.00,5432.47001,N,01846.57159,E,1,12,1.1,17.1,M,26.5,M,,*52
$GPRMC,082722.00,A,5432.47001,N,01846.57159,E,17.33,90.1,140625,,,A*6F
$GPVTG,90.1,T,,M,17.33,N,32.09,K,A*3B
$HEHDT,82.9,T*1C
$VWVHW,82.9,T,,M,14.73,N,27.29,K*46
$GPGGA,082723.00,5432.46949,N,01846.58049,E,1,12,1.1,17.5,M,26.5,M,,*5C
$GPRMC,082723.00,A,5432.46949,N,01846.58049,E,17.28,90.0,140625,,,A*6E
$GPVTG,90.0,T,,M,17.28,N,32.00,K,A*39
$HEHDT,83.2,T*16
$VWVHW,83.2,T,,M,14.90,N,27.59,K*46
$GPGGA,082724.00,5432.46952,N,01846.58845,E,1,12,1.1,17.0,M,26.5,M,,*50
$GPRMC,082724.00,A,5432.46952,N,01846.58845,E,17.40,90.4,140625,,,A*6D
$GPVTG,90.4,T,,M,17.40,N,32.22,K,A*33
$HEHDT,82.9,T*1C
$VWVHW,82.9,T,,M,14.72,N,27.26,K*48
$GPGGA,082725.00,5432.46945,N,01846.59718,E,1,12,1.1,17.3,M,26.5,M,,*52
$GPRMC,082725.00,A,5432.46945,N,01846.59718,E,17.24,90.6,140625,,,A*6C
$GPVTG,90.6,T,,M,17.24,N,31.93,K,A*3A
$HEHDT,83.6,T*12
$VWVHW,83.6,T,,M,14.66,N,27.16,K*40
$GPGSV,2,1,08,03,66,047,46,08,41,102,46,11,22,157,46,14,46,212,46*79
$GPGSV,2,2,08,17,65,269,45,22,22,317,46,28,11,357,46,31,59,127,46*7E
$GAGSV,2,1,05,04,50,077,45,09,34,187,46,12,64,242,46,24,09,292,46*6F
$GAGSV,2,2,05,31,19,027,45*53
$GPZDA,082725.00,14,06,2025,00,00*6A
$GPGGA,082726.00,5432.46996,N,01846.60460,E,1,12,1.1,16.9,M,26.5,M,,*52
$GPRMC,082726.00,A,5432.46996,N,01846.60460,E,17.37,90.0,140625,,,A*63
$GPVTG,90.0,T,,M,17.37,N,32.16,K,A*30
$HEHDT,83.1,T*15
$VWVHW,83.1,T,,M,14.74,N,27.30,K*40
$GPGGA,082727.00,5432.46963,N,01846.61330,E,1,12,1.1,17.0,M,26.5,M,,*52
$GPRMC,082727.00,A,5432.46963,N,01846.61330,E,17.31,90.2,140625,,,A*6F
$GPVTG,90.2,T,,M,17.31,N,32.05,K,A*36
$HEHDT,83.6,T*12
$VWVHW,83.6,T,,M,14.76,N,27.34,K*41
$GPGGA,082728.00,5432.46972,N,01846.62114,E,1,12,1.1,16.7,M,26.5,M,,*5C
$GPRMC,082728.00,A,5432.46972,N,01846.62114,E,17.43,90.1,140625,,,A*61
$GPVTG,90.1,T,,M,17.43,N,32.28,K,A*3F
$HEHDT,83.3,T*17
$VWVHW,83.3,T,,M,14.65,N,27.14,K*44
$GPGGA,082729.00,5432.46973,N,01846.62974,E,1,12,1.1,17.0,M,26.5,M,,*54
$GPRMC,082729.00,A,5432.46973,N,01846.62974,E,17.40,90.6,140625,,,A*6B
$GPVTG,90.6,T,,M,17.40,N,32.23,K,A*30
$HEHDT,83.2,T*16
$VWVHW,83.2,T,,M,14.64,N,27.11,K*41
$GPGGA,082730.00,5432.46926,N,01846.63740,E,1,12,1.1,16.7,M,26.5,M,,*52
$GPRMC,082730.00,A,5432.46926,N,01846.63740,E,17.38,90.3,140625,,,A*61
$GPVTG,90.3,T,,M,17.38,N,32.19,K,A*33
$HEHDT,83.5,T*11
$VWVHW,83.5,T,,M,14.52,N,26.90,K*4B
$GPGSV,2,1,08,03,66,047,47,08,41,102,46,11,21,157,46,14,46,212,46*7B
$GPGSV,2,2,08,17,65,269,46,22,22,317,46,28,11,357,46,31,59,127,46*7D
$GAGSV,2,1,05,04,50,077,46,09,34,187,46,12,64,242,46,24,09,292,46*6C
$GAGSV,2,2,05,31,19,027,46*50
$GPZDA,082730.00,14,06,2025,00,00*6E
$GPGGA,082731.00,5432.46920,N,01846.64630,E,1,12,1.1,16.0,M,26.5,M,,*53
$GPRMC,082731.00,A,5432.46920,N,01846.64630,E,17.33,91.1,140625,,,A*6F
$GPVTG,91.1,T,,M,17.33,N,32.10,K,A*32
$HEHDT,83.1,T*15
$VWVHW,83.1,T,,M,14.62,N,27.08,K*4C
$GPGGA,082732.00,5432.46938,N,01846.65515,E,1,12,1.1,16.5,M,26.5,M,,*59
$GPRMC,082732.00,A,5432.46938,N,01846.65515,E,17.20,90.7,140625,,,A*65
$GPVTG,90.7,T,,M,17.20,N,31.85,K,A*38
$HEHDT,83.2,T*16
$VWVHW,83.2,T,,M,14.63,N,27.09,K*4F
$GPGGA,082733.00,5432.46959,N,01846.66304,E,1,12,1.1,16.4,M,26.5,M,,*5B
$GPRMC,082733.00,A,5432.46959,N,01846.66304,E,17.38,90.3,140625,,,A*6B
$GPVTG,90.3,T,,M,17.38,N,32.18,K,A*32
$HEHDT,83.1,T*15
$VWVHW,83.1,T,,M,14.63,N,27.09,K*4C
$GPGGA,082734.00,5432.46939,N,01846.67124,E,1,12,1.1,16.4,M,26.5,M,,*5B
$GPRMC,082734.00,A,5432.46939,N,01846.67124,E,17.42,90.6,140625,,,A*63
$GPVTG,90.6,T,,M,17.42,N,32.27,K,A*36
$HEHDT,83.0,T*14
$VWVHW,83.0,T,,M,14.55,N,26.95,K*4C
$GPGGA,082735.00,5432.46897,N,01846.67986,E,1,12,1.1,16.9,M,26.5,M,,*52
$GPRMC,082735.00,A,5432.46897,N,01846.67986,E,17.33,90.7,140625,,,A*60
$GPVTG,90.7,T,,M,17.33,N,32.10,K,A*35
$HEHDT,83.3,T*17
$VWVHW,83.3,T,,M,14.50,N,26.85,K*4B
$GPGSV,2,1,08,03,66,047,47,08,41,102,46,11,21,157,46,14,46,212,46*7B
$GPGSV,2,2,08,17,65,269,45,22,22,317,46,28,11,357,45,31,59,127,45*7E
$GAGSV,2,1,05,04,50,077,46,09,34,187,46,12,64,242,46,24,09,292,46*6C
$GAGSV,2,2,05,31,19,027,46*50
$GPZDA,082735.00,14,06,2025,00,00*6B
$GPGGA,082736.00,5432.46926,N,01846.68767,E,1,12,1.0,16.7,M,26.5,M,,*5B
$GPRMC,082736.00,A,5432.46926,N,01846.68767,E,17.51,90.4,140625,,,A*61
$GPVTG,90.4,T,,M,17.51,N,32.43,K,A*34
$HEHDT,83.7,T*13
$VWVHW,83.7,T,,M,14.52,N,26.88,K*40
$GPGGA,082737.00,5432.46936,N,01846.69600,E,1,12,1.0,16.7,M,26.5,M,,*5A
$GPRMC,082737.00,A,5432.46936,N,01846.69600,E,17.39,90.7,140625,,,A*6D
$GPVTG,90.7,T,,M,17.39,N,32.21,K,A*3D
$HEHDT,83.4,T*10
$VWVHW,83.4,T,,M,14.60,N,27.04,K*47
$GPGGA,082738.00,5432.46903,N,01846.70450,E,1,12,1.0,16.7,M,26.5,M,,*5C
$GPRMC,082738.00,A,5432.46903,N,01846.70450,E,17.60,91.0,140625,,,A*61
$GPVTG,91.0,T,,M,17.60,N,32.59,K,A*38
$HEHDT,82.8,T*1D
$VWVHW,82.8,T,,M,14.64,N,27.12,K*49
$GPGGA,082739.00,5432.46875,N,01846.71329,E,1,12,1.0,16.8,M,26.5,M,,*5A
$GPRMC,082739.00,A,5432.46875,N,01846.71329,E,17.66,90.3,140625,,,A*6C
$GPVTG,90.3,T,,M,17.66,N,32.70,K,A*37
$HEHDT,83.4,T*10
$VWVHW,83.4,T,,M,14.64,N,27.11,K*47
$GPGGA,082740.00,5432.46934,N,01846.72161,E,1,12,1.0,16.6,M,26.5,M,,*53
$GPRMC,082740.00,A,5432.46934,N,01846.72161,E,17.47,90.7,140625,,,A*6C
$GPVTG,90.7,T,,M,17.47,N,32.35,K,A*31
$HEHDT,83.1,T*15
$VWVHW,83.1,T,,M,14.56,N,26.97,K*4C
$GPGSV,2,1,08,03,66,047,46,08,41,102,46,11,21,157,46,14,46,212,47*7B
$GPGSV,2,2,08,17,65,269,46,22,22,317,46,28,11,357,46,31,59,127,46*7D
$GAGSV,2,1,05,04,50,077,46,09,34,187,46,12,64,242,46,24,09,292,47*6D
$GAGSV,2,2,05,31,19,027,45*53
$GPZDA,082740.00,14,06,2025,00,00*69
$GPGGA,082741.00,5432.46885,N,01846.73013,E,1,12,1.0,17.3,M,26.5,M,,*58
$GPRMC,082741.00,A,5432.46885,N,01846.73013,E,17.43,90.8,140625,,,A*68
$GPVTG,90.8,T,,M,17.43,N,32.28,K,A*36
$HEHDT,83.0,T*14
$VWVHW,83.0,T,,M,14.68,N,27.18,K*46
$GPGGA,082742.00,5432.46849,N,01846.73828,E,1,12,1.0,17.2,M,26.5,M,,*5A
$GPRMC,082742.00,A,5432.46849,N,01846.73828,E,17.44,90.9,140625,,,A*6D
$GPVTG,90.9,T,,M,17.44,N,32.31,K,A*38
$HEHDT,82.9,T*1C
$VWVHW,82.9,T,,M,14.62,N,27.07,K*4A
$GPGGA,082743.00,5432.46866,N,01846.74649,E,1,12,1.0,16.5,M,26.5,M,,*5E
$GPRMC,082743.00,A,5432.46866,N,01846.74649,E,17.46,91.0,140625,,,A*65
$GPVTG,91.0,T,,M,17.46,N,32.34,K,A*37
$HEHDT,83.3,T*17
$VWVHW,83.3,T,,M,14.79,N,27.39,K*46
$GPGGA,082744.00,5432.46880,N,01846.75454,E,1,12,1.0,16.9,M,26.5,M,,*52
$GPRMC,082744.00,A,5432.46880,N,01846.75454,E,17.46,90.9,140625,,,A*6D
$GPVTG,90.9,T,,M,17.46,N,32.34,K,A*3F
$HEHDT,82.6,T*13
$VWVHW,82.6,T,,M,14.66,N,27.16,K*41
$GPGGA,082745.00,5432.46840,N,01846.76313,E,1,12,1.0,16.1,M,26.5,M,,*50
$GPRMC,082745.00,A,5432.46840,N,01846.76313,E,17.47,90.9,140625,,,A*66
$GPVTG,90.9,T,,M,17.47,N,32.35,K,A*3F
$HEHDT,83.0,T*14
$VWVHW,83.0,T,,M,14.59,N,27.03,K*4E
$GPGSV,2,1,08,03,66,047,46,08,41,102,46,11,21,157,46,14,46,212,45*79
$GPGSV,2,2,08,17,65,269,46,22,22,317,45,28,11,357,46,31,59,127,47*7F
$GAGSV,2,1,05,04,50,077,46,09,34,187,46,12,64,242,46,24,09,292,46*6C
$GAGSV,2,2,05,31,19,027,47*51
$GPZDA,082745.00,14,06,2025,00,00*6C
$GPGGA,082746.00,5432.46799,N,01846.77174,E,1,12,1.0,17.0,M,26.5,M,,*5A
$GPRMC,082746.00,A,5432.46799,N,01846.77174,E,17.58,90.3,140625,,,A*68
$GPVTG,90.3,T,,M,17.58,N,32.56,K,A*3E
$HEHDT,83.1,T*15
$VWVHW,83.1,T,,M,14.71,N,27.24,K*40
$GPGGA,082747.00,5432.46842,N,01846.77892,E,1,12,1.0,17.1,M,26.5,M,,*52
$GPRMC,082747.00,A,5432.46842,N,01846.77892,E,17.59,91.0,140625,,,A*62
$GPVTG,91.0,T,,M,17.59,N,32.57,K,A*3C
$HEHDT,82.4,T*11
$VWVHW,82.4,T,,M,14.72,N,27.26,K*45
$GPGGA,082748.00,5432.46871,N,01846.78839,E,1,12,1.0,17.1,M,26.5,M,,*53
$GPRMC,082748.00,A,5432.46871,N,01846.78839,E,17.55,90.9,140625,,,A*67
$GPVTG,90.9,T,,M,17.55,N,32.50,K,A*3F
$HEHDT,83.8,T*1C
$VWVHW,83.8,T,,M,14.61,N,27.06,K*48
$GPGGA,082749.00,5432.46805,N,01846.79635,E,1,12,1.0,17.2,M,26.5,M,,*51
$GPRMC,082749.00,A,5432.46805,N,01846.79635,E,17.59,91.7,140625,,,A*65
$GPVTG,91.7,T,,M,17.59,N,32.58,K,A*34
$HEHDT,82.8,T*1D
$VWVHW,82.8,T,,M,14.65,N,27.12,K*48
$GPGGA,082750.00,5432.46782,N,01846.80460,E,1,12,1.0,16.8,M,26.5,M,,*56
$GPRMC,082750.00,A,5432.46782,N,01846.80460,E,17.58,91.0,140625,,,A*6F
$GPVTG,91.0,T,,M,17.58,N,32.56,K,A*3C
$HEHDT,83.1,T*15
$VWVHW,83.1,T,,M,14.65,N,27.13,K*41
$GPGSV,2,1,08,03,66,047,46,08,41,102,46,11,21,157,46,14,46,212,46*7A
$GPGSV,2,2,08,17,65,269,47,22,22,317,45,28,11,357,46,31,59,127,46*7F
$GAGSV,2,1,05,04,50,077,46,09,34,187,45,12,64,242,46,24,09,292,45*6C
$GAGSV,2,2,05,31,19,027,45*53
$GPZDA,082750.00,14,06,2025,00,00*68
$GPGGA,082751.00,5432.46862,N,01846.81270,E,1,12,1.0,16.9,M,26.5,M,,*51
$GPRMC,082751.00,A,5432.46862,N,01846.81270,E,17.61,91.3,140625,,,A*60
$GPVTG,91.3,T,,M,17.61,N,32.61,K,A*31
$HEHDT,83.2,T*16
$VWVHW,83.2,T,,M,14.44,N,26.74,K*41
$GPGGA,082752.00,5432.46802,N,01846.82092,E,1,12,1.0,17.1,M,26.5,M,,*50
$GPRMC,082752.00,A,5432.46802,N,01846.82092,E,17.68,91.2,140625,,,A*60
$GPVTG,91.2,T,,M,17.68,N,32.74,K,A*3D
$HEHDT,83.5,T*11
$VWVHW,83.5,T,,M,14.42,N,26.71,K*45
$GPGGA,082753.00,5432.46739,N,01846.82875,E,1,12,1.0,16.7,M,26.5,M,,*50
$GPRMC,082753.00,A,5432.46739,N,01846.82875,E,17.58,91.5,140625,,,A*63
$GPVTG,91.5,T,,M,17.58,N,32.56,K,A*39
$HEHDT,83.2,T*16
$VWVHW,83.2,T,,M,14.67,N,27.16,K*45
$GPGGA,082754.00,5432.46766,N,01846.83794,E,1,12,1.0,16.9,M,26.5,M,,*52
$GPRMC,082754.00,A,5432.46766,N,01846.83794,E,17.53,90.8,140625,,,A*68
$GPVTG,90.8,T,,M,17.53,N,32.47,K,A*3E
$HEHDT,83.5,T*11
$VWVHW,83.5,T,,M,14.62,N,27.08,K*48
$GPGGA,082755.00,5432.46756,N,01846.84678,E,1,12,1.0,17.7,M,26.5,M,,*5B
$GPRMC,082755.00,A,5432.46756,N,01846.84678,E,17.65,91.3,140625,,,A*61
$GPVTG,91.3,T,,M,17.65,N,32.69,K,A*3D
$HEHDT,83.1,T*15
$VWVHW,83.1,T,,M,14.58,N,27.00,K*4D
$GPGSV,2,1,08,03,66,047,46,08,41,102,46,11,21,157,46,14,46,212,46*7A
$GPGSV,2,2,08,17,65,269,46,22,22,317,45,28,11,357,45,31,59,127,46*7D
$GAGSV,2,1,05,04,50,077,47,09,34,187,46,12,64,242,46,24,09,292,46*6D
$GAGSV,2,2,05,31,19,027,46*50
$GPZDA,082755.00,14,06,2025,00,00*6D
$GPGGA,082756.00,5432.46729,N,01846.85469,E,1,12,1.0,17.0,M,26.5,M,,*54
$GPRMC,082756.00,A,5432.46729,N,01846.85469,E,17.67,91.5,140625,,,A*6D
$GPVTG,91.5,T,,M,17.67,N,32.73,K,A*32
$HEHDT,83.2,T*16
$VWVHW,83.2,T,,M,14.58,N,27.00,K*4E
$GPGGA,082757.00,5432.46738,N,01846.86433,E,1,12,1.0,17.5,M,26.5,M,,*5C
$GPRMC,082757.00,A,5432.46738,N,01846.86433,E,17.62,91.5,140625,,,A*65
$GPVTG,91.5,T,,M,17.62,N,32.62,K,A*37
$HEHDT,83.0,T*14
$VWVHW,83.0,T,,M,14.74,N,27.29,K*49
$GPGGA,082758.00,5432.46702,N,01846.87184,E,1,12,1.0,17.3,M,26.5,M,,*54
$GPRMC,082758.00,A,5432.46702,N,01846.87184,E,17.66,91.3,140625,,,A*69
$GPVTG,91.3,T,,M,17.66,N,32.71,K,A*37
$HEHDT,83.5,T*11
$VWVHW,83.5,T,,M,14.45,N,26.75,K*46
$GPGGA,082759.00,5432.46730,N,01846.88058,E,1,12,1.0,17.1,M,26.5,M,,*59
$GPRMC,082759.00,A,5432.46730,N,01846.88058,E,17.74,91.5,140625,,,A*63
$GPVTG,91.5,T,,M,17.74,N,32.86,K,A*3A
$HEHDT,82.8,T*1D
$VWVHW,82.8,T,,M,14.42,N,26.71,K*49
$GPGGA,082800.00,5432.46681,N,01846.88918,E,1,12,1.0,16.4,M,26.5,M,,*58
$GPRMC,082800.00,A,5432.46681,N,01846.88918,E,17.75,91.3,140625,,,A*61
$GPVTG,91.3,T,,M,17.75,N,32.86,K,A*3D
$HEHDT,83.0,T*14
$VWVHW,83.0,T,,M,14.54,N,26.92,K*4A
$GPGSV,2,1,08,03,66,047,46,08,41,102,46,11,21,157,47,14,46,212,46*7B
$GPGSV,2,2,08,17,65,269,46,22,22,317,46,28,11,357,45,31,59,127,45*7D
$GAGSV,2,1,05,04,50,077,46,09,34,187,46,12,64,242,47,24,09,292,46*6D
$GAGSV,2,2,05,31,19,027,47*51
$GPZDA,082800.00,14,06,2025,00,00*62
$GPGGA,082801.00,5432.46742,N,01846.89719,E,1,12,1.0,17.2,M,26.5,M,,*5E
$GPRMC,082801.00,A,5432.46742,N,01846.89719,E,17.73,91.6,140625,,,A*63
$GPVTG,91.6,T,,M,17.73,N,32.84,K,A*3C
$HEHDT,83.2,T*16
$VWVHW,83.2,T,,M,14.49,N,26.84,K*43
$GPGGA,082802.00,5432.46708,N,01846.90587,E,1,12,1.0,16.7,M,26.5,M,,*5A
$GPRMC,082802.00,A,5432.46708,N,01846.90587,E,17.81,90.8,140625,,,A*61
$GPVTG,90.8,T,,M,17.81,N,32.98,K,A*33
$HEHDT,83.1,T*15
$VWVHW,83.1,T,,M,14.63,N,27.10,K*44
$GPGGA,082803.00,5432.46666,N,01846.91458,E,1,12,1.0,17.4,M,26.5,M,,*52
$GPRMC,082803.00,A,5432.46666,N,01846.91458,E,17.80,91.5,140625,,,A*66
$GPVTG,91.5,T,,M,17.80,N,32.96,K,A*30
$HEHDT,83.0,T*14
$VWVHW,83.0,T,,M,14.56,N,26.97,K*4D
$GPGGA,082804.00,5432.46642,N,01846.92248,E,1,12,1.0,16.8,M,26.5,M,,*5A
$GPRMC,082804.00,A,5432.46642,N,01846.92248,E,17.77,91.3,140625,,,A*6D
$GPVTG,91.3,T,,M,17.77,N,32.91,K,A*39
$HEHDT,82.8,T*1D
$VWVHW,82.8,T,,M,14.53,N,26.91,K*47
$GPGGA,082805.00,5432.46631,N,01846.93034,E,1,12,1.0,17.3,M,26.5,M,,*5D
$GPRMC,082805.00,A,5432.46631,N,01846.93034,E,17.73,91.7,140625,,,A*60
$GPVTG,91.7,T,,M,17.73,N,32.84,K,A*3D
$HEHDT,83.5,T*11
$VWVHW,83.5,T,,M,14.51,N,26.86,K*4F
$GPGSV,2,1,08,03,66,047,46,08,41,102,46,11,21,157,47,14,46,212,46*7B
$GPGSV,2,2,08,17,65,269,47,22,22,317,46,28,11,357,46,31,59,127,46*7C
$GAGSV,2,1,05,04,50,077,47,09,34,187,46,12,64,242,46,24,09,292,46*6D
$GAGSV,2,2,05,31,19,027,46*50
$GPZDA,082805.00,14,06,2025,00,00*67
$GPGGA,082806.00,5432.46623,N,01846.93895,E,1,12,1.0,16.9,M,26.5,M,,*55
$GPRMC,082806.00,A,5432.46623,N,01846.93895,E,17.84,91.6,140625,,,A*6A
$GPVTG,91.6,T,,M,17.84,N,33.04,K,A*3D
$HEHDT,83.3,T*17
$VWVHW,83.3,T,,M,14.58,N,27.01,K*4E
$GPGGA,082807.00,5432.46547,N,01846.94727,E,1,12,1.0,16.3,M,26.5,M,,*5E
$GPRMC,082807.00,A,5432.46547,N,01846.94727,E,17.76,91.6,140625,,,A*66
$GPVTG,91.6,T,,M,17.76,N,32.90,K,A*3C
$HEHDT,82.9,T*1C
$VWVHW,82.9,T,,M,14.71,N,27.23,K*4E
$GPGGA,082808.00,5432.46575,N,01846.95551,E,1,12,1.0,16.6,M,26.5,M,,*57
$GPRMC,082808.00,A,5432.46575,N,01846.95551,E,17.79,91.4,140625,,,A*67
$GPVTG,91.4,T,,M,17.79,N,32.95,K,A*34
$HEHDT,83.0,T*14
$VWVHW,83.0,T,,M,14.53,N,26.91,K*4E
$GPGGA,082809.00,5432.46549,N,01846.96436,E,1,12,1.0,16.9,M,26.5,M,,*55
$GPRMC,082809.00,A,5432.46549,N,01846.96436,E,17.89,91.7,140625,,,A*66
$GPVTG,91.7,T,,M,17.89,N,33.12,K,A*36
$HEHDT,83.4,T*10
$VWVHW,83.4,T,,M,14.48,N,26.81,K*41
$GPGGA,082810.00,5432.46568,N,01846.97290,E,1,12,1.0,17.7,M,26.5,M,,*5A
$GPRMC,082810.00,A,5432.46568,N,01846.97290,E,17.81,91.9,140625,,,A*60
$GPVTG,91.9,T,,M,17.81,N,32.98,K,A*33
$HEHDT,83.1,T*15
$VWVHW,83.1,T,,M,14.64,N,27.11,K*42
$GPGSV,2,1,08,03,66,047,46,08,41,102,46,11,21,157,46,14,46,212,47*7B
$GPGSV,2,2,08,17,65,269,46,22,22,317,46,28,11,357,46,31,59,127,46*7D
$GAGSV,2,1,05,04,50,077,46,09,34,187,45,12,64,242,47,24,09,292,46*6E
$GAGSV,2,2,05,31,19,027,46*50
$GPZDA,082810.00,14,06,2025,00,00*63
$GPGGA,082811.00,5432.46519,N,01846.98154,E,1,12,1.0,17.0,M,26.5,M,,*5E
$GPRMC,082811.00,A,5432.46519,N,01846.98154,E,17.93,91.5,140625,,,A*6C
$GPVTG,91.5,T,,M,17.93,N,33.20,K,A*3E
$HEHDT,83.2,T*16
$VWVHW,83.2,T,,M,14.51,N,26.87,K*49
$GPGGA,082812.00,5432.46516,N,01846.99076,E,1,12,1.0,16.8,M,26.5,M,,*5B
$GPRMC,082812.00,A,5432.46516,N,01846.99076,E,17.87,92.2,140625,,,A*61
$GPVTG,92.2,T,,M,17.87,N,33.10,K,A*3C
$HEHDT,83.4,T*10
$VWVHW,83.4,T,,M,14.45,N,26.76,K*44
$GPGGA,082813.00,5432.46500,N,01846.99879,E,1,12,1.0,16.7,M,26.5,M,,*55
$GPRMC,082813.00,A,5432.46500,N,01846.99879,E,17.99,91.6,140625,,,A*68
$GPVTG,91.6,T,,M,17.99,N,33.31,K,A*37
$HEHDT,83.4,T*10
$VWVHW,83.4,T,,M,14.61,N,27.06,K*44
$GPGGA,082814.00,5432.46522,N,01847.00669,E,1,12,1.0,16.7,M,26.5,M,,*5C
$GPRMC,082814.00,A,5432.46522,N,01847.00669,E,17.85,92.2,140625,,,A*6B
$GPVTG,92.2,T,,M,17.85,N,33.05,K,A*3A
$HEHDT,82.7,T*12
$VWVHW,82.7,T,,M,14.46,N,26.79,K*4A
$GPGGA,082815.00,5432.46485,N,01847.01565,E,1,12,1.0,16.6,M,26.5,M,,*5E
$GPRMC,082815.00,A,5432.46485,N,01847.01565,E,18.04,91.8,140625,,,A*67
$GPVTG,91.8,T,,M,18.04,N,33.40,K,A*34
$HEHDT,82.9,T*1C
$VWVHW,82.9,T,,M,14.43,N,26.72,K*4A
$GPGSV,2,1,08,03,66,047,46,08,41,102,46,11,21,157,46,14,46,212,46*7A
$GPGSV,2,2,08,17,65,269,45,22,22,317,46,28,11,357,46,31,59,127,46*7E
$GAGSV,2,1,05,04,50,077,46,09,34,187,46,12,64,242,46,24,09,292,45*6F
$GAGSV,2,2,05,31,19,027,46*50
$GPZDA,082815.00,14,06,2025,00,00*66
$GPGGA,082816.00,5432.46411,N,01847.02368,E,1,12,1.0,17.5,M,26.5,M,,*5A
$GPRMC,082816.00,A,5432.46411,N,01847.02368,E,18.00,91.9,140625,,,A*64
$GPVTG,91.9,T,,M,18.00,N,33.34,K,A*32
$HEHDT,82.5,T*10
$VWVHW,82.5,T,,M,14.43,N,26.73,K*47
$GPGGA,082817.00,5432.46436,N,01847.03187,E,1,12,1.0,16.7,M,26.5,M,,*5F
$GPRMC,082817.00,A,5432.46436,N,01847.03187,E,18.19,92.2,140625,,,A*62
$GPVTG,92.2,T,,M,18.19,N,33.68,K,A*3B
$HEHDT,83.2,T*16
$VWVHW,83.2,T,,M,14.52,N,26.89,K*44
$GPGGA,082818.00,5432.46427,N,01847.04095,E,1,12,1.0,16.8,M,26.5,M,,*5A
$GPRMC,082818.00,A,5432.46427,N,01847.04095,E,17.97,92.3,140625,,,A*60
$GPVTG,92.3,T,,M,17.97,N,33.29,K,A*36
$HEHDT,83.1,T*15
$VWVHW,83.1,T,,M,14.48,N,26.82,K*47
$GPGGA,082819.00,5432.46340,N,01847.04896,E,1,12,1.0,17.0,M,26.5,M,,*5F
$GPRMC,082819.00,A,5432.46340,N,01847.04896,E,18.12,92.0,140625,,,A*6D
$GPVTG,92.0,T,,M,18.12,N,33.56,K,A*3F
$HEHDT,83.2,T*16
$VWVHW,83.2,T,,M,14.51,N,26.86,K*48
$GPGGA,082820.00,5432.46387,N,01847.05769,E,1,12,1.0,16.8,M,26.5,M,,*59
$GPRMC,082820.00,A,5432.46387,N,01847.05769,E,18.18,92.0,140625,,,A*68
$GPVTG,92.0,T,,M,18.18,N,33.66,K,A*36
$HEHDT,82.6,T*13
$VWVHW,82.6,T,,M,14.48,N,26.83,K*40
$GPGSV,2,1,08,03,66,047,46,08,41,102,46,11,21,157,45,14,46,212,46*79
$GPGSV,2,2,08,17,65,269,46,22,22,317,46,28,11,357,46,31,59,127,46*7D
$GAGSV,2,1,05,04,50,077,46,09,34,187,47,12,64,242,46,24,09,292,46*6D
$GAGSV,2,2,05,31,19,027,45*53
$GPZDA,082820.00,14,06,2025,00,00*60
$GPGGA,082821.00,5432.46373,N,01847.06595,E,1,12,1.0,17.2,M,26.5,M,,*5A
$GPRMC,082821.00,A,5432.46373,N,01847.06595,E,18.03,91.9,140625,,,A*60
$GPVTG,91.9,T,,M,18.03,N,33.39,K,A*3C
$HEHDT,82.8,T*1D
$VWVHW,82.8,T,,M,14.42,N,26.70,K*48
$GPGGA,082822.00,5432.46369,N,01847.07553,E,1,12,1.0,16.8,M,26.5,M,,*52
$GPRMC,082822.00,A,5432.46369,N,01847.07553,E,18.08,92.9,140625,,,A*6B
$GPVTG,92.9,T,,M,18.08,N,33.48,K,A*32
$HEHDT,83.4,T*10
$VWVHW,83.4,T,,M,14.51,N,26.88,K*40
$GPGGA,082823.00,5432.46355,N,01847.08408,E,1,12,1.0,16.7,M,26.5,M,,*53
$GPRMC,082823.00,A,5432.46355,N,01847.08408,E,18.10,92.0,140625,,,A*65
$GPVTG,92.0,T,,M,18.10,N,33.53,K,A*38
$HEHDT,82.7,T*12
$VWVHW,82.7,T,,M,14.55,N,26.95,K*4A
$GPGGA,082824.00,5432.46328,N,01847.09307,E,1,12,1.0,16.8,M,26.5,M,,*58
$GPRMC,082824.00,A,5432.46328,N,01847.09307,E,18.10,91.9,140625,,,A*6B
$GPVTG,91.9,T,,M,18.10,N,33.53,K,A*32
$HEHDT,83.3,T*17
$VWVHW,83.3,T,,M,14.64,N,27.11,K*40
$GPGGA,082825.00,5432.46300,N,01847.10116,E,1,12,1.0,16.5,M,26.5,M,,*54
$GPRMC,082825.00,A,5432.46300,N,01847.10116,E,18.13,92.1,140625,,,A*62
$GPVTG,92.1,T,,M,18.13,N,33.58,K,A*31
$HEHDT,83.5,T*11
$VWVHW,83.5,T,,M,14.38,N,26.64,K*4C
$GPGSV,2,1,08,03,66,047,47,08,41,102,47,11,21,157,46,14,46,212,46*7A
$GPGSV,2,2,08,17,65,269,46,22,22,317,46,28,11,357,47,31,59,127,46*7C
$GAGSV,2,1,05,04,50,077,47,09,34,187,46,12,64,242,46,24,09,292,47*6C
$GAGSV,2,2,05,31,19,027,46*50
$GPZDA,082825.00,14,06,2025,00,00*65
$GPGGA,082826.00,5432.46318,N,01847.10905,E,1,12,1.0,16.0,M,26.5,M,,*51
$GPRMC,082826.00,A,5432.46318,N,01847.10905,E,18.22,92.3,140625,,,A*62
$GPVTG,92.3,T,,M,18.22,N,33.75,K,A*3E
$HEHDT,83.5,T*11
$VWVHW,83.5,T,,M,14.38,N,26.64,K*4C
$GPGGA,082827.00,5432.46254,N,01847.11814,E,1,12,1.0,16.0,M,26.5,M,,*59
$GPRMC,082827.00,A,5432.46254,N,01847.11814,E,18.07,92.8,140625,,,A*66
$GPVTG,92.8,T,,M,18.07,N,33.47,K,A*33
$HEHDT,83.6,T*12
$VWVHW,83.6,T,,M,14.59,N,27.02,K*49
$GPGGA,082828.00,5432.46260,N,01847.12675,E,1,12,1.0,16.9,M,26.5,M,,*52
$GPRMC,082828.00,A,5432.46260,N,01847.12675,E,18.13,91.8,140625,,,A*62
$GPVTG,91.8,T,,M,18.13,N,33.57,K,A*34
$HEHDT,83.1,T*15
$VWVHW,83.1,T,,M,14.37,N,26.62,K*41
$GPGGA,082829.00,5432.46201,N,01847.13576,E,1,12,1.0,16.1,M,26.5,M,,*5D
$GPRMC,082829.00,A,5432.46201,N,01847.13576,E,18.12,92.4,140625,,,A*6B
$GPVTG,92.4,T,,M,18.12,N,33.56,K,A*3B
$HEHDT,83.2,T*16
$VWVHW,83.2,T,,M,14.43,N,26.73,K*41
$GPGGA,082830.00,5432.46206,N,01847.14342,E,1,12,1.0,16.8,M,26.5,M,,*5D
$GPRMC,082830.00,A,5432.46206,N,01847.14342,E,18.28,92.6,140625,,,A*69
$GPVTG,92.6,T,,M,18.28,N,33.85,K,A*3E
$HEHDT,83.4,T*10
$VWVHW,83.4,T,,M,14.32,N,26.52,K*42
$GPGSV,2,1,08,03,66,047,46,08,41,102,45,11,21,157,46,14,46,212,46*79
$GPGSV,2,2,08,17,65,269,47,22,22,317,46,28,11,357,46,31,59,127,46*7C
$GAGSV,2,1,05,04,50,077,46,09,34,187,46,12,64,242,46,24,09,292,46*6C
$GAGSV,2,2,05,31,19,027,47*51
$GPZDA,082830.00,14,06,2025,00,00*61
$GPGGA,082831.00,5432.46160,N,01847.15221,E,1,12,1.0,16.8,M,26.5,M,,*5A
$GPRMC,082831.00,A,5432.46160,N,01847.15221,E,18.06,92.4,140625,,,A*60
$GPVTG,92.4,T,,M,18.06,N,33.45,K,A*3C
$HEHDT,83.2,T*16
$VWVHW,83.2,T,,M,14.60,N,27.05,K*40
$GPGGA,082832.00,5432.46136,N,01847.16181,E,1,12,1.0,16.7,M,26.5,M,,*5F
$GPRMC,082832.00,A,5432.46136,N,01847.16181,E,18.16,92.5,140625,,,A*6A
$GPVTG,92.5,T,,M,18.16,N,33.63,K,A*38
$HEHDT,83.0,T*14
$VWVHW,83.0,T,,M,14.42,N,26.71,K*40
$GPGGA,082833.00,5432.46175,N,01847.16991,E,1,12,1.0,16.9,M,26.5,M,,*5E
$GPRMC,082833.00,A,5432.46175,N,01847.16991,E,18.17,92.7,140625,,,A*66
$GPVTG,92.7,T,,M,18.17,N,33.66,K,A*3E
$HEHDT,83.3,T*17
$VWVHW,83.3,T,,M,14.53,N,26.90,K*4C
$GPGGA,082834.00,5432.46145,N,01847.17804,E,1,12,1.0,17.2,M,26.5,M,,*5C
$GPRMC,082834.00,A,5432.46145,N,01847.17804,E,18.26,92.6,140625,,,A*6D
$GPVTG,92.6,T,,M,18.26,N,33.81,K,A*34
$HEHDT,83.6,T*12
$VWVHW,83.6,T,,M,14.51,N,26.87,K*4D
$GPGGA,082835.00,5432.46062,N,01847.18676,E,1,12,1.0,16.7,M,26.5,M,,*59
$GPRMC,082835.00,A,5432.46062,N,01847.18676,E,18.09,93.1,140625,,,A*67
$GPVTG,93.1,T,,M,18.09,N,33.51,K,A*32
$HEHDT,83.1,T*15
$VWVHW,83.1,T,,M,14.35,N,26.58,K*4A
$GPGSV,2,1,08,03,66,047,46,08,41,102,46,11,21,157,46,14,46,212,46*7A
$GPGSV,2,2,08,17,65,269,45,22,22,317,46,28,11,357,46,31,59,127,47*7F
$GAGSV,2,1,05,04,50,077,47,09,34,187,47,12,64,242,46,24,09,292,46*6C
$GAGSV,2,2,05,31,19,027,46*50
$GPZDA,082835.00,14,06,2025,00,00*64
$GPGGA,082836.00,5432.46052,N,01847.19564,E,1,12,1.0,17.0,M,26.5,M,,*5E
$GPRMC,082836.00,A,5432.46052,N,01847.19564,E,18.26,92.4,140625,,,A*6F
$GPVTG,92.4,T,,M,18.26,N,33.83,K,A*34
$HEHDT,82.8,T*1D
$VWVHW,82.8,T,,M,14.30,N,26.49,K*47
$GPGGA,082837.00,5432.46006,N,01847.20413,E,1,12,1.0,17.4,M,26.5,M,,*51
$GPRMC,082837.00,A,5432.46006,N,01847.20413,E,18.26,92.6,140625,,,A*66
$GPVTG,92.6,T,,M,18.26,N,33.81,K,A*34
$HEHDT,83.1,T*15
$VWVHW,83.1,T,,M,14.43,N,26.72,K*43
$GPGGA,082838.00,5432.46013,N,01847.21256,E,1,12,1.0,16.9,M,26.5,M,,*50
$GPRMC,082838.00,A,5432.46013,N,01847.21256,E,18.27,92.7,140625,,,A*6B
$GPVTG,92.7,T,,M,18.27,N,33.83,K,A*36
$HEHDT,83.4,T*10
$VWVHW,83.4,T,,M,14.51,N,26.86,K*4E
$GPGGA,082839.00,5432.45994,N,01847.22175,E,1,12,1.0,17.6,M,26.5,M,,*5B
$GPRMC,082839.00,A,5432.45994,N,01847.22175,E,18.43,92.7,140625,,,A*6C
$GPVTG,92.7,T,,M,18.43,N,34.13,K,A*3A
$HEHDT,83.6,T*12
$VWVHW,83.6,T,,M,14.41,N,26.69,K*4C
$GPGGA,082840.00,5432.45950,N,01847.23054,E,1,12,1.0,17.1,M,26.5,M,,*59
$GPRMC,082840.00,A,5432.45950,N,01847.23054,E,18.39,92.4,140625,,,A*67
$GPVTG,92.4,T,,M,18.39,N,34.06,K,A*30
$HEHDT,83.5,T*11
$VWVHW,83.5,T,,M,14.51,N,26.87,K*4E
$GPGSV,2,1,08,03,66,047,46,08,41,102,46,11,21,157,46,14,46,212,46*7A
$GPGSV,2,2,08,17,65,269,46,22,22,317,46,28,11,357,46,31,59,127,46*7D
$GAGSV,2,1,05,04,50,077,46,09,34,187,46,12,64,242,46,24,09,292,46*6C
$GAGSV,2,2,05,31,19,027,46*50
$GPZDA,082840.00,14,06,2025,00,00*66
$GPGGA,082841.00,5432.45967,N,01847.24008,E,1,12,1.0,17.3,M,26.5,M,,*50
$GPRMC,082841.00,A,5432.45967,N,01847.24008,E,18.30,93.2,140625,,,A*62
$GPVTG,93.2,T,,M,18.30,N,33.89,K,A*3E
$HEHDT,82.8,T*1D
$VWVHW,82.8,T,,M,14.42,N,26.70,K*48
$GPGGA,082842.00,5432.45905,N,01847.24835,E,1,12,0.9,17.6,M,26.5,M,,*5C
$GPRMC,082842.00,A,5432.45905,N,01847.24835,E,18.42,92.8,140625,,,A*6D
$GPVTG,92.8,T,,M,18.42,N,34.12,K,A*35
$HEHDT,83.1,T*15
$VWVHW,83.1,T,,M,14.45,N,26.76,K*41
$GPGGA,082843.00,5432.45871,N,01847.25693,E,1,12,0.9,17.4,M,26.5,M,,*5E
$GPRMC,082843.00,A,5432.45871,N,01847.25693,E,18.43,92.8,140625,,,A*6C
$GPVTG,92.8,T,,M,18.43,N,34.13,K,A*35
$HEHDT,82.8,T*1D
$VWVHW,82.8,T,,M,14.52,N,26.90,K*47
$GPGGA,082844.00,5432.45885,N,01847.26561,E,1,12,0.9,16.8,M,26.5,M,,*52
$GPRMC,082844.00,A,5432.45885,N,01847.26561,E,18.32,92.6,140625,,,A*65
$GPVTG,92.6,T,,M,18.32,N,33.92,K,A*33
$HEHDT,83.1,T*15
$VWVHW,83.1,T,,M,14.53,N,26.90,K*4E
$GPGGA,082845.00,5432.45827,N,01847.27381,E,1,12,0.9,17.5,M,26.5,M,,*5E
$GPRMC,082845.00,A,5432.45827,N,01847.27381,E,18.47,93.0,140625,,,A*60
$GPVTG,93.0,T,,M,18.47,N,34.20,K,A*38
$HEHDT,83.4,T*10
$VWVHW,83.4,T,,M,14.49,N,26.84,K*45
$GPGSV,2,1,08,03,66,047,47,08,41,102,46,11,21,157,46,14,46,212,46*7B
$GPGSV,2,2,08,17,65,269,46,22,22,317,46,28,11,357,46,31,59,127,46*7D
$GAGSV,2,1,05,04,50,077,46,09,34,187,46,12,64,242,47,24,09,292,46*6D
$GAGSV,2,2,05,31,19,027,46*50
$GPZDA,082845.00,14,06,2025,00,00*63
$GPGGA,082846.00,5432.45804,N,01847.28323,E,1,12,0.9,17.2,M,26.5,M,,*5C
$GPRMC,082846.00,A,5432.45804,N,01847.28323,E,18.40,93.0,140625,,,A*62
$GPVTG,93.0,T,,M,18.40,N,34.07,K,A*3A
$HEHDT,82.9,T*1C
$VWVHW,82.9,T,,M,14.51,N,26.87,K*43
$GPGGA,082847.00,5432.45760,N,01847.29168,E,1,12,0.9,17.1,M,26.5,M,,*5F
$GPRMC,082847.00,A,5432.45760,N,01847.29168,E,18.47,93.3,140625,,,A*66
$GPVTG,93.3,T,,M,18.47,N,34.20,K,A*3B
$HEHDT,83.2,T*16
$VWVHW,83.2,T,,M,14.47,N,26.81,K*48
$GPGGA,082848.00,5432.45762,N,01847.30018,E,1,12,0.9,17.4,M,26.5,M,,*59
$GPRMC,082848.00,A,5432.45762,N,01847.30018,E,18.35,93.2,140625,,,A*61
$GPVTG,93.2,T,,M,18.35,N,33.98,K,A*3B
$HEHDT,83.3,T*17
$VWVHW,83.3,T,,M,14.56,N,26.96,K*4F
$GPGGA,082849.00,5432.45738,N,01847.30971,E,1,12,0.9,18.0,M,26.5,M,,*5A
$GPRMC,082849.00,A,5432.45738,N,01847.30971,E,18.51,93.2,140625,,,A*6B
$GPVTG,93.2,T,,M,18.51,N,34.29,K,A*34
$HEHDT,83.5,T*11
$VWVHW,83.5,T,,M,14.47,N,26.79,K*48
$GPGGA,082850.00,5432.45702,N,01847.31787,E,1,12,0.9,17.1,M,26.5,M,,*53
$GPRMC,082850.00,A,5432.45702,N,01847.31787,E,18.49,93.0,140625,,,A*67
$GPVTG,93.0,T,,M,18.49,N,34.24,K,A*32
$HEHDT,82.9,T*1C
$VWVHW,82.9,T,,M,14.44,N,26.74,K*4B
$GPGSV,2,1,08,03,66,047,46,08,41,102,46,11,21,157,46,14,46,212,47*7B
$GPGSV,2,2,08,17,65,269,46,22,22,317,46,28,11,357,47,31,59,127,46*7C
$GAGSV,2,1,05,04,50,077,46,09,34,187,46,12,64,242,46,24,09,292,45*6F
$GAGSV,2,2,05,31,19,027,47*51
$GPZDA,082850.00,14,06,2025,00,00*67
$GPGGA,082851.00,5432.45685,N,01847.32637,E,1,12,0.9,17.5,M,26.5,M,,*51
$GPRMC,082851.00,A,5432.45685,N,01847.32637,E,18.35,93.4,140625,,,A*6E
$GPVTG,93.4,T,,M,18.35,N,33.98,K,A*3D
$HEHDT,83.1,T*15
$VWVHW,83.1,T,,M,14.55,N,26.95,K*4D
$GPGGA,082852.00,5432.45658,N,01847.33614,E,1,12,0.9,18.1,M,26.5,M,,*59
$GPRMC,082852.00,A,5432.45658,N,01847.33614,E,18.60,92.9,140625,,,A*61
$GPVTG,92.9,T,,M,18.60,N,34.44,K,A*37
$HEHDT,83.6,T*12
$VWVHW,83.6,T,,M,14.48,N,26.82,K*40
$GPGGA,082853.00,5432.45663,N,01847.34474,E,1,12,0.9,18.1,M,26.5,M,,*53
$GPRMC,082853.00,A,5432.45663,N,01847.34474,E,18.65,93.5,140625,,,A*63
$GPVTG,93.5,T,,M,18.65,N,34.53,K,A*39
$HEHDT,83.3,T*17
$VWVHW,83.3,T,,M,14.51,N,26.87,K*48
$GPGGA,082854.00,5432.45595,N,01847.35394,E,1,12,0.9,17.3,M,26.5,M,,*5B
$GPRMC,082854.00,A,5432.45595,N,01847.35394,E,18.51,93.6,140625,,,A*62
$GPVTG,93.6,T,,M,18.51,N,34.28,K,A*31
$HEHDT,83.3,T*17
$VWVHW,83.3,T,,M,14.45,N,26.76,K*43
$GPGGA,082855.00,5432.45546,N,01847.36311,E,1,12,0.9,18.2,M,26.5,M,,*54
$GPRMC,082855.00,A,5432.45546,N,01847.36311,E,18.73,93.3,140625,,,A*66
$GPVTG,93.3,T,,M,18.73,N,34.70,K,A*39
$HEHDT,83.4,T*10
$VWVHW,83.4,T,,M,14.44,N,26.75,K*46
$GPGSV,2,1,08,03,66,047,46,08,41,102,46,11,21,157,47,14,46,212,46*7B
$GPGSV,2,2,08,17,65,269,46,22,22,317,45,28,11,357,46,31,59,127,46*7E
$GAGSV,2,1,05,04,50,077,46,09,34,187,46,12,64,242,46,24,09,292,46*6C
$GAGSV,2,2,05,31,19,027,46*50
$GPZDA,082855.00,14,06,2025,00,00*62
$GPGGA,082856.00,5432.45528,N,01847.37194,E,1,12,0.9,17.8,M,26.5,M,,*54
$GPRMC,082856.00,A,5432.45528,N,01847.37194,E,18.55,93.5,140625,,,A*61
$GPVTG,93.5,T,,M,18.55,N,34.36,K,A*39
$HEHDT,83.4,T*10
$VWVHW,83.4,T,,M,14.42,N,26.70,K*45
$GPGGA,082857.00,5432.45483,N,01847.38036,E,1,12,0.9,18.5,M,26.5,M,,*51
$GPRMC,082857.00,A,5432.45483,N,01847.38036,E,18.60,93.5,140625,,,A*60
$GPVTG,93.5,T,,M,18.60,N,34.45,K,A*3B
$HEHDT,83.0,T*14
$VWVHW,83.0,T,,M,14.42,N,26.70,K*41
$GPGGA,082858.00,5432.45432,N,01847.38877,E,1,12,0.9,17.4,M,26.5,M,,*57
$GPRMC,082858.00,A,5432.45432,N,01847.38877,E,18.60,94.2,140625,,,A*68
$GPVTG,94.2,T,,M,18.60,N,34.44,K,A*3A
$HEHDT,83.2,T*16
$VWVHW,83.2,T,,M,14.51,N,26.88,K*46
$GPGGA,082859.00,5432.45378,N,01847.39875,E,1,12,0.9,17.7,M,26.5,M,,*5F
$GPRMC,082859.00,A,5432.45378,N,01847.39875,E,18.65,93.1,140625,,,A*62
$GPVTG,93.1,T,,M,18.65,N,34.53,K,A*3D
$HEHDT,83.0,T*14
$VWVHW,83.0,T,,M,14.40,N,26.68,K*4A
$GPGGA,082900.00,5432.45344,N,01847.40671,E,1,12,0.9,18.0,M,26.5,M,,*51
$GPRMC,082900.00,A,5432.45344,N,01847.40671,E,18.75,93.5,140625,,,A*61
$GPVTG,93.5,T,,M,18.75,N,34.73,K,A*3A
$HEHDT,83.2,T*16
$VWVHW,83.2,T,,M,14.45,N,26.75,K*41
$GPGSV,2,1,08,03,66,047,46,08,41,102,46,11,21,157,47,14,46,212,46*7B
$GPGSV,2,2,08,17,65,269,46,22,22,317,46,28,11,357,46,31,59,127,46*7D
$GAGSV,2,1,05,04,50,077,46,09,34,187,46,12,64,242,47,24,09,292,47*6C
$GAGSV,2,2,05,31,19,027,46*50
$GPZDA,082900.00,14,06,2025,00,00*63
$GPGGA,082901.00,5432.45388,N,01847.41665,E,1,12,0.9,17.3,M,26.5,M,,*58
$GPRMC,082901.00,A,5432.45388,N,01847.41665,E,18.68,93.2,140625,,,A*6F
$GPVTG,93.2,T,,M,18.68,N,34.60,K,A*33
$HEHDT,83.4,T*10
$VWVHW,83.4,T,,M,14.49,N,26.83,K*42
$GPGGA,082902.00,5432.45331,N,01847.42517,E,1,12,0.9,17.7,M,26.5,M,,*58
$GPRMC,082902.00,A,5432.45331,N,01847.42517,E,18.73,93.6,140625,,,A*65
$GPVTG,93.6,T,,M,18.73,N,34.68,K,A*35
$HEHDT,83.2,T*16
$VWVHW,83.2,T,,M,14.36,N,26.60,K*41
$GPGGA,082903.00,5432.45306,N,01847.43396,E,1,12,0.9,17.8,M,26.5,M,,*5C
$GPRMC,082903.00,A,5432.45306,N,01847.43396,E,18.52,93.7,140625,,,A*6C
$GPVTG,93.7,T,,M,18.52,N,34.31,K,A*3B
$HEHDT,82.8,T*1D
$VWVHW,82.8,T,,M,14.44,N,26.74,K*4A
$GPGGA,082904.00,5432.45273,N,01847.44421,E,1,12,0.9,17.6,M,26.5,M,,*5A
$GPRMC,082904.00,A,5432.45273,N,01847.44421,E,18.65,93.3,140625,,,A*64
$GPVTG,93.3,T,,M,18.65,N,34.54,K,A*38
$HEHDT,83.5,T*11
$VWVHW,83.5,T,,M,14.47,N,26.80,K*4E
$GPGGA,082905.00,5432.45179,N,01847.45288,E,1,12,0.9,17.7,M,26.5,M,,*57
$GPRMC,082905.00,A,5432.45179,N,01847.45288,E,18.72,94.0,140625,,,A*6A
$GPVTG,94.0,T,,M,18.72,N,34.67,K,A*3A
$HEHDT,83.7,T*13
$VWVHW,83.7,T,,M,14.45,N,26.76,K*47
$GPGSV,2,1,08,03,66,047,46,08,41,102,46,11,21,157,46,14,46,212,46*7A
$GPGSV,2,2,08,17,65,269,46,22,22,317,45,28,11,357,46,31,59,127,46*7E
$GAGSV,2,1,05,04,50,077,47,09,34,187,46,12,64,242,46,24,09,292,46*6D
$GAGSV,2,2,05,31,19,027,46*50
$GPZDA,082905.00,14,06,2025,00,00*66
$GPGGA,082906.00,5432.45182,N,01847.46151,E,1,12,0.9,17.2,M,26.5,M,,*51
$GPRMC,082906.00,A,5432.45182,N,01847.46151,E,18.72,93.7,140625,,,A*69
$GPVTG,93.7,T,,M,18.72,N,34.66,K,A*3B
$HEHDT,83.0,T*14
$VWVHW,83.0,T,,M,14.41,N,26.68,K*4B
$GPGGA,082907.00,5432.45152,N,01847.47069,E,1,12,0.9,17.7,M,26.5,M,,*53
$GPRMC,082907.00,A,5432.45152,N,01847.47069,E,18.85,93.5,140625,,,A*64
$GPVTG,93.5,T,,M,18.85,N,34.91,K,A*39
$HEHDT,83.1,T*15
$VWVHW,83.1,T,,M,14.57,N,26.99,K*43
$GPGGA,082908.00,5432.45147,N,01847.47881,E,1,12,0.9,18.1,M,26.5,M,,*5F
$GPRMC,082908.00,A,5432.45147,N,01847.47881,E,18.74,93.4,140625,,,A*6E
$GPVTG,93.4,T,,M,18.74,N,34.71,K,A*38
$HEHDT,83.2,T*16
$VWVHW,83.2,T,,M,14.46,N,26.78,K*4F
$GPGGA,082909.00,5432.45105,N,01847.48782,E,1,12,0.9,18.0,M,26.5,M,,*5A
$GPRMC,082909.00,A,5432.45105,N,01847.48782,E,18.96,94.0,140625,,,A*65
$GPVTG,94.0,T,,M,18.96,N,35.12,K,A*33
$HEHDT,83.4,T*10
$VWVHW,83.4,T,,M,14.40,N,26.66,K*40
$GPGGA,082910.00,5432.45058,N,01847.49726,E,1,12,0.9,18.3,M,26.5,M,,*57
$GPRMC,082910.00,A,5432.45058,N,01847.49726,E,18.75,93.7,140625,,,A*66
$GPVTG,93.7,T,,M,18.75,N,34.73,K,A*38
$HEHDT,83.4,T*10
$VWVHW,83.4,T,,M,14.41,N,26.68,K*4F
$GPGSV,2,1,08,03,66,047,46,08,41,102,46,11,21,157,45,14,46,212,46*79
$GPGSV,2,2,08,17,65,269,45,22,22,317,46,28,11,357,46,31,59,127,45*7D
$GAGSV,2,1,05,04,50,077,46,09,34,187,45,12,64,242,46,24,09,292,46*6F
$GAGSV,2,2,05,31,19,027,46*50
$GPZDA,082910.00,14,06,2025,00,00*62
$GPGGA,082911.00,5432.45040,N,01847.50546,E,1,12,0.9,17.8,M,26.5,M,,*57
$GPRMC,082911.00,A,5432.45040,N,01847.50546,E,18.80,93.3,140625,,,A*6C
$GPVTG,93.3,T,,M,18.80,N,34.83,K,A*39
$HEHDT,83.6,T*12
$VWVHW,83.6,T,,M,14.64,N,27.12,K*46
$GPGGA,082912.00,5432.44960,N,01847.51525,E,1,12,0.9,18.1,M,26.5,M,,*5C
$GPRMC,082912.00,A,5432.44960,N,01847.51525,E,18.83,93.4,140625,,,A*65
$GPVTG,93.4,T,,M,18.83,N,34.88,K,A*36
$HEHDT,82.9,T*1C
$VWVHW,82.9,T,,M,14.33,N,26.53,K*4E
$GPGGA,082913.00,5432.44945,N,01847.52355,E,1,12,0.9,17.2,M,26.5,M,,*54
$GPRMC,082913.00,A,5432.44945,N,01847.52355,E,18.80,93.8,140625,,,A*6E
$GPVTG,93.8,T,,M,18.80,N,34.82,K,A*33
$HEHDT,82.7,T*12
$VWVHW,82.7,T,,M,14.45,N,26.76,K*46
$GPGGA,082914.00,5432.44954,N,01847.53348,E,1,12,0.9,17.2,M,26.5,M,,*5E
$GPRMC,082914.00,A,5432.44954,N,01847.53348,E,18.79,93.6,140625,,,A*6C
$GPVTG,93.6,T,,M,18.79,N,34.81,K,A*38
$HEHDT,83.2,T*16
$VWVHW,83.2,T,,M,14.45,N,26.76,K*42
$GPGGA,082915.00,5432.44944,N,01847.54250,E,1,12,0.9,17.2,M,26.5,M,,*51
$GPRMC,082915.00,A,5432.44944,N,01847.54250,E,18.98,93.7,140625,,,A*6D
$GPVTG,93.7,T,,M,18.98,N,35.16,K,A*39
$HEHDT,82.8,T*1D
$VWVHW,82.8,T,,M,14.40,N,26.66,K*4D
$GPGSV,2,1,08,03,66,047,46,08,41,102,46,11,21,157,46,14,46,212,46*7A
$GPGSV,2,2,08,17,65,269,46,22,22,317,46,28,11,357,46,31,59,127,46*7D
$GAGSV,2,1,05,04,50,077,45,09,34,187,46,12,64,242,46,24,09,292,47*6E
$GAGSV,2,2,05,31,19,027,46*50
$GPZDA,082915.00,14,06,2025,00,00*67
$GPGGA,082916.00,5432.44909,N,01847.55094,E,1,12,0.9,17.0,M,26.5,M,,*52
$GPRMC,082916.00,A,5432.44909,N,01847.55094,E,18.81,93.7,140625,,,A*64
$GPVTG,93.7,T,,M,18.81,N,34.84,K,A*3B
$HEHDT,82.8,T*1D
$VWVHW,82.8,T,,M,14.34,N,26.55,K*4E
$GPGGA,082917.00,5432.44799,N,01847.56002,E,1,12,0.9,17.1,M,26.5,M,,*59
$GPRMC,082917.00,A,5432.44799,N,01847.56002,E,19.00,93.5,140625,,,A*64
$GPVTG,93.5,T,,M,19.00,N,35.19,K,A*34
$HEHDT,83.2,T*16
$VWVHW,83.2,T,,M,14.45,N,26.75,K*41
$GPGGA,082918.00,5432.44769,N,01847.56969,E,1,12,0.9,17.5,M,26.5,M,,*59
$GPRMC,082918.00,A,5432.44769,N,01847.56969,E,18.96,93.6,140625,,,A*6D
$GPVTG,93.6,T,,M,18.96,N,35.11,K,A*31
$HEHDT,83.3,T*17
$VWVHW,83.3,T,,M,14.50,N,26.85,K*4B
$GPGGA,082919.00,5432.44733,N,01847.57826,E,1,12,0.9,17.7,M,26.5,M,,*5E
$GPRMC,082919.00,A,5432.44733,N,01847.57826,E,18.95,93.5,140625,,,A*68
$GPVTG,93.5,T,,M,18.95,N,35.10,K,A*30
$HEHDT,83.1,T*15
$VWVHW,83.1,T,,M,14.38,N,26.62,K*4E
$GPGGA,082920.00,5432.44774,N,01847.58690,E,1,12,0.9,17.3,M,26.5,M,,*5F
$GPRMC,082920.00,A,5432.44774,N,01847.58690,E,18.95,93.3,140625,,,A*6B
$GPVTG,93.3,T,,M,18.95,N,35.09,K,A*3E
$HEHDT,83.2,T*16
$VWVHW,83.2,T,,M,14.54,N,26.93,K*49
$GPGSV,2,1,08,03,66,047,45,08,41,102,46,11,21,157,46,14,46,212,46*79
$GPGSV,2,2,08,17,65,269,46,22,22,317,46,28,11,357,45,31,59,127,46*7E
$GAGSV,2,1,05,04,50,077,46,09,34,187,46,12,64,242,46,24,09,292,46*6C
$GAGSV,2,2,05,31,19,027,45*53
$GPZDA,082920.00,14,06,2025,00,00*61
$GPGGA,082921.00,5432.44688,N,01847.59590,E,1,12,0.9,17.9,M,26.5,M,,*54
$GPRMC,082921.00,A,5432.44688,N,01847.59590,E,18.83,93.4,140625,,,A*6A
$GPVTG,93.4,T,,M,18.83,N,34.88,K,A*36
$HEHDT,83.0,T*14
$VWVHW,83.0,T,,M,14.38,N,26.64,K*49
$GPGGA,082922.00,5432.44655,N,01847.60516,E,1,12,0.9,18.0,M,26.5,M,,*55
$GPRMC,082922.00,A,5432.44655,N,01847.60516,E,18.86,93.9,140625,,,A*65
$GPVTG,93.9,T,,M,18.86,N,34.92,K,A*35
$HEHDT,83.3,T*17
$VWVHW,83.3,T,,M,14.52,N,26.89,K*45
$GPGGA,082923.00,5432.44636,N,01847.61405,E,1,12,0.9,17.4,M,26.5,M,,*58
$GPRMC,082923.00,A,5432.44636,N,01847.61405,E,18.88,93.5,140625,,,A*61
$GPVTG,93.5,T,,M,18.88,N,34.96,K,A*33
$HEHDT,83.4,T*10
$VWVHW,83.4,T,,M,14.71,N,27.25,K*44
$GPGGA,082924.00,5432.44625,N,01847.62382,E,1,12,0.9,17.5,M,26.5,M,,*57
$GPRMC,082924.00,A,5432.44625,N,01847.62382,E,18.91,93.2,140625,,,A*60
$GPVTG,93.2,T,,M,18.91,N,35.02,K,A*30
$HEHDT,83.3,T*17
$VWVHW,83.3,T,,M,14.42,N,26.72,K*40
$GPGGA,082925.00,5432.44591,N,01847.63230,E,1,12,0.9,17.7,M,26.5,M,,*51
$GPRMC,082925.00,A,5432.44591,N,01847.63230,E,18.88,94.0,140625,,,A*69
$GPVTG,94.0,T,,M,18.88,N,34.97,K,A*30
$HEHDT,83.0,T*14
$VWVHW,83.0,T,,M,14.47,N,26.80,K*4B
$GPGSV,2,1,08,03,66,047,46,08,41,102,47,11,21,157,47,14,46,212,46*7A
$GPGSV,2,2,08,17,65,269,46,22,22,317,46,28,11,357,46,31,59,127,46*7D
$GAGSV,2,1,05,04,50,077,46,09,34,187,45,12,64,242,46,24,09,292,46*6F
$GAGSV,2,2,05,31,19,027,45*53
$GPZDA,082925.00,14,06,2025,00,00*64
$GPGGA,082926.00,5432.44573,N,01847.64174,E,1,12,0.9,18.1,M,26.5,M,,*53
$GPRMC,082926.00,A,5432.44573,N,01847.64174,E,18.87,93.8,140625,,,A*62
$GPVTG,93.8,T,,M,18.87,N,34.95,K,A*32
$HEHDT,83.3,T*17
$VWVHW,83.3,T,,M,14.44,N,26.74,K*40
$GPGGA,082927.00,5432.44559,N,01847.65112,E,1,12,0.9,17.6,M,26.5,M,,*53
$GPRMC,082927.00,A,5432.44559,N,01847.65112,E,18.89,94.0,140625,,,A*6B
$GPVTG,94.0,T,,M,18.89,N,34.99,K,A*3F
$HEHDT,83.1,T*15
$VWVHW,83.1,T,,M,14.53,N,26.92,K*4C
$GPGGA,082928.00,5432.44501,N,01847.65991,E,1,12,0.9,18.3,M,26.5,M,,*58
$GPRMC,082928.00,A,5432.44501,N,01847.65991,E,18.97,93.7,140625,,,A*65
$GPVTG,93.7,T,,M,18.97,N,35.14,K,A*34
$HEHDT,83.1,T*15
$VWVHW,83.1,T,,M,14.47,N,26.80,K*4A
$GPGGA,082929.00,5432.44425,N,01847.66942,E,1,12,0.9,17.6,M,26.5,M,,*59
$GPRMC,082929.00,A,5432.44425,N,01847.66942,E,18.83,93.8,140625,,,A*64
$GPVTG,93.8,T,,M,18.83,N,34.88,K,A*3A
$HEHDT,83.3,T*17
$VWVHW,83.3,T,,M,14.52,N,26.89,K*45
$GPGGA,082930.00,5432.44444,N,01847.67745,E,1,12,0.9,18.0,M,26.5,M,,*57
$GPRMC,082930.00,A,5432.44444,N,01847.67745,E,18.96,94.0,140625,,,A*68
$GPVTG,94.0,T,,M,18.96,N,35.12,K,A*33
$HEHDT,83.0,T*14
$VWVHW,83.0,T,,M,14.51,N,26.87,K*4B
$GPGSV,2,1,08,03,66,047,47,08,41,102,46,11,21,157,45,14,46,212,46*78
$GPGSV,2,2,08,17,65,269,46,22,22,317,46,28,11,357,46,31,59,127,47*7C
$GAGSV,2,1,05,04,50,077,46,09,34,187,46,12,64,242,46,24,09,292,46*6C
$GAGSV,2,2,05,31,19,027,47*51
$GPZDA,082930.00,14,06,2025,00,00*60
$GPGGA,082931.00,5432.44372,N,01847.68618,E,1,12,0.9,17.6,M,26.5,M,,*5B
$GPRMC,082931.00,A,5432.44372,N,01847.68618,E,18.81,93.7,140625,,,A*6B
$GPVTG,93.7,T,,M,18.81,N,34.84,K,A*3B
$HEHDT,83.2,T*16
$VWVHW,83.2,T,,M,14.42,N,26.71,K*42
$GPGGA,082932.00,5432.44404,N,01847.69571,E,1,12,0.9,17.9,M,26.5,M,,*5C
$GPRMC,082932.00,A,5432.44404,N,01847.69571,E,19.02,93.3,140625,,,A*6D
$GPVTG,93.3,T,,M,19.02,N,35.22,K,A*38
$HEHDT,83.3,T*17
$VWVHW,83.3,T,,M,14.49,N,26.83,K*45
$GPGGA,082933.00,5432.44301,N,01847.70515,E,1,12,0.9,17.7,M,26.5,M,,*5B
$GPRMC,082933.00,A,5432.44301,N,01847.70515,E,18.76,93.4,140625,,,A*61
$GPVTG,93.4,T,,M,18.76,N,34.74,K,A*3F
$HEHDT,83.2,T*16
$VWVHW,83.2,T,,M,14.42,N,26.71,K*42
$GPGGA,082934.00,5432.44282,N,01847.71429,E,1,12,0.9,17.2,M,26.5,M,,*5C
$GPRMC,082934.00,A,5432.44282,N,01847.71429,E,18.93,93.4,140625,,,A*68
$GPVTG,93.4,T,,M,18.93,N,35.05,K,A*33
$HEHDT,83.4,T*10
$VWVHW,83.4,T,,M,14.65,N,27.13,K*44
$GPGGA,082935.00,5432.44240,N,01847.72294,E,1,12,0.9,17.0,M,26.5,M,,*52
$GPRMC,082935.00,A,5432.44240,N,01847.72294,E,18.99,93.5,140625,,,A*6F
$GPVTG,93.5,T,,M,18.99,N,35.16,K,A*3A
$HEHDT,83.6,T*12
$VWVHW,83.6,T,,M,14.59,N,27.02,K*49
$GPGSV,2,1,08,03,66,047,46,08,41,102,47,11,21,157,46,14,46,212,47*7A
$GPGSV,2,2,08,17,65,269,46,22,22,317,46,28,11,357,46,31,59,127,46*7D
$GAGSV,2,1,05,04,50,077,46,09,34,187,46,12,64,242,46,24,09,292,45*6F
$GAGSV,2,2,05,31,19,027,45*53
$GPZDA,082935.00,14,06,2025,00,00*65
$GPGGA,082936.00,5432.44221,N,01847.73165,E,1,12,0.9,17.3,M,26.5,M,,*59
$GPRMC,082936.00,A,5432.44221,N,01847.73165,E,19.04,93.7,140625,,,A*60
$GPVTG,93.7,T,,M,19.04,N,35.26,K,A*3E
$HEHDT,83.3,T*17
$VWVHW,83.3,T,,M,14.53,N,26.91,K*4D
$GPGGA,082937.00,5432.44185,N,01847.74074,E,1,12,0.9,17.7,M,26.5,M,,*57
$GPRMC,082937.00,A,5432.44185,N,01847.74074,E,18.94,93.6,140625,,,A*63
$GPVTG,93.6,T,,M,18.94,N,35.07,K,A*34
$HEHDT,83.5,T*11
$VWVHW,83.5,T,,M,14.37,N,26.61,K*46
$GPGGA,082938.00,5432.44164,N,01847.75001,E,1,12,0.9,17.4,M,26.5,M,,*57
$GPRMC,082938.00,A,5432.44164,N,01847.75001,E,18.88,93.1,140625,,,A*6A
$GPVTG,93.1,T,,M,18.88,N,34.97,K,A*36
$HEHDT,83.4,T*10
$VWVHW,83.4,T,,M,14.53,N,26.91,K*4A
$GPGGA,082939.00,5432.44154,N,01847.75949,E,1,12,1.0,17.6,M,26.5,M,,*5A
$GPRMC,082939.00,A,5432.44154,N,01847.75949,E,18.94,93.5,140625,,,A*64
$GPVTG,93.5,T,,M,18.94,N,35.07,K,A*37
$HEHDT,83.1,T*15
$VWVHW,83.1,T,,M,14.66,N,27.15,K*44
$GPGGA,082940.00,5432.44131,N,01847.76865,E,1,12,1.0,17.8,M,26.5,M,,*55
$GPRMC,082940.00,A,5432.44131,N,01847.76865,E,18.95,93.8,140625,,,A*69
$GPVTG,93.8,T,,M,18.95,N,35.09,K,A*35
$HEHDT,83.1,T*15
$VWVHW,83.1,T,,M,14.46,N,26.79,K*4D
$GPGSV,2,1,08,03,66,047,46,08,41,102,46,11,21,157,46,14,46,212,46*7A
$GPGSV,2,2,08,17,65,269,47,22,22,317,46,28,11,357,46,31,59,127,46*7C
$GAGSV,2,1,05,04,50,077,46,09,34,187,46,12,64,242,46,24,09,292,47*6D
$GAGSV,2,2,05,31,19,027,46*50
$GPZDA,082940.00,14,06,2025,00,00*67
$GPGGA,082941.00,5432.44085,N,01847.77745,E,1,12,1.0,17.5,M,26.5,M,,*5B
$GPRMC,082941.00,A,5432.44085,N,01847.77745,E,18.91,93.5,140625,,,A*63
$GPVTG,93.5,T,,M,18.91,N,35.02,K,A*37
$HEHDT,83.0,T*14
$VWVHW,83.0,T,,M,14.59,N,27.02,K*4F
$GPGGA,082942.00,5432.44010,N,01847.78667,E,1,12,1.0,17.4,M,26.5,M,,*5B
$GPRMC,082942.00,A,5432.44010,N,01847.78667,E,18.94,93.5,140625,,,A*67
$GPVTG,93.5,T,,M,18.94,N,35.07,K,A*37
$HEHDT,83.1,T*15
$VWVHW,83.1,T,,M,14.55,N,26.95,K*4D
$GPGGA,082943.00,5432.44002,N,01847.79526,E,1,12,1.0,17.2,M,26.5,M,,*58
$GPRMC,082943.00,A,5432.44002,N,01847.79526,E,18.91,93.3,140625,,,A*61
$GPVTG,93.3,T,,M,18.91,N,35.03,K,A*30
$HEHDT,82.5,T*10
$VWVHW,82.5,T,,M,14.53,N,26.91,K*4A
$GPGGA,082944.00,5432.43969,N,01847.80405,E,1,12,1.0,16.9,M,26.5,M,,*50
$GPRMC,082944.00,A,5432.43969,N,01847.80405,E,19.01,93.7,140625,,,A*6F
$GPVTG,93.7,T,,M,19.01,N,35.20,K,A*3D
$HEHDT,82.8,T*1D
$VWVHW,82.8,T,,M,14.58,N,27.00,K*45
$GPGGA,082945.00,5432.43960,N,01847.81389,E,1,12,1.0,16.9,M,26.5,M,,*5A
$GPRMC,082945.00,A,5432.43960,N,01847.81389,E,18.96,93.5,140625,,,A*68
$GPVTG,93.5,T,,M,18.96,N,35.11,K,A*32
$HEHDT,82.8,T*1D
$VWVHW,82.8,T,,M,14.67,N,27.17,K*4F
$GPGSV,2,1,08,03,66,047,46,08,41,102,45,11,21,157,46,14,46,212,46*79
$GPGSV,2,2,08,17,65,269,45,22,22,317,46,28,11,357,45,31,59,127,46*7D
$GAGSV,2,1,05,04,50,077,46,09,34,187,46,12,64,242,46,24,09,292,47*6D
$GAGSV,2,2,05,31,19,027,46*50
$GPZDA,082945.00,14,06,2025,00,00*62
$GPGGA,082946.00,5432.43935,N,01847.82277,E,1,12,1.0,17.2,M,26.5,M,,*50
$GPRMC,082946.00,A,5432.43935,N,01847.82277,E,18.81,93.7,140625,,,A*6C
$GPVTG,93.7,T,,M,18.81,N,34.83,K,A*3C
$HEHDT,82.8,T*1D
$VWVHW,82.8,T,,M,14.63,N,27.09,K*44
$GPGGA,082947.00,5432.43882,N,01847.83124,E,1,12,1.0,17.0,M,26.5,M,,*5A
$GPRMC,082947.00,A,5432.43882,N,01847.83124,E,18.89,93.8,140625,,,A*63
$GPVTG,93.8,T,,M,18.89,N,34.99,K,A*30
$HEHDT,83.5,T*11
$VWVHW,83.5,T,,M,14.54,N,26.93,K*4E
$GPGGA,082948.00,5432.43855,N,01847.84115,E,1,12,1.0,16.6,M,26.5,M,,*5D
$GPRMC,082948.00,A,5432.43855,N,01847.84115,E,18.96,93.4,140625,,,A*61
$GPVTG,93.4,T,,M,18.96,N,35.11,K,A*33
$HEHDT,83.7,T*13
$VWVHW,83.7,T,,M,14.49,N,26.83,K*41
$GPGGA,082949.00,5432.43813,N,01847.84997,E,1,12,1.0,16.8,M,26.5,M,,*52
$GPRMC,082949.00,A,5432.43813,N,01847.84997,E,19.02,93.7,140625,,,A*6F
$GPVTG,93.7,T,,M,19.02,N,35.23,K,A*3D
$HEHDT,83.1,T*15
$VWVHW,83.1,T,,M,14.59,N,27.01,K*4D
$GPGGA,082950.00,5432.43820,N,01847.85937,E,1,12,1.0,17.4,M,26.5,M,,*5C
$GPRMC,082950.00,A,5432.43820,N,01847.85937,E,19.01,93.5,140625,,,A*6D
$GPVTG,93.5,T,,M,19.01,N,35.21,K,A*3E
$HEHDT,83.2,T*16
$VWVHW,83.2,T,,M,14.57,N,26.99,K*40
$GPGSV,2,1,08,03,66,047,46,08,41,102,46,11,21,157,46,14,46,212,46*7A
$GPGSV,2,2,08,17,65,269,46,22,22,317,46,28,11,357,46,31,59,127,46*7D
$GAGSV,2,1,05,04,50,077,47,09,34,187,46,12,64,242,45,24,09,292,46*6E
$GAGSV,2,2,05,31,19,027,46*50
$GPZDA,082950.00,14,06,2025,00,00*66
$GPGGA,082951.00,5432.43772,N,01847.86895,E,1,12,1.0,16.5,M,26.5,M,,*5F
$GPRMC,082951.00,A,5432.43772,N,01847.86895,E,18.88,93.4,140625,,,A*6F
$GPVTG,93.4,T,,M,18.88,N,34.97,K,A*33
$HEHDT,82.7,T*12
$VWVHW,82.7,T,,M,14.60,N,27.03,K*42
$GPGGA,082952.00,5432.43732,N,01847.87724,E,1,12,1.0,17.0,M,26.5,M,,*58
$GPRMC,082952.00,A,5432.43732,N,01847.87724,E,18.86,93.5,140625,,,A*63
$GPVTG,93.5,T,,M,18.86,N,34.92,K,A*39
$HEHDT,83.2,T*16
$VWVHW,83.2,T,,M,14.72,N,27.25,K*41
$GPGGA,082953.00,5432.43715,N,01847.88623,E,1,12,1.0,16.6,M,26.5,M,,*52
$GPRMC,082953.00,A,5432.43715,N,01847.88623,E,18.90,93.9,140625,,,A*65
$GPVTG,93.9,T,,M,18.90,N,35.01,K,A*39
$HEHDT,83.4,T*10
$VWVHW,83.4,T,,M,14.66,N,27.15,K*41
$GPGGA,082954.00,5432.43634,N,01847.89585,E,1,12,1.0,16.2,M,26.5,M,,*5D
$GPRMC,082954.00,A,5432.43634,N,01847.89585,E,19.00,94.1,140625,,,A*69
$GPVTG,94.1,T,,M,19.00,N,35.19,K,A*37
$HEHDT,83.1,T*15
$VWVHW,83.1,T,,M,14.65,N,27.12,K*40
$GPGGA,082955.00,5432.43609,N,01847.90429,E,1,12,1.0,17.1,M,26.5,M,,*5F
$GPRMC,082955.00,A,5432.43609,N,01847.90429,E,18.95,94.0,140625,,,A*65
$GPVTG,94.0,T,,M,18.95,N,35.10,K,A*32
$HEHDT,83.2,T*16
$VWVHW,83.2,T,,M,14.58,N,27.01,K*4F
$GPGSV,2,1,08,03,66,047,46,08,41,102,46,11,21,157,46,14,46,212,47*7B
$GPGSV,2,2,08,17,65,269,45,22,22,317,46,28,11,357,46,31,59,127,46*7E
$GAGSV,2,1,05,04,50,077,45,09,34,187,46,12,64,242,45,24,09,292,46*6C
$GAGSV,2,2,05,31,19,027,46*50
$GPZDA,082955.00,14,06,2025,00,00*63
$GPGGA,082956.00,5432.43600,N,01847.91347,E,1,12,1.0,16.2,M,26.5,M,,*59
$GPRMC,082956.00,A,5432.43600,N,01847.91347,E,19.07,93.8,140625,,,A*64
$GPVTG,93.8,T,,M,19.07,N,35.32,K,A*37
$HEHDT,83.0,T*14
$VWVHW,83.0,T,,M,14.67,N,27.16,K*47
$GPGGA,082957.00,5432.43564,N,01847.92236,E,1,12,1.0,17.1,M,26.5,M,,*5F
$GPRMC,082957.00,A,5432.43564,N,01847.92236,E,19.01,93.6,140625,,,A*68
$GPVTG,93.6,T,,M,19.01,N,35.21,K,A*3D
$HEHDT,82.5,T*10
$VWVHW,82.5,T,,M,14.67,N,27.16,K*43
$GPGGA,082958.00,5432.43493,N,01847.93091,E,1,12,1.0,17.0,M,26.5,M,,*56
$GPRMC,082958.00,A,5432.43493,N,01847.93091,E,18.93,93.5,140625,,,A*69
$GPVTG,93.5,T,,M,18.93,N,35.06,K,A*31
$HEHDT,83.2,T*16
$VWVHW,83.2,T,,M,14.54,N,26.92,K*48
$GPGGA,082959.00,5432.43564,N,01847.94040,E,1,12,1.0,16.7,M,26.5,M,,*53
$GPRMC,082959.00,A,5432.43564,N,01847.94040,E,19.03,93.5,140625,,,A*62
$GPVTG,93.5,T,,M,19.03,N,35.24,K,A*39
$HEHDT,83.1,T*15
$VWVHW,83.1,T,,M,14.64,N,27.12,K*41
$GPGGA,083000.00,5432.43457,N,01847.94881,E,1,12,1.0,17.1,M,26.5,M,,*54
$GPRMC,083000.00,A,5432.43457,N,01847.94881,E,19.00,93.4,140625,,,A*60
$GPVTG,93.4,T,,M,19.00,N,35.18,K,A*34
$HEHDT,83.1,T*15
$VWVHW,83.1,T,,M,14.61,N,27.06,K*41
$GPGSV,2,1,08,03,66,047,46,08,41,102,46,11,21,157,46,14,46,212,47*7B
$GPGSV,2,2,08,17,65,269,46,22,22,317,46,28,11,357,46,31,59,127,46*7D
$GAGSV,2,1,05,04,50,077,45,09,34,187,47,12,64,242,46,24,09,292,45*6D
$GAGSV,2,2,05,31,19,027,46*50
$GPZDA,083000.00,14,06,2025,00,00*6B
$GPGGA,083001.00,5432.43424,N,01847.95830,E,1,12,1.0,17.0,M,26.5,M,,*5B
$GPRMC,083001.00,A,5432.43424,N,01847.95830,E,18.95,93.7,140625,,,A*60
$GPVTG,93.7,T,,M,18.95,N,35.09,K,A*3A
$HEHDT,83.1,T*15
$VWVHW,83.1,T,,M,14.77,N,27.35,K*46
$GPGGA,083002.00,5432.43390,N,01847.96712,E,1,12,1.0,16.8,M,26.5,M,,*55
$GPRMC,083002.00,A,5432.43390,N,01847.96712,E,19.02,93.3,140625,,,A*6C
$GPVTG,93.3,T,,M,19.02,N,35.23,K,A*39
$HEHDT,83.0,T*14
$VWVHW,83.0,T,,M,14.78,N,27.38,K*45
$GPGGA,083003.00,5432.43383,N,01847.97600,E,1,12,1.0,17.1,M,26.5,M,,*5D
$GPRMC,083003.00,A,5432.43383,N,01847.97600,E,18.95,94.1,140625,,,A*66
$GPVTG,94.1,T,,M,18.95,N,35.10,K,A*33
$HEHDT,83.5,T*11
$VWVHW,83.5,T,,M,14.65,N,27.13,K*45
$GPGGA,083004.00,5432.43340,N,01847.98596,E,1,12,1.0,18.0,M,26.5,M,,*58
$GPRMC,083004.00,A,5432.43340,N,01847.98596,E,19.02,93.4,140625,,,A*60
$GPVTG,93.4,T,,M,19.02,N,35.23,K,A*3E
$HEHDT,83.3,T*17
$VWVHW,83.3,T,,M,14.60,N,27.04,K*40
$GPGGA,083005.00,5432.43300,N,01847.99458,E,1,12,1.0,17.9,M,26.5,M,,*59
$GPRMC,083005.00,A,5432.43300,N,01847.99458,E,19.05,93.6,140625,,,A*62
$GPVTG,93.6,T,,M,19.05,N,35.29,K,A*31
$HEHDT,83.1,T*15
$VWVHW,83.1,T,,M,14.77,N,27.35,K*46
$GPGSV,2,1,08,03,66,047,47,08,41,102,46,11,21,157,46,14,46,212,46*7B
$GPGSV,2,2,08,17,65,269,46,22,22,317,46,28,11,357,46,31,59,127,46*7D
$GAGSV,2,1,05,04,50,077,46,09,34,187,46,12,64,242,47,24,09,292,46*6D
$GAGSV,2,2,05,31,19,027,46*50
$GPZDA,083005.00,14,06,2025,00,00*6E
$GPGGA,083006.00,5432.43303,N,01848.00297,E,1,12,1.0,18.2,M,26.5,M,,*57
$GPRMC,083006.00,A,5432.43303,N,01848.00297,E,19.02,93.5,140625,,,A*6C
$GPVTG,93.5,T,,M,19.02,N,35.22,K,A*3E
$HEHDT,83.3,T*17
$VWVHW,83.3,T,,M,14.55,N,26.94,K*4E
$GPGGA,083007.00,5432.43286,N,01848.01233,E,1,12,1.0,17.7,M,26.5,M,,*5F
$GPRMC,083007.00,A,5432.43286,N,01848.01233,E,19.18,93.6,140625,,,A*66
$GPVTG,93.6,T,,M,19.18,N,35.53,K,A*30
$HEHDT,83.0,T*14
$VWVHW,83.0,T,,M,14.65,N,27.13,K*40
$GPGGA,083008.00,5432.43220,N,01848.02132,E,1,12,1.0,18.1,M,26.5,M,,*54
$GPRMC,083008.00,A,5432.43220,N,01848.02132,E,19.06,93.7,140625,,,A*6A
$GPVTG,93.7,T,,M,19.06,N,35.29,K,A*33
$HEHDT,83.2,T*16
$VWVHW,83.2,T,,M,14.74,N,27.29,K*4B
$GPGGA,083009.00,5432.43201,N,01848.03012,E,1,12,1.0,18.0,M,26.5,M,,*55
$GPRMC,083009.00,A,5432.43201,N,01848.03012,E,19.06,92.9,140625,,,A*65
$GPVTG,92.9,T,,M,19.06,N,35.29,K,A*3C
$HEHDT,83.0,T*14
$VWVHW,83.0,T,,M,14.63,N,27.09,K*4D
$GPGGA,083010.00,5432.43140,N,01848.03956,E,1,12,1.0,18.2,M,26.5,M,,*50
$GPRMC,083010.00,A,5432.43140,N,01848.03956,E,18.98,93.4,140625,,,A*68
$GPVTG,93.4,T,,M,18.98,N,35.15,K,A*39
$HEHDT,83.4,T*10
$VWVHW,83.4,T,,M,14.67,N,27.17,K*42
$GPGSV,2,1,08,03,66,047,46,08,41,102,46,11,21,157,46,14,46,212,46*7A
$GPGSV,2,2,08,17,65,269,46,22,22,317,46,28,11,357,46,31,59,127,46*7D
$GAGSV,2,1,05,04,50,077,45,09,34,187,46,12,64,242,46,24,09,292,46*6F
$GAGSV,2,2,05,31,19,027,46*50
$GPZDA,083010.00,14,06,2025,00,00*6A
$GPGGA,083011.00,5432.43137,N,01848.04828,E,1,12,1.0,17.6,M,26.5,M,,*55
$GPRMC,083011.00,A,5432.43137,N,01848.04828,E,19.00,93.6,140625,,,A*64
$GPVTG,93.6,T,,M,19.00,N,35.20,K,A*3D
$HEHDT,83.3,T*17
$VWVHW,83.3,T,,M,14.71,N,27.25,K*43
$GPGGA,083012.00,5432.43067,N,01848.05705,E,1,12,1.0,17.5,M,26.5,M,,*50
$GPRMC,083012.00,A,5432.43067,N,01848.05705,E,19.06,93.4,140625,,,A*66
$GPVTG,93.4,T,,M,19.06,N,35.30,K,A*38
$HEHDT,82.7,T*12
$VWVHW,82.7,T,,M,14.70,N,27.22,K*40
$GPGGA,083013.00,5432.43098,N,01848.06682,E,1,12,1.0,17.2,M,26.5,M,,*5B
$GPRMC,083013.00,A,5432.43098,N,01848.06682,E,19.03,93.3,140625,,,A*68
$GPVTG,93.3,T,,M,19.03,N,35.25,K,A*3E
$HEHDT,83.0,T*14
$VWVHW,83.0,T,,M,14.54,N,26.92,K*4A
$GPGGA,083014.00,5432.43049,N,01848.07640,E,1,12,1.0,17.9,M,26.5,M,,*54
$GPRMC,083014.00,A,5432.43049,N,01848.07640,E,19.06,93.5,140625,,,A*6F
$GPVTG,93.5,T,,M,19.06,N,35.30,K,A*39
$HEHDT,83.2,T*16
$VWVHW,83.2,T,,M,14.77,N,27.35,K*45
$GPGGA,083015.00,5432.43006,N,01848.08509,E,1,12,1.0,17.6,M,26.5,M,,*50
$GPRMC,083015.00,A,5432.43006,N,01848.08509,E,19.05,93.4,140625,,,A*66
$GPVTG,93.4,T,,M,19.05,N,35.27,K,A*3D
$HEHDT,83.3,T*17
$VWVHW,83.3,T,,M,14.82,N,27.44,K*48
$GPGSV,2,1,08,03,66,047,46,08,41,102,45,11,21,157,45,14,46,212,46*7A
$GPGSV,2,2,08,17,65,269,46,22,22,317,46,28,11,357,46,31,59,127,46*7D
$GAGSV,2,1,05,04,50,077,46,09,34,187,45,12,64,242,46,24,09,292,46*6F
$GAGSV,2,2,05,31,19,027,46*50
$GPZDA,083015.00,14,06,2025,00,00*6F
$GPGGA,083016.00,5432.42899,N,01848.09465,E,1,12,1.0,17.5,M,26.5,M,,*55
$GPRMC,083016.00,A,5432.42899,N,01848.09465,E,19.08,93.5,140625,,,A*6C
$GPVTG,93.5,T,,M,19.08,N,35.33,K,A*34
$HEHDT,82.7,T*12
$VWVHW,82.7,T,,M,14.67,N,27.17,K*40
$GPGGA,083017.00,5432.42918,N,01848.10219,E,1,12,1.0,17.9,M,26.5,M,,*55
$GPRMC,083017.00,A,5432.42918,N,01848.10219,E,18.94,93.6,140625,,,A*67
$GPVTG,93.6,T,,M,18.94,N,35.08,K,A*3B
$HEHDT,83.3,T*17
$VWVHW,83.3,T,,M,14.74,N,27.30,K*42
$GPGGA,083018.00,5432.42939,N,01848.11114,E,1,12,1.0,17.7,M,26.5,M,,*58
$GPRMC,083018.00,A,5432.42939,N,01848.11114,E,18.96,94.0,140625,,,A*67
$GPVTG,94.0,T,,M,18.96,N,35.11,K,A*30
$HEHDT,83.3,T*17
$VWVHW,83.3,T,,M,14.72,N,27.26,K*43
$GPGGA,083019.00,5432.42839,N,01848.12088,E,1,12,1.0,17.7,M,26.5,M,,*5F
$GPRMC,083019.00,A,5432.42839,N,01848.12088,E,19.04,93.6,140625,,,A*6B
$GPVTG,93.6,T,,M,19.04,N,35.27,K,A*3E
$HEHDT,83.5,T*11
$VWVHW,83.5,T,,M,14.75,N,27.32,K*47
$GPGGA,083020.00,5432.42856,N,01848.12969,E,1,12,1.0,17.2,M,26.5,M,,*5F
$GPRMC,083020.00,A,5432.42856,N,01848.12969,E,18.98,93.4,140625,,,A*68
$GPVTG,93.4,T,,M,18.98,N,35.14,K,A*38
$HEHDT,83.5,T*11
$VWVHW,83.5,T,,M,14.68,N,27.19,K*42
$GPGSV,2,1,08,03,66,047,46,08,41,102,46,11,21,157,47,14,46,212,46*7B
$GPGSV,2,2,08,17,65,269,46,22,22,317,46,28,11,357,46,31,59,127,46*7D
$GAGSV,2,1,05,04,50,077,46,09,34,187,45,12,64,242,46,24,09,292,45*6C
$GAGSV,2,2,05,31,19,027,45*53
$GPZDA,083020.00,14,06,2025,00,00*69
$GPGGA,083021.00,5432.42796,N,01848.13828,E,1,12,1.0,17.1,M,26.5,M,,*5B
$GPRMC,083021.00,A,5432.42796,N,01848.13828,E,19.07,93.1,140625,,,A*6D
$GPVTG,93.1,T,,M,19.07,N,35.32,K,A*3E
$HEHDT,83.3,T*17
$VWVHW,83.3,T,,M,14.71,N,27.24,K*42
$GPGGA,083022.00,5432.42807,N,01848.14718,E,1,12,1.0,17.0,M,26.5,M,,*55
$GPRMC,083022.00,A,5432.42807,N,01848.14718,E,19.04,93.7,140625,,,A*67
$GPVTG,93.7,T,,M,19.04,N,35.27,K,A*3F
$HEHDT,83.3,T*17
$VWVHW,83.3,T,,M,14.77,N,27.36,K*47
$GPGGA,083023.00,5432.42740,N,01848.15665,E,1,12,1.0,16.8,M,26.5,M,,*5B
$GPRMC,083023.00,A,5432.42740,N,01848.15665,E,18.94,93.8,140625,,,A*67
$GPVTG,93.8,T,,M,18.94,N,35.08,K,A*35
$HEHDT,83.0,T*14
$VWVHW,83.0,T,,M,14.69,N,27.21,K*4D
$GPGGA,083024.00,5432.42684,N,01848.16552,E,1,12,1.0,17.0,M,26.5,M,,*58
$GPRMC,083024.00,A,5432.42684,N,01848.16552,E,18.99,93.8,140625,,,A*60
$GPVTG,93.8,T,,M,18.99,N,35.18,K,A*39
$HEHDT,83.0,T*14
$VWVHW,83.0,T,,M,14.70,N,27.23,K*47
$GPGGA,083025.00,5432.42691,N,01848.17418,E,1,12,1.0,17.3,M,26.5,M,,*50
$GPRMC,083025.00,A,5432.42691,N,01848.17418,E,18.98,93.8,140625,,,A*6A
$GPVTG,93.8,T,,M,18.98,N,35.15,K,A*35
$HEHDT,83.1,T*15
$VWVHW,83.1,T,,M,14.66,N,27.15,K*44
$GPGSV,2,1,08,03,66,047,47,08,41,102,46,11,21,157,46,14,46,212,46*7B
$GPGSV,2,2,08,17,65,269,46,22,22,317,46,28,11,357,46,31,59,127,45*7E
$GAGSV,2,1,05,04,50,077,47,09,34,187,46,12,64,242,47,24,09,292,46*6C
$GAGSV,2,2,05,31,19,027,46*50
$GPZDA,083025.00,14,06,2025,00,00*6C
$GPGGA,083026.00,5432.42608,N,01848.18352,E,1,12,1.0,17.5,M,26.5,M,,*53
$GPRMC,083026.00,A,5432.42608,N,01848.18352,E,19.11,93.7,140625,,,A*60
$GPVTG,93.7,T,,M,19.11,N,35.39,K,A*34
$HEHDT,83.2,T*16
$VWVHW,83.2,T,,M,14.61,N,27.06,K*42
$GPGGA,083027.00,5432.42603,N,01848.19216,E,1,12,1.0,17.0,M,26.5,M,,*5C
$GPRMC,083027.00,A,5432.42603,N,01848.19216,E,19.14,93.7,140625,,,A*6F
$GPVTG,93.7,T,,M,19.14,N,35.45,K,A*3A
$HEHDT,83.5,T*11
$VWVHW,83.5,T,,M,14.63,N,27.09,K*48
$GPGGA,083028.00,5432.42562,N,01848.20231,E,1,12,1.0,16.8,M,26.5,M,,*51
$GPRMC,083028.00,A,5432.42562,N,01848.20231,E,19.00,93.9,140625,,,A*60
$GPVTG,93.9,T,,M,19.00,N,35.20,K,A*32
$HEHDT,83.4,T*10
$VWVHW,83.4,T,,M,14.78,N,27.37,K*4E
$GPGGA,083029.00,5432.42531,N,01848.21082,E,1,12,1.0,16.9,M,26.5,M,,*5C
$GPRMC,083029.00,A,5432.42531,N,01848.21082,E,19.06,93.4,140625,,,A*67
$GPVTG,93.4,T,,M,19.06,N,35.29,K,A*30
$HEHDT,82.8,T*1D
$VWVHW,82.8,T,,M,14.55,N,26.94,K*44
$GPGGA,083030.00,5432.42493,N,01848.21995,E,1,12,1.0,16.8,M,26.5,M,,*53
$GPRMC,083030.00,A,5432.42493,N,01848.21995,E,19.16,94.0,140625,,,A*6B
$GPVTG,94.0,T,,M,19.16,N,35.49,K,A*34
$HEHDT,83.2,T*16
$VWVHW,83.2,T,,M,14.76,N,27.33,K*42
$GPGSV,2,1,08,03,66,047,46,08,41,102,45,11,21,157,46,14,46,212,45*7A
$GPGSV,2,2,08,17,65,269,46,22,22,317,46,28,11,357,46,31,59,127,46*7D
$GAGSV,2,1,05,04,50,077,46,09,34,187,46,12,64,242,46,24,09,292,45*6F
$GAGSV,2,2,05,31,19,027,46*50
$GPZDA,083030.00,14,06,2025,00,00*68
$GPGGA,083031.00,5432.42479,N,01848.22913,E,1,12,1.0,17.2,M,26.5,M,,*50
$GPRMC,083031.00,A,5432.42479,N,01848.22913,E,19.08,93.3,140625,,,A*68
$GPVTG,93.3,T,,M,19.08,N,35.33,K,A*32
$HEHDT,83.4,T*10
$VWVHW,83.4,T,,M,14.84,N,27.49,K*44
$GPGGA,083032.00,5432.42443,N,01848.23697,E,1,12,1.0,17.1,M,26.5,M,,*5B
$GPRMC,083032.00,A,5432.42443,N,01848.23697,E,18.90,94.2,140625,,,A*66
$GPVTG,94.2,T,,M,18.90,N,35.00,K,A*34
$HEHDT,83.3,T*17
$VWVHW,83.3,T,,M,14.63,N,27.09,K*4E
$GPGGA,083033.00,5432.42406,N,01848.24722,E,1,12,1.0,16.5,M,26.5,M,,*56
$GPRMC,083033.00,A,5432.42406,N,01848.24722,E,19.12,93.3,140625,,,A*63
$GPVTG,93.3,T,,M,19.12,N,35.40,K,A*3D
$HEHDT,82.9,T*1C
$VWVHW,82.9,T,,M,14.84,N,27.48,K*49
$GPGGA,083034.00,5432.42384,N,01848.25626,E,1,12,1.0,17.3,M,26.5,M,,*5F
$GPRMC,083034.00,A,5432.42384,N,01848.25626,E,19.13,93.8,140625,,,A*67
$GPVTG,93.8,T,,M,19.13,N,35.44,K,A*33
$HEHDT,82.9,T*1C
$VWVHW,82.9,T,,M,14.71,N,27.25,K*48
$GPGGA,083035.00,5432.42287,N,01848.26553,E,1,12,1.0,17.0,M,26.5,M,,*5D
$GPRMC,083035.00,A,5432.42287,N,01848.26553,E,19.03,93.5,140625,,,A*6A
$GPVTG,93.5,T,,M,19.03,N,35.25,K,A*38
$HEHDT,83.3,T*17
$VWVHW,83.3,T,,M,14.68,N,27.19,K*44
$GPGSV,2,1,08,03,66,047,47,08,41,102,45,11,21,157,46,14,46,212,47*79
$GPGSV,2,2,08,17,65,269,47,22,22,317,47,28,12,357,46,31,59,127,46*7E
$GAGSV,2,1,05,04,50,077,46,09,34,187,46,12,64,242,47,24,09,292,46*6D
$GAGSV,2,2,05,31,19,027,46*50
$GPZDA,083035.00,14,06,2025,00,00*6D
$GPGGA,083036.00,5432.42280,N,01848.27508,E,1,12,1.0,17.0,M,26.5,M,,*56
$GPRMC,083036.00,A,5432.42280,N,01848.27508,E,19.00,93.4,140625,,,A*63
$GPVTG,93.4,T,,M,19.00,N,35.20,K,A*3F
$HEHDT,82.7,T*12
$VWVHW,82.7,T,,M,14.70,N,27.22,K*40
$GPGGA,083037.00,5432.42294,N,01848.28417,E,1,12,1.0,17.1,M,26.5,M,,*53
$GPRMC,083037.00,A,5432.42294,N,01848.28417,E,19.27,93.7,140625,,,A*61
$GPVTG,93.7,T,,M,19.27,N,35.69,K,A*34
$HEHDT,83.3,T*17
$VWVHW,83.3,T,,M,14.75,N,27.31,K*42
$GPGGA,083038.00,5432.42201,N,01848.29278,E,1,12,1.0,17.4,M,26.5,M,,*5B
$GPRMC,083038.00,A,5432.42201,N,01848.29278,E,19.14,93.4,140625,,,A*6F
$GPVTG,93.4,T,,M,19.14,N,35.45,K,A*39
$HEHDT,82.6,T*13
$VWVHW,82.6,T,,M,14.80,N,27.42,K*48
$GPGGA,083039.00,5432.42184,N,01848.30188,E,1,12,1.0,17.1,M,26.5,M,,*55
$GPRMC,083039.00,A,5432.42184,N,01848.30188,E,19.21,93.5,140625,,,A*63
$GPVTG,93.5,T,,M,19.21,N,35.58,K,A*32
$HEHDT,83.4,T*10
$VWVHW,83.4,T,,M,14.72,N,27.26,K*44
$GPGGA,083040.00,5432.42141,N,01848.31189,E,1,12,1.0,17.6,M,26.5,M,,*55
$GPRMC,083040.00,A,5432.42141,N,01848.31189,E,19.05,93.6,140625,,,A*61
$GPVTG,93.6,T,,M,19.05,N,35.28,K,A*30
$HEHDT,82.9,T*1C
$VWVHW,82.9,T,,M,14.66,N,27.14,K*4C
$GPGSV,2,1,08,03,66,047,47,08,41,102,46,11,21,157,46,14,46,212,46*7B
$GPGSV,2,2,08,17,65,269,46,22,22,317,46,28,12,357,46,31,59,127,46*7E
$GAGSV,2,1,05,04,50,077,46,09,34,187,46,12,64,242,46,24,09,292,46*6C
$GAGSV,2,2,05,31,19,027,46*50
$GPZDA,083040.00,14,06,2025,00,00*6F
$GPGGA,083041.00,5432.42139,N,01848.32060,E,1,12,1.0,17.6,M,26.5,M,,*5E
$GPRMC,083041.00,A,5432.42139,N,01848.32060,E,19.04,93.8,140625,,,A*65
$GPVTG,93.8,T,,M,19.04,N,35.26,K,A*31
$HEHDT,83.4,T*10
$VWVHW,83.4,T,,M,14.72,N,27.25,K*47
$GPGGA,083042.00,5432.42055,N,01848.33017,E,1,12,1.0,17.1,M,26.5,M,,*50
$GPRMC,083042.00,A,5432.42055,N,01848.33017,E,19.14,93.6,140625,,,A*63
$GPVTG,93.6,T,,M,19.14,N,35.44,K,A*3A
$HEHDT,83.3,T*17
$VWVHW,83.3,T,,M,14.83,N,27.46,K*4B
$GPGGA,083043.00,5432.42071,N,01848.33940,E,1,12,1.0,16.2,M,26.5,M,,*5E
$GPRMC,083043.00,A,5432.42071,N,01848.33940,E,19.20,93.9,140625,,,A*67
$GPVTG,93.9,T,,M,19.20,N,35.55,K,A*32
$HEHDT,83.0,T*14
$VWVHW,83.0,T,,M,14.73,N,27.27,K*40
$GPGGA,083044.00,5432.42044,N,01848.34758,E,1,12,1.0,16.9,M,26.5,M,,*54
$GPRMC,083044.00,A,5432.42044,N,01848.34758,E,19.08,93.5,140625,,,A*60
$GPVTG,93.5,T,,M,19.08,N,35.34,K,A*33
$HEHDT,83.1,T*15
$VWVHW,83.1,T,,M,14.73,N,27.28,K*4E
$GPGGA,083045.00,5432.41985,N,01848.35682,E,1,12,1.1,17.4,M,26.5,M,,*58
$GPRMC,083045.00,A,5432.41985,N,01848.35682,E,19.11,93.8,140625,,,A*64
$GPVTG,93.8,T,,M,19.11,N,35.40,K,A*35
$HEHDT,82.8,T*1D
$VWVHW,82.8,T,,M,14.74,N,27.29,K*40
$GPGSV,2,1,08,03,66,047,46,08,41,102,46,11,21,157,46,14,46,212,46*7A
$GPGSV,2,2,08,17,65,269,46,22,22,317,46,28,12,357,47,31,59,127,45*7C
$GAGSV,2,1,05,04,50,077,46,09,34,187,46,12,64,242,46,24,09,292,46*6C
$GAGSV,2,2,05,31,19,027,46*50
$GPZDA,083045.00,14,06,2025,00,00*6A
$GPGGA,083046.00,5432.41985,N,01848.36528,E,1,12,1.1,16.7,M,26.5,M,,*59
$GPRMC,083046.00,A,5432.41985,N,01848.36528,E,19.28,93.8,140625,,,A*6D
$GPVTG,93.8,T,,M,19.28,N,35.71,K,A*3D
$HEHDT,83.3,T*17
$VWVHW,83.3,T,,M,14.74,N,27.30,K*42
$GPGGA,083047.00,5432.41928,N,01848.37460,E,1,12,1.1,17.2,M,26.5,M,,*57
$GPRMC,083047.00,A,5432.41928,N,01848.37460,E,19.10,93.1,140625,,,A*65
$GPVTG,93.1,T,,M,19.10,N,35.38,K,A*32
$HEHDT,83.5,T*11
$VWVHW,83.5,T,,M,14.81,N,27.43,K*4A
$GPGGA,083048.00,5432.41929,N,01848.38406,E,1,12,1.1,17.3,M,26.5,M,,*57
$GPRMC,083048.00,A,5432.41929,N,01848.38406,E,19.10,93.4,140625,,,A*61
$GPVTG,93.4,T,,M,19.10,N,35.38,K,A*37
$HEHDT,82.8,T*1D
$VWVHW,82.8,T,,M,14.76,N,27.33,K*49
$GPGGA,083049.00,5432.41892,N,01848.39290,E,1,12,1.1,16.9,M,26.5,M,,*54
$GPRMC,083049.00,A,5432.41892,N,01848.39290,E,19.16,93.6,140625,,,A*6D
$GPVTG,93.6,T,,M,19.16,N,35.48,K,A*34
$HEHDT,83.5,T*11
$VWVHW,83.5,T,,M,14.76,N,27.33,K*45
$GPGGA,083050.00,5432.41834,N,01848.40219,E,1,12,1.1,17.3,M,26.5,M,,*54
$GPRMC,083050.00,A,5432.41834,N,01848.40219,E,19.09,93.8,140625,,,A*66
$GPVTG,93.8,T,,M,19.09,N,35.35,K,A*3E
$HEHDT,83.4,T*10
$VWVHW,83.4,T,,M,14.84,N,27.48,K*45
$GPGSV,2,1,08,03,66,047,46,08,41,102,46,11,21,157,46,14,46,212,46*7A
$GPGSV,2,2,08,17,65,269,46,22,22,317,46,28,12,357,46,31,59,127,46*7E
$GAGSV,2,1,05,04,50,077,46,09,34,187,46,12,64,242,46,24,09,292,45*6F
$GAGSV,2,2,05,31,19,027,47*51
$GPZDA,083050.00,14,06,2025,00,00*6E
$GPGGA,083051.00,5432.41772,N,01848.41065,E,1,12,1.1,17.5,M,26.5,M,,*56
$GPRMC,083051.00,A,5432.41772,N,01848.41065,E,19.27,93.4,140625,,,A*62
$GPVTG,93.4,T,,M,19.27,N,35.68,K,A*36
$HEHDT,83.3,T*17
$VWVHW,83.3,T,,M,14.69,N,27.21,K*4E
$GPGGA,083052.00,5432.41753,N,01848.42080,E,1,12,1.1,17.0,M,26.5,M,,*5B
$GPRMC,083052.00,A,5432.41753,N,01848.42080,E,19.12,93.5,140625,,,A*6D
$GPVTG,93.5,T,,M,19.12,N,35.41,K,A*3A
$HEHDT,83.1,T*15
$VWVHW,83.1,T,,M,14.75,N,27.32,K*43
$GPGGA,083053.00,5432.41659,N,01848.42882,E,1,12,1.1,16.5,M,26.5,M,,*5F
$GPRMC,083053.00,A,5432.41659,N,01848.42882,E,19.15,93.5,140625,,,A*6A
$GPVTG,93.5,T,,M,19.15,N,35.46,K,A*3A
$HEHDT,83.0,T*14
$VWVHW,83.0,T,,M,14.60,N,27.04,K*43
$GPGGA,083054.00,5432.41674,N,01848.43867,E,1,12,1.1,17.2,M,26.5,M,,*5B
$GPRMC,083054.00,A,5432.41674,N,01848.43867,E,19.10,93.9,140625,,,A*61
$GPVTG,93.9,T,,M,19.10,N,35.37,K,A*35
$HEHDT,83.1,T*15
$VWVHW,83.1,T,,M,14.87,N,27.54,K*4E
$GPGGA,083055.00,5432.41670,N,01848.44825,E,1,12,1.1,17.1,M,26.5,M,,*5C
$GPRMC,083055.00,A,5432.41670,N,01848.44825,E,19.15,93.8,140625,,,A*61
$GPVTG,93.8,T,,M,19.15,N,35.47,K,A*36
$HEHDT,83.5,T*11
$VWVHW,83.5,T,,M,14.85,N,27.51,K*4D
$GPGSV,2,1,08,03,66,047,46,08,41,102,46,11,21,157,46,14,46,212,46*7A
$GPGSV,2,2,08,17,65,269,46,22,22,317,46,28,12,357,46,31,59,127,46*7E
$GAGSV,2,1,05,04,50,077,46,09,34,187,46,12,64,242,46,24,09,292,47*6D
$GAGSV,2,2,05,31,19,027,46*50
$GPZDA,083055.00,14,06,2025,00,00*6B
$GPGGA,083056.00,5432.41617,N,01848.45671,E,1,12,1.1,17.5,M,26.5,M,,*54
$GPRMC,083056.00,A,5432.41617,N,01848.45671,E,19.30,93.2,140625,,,A*60
$GPVTG,93.2,T,,M,19.30,N,35.75,K,A*3A
$HEHDT,83.0,T*14
$VWVHW,83.0,T,,M,14.77,N,27.35,K*47
$GPGGA,083057.00,5432.41584,N,01848.46622,E,1,12,1.1,17.4,M,26.5,M,,*58
$GPRMC,083057.00,A,5432.41584,N,01848.46622,E,19.17,93.5,140625,,,A*6F
$GPVTG,93.5,T,,M,19.17,N,35.50,K,A*3F
$HEHDT,83.5,T*11
$VWVHW,83.5,T,,M,14.79,N,27.39,K*40
$GPGGA,083058.00,5432.41595,N,01848.47486,E,1,12,1.1,17.9,M,26.5,M,,*57
$GPRMC,083058.00,A,5432.41595,N,01848.47486,E,18.98,93.6,140625,,,A*68
$GPVTG,93.6,T,,M,18.98,N,35.14,K,A*3A
$HEHDT,83.2,T*16
$VWVHW,83.2,T,,M,14.79,N,27.39,K*47
$GPGGA,083059.00,5432.41483,N,01848.48429,E,1,12,1.1,17.1,M,26.5,M,,*52
$GPRMC,083059.00,A,5432.41483,N,01848.48429,E,18.99,93.6,140625,,,A*64
$GPVTG,93.6,T,,M,18.99,N,35.18,K,A*37
$HEHDT,83.3,T*17
$VWVHW,83.3,T,,M,15.01,N,27.80,K*4A
$GPGGA,083100.00,5432.41536,N,01848.49364,E,1,12,1.1,17.2,M,26.5,M,,*5C
$GPRMC,083100.00,A,5432.41536,N,01848.49364,E,19.27,93.9,140625,,,A*62
$GPVTG,93.9,T,,M,19.27,N,35.69,K,A*3A
$HEHDT,83.1,T*15
$VWVHW,83.1,T,,M,14.78,N,27.37,K*4B
$GPGSV,2,1,08,03,66,047,46,08,41,102,46,11,21,157,46,14,46,212,47*7B
$GPGSV,2,2,08,17,65,269,46,22,22,317,46,28,12,357,46,31,59,127,46*7E
$GAGSV,2,1,05,04,50,077,46,09,34,187,46,12,64,242,45,24,09,292,46*6F
$GAGSV,2,2,05,31,19,027,47*51
$GPZDA,083100.00,14,06,2025,00,00*6A
$GPGGA,083101.00,5432.41460,N,01848.50327,E,1,12,1.1,17.0,M,26.5,M,,*52
$GPRMC,083101.00,A,5432.41460,N,01848.50327,E,19.23,93.4,140625,,,A*67
$GPVTG,93.4,T,,M,19.23,N,35.62,K,A*38
$HEHDT,82.7,T*12
$VWVHW,82.7,T,,M,14.81,N,27.43,K*49
$GPGGA,083102.00,5432.41402,N,01848.51202,E,1,12,1.1,17.8,M,26.5,M,,*5A
$GPRMC,083102.00,A,5432.41402,N,01848.51202,E,19.22,93.4,140625,,,A*66
$GPVTG,93.4,T,,M,19.22,N,35.59,K,A*31
$HEHDT,83.0,T*14
$VWVHW,83.0,T,,M,14.85,N,27.49,K*41
$GPGGA,083103.00,5432.41394,N,01848.52109,E,1,12,1.1,16.5,M,26.5,M,,*54
$GPRMC,083103.00,A,5432.41394,N,01848.52109,E,19.22,94.0,140625,,,A*67
$GPVTG,94.0,T,,M,19.22,N,35.59,K,A*32
$HEHDT,83.0,T*14
$VWVHW,83.0,T,,M,14.78,N,27.36,K*4B
$GPGGA,083104.00,5432.41386,N,01848.53057,E,1,12,1.1,16.6,M,26.5,M,,*58
$GPRMC,083104.00,A,5432.41386,N,01848.53057,E,19.28,93.5,140625,,,A*60
$GPVTG,93.5,T,,M,19.28,N,35.71,K,A*30
$HEHDT,83.4,T*10
$VWVHW,83.4,T,,M,14.84,N,27.48,K*45
$GPGGA,083105.00,5432.41321,N,01848.53940,E,1,12,1.1,17.5,M,26.5,M,,*59
$GPRMC,083105.00,A,5432.41321,N,01848.53940,E,19.07,93.5,140625,,,A*6E
$GPVTG,93.5,T,,M,19.07,N,35.32,K,A*3A
$HEHDT,83.2,T*16
$VWVHW,83.2,T,,M,14.79,N,27.38,K*46
$GPGSV,2,1,08,03,66,047,46,08,41,102,46,11,21,157,46,14,46,212,46*7A
$GPGSV,2,2,08,17,65,269,46,22,22,317,46,28,12,357,46,31,59,127,46*7E
$GAGSV,2,1,05,04,50,077,47,09,34,187,46,12,64,242,46,24,09,292,45*6E
$GAGSV,2,2,05,31,19,027,46*50
$GPZDA,083105.00,14,06,2025,00,00*6F
$GPGGA,083106.00,5432.41297,N,01848.54862,E,1,12,1.1,17.4,M,26.5,M,,*51
$GPRMC,083106.00,A,5432.41297,N,01848.54862,E,19.22,93.2,140625,,,A*67
$GPVTG,93.2,T,,M,19.22,N,35.60,K,A*3D
$HEHDT,82.7,T*12
$VWVHW,82.7,T,,M,14.78,N,27.37,K*4C
$GPGGA,083107.00,5432.41255,N,01848.55746,E,1,12,1.1,17.1,M,26.5,M,,*53
$GPRMC,083107.00,A,5432.41255,N,01848.55746,E,19.02,93.2,140625,,,A*62
$GPVTG,93.2,T,,M,19.02,N,35.23,K,A*38
$HEHDT,83.4,T*10
$VWVHW,83.4,T,,M,14.87,N,27.53,K*4C
$GPGGA,083108.00,5432.41264,N,01848.56672,E,1,12,1.1,16.8,M,26.5,M,,*53
$GPRMC,083108.00,A,5432.41264,N,01848.56672,E,19.17,93.7,140625,,,A*6B
$GPVTG,93.7,T,,M,19.17,N,35.50,K,A*3D
$HEHDT,82.7,T*12
$VWVHW,82.7,T,,M,14.94,N,27.66,K*4A
$GPGGA,083109.00,5432.41209,N,01848.57684,E,1,12,1.1,17.5,M,26.5,M,,*5D
$GPRMC,083109.00,A,5432.41209,N,01848.57684,E,19.20,93.8,140625,,,A*62
$GPVTG,93.8,T,,M,19.20,N,35.56,K,A*30
$HEHDT,83.1,T*15
$VWVHW,83.1,T,,M,14.80,N,27.41,K*4D
$GPGGA,083110.00,5432.41188,N,01848.58518,E,1,12,1.1,17.0,M,26.5,M,,*53
$GPRMC,083110.00,A,5432.41188,N,01848.58518,E,19.24,94.0,140625,,,A*62
$GPVTG,94.0,T,,M,19.24,N,35.64,K,A*3A
$HEHDT,83.1,T*15
$VWVHW,83.1,T,,M,14.92,N,27.63,K*4E
$GPGSV,2,1,08,03,66,047,46,08,41,102,46,11,21,157,46,14,46,212,46*7A
$GPGSV,2,2,08,17,65,269,46,22,22,317,46,28,12,357,45,31,59,127,46*7D
$GAGSV,2,1,05,04,50,077,46,09,34,187,45,12,64,242,45,24,09,292,45*6F
$GAGSV,2,2,05,31,19,027,46*50
$GPZDA,083110.00,14,06,2025,00,00*6B
$GPGGA,083111.00,5432.41169,N,01848.59431,E,1,12,1.1,17.0,M,26.5,M,,*56
$GPRMC,083111.00,A,5432.41169,N,01848.59431,E,19.12,93.5,140625,,,A*60
$GPVTG,93.5,T,,M,19.12,N,35.42,K,A*39
$HEHDT,83.1,T*15
$VWVHW,83.1,T,,M,14.95,N,27.69,K*43
$GPGGA,083112.00,5432.41060,N,01848.60382,E,1,12,1.1,16.6,M,26.5,M,,*5F
$GPRMC,083112.00,A,5432.41060,N,01848.60382,E,19.10,93.7,140625,,,A*6E
$GPVTG,93.7,T,,M,19.10,N,35.38,K,A*34
$HEHDT,83.5,T*11
$VWVHW,83.5,T,,M,14.87,N,27.54,K*4A
$GPGGA,083113.00,5432.41105,N,01848.61251,E,1,12,1.1,17.1,M,26.5,M,,*54
$GPRMC,083113.00,A,5432.41105,N,01848.61251,E,19.18,93.3,140625,,,A*6F
$GPVTG,93.3,T,,M,19.18,N,35.51,K,A*37
$HEHDT,83.0,T*14
$VWVHW,83.0,T,,M,14.91,N,27.61,K*4E
$GPGGA,083114.00,5432.41045,N,01848.62202,E,1,12,1.1,16.7,M,26.5,M,,*54
$GPRMC,083114.00,A,5432.41045,N,01848.62202,E,19.04,93.9,140625,,,A*6F
$GPVTG,93.9,T,,M,19.04,N,35.26,K,A*30
$HEHDT,83.3,T*17
$VWVHW,83.3,T,,M,14.78,N,27.37,K*49
$GPGGA,083115.00,5432.41018,N,01848.63091,E,1,12,1.1,16.3,M,26.5,M,,*50
$GPRMC,083115.00,A,5432.41018,N,01848.63091,E,19.28,93.4,140625,,,A*6C
$GPVTG,93.4,T,,M,19.28,N,35.71,K,A*31
$HEHDT,83.7,T*13
$VWVHW,83.7,T,,M,14.91,N,27.61,K*49
$GPGSV,2,1,08,03,66,048,47,08,41,102,46,11,21,158,46,14,46,212,47*7A
$GPGSV,2,2,08,17,65,270,46,22,22,318,46,28,12,358,46,31,59,128,46*79
$GAGSV,2,1,05,04,50,078,45,09,34,188,46,12,64,242,46,24,09,292,46*6F
$GAGSV,2,2,05,31,19,028,47*5E
$GPZDA,083115.00,14,06,2025,00,00*6E
$GPGGA,083116.00,5432.40997,N,01848.63994,E,1,12,1.1,16.7,M,26.5,M,,*54
$GPRMC,083116.00,A,5432.40997,N,01848.63994,E,19.04,93.4,140625,,,A*62
$GPVTG,93.4,T,,M,19.04,N,35.26,K,A*3D
$HEHDT,83.8,T*1C
$VWVHW,83.8,T,,M,14.83,N,27.46,K*40
$GPGGA,083117.00,5432.40955,N,01848.64884,E,1,12,1.1,16.5,M,26.5,M,,*5E
$GPRMC,083117.00,A,5432.40955,N,01848.64884,E,19.19,93.2,140625,,,A*60
$GPVTG,93.2,T,,M,19.19,N,35.54,K,A*32
$HEHDT,83.4,T*10
$VWVHW,83.4,T,,M,14.75,N,27.32,K*46
$GPGGA,083118.00,5432.40903,N,01848.65837,E,1,12,1.1,17.4,M,26.5,M,,*5B
$GPRMC,083118.00,A,5432.40903,N,01848.65837,E,19.20,93.6,140625,,,A*6B
$GPVTG,93.6,T,,M,19.20,N,35.56,K,A*3E
$HEHDT,83.1,T*15
$VWVHW,83.1,T,,M,14.73,N,27.28,K*4E
$GPGGA,083119.00,5432.40919,N,01848.66730,E,1,12,1.1,17.0,M,26.5,M,,*5E
$GPRMC,083119.00,A,5432.40919,N,01848.66730,E,19.14,93.5,140625,,,A*6E
$GPVTG,93.5,T,,M,19.14,N,35.44,K,A*39
$HEHDT,83.2,T*16
$VWVHW,83.2,T,,M,14.66,N,27.15,K*47
$GPGGA,083120.00,5432.40837,N,01848.67580,E,1,12,1.1,16.8,M,26.5,M,,*58
$GPRMC,083120.00,A,5432.40837,N,01848.67580,E,19.06,93.2,140625,,,A*65
$GPVTG,93.2,T,,M,19.06,N,35.31,K,A*3F
$HEHDT,83.2,T*16
$VWVHW,83.2,T,,M,14.71,N,27.24,K*43
$GPGSV,2,1,08,03,66,048,45,08,41,103,47,11,21,158,45,14,46,213,46*7B
$GPGSV,2,2,08,17,65,270,45,22,22,318,46,28,12,358,46,31,59,128,46*7A
$GAGSV,2,1,05,04,50,078,46,09,34,188,46,12,64,243,46,24,09,293,46*6C
$GAGSV,2,2,05,31,19,028,47*5E
$GPZDA,083120.00,14,06,2025,00,00*68
$GPGGA,083121.00,5432.40801,N,01848.68615,E,1,12,1.1,16.6,M,26.5,M,,*52
$GPRMC,083121.00,A,5432.40801,N,01848.68615,E,19.10,93.2,140625,,,A*66
$GPVTG,93.2,T,,M,19.10,N,35.38,K,A*31
$HEHDT,83.0,T*14
$VWVHW,83.0,T,,M,14.78,N,27.38,K*45
$GPGGA,083122.00,5432.40755,N,01848.69416,E,1,12,1.1,16.6,M,26.5,M,,*5F
$GPRMC,083122.00,A,5432.40755,N,01848.69416,E,19.06,93.6,140625,,,A*68
$GPVTG,93.6,T,,M,19.06,N,35.30,K,A*3A
$HEHDT,83.3,T*17
$VWVHW,83.3,T,,M,14.85,N,27.50,K*4A
$GPGGA,083123.00,5432.40697,N,01848.70381,E,1,12,1.1,17.0,M,26.5,M,,*57
$GPRMC,083123.00,A,5432.40697,N,01848.70381,E,19.20,93.6,140625,,,A*63
$GPVTG,93.6,T,,M,19.20,N,35.56,K,A*3E
$HEHDT,82.9,T*1C
$VWVHW,82.9,T,,M,14.89,N,27.58,K*45
$GPGGA,083124.00,5432.40706,N,01848.71331,E,1,12,1.1,15.9,M,26.5,M,,*58
$GPRMC,083124.00,A,5432.40706,N,01848.71331,E,19.09,93.3,140625,,,A*69
$GPVTG,93.3,T,,M,19.09,N,35.35,K,A*35
$HEHDT,83.3,T*17
$VWVHW,83.3,T,,M,14.89,N,27.58,K*4E
$GPGGA,083125.00,5432.40645,N,01848.72268,E,1,12,1.1,16.8,M,26.5,M,,*53
$GPRMC,083125.00,A,5432.40645,N,01848.72268,E,19.09,93.6,140625,,,A*65
$GPVTG,93.6,T,,M,19.09,N,35.36,K,A*33
$HEHDT,82.8,T*1D
$VWVHW,82.8,T,,M,14.73,N,27.29,K*47
$GPGSV,2,1,08,03,66,048,47,08,41,103,46,11,21,158,46,14,46,213,45*78
$GPGSV,2,2,08,17,65,270,46,22,22,318,46,28,12,358,46,31,59,128,46*79
$GAGSV,2,1,05,04,50,078,46,09,34,188,46,12,64,243,46,24,09,293,46*6C
$GAGSV,2,2,05,31,19,028,46*5F
$GPZDA,083125.00,14,06,2025,00,00*6D
$GPGGA,083126.00,5432.40672,N,01848.73185,E,1,12,1.1,16.8,M,26.5,M,,*55
$GPRMC,083126.00,A,5432.40672,N,01848.73185,E,19.23,93.8,140625,,,A*65
$GPVTG,93.8,T,,M,19.23,N,35.61,K,A*37
$HEHDT,83.5,T*11
$VWVHW,83.5,T,,M,14.73,N,27.28,K*4A
$GPGGA,083127.00,5432.40609,N,01848.74061,E,1,12,1.1,16.4,M,26.5,M,,*58
$GPRMC,083127.00,A,5432.40609,N,01848.74061,E,19.14,93.6,140625,,,A*6E
$GPVTG,93.6,T,,M,19.14,N,35.45,K,A*3B
$HEHDT,82.8,T*1D
$VWVHW,82.8,T,,M,14.78,N,27.36,K*42
$GPGGA,083128.00,5432.40559,N,01848.75028,E,1,12,1.1,16.0,M,26.5,M,,*59
$GPRMC,083128.00,A,5432.40559,N,01848.75028,E,19.13,93.5,140625,,,A*6F
$GPVTG,93.5,T,,M,19.13,N,35.43,K,A*39
$HEHDT,83.3,T*17
$VWVHW,83.3,T,,M,14.70,N,27.23,K*44
$GPGGA,083129.00,5432.40454,N,01848.75899,E,1,12,1.1,16.3,M,26.5,M,,*55
$GPRMC,083129.00,A,5432.40454,N,01848.75899,E,19.16,93.2,140625,,,A*62
$GPVTG,93.2,T,,M,19.16,N,35.48,K,A*30
$HEHDT,83.4,T*10
$VWVHW,83.4,T,,M,14.75,N,27.32,K*46
$GPGGA,083130.00,5432.40518,N,01848.76839,E,1,12,1.1,16.4,M,26.5,M,,*5A
$GPRMC,083130.00,A,5432.40518,N,01848.76839,E,19.21,93.5,140625,,,A*69
$GPVTG,93.5,T,,M,19.21,N,35.58,K,A*32
$HEHDT,83.8,T*1C
$VWVHW,83.8,T,,M,14.93,N,27.65,K*40
$GPGSV,2,1,08,03,66,048,46,08,41,103,46,11,21,158,46,14,46,213,45*79
$GPGSV,2,2,08,17,65,270,46,22,22,318,46,28,12,358,46,31,59,128,46*79
$GAGSV,2,1,05,04,50,078,47,09,34,188,47,12,64,243,46,24,09,293,46*6C
$GAGSV,2,2,05,31,19,028,46*5F
$GPZDA,083130.00,14,06,2025,00,00*69
$GPGGA,083131.00,5432.40488,N,01848.77689,E,1,12,1.1,16.8,M,26.5,M,,*5B
$GPRMC,083131.00,A,5432.40488,N,01848.77689,E,19.21,93.7,140625,,,A*66
$GPVTG,93.7,T,,M,19.21,N,35.58,K,A*30
$HEHDT,83.1,T*15
$VWVHW,83.1,T,,M,14.98,N,27.75,K*43
$GPGGA,083132.00,5432.40457,N,01848.78672,E,1,12,1.1,16.4,M,26.5,M,,*5D
$GPRMC,083132.00,A,5432.40457,N,01848.78672,E,18.99,93.4,140625,,,A*6D
$GPVTG,93.4,T,,M,18.99,N,35.18,K,A*35
$HEHDT,83.5,T*11
$VWVHW,83.5,T,,M,14.89,N,27.58,K*48
$GPGGA,083133.00,5432.40379,N,01848.79594,E,1,12,1.1,17.0,M,26.5,M,,*58
$GPRMC,083133.00,A,5432.40379,N,01848.79594,E,19.12,93.3,140625,,,A*68
$GPVTG,93.3,T,,M,19.12,N,35.41,K,A*3C
$HEHDT,82.9,T*1C
$VWVHW,82.9,T,,M,14.82,N,27.45,K*42
$GPGGA,083134.00,5432.40374,N,01848.80506,E,1,12,1.1,16.9,M,26.5,M,,*57
$GPRMC,083134.00,A,5432.40374,N,01848.80506,E,19.15,93.6,140625,,,A*6D
$GPVTG,93.6,T,,M,19.15,N,35.47,K,A*38
$HEHDT,83.2,T*16
$VWVHW,83.2,T,,M,14.84,N,27.48,K*43
$GPGGA,083135.00,5432.40353,N,01848.81422,E,1,12,1.1,17.1,M,26.5,M,,*5C
$GPRMC,083135.00,A,5432.40353,N,01848.81422,E,19.27,93.7,140625,,,A*6F
$GPVTG,93.7,T,,M,19.27,N,35.69,K,A*34
$HEHDT,83.1,T*15
$VWVHW,83.1,T,,M,14.78,N,27.37,K*4B
$GPGSV,2,1,08,03,66,048,46,08,41,103,46,11,21,158,47,14,46,213,47*7A
$GPGSV,2,2,08,17,65,270,45,22,22,318,46,28,12,358,46,31,59,128,46*7A
$GAGSV,2,1,05,04,50,078,46,09,34,188,46,12,64,243,46,24,09,293,46*6C
$GAGSV,2,2,05,31,19,028,46*5F
$GPZDA,083135.00,14,06,2025,00,00*6C
$GPGGA,083136.00,5432.40349,N,01848.82344,E,1,12,1.1,17.0,M,26.5,M,,*51
$GPRMC,083136.00,A,5432.40349,N,01848.82344,E,19.14,93.3,140625,,,A*67
$GPVTG,93.3,T,,M,19.14,N,35.45,K,A*3E
$HEHDT,82.7,T*12
$VWVHW,82.7,T,,M,14.81,N,27.44,K*4E
$GPGGA,083137.00,5432.40304,N,01848.83290,E,1,12,1.1,16.8,M,26.5,M,,*59
$GPRMC,083137.00,A,5432.40304,N,01848.83290,E,19.07,93.7,140625,,,A*60
$GPVTG,93.7,T,,M,19.07,N,35.32,K,A*38
$HEHDT,83.4,T*10
$VWVHW,83.4,T,,M,14.79,N,27.40,K*4F
$GPGGA,083138.00,5432.40284,N,01848.84195,E,1,12,1.1,17.1,M,26.5,M,,*56
$GPRMC,083138.00,A,5432.40284,N,01848.84195,E,19.13,93.1,140625,,,A*64
$GPVTG,93.1,T,,M,19.13,N,35.42,K,A*3C
$HEHDT,83.4,T*10
$VWVHW,83.4,T,,M,14.86,N,27.53,K*4D
$GPGGA,083139.00,5432.40249,N,01848.85084,E,1,12,1.1,17.1,M,26.5,M,,*56
$GPRMC,083139.00,A,5432.40249,N,01848.85084,E,19.02,93.4,140625,,,A*61
$GPVTG,93.4,T,,M,19.02,N,35.23,K,A*3E
$HEHDT,83.3,T*17
$VWVHW,83.3,T,,M,14.65,N,27.14,K*44
$GPGGA,083140.00,5432.40218,N,01848.86017,E,1,12,1.1,17.3,M,26.5,M,,*57
$GPRMC,083140.00,A,5432.40218,N,01848.86017,E,19.01,93.6,140625,,,A*63
$GPVTG,93.6,T,,M,19.01,N,35.21,K,A*3D
$HEHDT,83.0,T*14
$VWVHW,83.0,T,,M,14.80,N,27.41,K*4C
$GPGSV,2,1,08,03,66,048,45,08,41,103,47,11,21,158,46,14,46,213,45*7B
$GPGSV,2,2,08,17,65,270,46,22,22,318,46,28,12,358,46,31,59,128,46*79
$GAGSV,2,1,05,04,50,078,46,09,34,188,46,12,64,243,46,24,09,293,46*6C
$GAGSV,2,2,05,31,19,028,45*5C
$GPZDA,083140.00,14,06,2025,00,00*6E
$GPGGA,083141.00,5432.40179,N,01848.86942,E,1,12,1.1,17.1,M,26.5,M,,*59
$GPRMC,083141.00,A,5432.40179,N,01848.86942,E,19.07,93.1,140625,,,A*6E
$GPVTG,93.1,T,,M,19.07,N,35.32,K,A*3E
$HEHDT,83.4,T*10
$VWVHW,83.4,T,,M,14.79,N,27.39,K*41
$GPGGA,083142.00,5432.40207,N,01848.87774,E,1,12,1.1,17.2,M,26.5,M,,*59
$GPRMC,083142.00,A,5432.40207,N,01848.87774,E,19.01,93.8,140625,,,A*62
$GPVTG,93.8,T,,M,19.01,N,35.22,K,A*30
$HEHDT,83.4,T*10
$VWVHW,83.4,T,,M,14.77,N,27.35,K*43
$GPGGA,083143.00,5432.40146,N,01848.88756,E,1,12,1.1,17.2,M,26.5,M,,*51
$GPRMC,083143.00,A,5432.40146,N,01848.88756,E,19.18,93.5,140625,,,A*6F
$GPVTG,93.5,T,,M,19.18,N,35.52,K,A*32
$HEHDT,82.7,T*12
$VWVHW,82.7,T,,M,14.77,N,27.36,K*42
$GPGGA,083144.00,5432.40108,N,01848.89697,E,1,12,1.1,17.6,M,26.5,M,,*55
$GPRMC,083144.00,A,5432.40108,N,01848.89697,E,19.10,93.7,140625,,,A*65
$GPVTG,93.7,T,,M,19.10,N,35.37,K,A*3B
$HEHDT,82.9,T*1C
$VWVHW,82.9,T,,M,14.74,N,27.29,K*41
$GPGGA,083145.00,5432.40127,N,01848.90601,E,1,12,1.1,17.2,M,26.5,M,,*5A
$GPRMC,083145.00,A,5432.40127,N,01848.90601,E,19.20,93.9,140625,,,A*63
$GPVTG,93.9,T,,M,19.20,N,35.55,K,A*32
$HEHDT,83.0,T*14
$VWVHW,83.0,T,,M,14.85,N,27.51,K*48
$GPGSV,2,1,08,03,66,048,46,08,41,103,45,11,21,158,47,14,46,213,46*78
$GPGSV,2,2,08,17,65,270,47,22,22,318,46,28,12,358,46,31,59,128,45*7B
$GAGSV,2,1,05,04,50,078,46,09,34,188,46,12,64,243,46,24,09,293,46*6C
$GAGSV,2,2,05,31,19,028,46*5F
$GPZDA,083145.00,14,06,2025,00,00*6B
$GPGGA,083146.00,5432.40064,N,01848.91524,E,1,12,1.1,16.7,M,26.5,M,,*5E
$GPRMC,083146.00,A,5432.40064,N,01848.91524,E,19.16,93.8,140625,,,A*67
$GPVTG,93.8,T,,M,19.16,N,35.49,K,A*3B
$HEHDT,83.2,T*16
$VWVHW,83.2,T,,M,14.72,N,27.25,K*41
$GPGGA,083147.00,5432.40040,N,01848.92443,E,1,12,1.1,17.1,M,26.5,M,,*5D
$GPRMC,083147.00,A,5432.40040,N,01848.92443,E,19.27,93.5,140625,,,A*6C
$GPVTG,93.5,T,,M,19.27,N,35.68,K,A*37
$HEHDT,83.7,T*13
$VWVHW,83.7,T,,M,14.76,N,27.33,K*47
$GPGGA,083148.00,5432.40018,N,01848.93350,E,1,12,1.1,16.9,M,26.5,M,,*52
$GPRMC,083148.00,A,5432.40018,N,01848.93350,E,19.24,93.3,140625,,,A*6F
$GPVTG,93.3,T,,M,19.24,N,35.64,K,A*3E
$HEHDT,82.8,T*1D
$VWVHW,82.8,T,,M,14.74,N,27.29,K*40
$GPGGA,083149.00,5432.39958,N,01848.94207,E,1,12,1.1,17.0,M,26.5,M,,*5C
$GPRMC,083149.00,A,5432.39958,N,01848.94207,E,19.14,93.3,140625,,,A*6A
$GPVTG,93.3,T,,M,19.14,N,35.45,K,A*3E
$HEHDT,83.5,T*11
$VWVHW,83.5,T,,M,14.86,N,27.51,K*4E
$GPGGA,083150.00,5432.39904,N,01848.95233,E,1,12,1.1,16.7,M,26.5,M,,*5D
$GPRMC,083150.00,A,5432.39904,N,01848.95233,E,19.14,93.5,140625,,,A*6B
$GPVTG,93.5,T,,M,19.14,N,35.45,K,A*38
$HEHDT,83.8,T*1C
$VWVHW,83.8,T,,M,14.81,N,27.42,K*46
$GPGSV,2,1,08,03,66,048,46,08,41,103,46,11,21,158,45,14,46,213,47*78
$GPGSV,2,2,08,17,65,270,47,22,22,318,46,28,12,358,46,31,60,128,46*72
$GAGSV,2,1,05,04,50,078,46,09,34,188,46,12,64,243,46,24,09,293,46*6C
$GAGSV,2,2,05,31,19,028,46*5F
$GPZDA,083150.00,14,06,2025,00,00*6F
$GPGGA,083151.00,5432.39873,N,01848.96034,E,1,12,1.1,16.8,M,26.5,M,,*54
$GPRMC,083151.00,A,5432.39873,N,01848.96034,E,19.14,93.2,140625,,,A*6A
$GPVTG,93.2,T,,M,19.14,N,35.45,K,A*3F
$HEHDT,83.5,T*11
$VWVHW,83.5,T,,M,14.71,N,27.24,K*44
$GPGGA,083152.00,5432.39874,N,01848.96918,E,1,12,1.1,17.1,M,26.5,M,,*5F
$GPRMC,083152.00,A,5432.39874,N,01848.96918,E,19.07,93.4,140625,,,A*6D
$GPVTG,93.4,T,,M,19.07,N,35.33,K,A*3A
$HEHDT,82.8,T*1D
$VWVHW,82.8,T,,M,14.82,N,27.44,K*42
$GPGGA,083153.00,5432.39854,N,01848.97818,E,1,12,1.1,17.1,M,26.5,M,,*5C
$GPRMC,083153.00,A,5432.39854,N,01848.97818,E,19.09,93.9,140625,,,A*6D
$GPVTG,93.9,T,,M,19.09,N,35.35,K,A*3F
$HEHDT,83.1,T*15
$VWVHW,83.1,T,,M,14.82,N,27.45,K*4B
$GPGGA,083154.00,5432.39814,N,01848.98737,E,1,12,1.1,17.8,M,26.5,M,,*5B
$GPRMC,083154.00,A,5432.39814,N,01848.98737,E,18.99,93.1,140625,,,A*63
$GPVTG,93.1,T,,M,18.99,N,35.18,K,A*30
$HEHDT,83.3,T*17
$VWVHW,83.3,T,,M,14.68,N,27.19,K*44
$GPGGA,083155.00,5432.39800,N,01848.99618,E,1,12,1.1,18.1,M,26.5,M,,*54
$GPRMC,083155.00,A,5432.39800,N,01848.99618,E,19.20,93.1,140625,,,A*69
$GPVTG,93.1,T,,M,19.20,N,35.56,K,A*39
$HEHDT,83.5,T*11
$VWVHW,83.5,T,,M,14.68,N,27.19,K*42
$GPGSV,2,1,08,03,66,048,46,08,41,103,46,11,21,158,46,14,46,213,46*7A
$GPGSV,2,2,08,17,65,270,46,22,22,318,46,28,12,358,46,31,60,128,46*73
$GAGSV,2,1,05,04,50,078,47,09,34,188,46,12,64,243,46,24,09,293,46*6D
$GAGSV,2,2,05,31,19,028,46*5F
$GPZDA,083155.00,14,06,2025,00,00*6A
$GPGGA,083156.00,5432.39760,N,01849.00550,E,1,12,1.1,17.3,M,26.5,M,,*5D
$GPRMC,083156.00,A,5432.39760,N,01849.00550,E,19.00,93.4,140625,,,A*6A
$GPVTG,93.4,T,,M,19.00,N,35.19,K,A*35
$HEHDT,83.0,T*14
$VWVHW,83.0,T,,M,14.70,N,27.23,K*47
$GPGGA,083157.00,5432.39712,N,01849.01540,E,1,12,1.1,17.6,M,26.5,M,,*5C
$GPRMC,083157.00,A,5432.39712,N,01849.01540,E,18.99,92.7,140625,,,A*6D
$GPVTG,92.7,T,,M,18.99,N,35.17,K,A*38
$HEHDT,83.5,T*11
$VWVHW,83.5,T,,M,14.84,N,27.49,K*45
$GPGGA,083158.00,5432.39694,N,01849.02457,E,1,12,1.1,17.0,M,26.5,M,,*5E
$GPRMC,083158.00,A,5432.39694,N,01849.02457,E,19.16,93.6,140625,,,A*6F
$GPVTG,93.6,T,,M,19.16,N,35.49,K,A*35
$HEHDT,83.3,T*17
$VWVHW,83.3,T,,M,14.69,N,27.21,K*4E
$GPGGA,083159.00,5432.39648,N,01849.03337,E,1,12,1.1,17.4,M,26.5,M,,*5A
$GPRMC,083159.00,A,5432.39648,N,01849.03337,E,19.05,93.4,140625,,,A*6F
$GPVTG,93.4,T,,M,19.05,N,35.28,K,A*32
$HEHDT,83.5,T*11
$VWVHW,83.5,T,,M,14.72,N,27.27,K*44
$GPGGA,083200.00,5432.39660,N,01849.04218,E,1,12,1.1,17.5,M,26.5,M,,*55
$GPRMC,083200.00,A,5432.39660,N,01849.04218,E,19.12,93.7,140625,,,A*64
$GPVTG,93.7,T,,M,19.12,N,35.41,K,A*38
$HEHDT,83.5,T*11
$VWVHW,83.5,T,,M,14.71,N,27.25,K*45
$GPGSV,2,1,08,03,66,048,46,08,41,103,46,11,21,158,45,14,46,213,46*79
$GPGSV,2,2,08,17,65,270,47,22,22,318,46,28,12,358,47,31,60,128,46*73
$GAGSV,2,1,05,04,50,078,46,09,34,188,46,12,64,243,46,24,09,293,46*6C
$GAGSV,2,2,05,31,19,028,46*5F
$GPZDA,083200.00,14,06,2025,00,00*69
$GPGGA,083201.00,5432.39560,N,01849.05197,E,1,12,1.1,16.8,M,26.5,M,,*5E
$GPRMC,083201.00,A,5432.39560,N,01849.05197,E,19.00,93.2,140625,,,A*65
$GPVTG,93.2,T,,M,19.00,N,35.18,K,A*32
$HEHDT,83.3,T*17
$VWVHW,83.3,T,,M,14.81,N,27.44,K*4B
$GPGGA,083202.00,5432.39591,N,01849.06069,E,1,12,1.1,18.2,M,26.5,M,,*54
$GPRMC,083202.00,A,5432.39591,N,01849.06069,E,19.15,93.8,140625,,,A*65
$GPVTG,93.8,T,,M,19.15,N,35.47,K,A*36
$HEHDT,83.4,T*10
$VWVHW,83.4,T,,M,14.72,N,27.27,K*45
$GPGGA,083203.00,5432.39576,N,01849.07029,E,1,12,1.1,18.1,M,26.5,M,,*5A
$GPRMC,083203.00,A,5432.39576,N,01849.07029,E,19.15,93.3,140625,,,A*63
$GPVTG,93.3,T,,M,19.15,N,35.47,K,A*3D
$HEHDT,82.9,T*1C
$VWVHW,82.9,T,,M,14.77,N,27.36,K*4C
$GPGGA,083204.00,5432.39551,N,01849.07869,E,1,12,1.1,18.0,M,26.5,M,,*55
$GPRMC,083204.00,A,5432.39551,N,01849.07869,E,19.00,93.7,140625,,,A*6D
$GPVTG,93.7,T,,M,19.00,N,35.18,K,A*37
$HEHDT,83.1,T*15
$VWVHW,83.1,T,,M,14.80,N,27.41,K*4D
$GPGGA,083205.00,5432.39472,N,01849.08774,E,1,12,1.1,17.7,M,26.5,M,,*50
$GPRMC,083205.00,A,5432.39472,N,01849.08774,E,18.97,93.9,140625,,,A*61
$GPVTG,93.9,T,,M,18.97,N,35.13,K,A*3D
$HEHDT,83.3,T*17
$VWVHW,83.3,T,,M,14.63,N,27.09,K*4E
$GPGSV,2,1,08,03,66,048,47,08,41,103,46,11,21,158,46,14,46,213,46*7B
$GPGSV,2,2,08,17,65,270,46,22,22,318,46,28,12,358,46,31,60,128,45*70
$GAGSV,2,1,05,04,50,078,45,09,34,188,46,12,64,243,46,24,09,293,46*6F
$GAGSV,2,2,05,31,19,028,46*5F
$GPZDA,083205.00,14,06,2025,00,00*6C
$GPGGA,083206.00,5432.39417,N,01849.09706,E,1,12,1.1,17.4,M,26.5,M,,*57
$GPRMC,083206.00,A,5432.39417,N,01849.09706,E,19.08,93.9,140625,,,A*62
$GPVTG,93.9,T,,M,19.08,N,35.34,K,A*3F
$HEHDT,82.6,T*13
$VWVHW,82.6,T,,M,14.73,N,27.28,K*48
$GPGGA,083207.00,5432.39435,N,01849.10593,E,1,12,1.1,17.2,M,26.5,M,,*56
$GPRMC,083207.00,A,5432.39435,N,01849.10593,E,19.05,93.4,140625,,,A*65
$GPVTG,93.4,T,,M,19.05,N,35.27,K,A*3D
$HEHDT,83.3,T*17
$VWVHW,83.3,T,,M,14.77,N,27.35,K*44
$GPGGA,083208.00,5432.39361,N,01849.11518,E,1,12,1.1,16.7,M,26.5,M,,*59
$GPRMC,083208.00,A,5432.39361,N,01849.11518,E,19.02,94.1,140625,,,A*6B
$GPVTG,94.1,T,,M,19.02,N,35.22,K,A*3D
$HEHDT,83.0,T*14
$VWVHW,83.0,T,,M,14.71,N,27.24,K*41
$GPGGA,083209.00,5432.39331,N,01849.12374,E,1,12,1.1,17.1,M,26.5,M,,*55
$GPRMC,083209.00,A,5432.39331,N,01849.12374,E,19.13,93.5,140625,,,A*63
$GPVTG,93.5,T,,M,19.13,N,35.44,K,A*3E
$HEHDT,83.6,T*12
$VWVHW,83.6,T,,M,14.74,N,27.30,K*47
$GPGGA,083210.00,5432.39327,N,01849.13359,E,1,12,1.1,17.6,M,26.5,M,,*53
$GPRMC,083210.00,A,5432.39327,N,01849.13359,E,18.95,94.0,140625,,,A*6F
$GPVTG,94.0,T,,M,18.95,N,35.09,K,A*3A
$HEHDT,83.5,T*11
$VWVHW,83.5,T,,M,14.66,N,27.15,K*40
$GPGSV,2,1,08,03,66,048,47,08,41,103,46,11,21,158,46,14,46,213,46*7B
$GPGSV,2,2,08,17,65,270,46,22,22,318,46,28,12,358,46,31,60,128,46*73
$GAGSV,2,1,05,04,50,078,46,09,34,188,46,12,64,243,47,24,09,293,46*6D
$GAGSV,2,2,05,31,19,028,46*5F
$GPZDA,083210.00,14,06,2025,00,00*68
$GPGGA,083211.00,5432.39294,N,01849.14328,E,1,12,1.1,17.7,M,26.5,M,,*5B
$GPRMC,083211.00,A,5432.39294,N,01849.14328,E,19.09,93.5,140625,,,A*60
$GPVTG,93.5,T,,M,19.09,N,35.36,K,A*30
$HEHDT,82.8,T*1D
$VWVHW,82.8,T,,M,14.74,N,27.29,K*40
$GPGGA,083212.00,5432.39254,N,01849.15129,E,1,12,1.1,17.6,M,26.5,M,,*57
$GPRMC,083212.00,A,5432.39254,N,01849.15129,E,19.01,93.6,140625,,,A*66
$GPVTG,93.6,T,,M,19.01,N,35.21,K,A*3D
$HEHDT,83.5,T*11
$VWVHW,83.5,T,,M,14.75,N,27.31,K*44
$GPGGA,083213.00,5432.39268,N,01849.16110,E,1,12,1.1,17.0,M,26.5,M,,*56
$GPRMC,083213.00,A,5432.39268,N,01849.16110,E,19.05,93.7,140625,,,A*64
$GPVTG,93.7,T,,M,19.05,N,35.28,K,A*31
$HEHDT,83.5,T*11
$VWVHW,83.5,T,,M,14.69,N,27.21,K*48
$GPGGA,083214.00,5432.39111,N,01849.17048,E,1,12,1.1,16.8,M,26.5,M,,*58
$GPRMC,083214.00,A,5432.39111,N,01849.17048,E,19.07,93.6,140625,,,A*60
$GPVTG,93.6,T,,M,19.07,N,35.31,K,A*3A
$HEHDT,83.2,T*16
$VWVHW,83.2,T,,M,14.57,N,26.99,K*40
$GPGGA,083215.00,5432.39128,N,01849.17928,E,1,12,1.1,17.7,M,26.5,M,,*52
$GPRMC,083215.00,A,5432.39128,N,01849.17928,E,18.94,93.7,140625,,,A*6E
$GPVTG,93.7,T,,M,18.94,N,35.07,K,A*35
$HEHDT,82.9,T*1C
$VWVHW,82.9,T,,M,14.81,N,27.43,K*47
$GPGSV,2,1,08,03,66,048,45,08,41,103,46,11,21,158,46,14,46,213,46*79
$GPGSV,2,2,08,17,65,270,47,22,22,318,46,28,12,358,46,31,60,128,46*72
$GAGSV,2,1,05,04,50,078,46,09,34,188,45,12,64,243,46,24,09,293,46*6F
$GAGSV,2,2,05,31,19,028,46*5F
$GPZDA,083215.00,14,06,2025,00,00*6D
$GPGGA,083216.00,5432.39072,N,01849.18804,E,1,12,1.1,17.4,M,26.5,M,,*5C
$GPRMC,083216.00,A,5432.39072,N,01849.18804,E,19.04,93.2,140625,,,A*6E
$GPVTG,93.2,T,,M,19.04,N,35.27,K,A*3A
$HEHDT,82.8,T*1D
$VWVHW,82.8,T,,M,14.80,N,27.41,K*45
$GPGGA,083217.00,5432.39087,N,01849.19723,E,1,12,1.1,17.7,M,26.5,M,,*5F
$GPRMC,083217.00,A,5432.39087,N,01849.19723,E,18.98,93.8,140625,,,A*60
$GPVTG,93.8,T,,M,18.98,N,35.16,K,A*36
$HEHDT,83.0,T*14
$VWVHW,83.0,T,,M,14.56,N,26.96,K*4C
$GPGGA,083218.00,5432.39047,N,01849.20639,E,1,12,1.1,18.0,M,26.5,M,,*54
$GPRMC,083218.00,A,5432.39047,N,01849.20639,E,19.12,93.9,140625,,,A*61
$GPVTG,93.9,T,,M,19.12,N,35.40,K,A*37
$HEHDT,82.9,T*1C
$VWVHW,82.9,T,,M,14.72,N,27.26,K*48
$GPGGA,083219.00,5432.39011,N,01849.21557,E,1,12,1.1,17.4,M,26.5,M,,*57
$GPRMC,083219.00,A,5432.39011,N,01849.21557,E,19.04,93.5,140625,,,A*62
$GPVTG,93.5,T,,M,19.04,N,35.27,K,A*3D
$HEHDT,83.8,T*1C
$VWVHW,83.8,T,,M,14.62,N,27.07,K*4A
$GPGGA,083220.00,5432.38968,N,01849.22422,E,1,12,1.1,17.8,M,26.5,M,,*57
$GPRMC,083220.00,A,5432.38968,N,01849.22422,E,19.04,93.7,140625,,,A*6C
$GPVTG,93.7,T,,M,19.04,N,35.26,K,A*3E
$HEHDT,83.2,T*16
$VWVHW,83.2,T,,M,14.62,N,27.07,K*40
$GPGSV,2,1,08,03,66,048,46,08,41,103,47,11,21,158,45,14,46,213,46*78
$GPGSV,2,2,08,17,65,270,46,22,22,318,46,28,12,358,47,31,60,128,46*72
$GAGSV,2,1,05,04,50,078,46,09,34,188,46,12,64,243,46,24,09,293,46*6C
$GAGSV,2,2,05,31,19,028,46*5F
$GPZDA,083220.00,14,06,2025,00,00*6B
$GPGGA,083221.00,5432.38921,N,01849.23313,E,1,12,1.1,17.6,M,26.5,M,,*51
$GPRMC,083221.00,A,5432.38921,N,01849.23313,E,18.99,93.7,140625,,,A*61
$GPVTG,93.7,T,,M,18.99,N,35.18,K,A*36
$HEHDT,83.1,T*15
$VWVHW,83.1,T,,M,14.77,N,27.36,K*45
$GPGGA,083222.00,5432.38835,N,01849.24199,E,1,12,1.1,18.3,M,26.5,M,,*5B
$GPRMC,083222.00,A,5432.38835,N,01849.24199,E,18.94,94.0,140625,,,A*6C
$GPVTG,94.0,T,,M,18.94,N,35.08,K,A*3A
$HEHDT,83.3,T*17
$VWVHW,83.3,T,,M,14.79,N,27.39,K*46
$GPGGA,083223.00,5432.38829,N,01849.25227,E,1,12,1.1,18.3,M,26.5,M,,*50
$GPRMC,083223.00,A,5432.38829,N,01849.25227,E,18.92,93.6,140625,,,A*60
$GPVTG,93.6,T,,M,18.92,N,35.04,K,A*31
$HEHDT,82.9,T*1C
$VWVHW,82.9,T,,M,14.78,N,27.38,K*4D
$GPGGA,083224.00,5432.38791,N,01849.26061,E,1,12,1.1,18.2,M,26.5,M,,*59
$GPRMC,083224.00,A,5432.38791,N,01849.26061,E,18.93,93.7,140625,,,A*68
$GPVTG,93.7,T,,M,18.93,N,35.05,K,A*30
$HEHDT,83.4,T*10
$VWVHW,83.4,T,,M,14.69,N,27.20,K*48
$GPGGA,083225.00,5432.38766,N,01849.26990,E,1,12,1.1,18.6,M,26.5,M,,*53
$GPRMC,083225.00,A,5432.38766,N,01849.26990,E,18.99,93.6,140625,,,A*6D
$GPVTG,93.6,T,,M,18.99,N,35.17,K,A*38
$HEHDT,83.0,T*14
$VWVHW,83.0,T,,M,14.70,N,27.23,K*47
$GPGSV,2,1,08,03,67,048,46,08,41,103,46,11,21,158,46,14,46,213,46*7B
$GPGSV,2,2,08,17,65,270,46,22,22,318,46,28,12,358,46,31,60,128,46*73
$GAGSV,2,1,05,04,50,078,45,09,34,188,46,12,64,243,46,24,09,293,46*6F
$GAGSV,2,2,05,31,19,028,46*5F
$GPZDA,083225.00,14,06,2025,00,00*6E
$GPGGA,083226.00,5432.38790,N,01849.27859,E,1,12,1.1,18.6,M,26.5,M,,*5C
$GPRMC,083226.00,A,5432.38790,N,01849.27859,E,19.14,93.4,140625,,,A*64
$GPVTG,93.4,T,,M,19.14,N,35.46,K,A*3A
$HEHDT,83.2,T*16
$VWVHW,83.2,T,,M,14.76,N,27.33,K*42
$GPGGA,083227.00,5432.38690,N,01849.28803,E,1,12,1.1,18.2,M,26.5,M,,*58
$GPRMC,083227.00,A,5432.38690,N,01849.28803,E,18.91,93.5,140625,,,A*69
$GPVTG,93.5,T,,M,18.91,N,35.01,K,A*34
$HEHDT,83.5,T*11
$VWVHW,83.5,T,,M,14.53,N,26.91,K*4B
$GPGGA,083228.00,5432.38698,N,01849.29732,E,1,12,1.1,18.2,M,26.5,M,,*53
$GPRMC,083228.00,A,5432.38698,N,01849.29732,E,18.88,94.3,140625,,,A*6B
$GPVTG,94.3,T,,M,18.88,N,34.96,K,A*32
$HEHDT,83.0,T*14
$VWVHW,83.0,T,,M,14.71,N,27.25,K*40
$GPGGA,083229.00,5432.38651,N,01849.30633,E,1,12,1.1,17.8,M,26.5,M,,*5A
$GPRMC,083229.00,A,5432.38651,N,01849.30633,E,18.99,93.3,140625,,,A*60
$GPVTG,93.3,T,,M,18.99,N,35.16,K,A*3C
$HEHDT,83.0,T*14
$VWVHW,83.0,T,,M,14.53,N,26.90,K*4F
$GPGGA,083230.00,5432.38611,N,01849.31451,E,1,12,1.1,18.5,M,26.5,M,,*53
$GPRMC,083230.00,A,5432.38611,N,01849.31451,E,19.09,93.7,140625,,,A*67
$GPVTG,93.7,T,,M,19.09,N,35.35,K,A*31
$HEHDT,83.1,T*15
$VWVHW,83.1,T,,M,14.65,N,27.13,K*41
$GPGSV,2,1,08,03,67,048,46,08,41,103,46,11,21,158,46,14,46,213,46*7B
$GPGSV,2,2,08,17,65,270,46,22,22,318,46,28,12,358,46,31,60,128,46*73
$GAGSV,2,1,05,04,50,078,46,09,34,188,46,12,64,243,46,24,09,293,46*6C
$GAGSV,2,2,05,31,19,028,46*5F
$GPZDA,083230.00,14,06,2025,00,00*6A
$GPGGA,083231.00,5432.38610,N,01849.32451,E,1,12,1.1,18.3,M,26.5,M,,*56
$GPRMC,083231.00,A,5432.38610,N,01849.32451,E,19.05,93.6,140625,,,A*69
$GPVTG,93.6,T,,M,19.05,N,35.28,K,A*30
$HEHDT,83.0,T*14
$VWVHW,83.0,T,,M,14.49,N,26.83,K*46
$GPGGA,083232.00,5432.38557,N,01849.33365,E,1,12,1.1,17.9,M,26.5,M,,*51
$GPRMC,083232.00,A,5432.38557,N,01849.33365,E,19.00,93.1,140625,,,A*69
$GPVTG,93.1,T,,M,19.00,N,35.18,K,A*31
$HEHDT,82.8,T*1D
$VWVHW,82.8,T,,M,14.59,N,27.03,K*47
$GPGGA,083233.00,5432.38541,N,01849.34253,E,1,12,1.1,18.4,M,26.5,M,,*56
$GPRMC,083233.00,A,5432.38541,N,01849.34253,E,19.11,93.4,140625,,,A*69
$GPVTG,93.4,T,,M,19.11,N,35.38,K,A*36
$HEHDT,83.3,T*17
$VWVHW,83.3,T,,M,14.70,N,27.22,K*45
$GPGGA,083234.00,5432.38511,N,01849.35117,E,1,12,1.1,18.0,M,26.5,M,,*52
$GPRMC,083234.00,A,5432.38511,N,01849.35117,E,18.95,93.8,140625,,,A*68
$GPVTG,93.8,T,,M,18.95,N,35.10,K,A*3D
$HEHDT,83.5,T*11
$VWVHW,83.5,T,,M,14.56,N,26.96,K*49
$GPGGA,083235.00,5432.38508,N,01849.36063,E,1,12,1.1,18.9,M,26.5,M,,*53
$GPRMC,083235.00,A,5432.38508,N,01849.36063,E,18.84,93.8,140625,,,A*60
$GPVTG,93.8,T,,M,18.84,N,34.89,K,A*3C
$HEHDT,82.7,T*12
$VWVHW,82.7,T,,M,14.58,N,27.00,K*4A
$GPGSV,2,1,08,03,67,048,46,08,41,103,46,11,21,158,46,14,46,213,46*7B
$GPGSV,2,2,08,17,65,270,46,22,22,318,46,28,12,358,46,31,60,128,46*73
$GAGSV,2,1,05,04,50,078,45,09,34,188,46,12,64,243,46,24,09,293,46*6F
$GAGSV,2,2,05,31,19,028,46*5F
$GPZDA,083235.00,14,06,2025,00,00*6F
$GPGGA,083236.00,5432.38471,N,01849.36925,E,1,12,1.1,18.7,M,26.5,M,,*5A
$GPRMC,083236.00,A,5432.38471,N,01849.36925,E,18.98,93.8,140625,,,A*6A
$GPVTG,93.8,T,,M,18.98,N,35.15,K,A*35
$HEHDT,83.4,T*10
$VWVHW,83.4,T,,M,14.62,N,27.07,K*46
$GPGGA,083237.00,5432.38467,N,01849.37757,E,1,12,1.1,18.3,M,26.5,M,,*52
$GPRMC,083237.00,A,5432.38467,N,01849.37757,E,18.94,94.2,140625,,,A*67
$GPVTG,94.2,T,,M,18.94,N,35.08,K,A*38
$HEHDT,83.0,T*14
$VWVHW,83.0,T,,M,14.39,N,26.65,K*49
$GPGGA,083238.00,5432.38423,N,01849.38697,E,1,12,1.1,18.4,M,26.5,M,,*58
$GPRMC,083238.00,A,5432.38423,N,01849.38697,E,18.95,93.8,140625,,,A*66
$GPVTG,93.8,T,,M,18.95,N,35.09,K,A*35
$HEHDT,83.3,T*17
$VWVHW,83.3,T,,M,14.64,N,27.11,K*40
$GPGGA,083239.00,5432.38357,N,01849.39551,E,1,12,1.1,18.5,M,26.5,M,,*54
$GPRMC,083239.00,A,5432.38357,N,01849.39551,E,18.85,93.4,140625,,,A*66
$GPVTG,93.4,T,,M,18.85,N,34.90,K,A*39
$HEHDT,83.1,T*15
$VWVHW,83.1,T,,M,14.59,N,27.03,K*4F
$GPGGA,083240.00,5432.38337,N,01849.40548,E,1,12,1.1,18.4,M,26.5,M,,*5B
$GPRMC,083240.00,A,5432.38337,N,01849.40548,E,19.09,93.1,140625,,,A*68
$GPVTG,93.1,T,,M,19.09,N,35.35,K,A*37
$HEHDT,82.6,T*13
$VWVHW,82.6,T,,M,14.61,N,27.05,K*44
$GPGSV,2,1,08,03,67,048,46,08,41,103,46,11,21,158,46,14,46,213,46*7B
$GPGSV,2,2,08,17,65,270,47,22,22,318,46,28,12,358,46,31,60,128,46*72
$GAGSV,2,1,05,04,50,078,46,09,34,188,46,12,63,243,46,24,09,293,45*68
$GAGSV,2,2,05,31,19,028,46*5F
$GPZDA,083240.00,14,06,2025,00,00*6D
$GPGGA,083241.00,5432.38336,N,01849.41433,E,1,12,1.1,18.9,M,26.5,M,,*5A
$GPRMC,083241.00,A,5432.38336,N,01849.41433,E,18.99,93.6,140625,,,A*6B
$GPVTG,93.6,T,,M,18.99,N,35.18,K,A*37
$HEHDT,83.4,T*10
$VWVHW,83.4,T,,M,14.58,N,27.01,K*49
$GPGGA,083242.00,5432.38278,N,01849.42349,E,1,12,1.1,18.4,M,26.5,M,,*56
$GPRMC,083242.00,A,5432.38278,N,01849.42349,E,19.05,94.2,140625,,,A*6D
$GPVTG,94.2,T,,M,19.05,N,35.28,K,A*33
$HEHDT,82.8,T*1D
$VWVHW,82.8,T,,M,14.58,N,27.01,K*44
$GPGGA,083243.00,5432.38266,N,01849.43243,E,1,12,1.1,19.1,M,26.5,M,,*56
$GPRMC,083243.00,A,5432.38266,N,01849.43243,E,18.97,93.9,140625,,,A*6F
$GPVTG,93.9,T,,M,18.97,N,35.13,K,A*3D
$HEHDT,82.9,T*1C
$VWVHW,82.9,T,,M,14.66,N,27.15,K*4D
$GPGGA,083244.00,5432.38187,N,01849.44147,E,1,12,1.1,18.3,M,26.5,M,,*5E
$GPRMC,083244.00,A,5432.38187,N,01849.44147,E,18.99,93.3,140625,,,A*60
$GPVTG,93.3,T,,M,18.99,N,35.17,K,A*3D
$HEHDT,83.4,T*10
$VWVHW,83.4,T,,M,14.69,N,27.20,K*48
$GPGGA,083245.00,5432.38194,N,01849.45030,E,1,12,1.1,19.0,M,26.5,M,,*5F
$GPRMC,083245.00,A,5432.38194,N,01849.45030,E,18.93,93.6,140625,,,A*6C
$GPVTG,93.6,T,,M,18.93,N,35.06,K,A*32
$HEHDT,83.1,T*15
$VWVHW,83.1,T,,M,14.46,N,26.78,K*4C
$GPGSV,2,1,08,03,67,048,46,08,41,103,46,11,21,158,46,14,46,213,46*7B
$GPGSV,2,2,08,17,65,270,46,22,22,318,46,28,12,358,45,31,60,128,46*70
$GAGSV,2,1,05,04,50,078,46,09,34,188,45,12,63,243,46,24,09,293,46*68
$GAGSV,2,2,05,31,19,028,46*5F
$GPZDA,083245.00,14,06,2025,00,00*68
$GPGGA,083246.00,5432.38156,N,01849.45895,E,1,12,1.1,18.2,M,26.5,M,,*56
$GPRMC,083246.00,A,5432.38156,N,01849.45895,E,18.81,93.8,140625,,,A*6B
$GPVTG,93.8,T,,M,18.81,N,34.83,K,A*33
$HEHDT,82.9,T*1C
$VWVHW,82.9,T,,M,14.53,N,26.92,K*45
$GPGGA,083247.00,5432.38090,N,01849.46758,E,1,12,1.1,18.1,M,26.5,M,,*52
$GPRMC,083247.00,A,5432.38090,N,01849.46758,E,18.93,93.8,140625,,,A*6F
$GPVTG,93.8,T,,M,18.93,N,35.06,K,A*3C
$HEHDT,83.0,T*14
$VWVHW,83.0,T,,M,14.40,N,26.67,K*45
$GPGGA,083248.00,5432.38125,N,01849.47729,E,1,12,1.1,18.4,M,26.5,M,,*50
$GPRMC,083248.00,A,5432.38125,N,01849.47729,E,18.81,94.0,140625,,,A*64
$GPVTG,94.0,T,,M,18.81,N,34.83,K,A*3C
$HEHDT,83.8,T*1C
$VWVHW,83.8,T,,M,14.64,N,27.11,K*4B
$GPGGA,083249.00,5432.38024,N,01849.48579,E,1,12,1.1,18.0,M,26.5,M,,*5D
$GPRMC,083249.00,A,5432.38024,N,01849.48579,E,18.70,93.5,140625,,,A*61
$GPVTG,93.5,T,,M,18.70,N,34.63,K,A*3E
$HEHDT,82.9,T*1C
$VWVHW,82.9,T,,M,14.58,N,27.01,K*45
$GPGGA,083250.00,5432.38036,N,01849.49491,E,1,12,1.1,18.5,M,26.5,M,,*55
$GPRMC,083250.00,A,5432.38036,N,01849.49491,E,18.89,93.2,140625,,,A*6D
$GPVTG,93.2,T,,M,18.89,N,34.98,K,A*3B
$HEHDT,83.0,T*14
$VWVHW,83.0,T,,M,14.47,N,26.80,K*4B
$GPGSV,2,1,08,03,67,048,47,08,41,103,46,11,21,158,46,14,46,213,46*7A
$GPGSV,2,2,08,17,65,270,46,22,22,318,47,28,12,358,47,31,60,128,46*73
$GAGSV,2,1,05,04,50,078,45,09,34,188,46,12,63,243,46,24,09,293,47*69
$GAGSV,2,2,05,31,19,028,47*5E
$GPZDA,083250.00,14,06,2025,00,00*6C
$GPGGA,083251.00,5432.37949,N,01849.50368,E,1,12,1.1,18.9,M,26.5,M,,*5F
$GPRMC,083251.00,A,5432.37949,N,01849.50368,E,19.03,94.0,140625,,,A*6D
$GPVTG,94.0,T,,M,19.03,N,35.25,K,A*3A
$HEHDT,83.2,T*16
$VWVHW,83.2,T,,M,14.57,N,26.98,K*41
$GPGGA,083252.00,5432.37971,N,01849.51298,E,1,12,1.1,18.6,M,26.5,M,,*57
$GPRMC,083252.00,A,5432.37971,N,01849.51298,E,19.01,93.4,140625,,,A*6B
$GPVTG,93.4,T,,M,19.01,N,35.21,K,A*3F
$HEHDT,83.4,T*10
$VWVHW,83.4,T,,M,14.59,N,27.02,K*4B
$GPGGA,083253.00,5432.37872,N,01849.52179,E,1,12,1.1,18.3,M,26.5,M,,*5E
$GPRMC,083253.00,A,5432.37872,N,01849.52179,E,18.83,93.4,140625,,,A*6C
$GPVTG,93.4,T,,M,18.83,N,34.87,K,A*39
$HEHDT,82.9,T*1C
$VWVHW,82.9,T,,M,14.61,N,27.06,K*48
$GPGGA,083254.00,5432.37865,N,01849.53099,E,1,12,1.1,17.9,M,26.5,M,,*54
$GPRMC,083254.00,A,5432.37865,N,01849.53099,E,18.89,93.7,140625,,,A*6A
$GPVTG,93.7,T,,M,18.89,N,34.98,K,A*3E
$HEHDT,83.4,T*10
$VWVHW,83.4,T,,M,14.65,N,27.13,K*44
$GPGGA,083255.00,5432.37839,N,01849.54038,E,1,12,1.1,18.2,M,26.5,M,,*54
$GPRMC,083255.00,A,5432.37839,N,01849.54038,E,18.91,93.8,140625,,,A*68
$GPVTG,93.8,T,,M,18.91,N,35.03,K,A*3B
$HEHDT,83.3,T*17
$VWVHW,83.3,T,,M,14.65,N,27.12,K*42
$GPGSV,2,1,08,03,67,048,46,08,41,103,45,11,21,158,46,14,46,213,46*78
$GPGSV,2,2,08,17,65,270,46,22,22,318,46,28,12,358,47,31,60,128,46*72
$GAGSV,2,1,05,04,50,078,46,09,34,188,45,12,63,243,46,24,09,293,46*68
$GAGSV,2,2,05,31,19,028,46*5F
$GPZDA,083255.00,14,06,2025,00,00*69
$GPGGA,083256.00,5432.37780,N,01849.54938,E,1,12,1.1,18.2,M,26.5,M,,*53
$GPRMC,083256.00,A,5432.37780,N,01849.54938,E,18.82,93.5,140625,,,A*60
$GPVTG,93.5,T,,M,18.82,N,34.85,K,A*3B
$HEHDT,83.7,T*13
$VWVHW,83.7,T,,M,14.57,N,26.98,K*44
$GPGGA,083257.00,5432.37738,N,01849.55826,E,1,12,1.1,17.3,M,26.5,M,,*50
$GPRMC,083257.00,A,5432.37738,N,01849.55826,E,18.82,93.5,140625,,,A*6D
$GPVTG,93.5,T,,M,18.82,N,34.86,K,A*38
$HEHDT,83.5,T*11
$VWVHW,83.5,T,,M,14.61,N,27.06,K*45
$GPGGA,083258.00,5432.37678,N,01849.56712,E,1,12,1.1,17.2,M,26.5,M,,*50
$GPRMC,083258.00,A,5432.37678,N,01849.56712,E,18.92,93.5,140625,,,A*6D
$GPVTG,93.5,T,,M,18.92,N,35.05,K,A*33
$HEHDT,83.6,T*12
$VWVHW,83.6,T,,M,14.42,N,26.71,K*46
$GPGGA,083259.00,5432.37649,N,01849.57548,E,1,12,1.1,17.6,M,26.5,M,,*5B
$GPRMC,083259.00,A,5432.37649,N,01849.57548,E,18.93,93.9,140625,,,A*6F
$GPVTG,93.9,T,,M,18.93,N,35.06,K,A*3D
$HEHDT,83.5,T*11
$VWVHW,83.5,T,,M,14.38,N,26.63,K*4B
$GPGGA,083300.00,5432.37637,N,01849.58459,E,1,12,1.1,17.2,M,26.5,M,,*55
$GPRMC,083300.00,A,5432.37637,N,01849.58459,E,18.94,93.5,140625,,,A*6E
$GPVTG,93.5,T,,M,18.94,N,35.07,K,A*37
$HEHDT,83.6,T*12
$VWVHW,83.6,T,,M,14.56,N,26.97,K*4B
$GPGSV,2,1,08,03,67,048,46,08,41,103,46,11,21,158,47,14,46,213,46*7A
$GPGSV,2,2,08,17,65,270,46,22,22,318,47,28,12,358,46,31,60,128,46*72
$GAGSV,2,1,05,04,50,078,46,09,34,188,46,12,63,243,46,24,09,293,46*6B
$GAGSV,2,2,05,31,19,028,45*5C
$GPZDA,083300.00,14,06,2025,00,00*68
$GPGGA,083301.00,5432.37592,N,01849.59411,E,1,12,1.1,16.8,M,26.5,M,,*5E
$GPRMC,083301.00,A,5432.37592,N,01849.59411,E,18.91,93.4,140625,,,A*6A
$GPVTG,93.4,T,,M,18.91,N,35.02,K,A*36
$HEHDT,83.0,T*14
$VWVHW,83.0,T,,M,14.50,N,26.85,K*48
$GPGGA,083302.00,5432.37555,N,01849.60347,E,1,12,1.1,16.9,M,26.5,M,,*59
$GPRMC,083302.00,A,5432.37555,N,01849.60347,E,18.82,94.0,140625,,,A*6D
$GPVTG,94.0,T,,M,18.82,N,34.86,K,A*3A
$HEHDT,83.4,T*10
$VWVHW,83.4,T,,M,14.48,N,26.81,K*41
$GPGGA,083303.00,5432.37505,N,01849.61203,E,1,12,1.1,18.0,M,26.5,M,,*5A
$GPRMC,083303.00,A,5432.37505,N,01849.61203,E,18.94,93.2,140625,,,A*6B
$GPVTG,93.2,T,,M,18.94,N,35.07,K,A*30
$HEHDT,83.3,T*17
$VWVHW,83.3,T,,M,14.47,N,26.81,K*49
$GPGGA,083304.00,5432.37449,N,01849.62132,E,1,12,1.1,18.1,M,26.5,M,,*57
$GPRMC,083304.00,A,5432.37449,N,01849.62132,E,18.88,93.9,140625,,,A*61
$GPVTG,93.9,T,,M,18.88,N,34.96,K,A*3F
$HEHDT,83.4,T*10
$VWVHW,83.4,T,,M,14.51,N,26.87,K*4F
$GPGGA,083305.00,5432.37487,N,01849.63034,E,1,12,1.1,17.8,M,26.5,M,,*54
$GPRMC,083305.00,A,5432.37487,N,01849.63034,E,18.89,93.7,140625,,,A*6B
$GPVTG,93.7,T,,M,18.89,N,34.99,K,A*3F
$HEHDT,83.2,T*16
$VWVHW,83.2,T,,M,14.48,N,26.81,K*47
$GPGSV,2,1,08,03,67,048,45,08,41,103,46,11,21,158,45,14,46,213,46*7B
$GPGSV,2,2,08,17,65,270,46,22,22,318,46,28,12,358,45,31,60,128,46*70
$GAGSV,2,1,05,04,50,078,46,09,34,188,46,12,63,243,45,24,09,293,46*68
$GAGSV,2,2,05,31,19,028,46*5F
$GPZDA,083305.00,14,06,2025,00,00*6D
$GPGGA,083306.00,5432.37413,N,01849.63983,E,1,12,1.1,16.7,M,26.5,M,,*51
$GPRMC,083306.00,A,5432.37413,N,01849.63983,E,18.97,93.3,140625,,,A*6B
$GPVTG,93.3,T,,M,18.97,N,35.13,K,A*37
$HEHDT,82.7,T*12
$VWVHW,82.7,T,,M,14.52,N,26.89,K*40
$GPGGA,083307.00,5432.37358,N,01849.64750,E,1,12,1.1,17.0,M,26.5,M,,*59
$GPRMC,083307.00,A,5432.37358,N,01849.64750,E,18.78,93.6,140625,,,A*61
$GPVTG,93.6,T,,M,18.78,N,34.78,K,A*3F
$HEHDT,83.1,T*15
$VWVHW,83.1,T,,M,14.53,N,26.91,K*4F
$GPGGA,083308.00,5432.37304,N,01849.65684,E,1,12,1.1,17.0,M,26.5,M,,*56
$GPRMC,083308.00,A,5432.37304,N,01849.65684,E,18.82,93.6,140625,,,A*6B
$GPVTG,93.6,T,,M,18.82,N,34.85,K,A*38
$HEHDT,83.2,T*16
$VWVHW,83.2,T,,M,14.38,N,26.63,K*4C
$GPGGA,083309.00,5432.37290,N,01849.66554,E,1,12,1.1,16.8,M,26.5,M,,*5F
$GPRMC,083309.00,A,5432.37290,N,01849.66554,E,18.88,94.0,140625,,,A*60
$GPVTG,94.0,T,,M,18.88,N,34.96,K,A*31
$HEHDT,83.1,T*15
$VWVHW,83.1,T,,M,14.34,N,26.55,K*46
$GPGGA,083310.00,5432.37247,N,01849.67474,E,1,12,1.1,16.7,M,26.5,M,,*50
$GPRMC,083310.00,A,5432.37247,N,01849.67474,E,18.96,93.9,140625,,,A*61
$GPVTG,93.9,T,,M,18.96,N,35.11,K,A*3E
$HEHDT,83.0,T*14
$VWVHW,83.0,T,,M,14.59,N,27.02,K*4F
$GPGSV,2,1,08,03,67,048,46,08,41,103,46,11,21,158,46,14,46,213,46*7B
$GPGSV,2,2,08,17,65,270,45,22,22,318,46,28,12,358,46,31,60,128,46*70
$GAGSV,2,1,05,04,50,078,46,09,34,188,46,12,63,243,46,24,09,293,46*6B
$GAGSV,2,2,05,31,19,028,46*5F
$GPZDA,083310.00,14,06,2025,00,00*69
$GPGGA,083311.00,5432.37244,N,01849.68359,E,1,12,1.1,17.1,M,26.5,M,,*52
$GPRMC,083311.00,A,5432.37244,N,01849.68359,E,18.86,94.0,140625,,,A*6B
$GPVTG,94.0,T,,M,18.86,N,34.94,K,A*3D
$HEHDT,83.0,T*14
$VWVHW,83.0,T,,M,14.42,N,26.70,K*41
$GPGGA,083312.00,5432.37185,N,01849.69296,E,1,12,1.1,17.5,M,26.5,M,,*58
$GPRMC,083312.00,A,5432.37185,N,01849.69296,E,18.82,93.5,140625,,,A*63
$GPVTG,93.5,T,,M,18.82,N,34.86,K,A*38
$HEHDT,83.3,T*17
$VWVHW,83.3,T,,M,14.54,N,26.93,K*48
$GPGGA,083313.00,5432.37161,N,01849.70158,E,1,12,1.1,16.9,M,26.5,M,,*57
$GPRMC,083313.00,A,5432.37161,N,01849.70158,E,18.63,93.6,140625,,,A*6D
$GPVTG,93.6,T,,M,18.63,N,34.50,K,A*3F
$HEHDT,83.3,T*17
$VWVHW,83.3,T,,M,14.46,N,26.78,K*4E
$GPGGA,083314.00,5432.37139,N,01849.71111,E,1,12,1.1,16.4,M,26.5,M,,*5C
$GPRMC,083314.00,A,5432.37139,N,01849.71111,E,18.74,93.4,140625,,,A*6F
$GPVTG,93.4,T,,M,18.74,N,34.71,K,A*38
$HEHDT,83.3,T*17
$VWVHW,83.3,T,,M,14.57,N,26.99,K*41
$GPGGA,083315.00,5432.37080,N,01849.71976,E,1,12,1.1,16.6,M,26.5,M,,*55
$GPRMC,083315.00,A,5432.37080,N,01849.71976,E,18.84,93.5,140625,,,A*6A
$GPVTG,93.5,T,,M,18.84,N,34.88,K,A*30
$HEHDT,83.1,T*15
$VWVHW,83.1,T,,M,14.38,N,26.63,K*4F
$GPGSV,2,1,08,03,67,048,46,08,41,103,46,11,21,158,46,14,46,213,46*7B
$GPGSV,2,2,08,17,65,270,46,22,22,318,46,28,12,358,46,31,60,128,47*72
$GAGSV,2,1,05,04,50,078,45,09,34,188,46,12,63,243,46,24,09,293,46*68
$GAGSV,2,2,05,31,19,028,46*5F
$GPZDA,083315.00,14,06,2025,00,00*6C
$GPGGA,083316.00,5432.37055,N,01849.72892,E,1,12,1.1,17.1,M,26.5,M,,*50
$GPRMC,083316.00,A,5432.37055,N,01849.72892,E,18.75,93.1,140625,,,A*63
$GPVTG,93.1,T,,M,18.75,N,34.73,K,A*3E
$HEHDT,82.7,T*12
$VWVHW,82.7,T,,M,14.54,N,26.93,K*4D
$GPGGA,083317.00,5432.37001,N,01849.73737,E,1,12,1.1,16.8,M,26.5,M,,*59
$GPRMC,083317.00,A,5432.37001,N,01849.73737,E,18.93,93.4,140625,,,A*6F
$GPVTG,93.4,T,,M,18.93,N,35.06,K,A*30
$HEHDT,83.5,T*11
$VWVHW,83.5,T,,M,14.47,N,26.79,K*48
$GPGGA,083318.00,5432.36991,N,01849.74643,E,1,12,1.1,16.7,M,26.5,M,,*5D
$GPRMC,083318.00,A,5432.36991,N,01849.74643,E,18.74,93.8,140625,,,A*61
$GPVTG,93.8,T,,M,18.74,N,34.70,K,A*35
$HEHDT,83.3,T*17
$VWVHW,83.3,T,,M,14.45,N,26.75,K*40
$GPGGA,083319.00,5432.36928,N,01849.75546,E,1,12,1.1,16.9,M,26.5,M,,*57
$GPRMC,083319.00,A,5432.36928,N,01849.75546,E,18.78,93.9,140625,,,A*68
$GPVTG,93.9,T,,M,18.78,N,34.79,K,A*31
$HEHDT,82.9,T*1C
$VWVHW,82.9,T,,M,14.47,N,26.81,K*42
$GPGGA,083320.00,5432.36973,N,01849.76402,E,1,12,1.1,16.7,M,26.5,M,,*5F
$GPRMC,083320.00,A,5432.36973,N,01849.76402,E,18.88,93.8,140625,,,A*60
$GPVTG,93.8,T,,M,18.88,N,34.97,K,A*3F
$HEHDT,83.0,T*14
$VWVHW,83.0,T,,M,14.53,N,26.92,K*4D
$GPGSV,2,1,08,03,67,048,46,08,41,103,46,11,21,158,46,14,45,213,45*7B
$GPGSV,2,2,08,17,65,270,46,22,22,318,47,28,12,358,46,31,60,128,46*72
$GAGSV,2,1,05,04,50,078,47,09,34,188,46,12,63,243,46,24,09,293,45*69
$GAGSV,2,2,05,31,19,028,46*5F
$GPZDA,083320.00,14,06,2025,00,00*6A
$GPGGA,083321.00,5432.36836,N,01849.77329,E,1,12,1.1,16.5,M,26.5,M,,*53
$GPRMC,083321.00,A,5432.36836,N,01849.77329,E,18.87,93.7,140625,,,A*6E
$GPVTG,93.7,T,,M,18.87,N,34.95,K,A*3D
$HEHDT,82.9,T*1C
$VWVHW,82.9,T,,M,14.41,N,26.69,K*42
$GPGGA,083322.00,5432.36865,N,01849.78264,E,1,12,1.1,16.1,M,26.5,M,,*55
$GPRMC,083322.00,A,5432.36865,N,01849.78264,E,18.83,93.6,140625,,,A*69
$GPVTG,93.6,T,,M,18.83,N,34.88,K,A*34
$HEHDT,83.4,T*10
$VWVHW,83.4,T,,M,14.31,N,26.50,K*43
$GPGGA,083323.00,5432.36778,N,01849.79108,E,1,12,1.1,16.7,M,26.5,M,,*59
$GPRMC,083323.00,A,5432.36778,N,01849.79108,E,18.76,94.0,140625,,,A*68
$GPVTG,94.0,T,,M,18.76,N,34.74,K,A*3C
$HEHDT,82.7,T*12
$VWVHW,82.7,T,,M,14.50,N,26.85,K*4E
$GPGGA,083324.00,5432.36771,N,01849.79914,E,1,12,1.1,17.2,M,26.5,M,,*56
$GPRMC,083324.00,A,5432.36771,N,01849.79914,E,18.90,93.7,140625,,,A*6B
$GPVTG,93.7,T,,M,18.90,N,35.00,K,A*36
$HEHDT,83.1,T*15
$VWVHW,83.1,T,,M,14.36,N,26.59,K*48
$GPGGA,083325.00,5432.36758,N,01849.80871,E,1,12,1.1,17.1,M,26.5,M,,*5B
$GPRMC,083325.00,A,5432.36758,N,01849.80871,E,18.77,93.7,140625,,,A*6C
$GPVTG,93.7,T,,M,18.77,N,34.77,K,A*3E
$HEHDT,83.2,T*16
$VWVHW,83.2,T,,M,14.44,N,26.74,K*41
$GPGSV,2,1,08,03,67,048,45,08,41,103,46,11,21,158,46,14,45,213,46*7B
$GPGSV,2,2,08,17,65,270,46,22,22,318,46,28,12,358,46,31,60,128,46*73
$GAGSV,2,1,05,04,50,078,46,09,34,188,46,12,63,243,46,24,09,293,46*6B
$GAGSV,2,2,05,31,19,028,46*5F
$GPZDA,083325.00,14,06,2025,00,00*6F
$GPGGA,083326.00,5432.36713,N,01849.81772,E,1,12,1.0,17.2,M,26.5,M,,*58
$GPRMC,083326.00,A,5432.36713,N,01849.81772,E,18.80,94.0,140625,,,A*65
$GPVTG,94.0,T,,M,18.80,N,34.82,K,A*3C
$HEHDT,83.2,T*16
$VWVHW,83.2,T,,M,14.37,N,26.61,K*41
$GPGGA,083327.00,5432.36715,N,01849.82701,E,1,12,1.0,16.8,M,26.5,M,,*53
$GPRMC,083327.00,A,5432.36715,N,01849.82701,E,18.77,93.6,140625,,,A*6C
$GPVTG,93.6,T,,M,18.77,N,34.76,K,A*3E
$HEHDT,83.0,T*14
$VWVHW,83.0,T,,M,14.46,N,26.79,K*4C
$GPGGA,083328.00,5432.36641,N,01849.83553,E,1,12,1.0,16.5,M,26.5,M,,*55
$GPRMC,083328.00,A,5432.36641,N,01849.83553,E,18.76,93.6,140625,,,A*66
$GPVTG,93.6,T,,M,18.76,N,34.75,K,A*3C
$HEHDT,83.1,T*15
$VWVHW,83.1,T,,M,14.32,N,26.53,K*46
$GPGGA,083329.00,5432.36621,N,01849.84493,E,1,12,1.0,16.9,M,26.5,M,,*54
$GPRMC,083329.00,A,5432.36621,N,01849.84493,E,18.82,93.7,140625,,,A*61
$GPVTG,93.7,T,,M,18.82,N,34.86,K,A*3A
$HEHDT,83.4,T*10
$VWVHW,83.4,T,,M,14.45,N,26.77,K*45
$GPGGA,083330.00,5432.36650,N,01849.85394,E,1,12,1.0,17.3,M,26.5,M,,*50
$GPRMC,083330.00,A,5432.36650,N,01849.85394,E,18.77,93.5,140625,,,A*66
$GPVTG,93.5,T,,M,18.77,N,34.76,K,A*3D
$HEHDT,83.5,T*11
$VWVHW,83.5,T,,M,14.43,N,26.73,K*46
$GPGSV,2,1,08,03,67,048,46,08,41,103,46,11,21,158,46,14,45,213,46*78
$GPGSV,2,2,08,17,65,270,47,22,22,318,46,28,12,358,46,31,60,128,46*72
$GAGSV,2,1,05,04,50,078,46,09,34,188,46,12,63,243,45,24,09,293,46*68
$GAGSV,2,2,05,31,19,028,46*5F
$GPZDA,083330.00,14,06,2025,00,00*6B
$GPGGA,083331.00,5432.36590,N,01849.86333,E,1,12,1.0,16.6,M,26.5,M,,*54
$GPRMC,083331.00,A,5432.36590,N,01849.86333,E,18.85,93.5,140625,,,A*6B
$GPVTG,93.5,T,,M,18.85,N,34.91,K,A*39
$HEHDT,83.3,T*17
$VWVHW,83.3,T,,M,14.39,N,26.65,K*4A
$GPGGA,083332.00,5432.36521,N,01849.87268,E,1,12,1.0,17.0,M,26.5,M,,*54
$GPRMC,083332.00,A,5432.36521,N,01849.87268,E,18.72,93.1,140625,,,A*60
$GPVTG,93.1,T,,M,18.72,N,34.67,K,A*3C
$HEHDT,83.4,T*10
$VWVHW,83.4,T,,M,14.54,N,26.93,K*4F
$GPGGA,083333.00,5432.36533,N,01849.87997,E,1,12,1.0,17.0,M,26.5,M,,*5D
$GPRMC,083333.00,A,5432.36533,N,01849.87997,E,18.78,93.6,140625,,,A*64
$GPVTG,93.6,T,,M,18.78,N,34.78,K,A*3F
$HEHDT,83.1,T*15
$VWVHW,83.1,T,,M,14.42,N,26.71,K*41
$GPGGA,083334.00,5432.36473,N,01849.89030,E,1,12,1.0,16.8,M,26.5,M,,*5C
$GPRMC,083334.00,A,5432.36473,N,01849.89030,E,18.90,93.3,140625,,,A*6F
$GPVTG,93.3,T,,M,18.90,N,35.00,K,A*32
$HEHDT,83.1,T*15
$VWVHW,83.1,T,,M,14.55,N,26.95,K*4D
$GPGGA,083335.00,5432.36428,N,01849.89915,E,1,12,1.0,16.8,M,26.5,M,,*5D
$GPRMC,083335.00,A,5432.36428,N,01849.89915,E,18.76,93.8,140625,,,A*6D
$GPVTG,93.8,T,,M,18.76,N,34.75,K,A*32
$HEHDT,83.3,T*17
$VWVHW,83.3,T,,M,14.53,N,26.90,K*4C
$GPGSV,2,1,08,03,67,048,46,08,41,103,46,11,21,158,46,14,45,213,46*78
$GPGSV,2,2,08,17,65,270,46,22,22,318,46,28,12,358,46,31,60,128,46*73
$GAGSV,2,1,05,04,50,078,46,09,34,188,46,12,63,243,46,24,09,293,47*6A
$GAGSV,2,2,05,31,19,028,46*5F
$GPZDA,083335.00,14,06,2025,00,00*6E
$GPGGA,083336.00,5432.36423,N,01849.90771,E,1,12,1.0,16.6,M,26.5,M,,*5F
$GPRMC,083336.00,A,5432.36423,N,01849.90771,E,18.77,93.9,140625,,,A*61
$GPVTG,93.9,T,,M,18.77,N,34.75,K,A*32
$HEHDT,83.2,T*16
$VWVHW,83.2,T,,M,14.43,N,26.73,K*41
$GPGGA,083337.00,5432.36382,N,01849.91666,E,1,12,1.0,16.1,M,26.5,M,,*53
$GPRMC,083337.00,A,5432.36382,N,01849.91666,E,18.81,93.6,140625,,,A*6C
$GPVTG,93.6,T,,M,18.81,N,34.84,K,A*3A
$HEHDT,82.8,T*1D
$VWVHW,82.8,T,,M,14.33,N,26.54,K*48
$GPGGA,083338.00,5432.36296,N,01849.92564,E,1,12,1.0,16.5,M,26.5,M,,*5E
$GPRMC,083338.00,A,5432.36296,N,01849.92564,E,18.74,93.9,140625,,,A*60
$GPVTG,93.9,T,,M,18.74,N,34.71,K,A*35
$HEHDT,83.3,T*17
$VWVHW,83.3,T,,M,14.53,N,26.90,K*4C
$GPGGA,083339.00,5432.36294,N,01849.93450,E,1,12,1.0,16.8,M,26.5,M,,*57
$GPRMC,083339.00,A,5432.36294,N,01849.93450,E,18.92,93.7,140625,,,A*62
$GPVTG,93.7,T,,M,18.92,N,35.05,K,A*31
$HEHDT,83.1,T*15
$VWVHW,83.1,T,,M,14.29,N,26.47,K*49
$GPGGA,083340.00,5432.36275,N,01849.94399,E,1,12,1.0,16.4,M,26.5,M,,*5F
$GPRMC,083340.00,A,5432.36275,N,01849.94399,E,18.81,93.6,140625,,,A*65
$GPVTG,93.6,T,,M,18.81,N,34.83,K,A*3D
$HEHDT,83.3,T*17
$VWVHW,83.3,T,,M,14.41,N,26.68,K*48
$GPGSV,2,1,08,03,67,048,46,08,41,103,46,11,21,158,46,14,45,213,46*78
$GPGSV,2,2,08,17,65,270,46,22,22,318,46,28,12,358,46,31,60,128,45*70
$GAGSV,2,1,05,04,50,078,46,09,34,188,46,12,63,243,46,24,09,293,47*6A
$GAGSV,2,2,05,31,19,028,46*5F
$GPZDA,083340.00,14,06,2025,00,00*6C
$GPGGA,083341.00,5432.36229,N,01849.95315,E,1,12,1.0,16.6,M,26.5,M,,*50
$GPRMC,083341.00,A,5432.36229,N,01849.95315,E,18.86,93.9,140625,,,A*60
$GPVTG,93.9,T,,M,18.86,N,34.94,K,A*33
$HEHDT,82.8,T*1D
$VWVHW,82.8,T,,M,14.71,N,27.24,K*48
$GPGGA,083342.00,5432.36188,N,01849.96189,E,1,12,1.0,16.8,M,26.5,M,,*51
$GPRMC,083342.00,A,5432.36188,N,01849.96189,E,18.95,93.8,140625,,,A*6C
$GPVTG,93.8,T,,M,18.95,N,35.10,K,A*3D
$HEHDT,82.7,T*12
$VWVHW,82.7,T,,M,14.44,N,26.74,K*45
$GPGGA,083343.00,5432.36168,N,01849.97019,E,1,12,1.0,16.7,M,26.5,M,,*58
$GPRMC,083343.00,A,5432.36168,N,01849.97019,E,18.79,93.3,140625,,,A*63
$GPVTG,93.3,T,,M,18.79,N,34.80,K,A*3C
$HEHDT,83.3,T*17
$VWVHW,83.3,T,,M,14.46,N,26.79,K*4F
$GPGGA,083344.00,5432.36117,N,01849.97937,E,1,12,1.0,16.3,M,26.5,M,,*56
$GPRMC,083344.00,A,5432.36117,N,01849.97937,E,18.80,93.6,140625,,,A*6A
$GPVTG,93.6,T,,M,18.80,N,34.81,K,A*3E
$HEHDT,83.3,T*17
$VWVHW,83.3,T,,M,14.40,N,26.67,K*46
$GPGGA,083345.00,5432.36127,N,01849.98865,E,1,12,1.0,16.2,M,26.5,M,,*5C
$GPRMC,083345.00,A,5432.36127,N,01849.98865,E,18.69,94.1,140625,,,A*66
$GPVTG,94.1,T,,M,18.69,N,34.61,K,A*37
$HEHDT,82.7,T*12
$VWVHW,82.7,T,,M,14.37,N,26.61,K*45
$GPGSV,2,1,08,03,67,048,46,08,41,103,46,11,21,158,46,14,45,213,46*78
$GPGSV,2,2,08,17,65,270,46,22,22,318,46,28,12,358,46,31,60,128,46*73
$GAGSV,2,1,05,04,50,078,46,09,34,188,46,12,63,243,46,24,09,293,46*6B
$GAGSV,2,2,05,31,19,028,46*5F
$GPZDA,083345.00,14,06,2025,00,00*69
$GPGGA,083346.00,5432.36067,N,01849.99784,E,1,12,1.0,16.0,M,26.5,M,,*59
$GPRMC,083346.00,A,5432.36067,N,01849.99784,E,18.81,94.1,140625,,,A*67
$GPVTG,94.1,T,,M,18.81,N,34.84,K,A*3A
$HEHDT,83.4,T*10
$VWVHW,83.4,T,,M,14.52,N,26.88,K*43
$GPGGA,083347.00,5432.36034,N,01850.00714,E,1,12,1.0,16.1,M,26.5,M,,*5E
$GPRMC,083347.00,A,5432.36034,N,01850.00714,E,18.88,93.5,140625,,,A*6B
$GPVTG,93.5,T,,M,18.88,N,34.97,K,A*32
$HEHDT,83.2,T*16
$VWVHW,83.2,T,,M,14.49,N,26.83,K*44
$GPGGA,083348.00,5432.35978,N,01850.01599,E,1,12,1.0,16.2,M,26.5,M,,*56
$GPRMC,083348.00,A,5432.35978,N,01850.01599,E,18.90,93.5,140625,,,A*69
$GPVTG,93.5,T,,M,18.90,N,35.00,K,A*34
$HEHDT,82.8,T*1D
$VWVHW,82.8,T,,M,14.45,N,26.76,K*49
$GPGGA,083349.00,5432.36021,N,01850.02419,E,1,12,1.0,16.2,M,26.5,M,,*5B
$GPRMC,083349.00,A,5432.36021,N,01850.02419,E,18.72,93.5,140625,,,A*68
$GPVTG,93.5,T,,M,18.72,N,34.67,K,A*38
$HEHDT,83.5,T*11
$VWVHW,83.5,T,,M,14.46,N,26.77,K*47
$GPGGA,083350.00,5432.35959,N,01850.03334,E,1,12,1.0,16.2,M,26.5,M,,*5F
$GPRMC,083350.00,A,5432.35959,N,01850.03334,E,18.78,93.4,140625,,,A*67
$GPVTG,93.4,T,,M,18.78,N,34.77,K,A*32
$HEHDT,83.2,T*16
$VWVHW,83.2,T,,M,14.35,N,26.58,K*49
$GPGSV,2,1,08,03,67,048,47,08,41,103,46,11,21,158,46,14,45,213,46*79
$GPGSV,2,2,08,17,65,270,46,22,22,318,46,28,12,358,46,31,60,128,45*70
$GAGSV,2,1,05,04,50,078,46,09,34,188,46,12,63,243,46,24,09,293,46*6B
$GAGSV,2,2,05,31,19,028,46*5F
$GPZDA,083350.00,14,06,2025,00,00*6D
$GPGGA,083351.00,5432.35928,N,01850.04242,E,1,12,1.0,16.1,M,26.5,M,,*5C
$GPRMC,083351.00,A,5432.35928,N,01850.04242,E,18.74,93.4,140625,,,A*6B
$GPVTG,93.4,T,,M,18.74,N,34.71,K,A*38
$HEHDT,82.7,T*12
$VWVHW,82.7,T,,M,14.64,N,27.11,K*45
$GPGGA,083352.00,5432.35917,N,01850.05223,E,1,12,1.0,16.5,M,26.5,M,,*51
$GPRMC,083352.00,A,5432.35917,N,01850.05223,E,18.89,93.9,140625,,,A*6D
$GPVTG,93.9,T,,M,18.89,N,34.99,K,A*31
$HEHDT,83.3,T*17
$VWVHW,83.3,T,,M,14.57,N,26.98,K*40
$GPGGA,083353.00,5432.35913,N,01850.06081,E,1,12,1.0,15.6,M,26.5,M,,*5D
$GPRMC,083353.00,A,5432.35913,N,01850.06081,E,18.72,94.0,140625,,,A*6B
$GPVTG,94.0,T,,M,18.72,N,34.67,K,A*3A
$HEHDT,82.8,T*1D
$VWVHW,82.8,T,,M,14.41,N,26.69,K*43
$GPGGA,083354.00,5432.35833,N,01850.07000,E,1,12,1.0,16.1,M,26.5,M,,*55
$GPRMC,083354.00,A,5432.35833,N,01850.07000,E,18.80,93.9,140625,,,A*64
$GPVTG,93.9,T,,M,18.80,N,34.82,K,A*32
$HEHDT,83.0,T*14
$VWVHW,83.0,T,,M,14.55,N,26.95,K*4C
$GPGGA,083355.00,5432.35790,N,01850.07707,E,1,12,1.0,16.1,M,26.5,M,,*52
$GPRMC,083355.00,A,5432.35790,N,01850.07707,E,18.83,93.5,140625,,,A*6C
$GPVTG,93.5,T,,M,18.83,N,34.88,K,A*37
$HEHDT,83.5,T*11
$VWVHW,83.5,T,,M,14.45,N,26.76,K*45
$GPGSV,2,1,08,03,67,048,46,08,41,103,46,11,21,158,45,14,45,213,46*7B
$GPGSV,2,2,08,17,65,270,46,22,22,318,46,28,12,358,45,31,60,128,46*70
$GAGSV,2,1,05,04,50,078,46,09,34,188,46,12,63,243,46,24,09,293,46*6B
$GAGSV,2,2,05,31,19,028,47*5E
$GPZDA,083355.00,14,06,2025,00,00*68
$GPGGA,083356.00,5432.35741,N,01850.08658,E,1,12,1.0,16.0,M,26.5,M,,*58
$GPRMC,083356.00,A,5432.35741,N,01850.08658,E,18.77,93.7,140625,,,A*6E
$GPVTG,93.7,T,,M,18.77,N,34.77,K,A*3E
$HEHDT,83.1,T*15
$VWVHW,83.1,T,,M,14.55,N,26.95,K*4D
$GPGGA,083357.00,5432.35735,N,01850.09595,E,1,12,1.0,16.3,M,26.5,M,,*5A
$GPRMC,083357.00,A,5432.35735,N,01850.09595,E,18.68,93.9,140625,,,A*6F
$GPVTG,93.9,T,,M,18.68,N,34.59,K,A*32
$HEHDT,83.0,T*14
$VWVHW,83.0,T,,M,14.53,N,26.91,K*4E
$GPGGA,083358.00,5432.35718,N,01850.10452,E,1,12,1.0,16.3,M,26.5,M,,*58
$GPRMC,083358.00,A,5432.35718,N,01850.10452,E,18.88,94.0,140625,,,A*6D
$GPVTG,94.0,T,,M,18.88,N,34.97,K,A*30
$HEHDT,83.2,T*16
$VWVHW,83.2,T,,M,14.54,N,26.93,K*49
$GPGGA,083359.00,5432.35668,N,01850.11355,E,1,12,1.0,16.3,M,26.5,M,,*5E
$GPRMC,083359.00,A,5432.35668,N,01850.11355,E,18.83,93.8,140625,,,A*6F
$GPVTG,93.8,T,,M,18.83,N,34.87,K,A*35
$HEHDT,83.0,T*14
$VWVHW,83.0,T,,M,14.45,N,26.77,K*41
$GPGGA,083400.00,5432.35658,N,01850.12254,E,1,12,1.0,16.8,M,26.5,M,,*5E
$GPRMC,083400.00,A,5432.35658,N,01850.12254,E,18.78,93.6,140625,,,A*6E
$GPVTG,93.6,T,,M,18.78,N,34.79,K,A*3E
$HEHDT,82.9,T*1C
$VWVHW,82.9,T,,M,14.50,N,26.86,K*43
$GPGSV,2,1,08,03,67,048,47,08,41,103,46,11,21,158,46,14,45,213,46*79
$GPGSV,2,2,08,17,65,270,46,22,22,318,46,28,12,358,46,31,60,128,46*73
$GAGSV,2,1,05,04,50,078,47,09,34,188,46,12,63,243,47,24,09,293,46*6B
$GAGSV,2,2,05,31,19,028,46*5F
$GPZDA,083400.00,14,06,2025,00,00*6F
$GPGGA,083401.00,5432.35627,N,01850.13139,E,1,12,1.0,16.5,M,26.5,M,,*53
$GPRMC,083401.00,A,5432.35627,N,01850.13139,E,18.88,94.0,140625,,,A*60
$GPVTG,94.0,T,,M,18.88,N,34.97,K,A*30
$HEHDT,82.9,T*1C
$VWVHW,82.9,T,,M,14.30,N,26.47,K*48
$GPGGA,083402.00,5432.35575,N,01850.14026,E,1,12,1.0,16.3,M,26.5,M,,*5A
$GPRMC,083402.00,A,5432.35575,N,01850.14026,E,18.76,93.6,140625,,,A*6F
$GPVTG,93.6,T,,M,18.76,N,34.74,K,A*3D
$HEHDT,83.0,T*14
$VWVHW,83.0,T,,M,14.55,N,26.95,K*4C
$GPGGA,083403.00,5432.35528,N,01850.14916,E,1,12,1.0,17.5,M,26.5,M,,*5E
$GPRMC,083403.00,A,5432.35528,N,01850.14916,E,18.79,93.7,140625,,,A*62
$GPVTG,93.7,T,,M,18.79,N,34.79,K,A*3E
$HEHDT,83.0,T*14
$VWVHW,83.0,T,,M,14.59,N,27.02,K*4F
$GPGGA,083404.00,5432.35506,N,01850.15781,E,1,12,1.0,17.4,M,26.5,M,,*55
$GPRMC,083404.00,A,5432.35506,N,01850.15781,E,18.82,93.9,140625,,,A*62
$GPVTG,93.9,T,,M,18.82,N,34.86,K,A*34
$HEHDT,83.4,T*10
$VWVHW,83.4,T,,M,14.52,N,26.88,K*43
$GPGGA,083405.00,5432.35475,N,01850.16745,E,1,12,1.0,17.1,M,26.5,M,,*5F
$GPRMC,083405.00,A,5432.35475,N,01850.16745,E,18.80,94.0,140625,,,A*61
$GPVTG,94.0,T,,M,18.80,N,34.81,K,A*3F
$HEHDT,83.2,T*16
$VWVHW,83.2,T,,M,14.42,N,26.71,K*42
$GPGSV,2,1,08,03,67,048,47,08,41,103,47,11,21,158,46,14,45,213,46*78
$GPGSV,2,2,08,17,65,270,46,22,22,318,45,28,12,358,46,31,60,128,46*70
$GAGSV,2,1,05,04,50,078,46,09,34,188,46,12,63,243,46,24,09,293,46*6B
$GAGSV,2,2,05,31,19,028,45*5C
$GPZDA,083405.00,14,06,2025,00,00*6A
$GPGGA,083406.00,5432.35431,N,01850.17595,E,1,12,1.0,16.8,M,26.5,M,,*5A
$GPRMC,083406.00,A,5432.35431,N,01850.17595,E,18.86,93.8,140625,,,A*65
$GPVTG,93.8,T,,M,18.86,N,34.92,K,A*34
$HEHDT,83.2,T*16
$VWVHW,83.2,T,,M,14.42,N,26.70,K*43
$GPGGA,083407.00,5432.35406,N,01850.18519,E,1,12,1.0,17.0,M,26.5,M,,*5D
$GPRMC,083407.00,A,5432.35406,N,01850.18519,E,18.78,93.6,140625,,,A*64
$GPVTG,93.6,T,,M,18.78,N,34.79,K,A*3E
$HEHDT,83.5,T*11
$VWVHW,83.5,T,,M,14.30,N,26.48,K*4A
$GPGGA,083408.00,5432.35356,N,01850.19476,E,1,12,1.0,16.9,M,26.5,M,,*51
$GPRMC,083408.00,A,5432.35356,N,01850.19476,E,18.74,93.6,140625,,,A*6C
$GPVTG,93.6,T,,M,18.74,N,34.71,K,A*3A
$HEHDT,83.6,T*12
$VWVHW,83.6,T,,M,14.42,N,26.70,K*47
$GPGGA,083409.00,5432.35315,N,01850.20357,E,1,12,1.0,17.3,M,26.5,M,,*52
$GPRMC,083409.00,A,5432.35315,N,01850.20357,E,18.91,93.2,140625,,,A*6B
$GPVTG,93.2,T,,M,18.91,N,35.02,K,A*30
$HEHDT,83.1,T*15
$VWVHW,83.1,T,,M,14.46,N,26.78,K*4C
$GPGGA,083410.00,5432.35274,N,01850.21248,E,1,12,1.0,17.4,M,26.5,M,,*55
$GPRMC,083410.00,A,5432.35274,N,01850.21248,E,18.78,93.7,140625,,,A*69
$GPVTG,93.7,T,,M,18.78,N,34.77,K,A*31
$HEHDT,83.1,T*15
$VWVHW,83.1,T,,M,14.53,N,26.90,K*4E
$GPGSV,2,1,08,03,67,048,46,08,41,103,46,11,21,158,46,14,45,213,46*78
$GPGSV,2,2,08,17,65,270,46,22,22,318,46,28,12,358,46,31,60,128,46*73
$GAGSV,2,1,05,04,50,078,46,09,34,188,46,12,63,243,46,24,09,293,46*6B
$GAGSV,2,2,05,31,19,028,46*5F
$GPZDA,083410.00,14,06,2025,00,00*6E
$GPGGA,083411.00,5432.35217,N,01850.22183,E,1,12,1.0,17.1,M,26.5,M,,*53
$GPRMC,083411.00,A,5432.35217,N,01850.22183,E,18.87,93.3,140625,,,A*6E
$GPVTG,93.3,T,,M,18.87,N,34.95,K,A*39
$HEHDT,83.2,T*16
$VWVHW,83.2,T,,M,14.51,N,26.88,K*46
$GPGGA,083412.00,5432.35175,N,01850.23089,E,1,12,1.0,17.0,M,26.5,M,,*5C
$GPRMC,083412.00,A,5432.35175,N,01850.23089,E,18.70,94.0,140625,,,A*6C
$GPVTG,94.0,T,,M,18.70,N,34.63,K,A*3C
$HEHDT,83.6,T*12
$VWVHW,83.6,T,,M,14.45,N,26.77,K*47
$GPGGA,083413.00,5432.35177,N,01850.23941,E,1,12,1.0,17.5,M,26.5,M,,*57
$GPRMC,083413.00,A,5432.35177,N,01850.23941,E,18.99,94.1,140625,,,A*64
$GPVTG,94.1,T,,M,18.99,N,35.17,K,A*38
$HEHDT,83.5,T*11
$VWVHW,83.5,T,,M,14.36,N,26.60,K*46
$GPGGA,083414.00,5432.35133,N,01850.24905,E,1,12,1.0,17.2,M,26.5,M,,*50
$GPRMC,083414.00,A,5432.35133,N,01850.24905,E,18.94,93.6,140625,,,A*69
$GPVTG,93.6,T,,M,18.94,N,35.07,K,A*34
$HEHDT,82.8,T*1D
$VWVHW,82.8,T,,M,14.42,N,26.71,K*49
$GPGGA,083415.00,5432.35038,N,01850.25682,E,1,12,1.0,16.7,M,26.5,M,,*5E
$GPRMC,083415.00,A,5432.35038,N,01850.25682,E,18.93,93.6,140625,,,A*64
$GPVTG,93.6,T,,M,18.93,N,35.06,K,A*32
$HEHDT,83.4,T*10
$VWVHW,83.4,T,,M,14.50,N,26.86,K*4F
$GPGSV,2,1,08,03,67,048,47,08,41,103,46,11,21,158,46,14,45,213,46*79
$GPGSV,2,2,08,17,65,270,46,22,22,318,46,28,12,358,46,31,60,128,46*73
$GAGSV,2,1,05,04,50,078,46,09,33,188,47,12,63,243,46,24,09,293,46*6D
$GAGSV,2,2,05,31,19,028,46*5F
$GPZDA,083415.00,14,06,2025,00,00*6B
$GPGGA,083416.00,5432.35047,N,01850.26608,E,1,12,1.0,16.5,M,26.5,M,,*56
$GPRMC,083416.00,A,5432.35047,N,01850.26608,E,18.92,93.4,140625,,,A*6D
$GPVTG,93.4,T,,M,18.92,N,35.04,K,A*33
$HEHDT,82.9,T*1C
$VWVHW,82.9,T,,M,14.66,N,27.14,K*4C
$GPGGA,083417.00,5432.35029,N,01850.27517,E,1,12,1.0,16.9,M,26.5,M,,*5F
$GPRMC,083417.00,A,5432.35029,N,01850.27517,E,18.93,93.4,140625,,,A*69
$GPVTG,93.4,T,,M,18.93,N,35.06,K,A*30
$HEHDT,82.9,T*1C
$VWVHW,82.9,T,,M,14.39,N,26.65,K*41
$GPGGA,083418.00,5432.35032,N,01850.28377,E,1,12,1.0,17.3,M,26.5,M,,*5E
$GPRMC,083418.00,A,5432.35032,N,01850.28377,E,18.74,93.4,140625,,,A*6A
$GPVTG,93.4,T,,M,18.74,N,34.70,K,A*39
$HEHDT,83.2,T*16
$VWVHW,83.2,T,,M,14.28,N,26.45,K*49
$GPGGA,083419.00,5432.34981,N,01850.29326,E,1,12,1.0,17.5,M,26.5,M,,*5C
$GPRMC,083419.00,A,5432.34981,N,01850.29326,E,18.91,94.0,140625,,,A*66
$GPVTG,94.0,T,,M,18.91,N,35.03,K,A*34
$HEHDT,83.3,T*17
$VWVHW,83.3,T,,M,14.54,N,26.92,K*49
$GPGGA,083420.00,5432.34930,N,01850.30214,E,1,12,1.0,17.3,M,26.5,M,,*52
$GPRMC,083420.00,A,5432.34930,N,01850.30214,E,18.90,93.5,140625,,,A*6D
$GPVTG,93.5,T,,M,18.90,N,35.00,K,A*34
$HEHDT,83.0,T*14
$VWVHW,83.0,T,,M,14.36,N,26.60,K*43
$GPGSV,2,1,08,03,67,048,46,08,41,103,46,11,21,158,47,14,45,213,46*79
$GPGSV,2,2,08,17,65,270,46,22,22,318,46,28,12,358,47,31,60,128,47*73
$GAGSV,2,1,05,04,50,078,46,09,33,188,46,12,63,243,46,24,09,293,46*6C
$GAGSV,2,2,05,31,19,028,46*5F
$GPZDA,083420.00,14,06,2025,00,00*6D
$GPGGA,083421.00,5432.34876,N,01850.31044,E,1,12,1.0,16.8,M,26.5,M,,*5C
$GPRMC,083421.00,A,5432.34876,N,01850.31044,E,18.89,93.5,140625,,,A*61
$GPVTG,93.5,T,,M,18.89,N,34.98,K,A*3C
$HEHDT,83.0,T*14
$VWVHW,83.0,T,,M,14.71,N,27.25,K*40
$GPGGA,083422.00,5432.34853,N,01850.31936,E,1,12,1.0,17.0,M,26.5,M,,*5D
$GPRMC,083422.00,A,5432.34853,N,01850.31936,E,18.94,93.4,140625,,,A*64
$GPVTG,93.4,T,,M,18.94,N,35.08,K,A*39
$HEHDT,83.0,T*14
$VWVHW,83.0,T,,M,14.52,N,26.89,K*46
$GPGGA,083423.00,5432.34780,N,01850.32828,E,1,12,1.0,17.2,M,26.5,M,,*52
$GPRMC,083423.00,A,5432.34780,N,01850.32828,E,18.88,93.3,140625,,,A*63
$GPVTG,93.3,T,,M,18.88,N,34.97,K,A*34
$HEHDT,83.4,T*10
$VWVHW,83.4,T,,M,14.36,N,26.60,K*47
$GPGGA,083424.00,5432.34776,N,01850.33722,E,1,12,1.0,17.6,M,26.5,M,,*5C
$GPRMC,083424.00,A,5432.34776,N,01850.33722,E,18.75,93.9,140625,,,A*61
$GPVTG,93.9,T,,M,18.75,N,34.72,K,A*37
$HEHDT,83.1,T*15
$VWVHW,83.1,T,,M,14.48,N,26.82,K*47
$GPGGA,083425.00,5432.34751,N,01850.34643,E,1,12,1.0,16.6,M,26.5,M,,*58
$GPRMC,083425.00,A,5432.34751,N,01850.34643,E,18.85,93.6,140625,,,A*64
$GPVTG,93.6,T,,M,18.85,N,34.92,K,A*39
$HEHDT,83.0,T*14
$VWVHW,83.0,T,,M,14.44,N,26.75,K*42
$GPGSV,2,1,08,03,67,048,46,08,41,103,47,11,21,158,46,14,45,213,46*79
$GPGSV,2,2,08,17,65,270,47,22,22,318,46,28,12,358,46,31,60,128,46*72
$GAGSV,2,1,05,04,50,078,45,09,33,188,45,12,63,243,46,24,09,293,46*6C
$GAGSV,2,2,05,31,19,028,46*5F
$GPZDA,083425.00,14,06,2025,00,00*68
$GPGGA,083426.00,5432.34721,N,01850.35573,E,1,12,1.0,16.7,M,26.5,M,,*5C
$GPRMC,083426.00,A,5432.34721,N,01850.35573,E,18.88,93.3,140625,,,A*69
$GPVTG,93.3,T,,M,18.88,N,34.96,K,A*35
$HEHDT,83.0,T*14
$VWVHW,83.0,T,,M,14.52,N,26.90,K*4E
$GPGGA,083427.00,5432.34726,N,01850.36429,E,1,12,1.0,16.6,M,26.5,M,,*56
$GPRMC,083427.00,A,5432.34726,N,01850.36429,E,18.88,93.2,140625,,,A*63
$GPVTG,93.2,T,,M,18.88,N,34.96,K,A*34
$HEHDT,83.4,T*10
$VWVHW,83.4,T,,M,14.45,N,26.76,K*44
$GPGGA,083428.00,5432.34631,N,01850.37345,E,1,12,1.0,17.1,M,26.5,M,,*54
$GPRMC,083428.00,A,5432.34631,N,01850.37345,E,18.87,93.3,140625,,,A*69
$GPVTG,93.3,T,,M,18.87,N,34.95,K,A*39
$HEHDT,83.3,T*17
$VWVHW,83.3,T,,M,14.57,N,26.98,K*40
$GPGGA,083429.00,5432.34658,N,01850.38265,E,1,12,1.0,17.3,M,26.5,M,,*54
$GPRMC,083429.00,A,5432.34658,N,01850.38265,E,18.94,93.5,140625,,,A*6F
$GPVTG,93.5,T,,M,18.94,N,35.07,K,A*37
$HEHDT,83.0,T*14
$VWVHW,83.0,T,,M,14.52,N,26.90,K*4E
$GPGGA,083430.00,5432.34601,N,01850.39103,E,1,12,1.0,17.1,M,26.5,M,,*50
$GPRMC,083430.00,A,5432.34601,N,01850.39103,E,18.88,93.3,140625,,,A*62
$GPVTG,93.3,T,,M,18.88,N,34.97,K,A*34
$HEHDT,83.1,T*15
$VWVHW,83.1,T,,M,14.51,N,26.86,K*4B
$GPGSV,2,1,08,03,67,048,46,08,41,103,46,11,21,158,46,14,45,213,46*78
$GPGSV,2,2,08,17,65,270,46,22,22,318,46,28,12,358,46,31,60,128,46*73
$GAGSV,2,1,05,04,50,078,45,09,33,188,46,12,63,243,46,24,09,293,46*6F
$GAGSV,2,2,05,31,19,028,46*5F
$GPZDA,083430.00,14,06,2025,00,00*6C
$GPGGA,083431.00,5432.34570,N,01850.40008,E,1,12,1.0,17.1,M,26.5,M,,*50
$GPRMC,083431.00,A,5432.34570,N,01850.40008,E,18.70,93.3,140625,,,A*65
$GPVTG,93.3,T,,M,18.70,N,34.63,K,A*38
$HEHDT,83.1,T*15
$VWVHW,83.1,T,,M,14.59,N,27.02,K*4E
$GPGGA,083432.00,5432.34572,N,01850.40960,E,1,12,0.9,16.6,M,26.5,M,,*58
$GPRMC,083432.00,A,5432.34572,N,01850.40960,E,18.92,94.1,140625,,,A*6A
$GPVTG,94.1,T,,M,18.92,N,35.05,K,A*30
$HEHDT,83.3,T*17
$VWVHW,83.3,T,,M,14.43,N,26.73,K*40
$GPGGA,083433.00,5432.34527,N,01850.41800,E,1,12,0.9,17.0,M,26.5,M,,*58
$GPRMC,083433.00,A,5432.34527,N,01850.41800,E,18.92,93.5,140625,,,A*6E
$GPVTG,93.5,T,,M,18.92,N,35.04,K,A*32
$HEHDT,83.3,T*17
$VWVHW,83.3,T,,M,14.48,N,26.82,K*45
$GPGGA,083434.00,5432.34470,N,01850.42727,E,1,12,0.9,17.5,M,26.5,M,,*50
$GPRMC,083434.00,A,5432.34470,N,01850.42727,E,19.01,93.5,140625,,,A*68
$GPVTG,93.5,T,,M,19.01,N,35.22,K,A*3D
$HEHDT,83.0,T*14
$VWVHW,83.0,T,,M,14.47,N,26.80,K*4B
$GPGGA,083435.00,5432.34399,N,01850.43663,E,1,12,0.9,17.6,M,26.5,M,,*52
$GPRMC,083435.00,A,5432.34399,N,01850.43663,E,18.96,93.1,140625,,,A*62
$GPVTG,93.1,T,,M,18.96,N,35.11,K,A*36
$HEHDT,83.2,T*16
$VWVHW,83.2,T,,M,14.62,N,27.07,K*40
$GPGSV,2,1,08,03,67,048,46,08,41,103,46,11,21,158,46,14,45,213,47*79
$GPGSV,2,2,08,17,65,270,46,22,22,318,47,28,12,358,47,31,60,128,47*72
$GAGSV,2,1,05,04,50,078,46,09,33,188,46,12,63,243,46,24,09,293,45*6F
$GAGSV,2,2,05,31,19,028,46*5F
$GPZDA,083435.00,14,06,2025,00,00*69
$GPGGA,083436.00,5432.34362,N,01850.44511,E,1,12,0.9,17.4,M,26.5,M,,*56
$GPRMC,083436.00,A,5432.34362,N,01850.44511,E,18.77,93.7,140625,,,A*6D
$GPVTG,93.7,T,,M,18.77,N,34.75,K,A*3C
$HEHDT,83.4,T*10
$VWVHW,83.4,T,,M,14.44,N,26.75,K*46
$GPGGA,083437.00,5432.34371,N,01850.45350,E,1,12,0.9,16.7,M,26.5,M,,*55
$GPRMC,083437.00,A,5432.34371,N,01850.45350,E,19.05,93.5,140625,,,A*6A
$GPVTG,93.5,T,,M,19.05,N,35.29,K,A*32
$HEHDT,82.4,T*11
$VWVHW,82.4,T,,M,14.58,N,27.01,K*48
$GPGGA,083438.00,5432.34320,N,01850.46362,E,1,12,0.9,17.3,M,26.5,M,,*59
$GPRMC,083438.00,A,5432.34320,N,01850.46362,E,18.97,93.5,140625,,,A*69
$GPVTG,93.5,T,,M,18.97,N,35.13,K,A*31
$HEHDT,82.9,T*1C
$VWVHW,82.9,T,,M,14.62,N,27.08,K*45
$GPGGA,083439.00,5432.34315,N,01850.47247,E,1,12,0.9,17.3,M,26.5,M,,*59
$GPRMC,083439.00,A,5432.34315,N,01850.47247,E,18.97,93.4,140625,,,A*68
$GPVTG,93.4,T,,M,18.97,N,35.13,K,A*30
$HEHDT,83.0,T*14
$VWVHW,83.0,T,,M,14.57,N,26.98,K*43
$GPGGA,083440.00,5432.34226,N,01850.48153,E,1,12,0.9,17.7,M,26.5,M,,*5B
$GPRMC,083440.00,A,5432.34226,N,01850.48153,E,18.89,93.7,140625,,,A*62
$GPVTG,93.7,T,,M,18.89,N,34.98,K,A*3E
$HEHDT,83.3,T*17
$VWVHW,83.3,T,,M,14.62,N,27.07,K*41
$GPGSV,2,1,08,03,67,048,46,08,41,103,46,11,21,158,47,14,45,213,47*78
$GPGSV,2,2,08,17,65,270,46,22,22,318,46,28,12,358,47,31,60,128,46*72
$GAGSV,2,1,05,04,50,078,46,09,33,188,46,12,63,243,46,24,09,293,46*6C
$GAGSV,2,2,05,31,19,028,46*5F
$GPZDA,083440.00,14,06,2025,00,00*6B
$GPGGA,083441.00,5432.34215,N,01850.49073,E,1,12,0.9,17.0,M,26.5,M,,*5F
$GPRMC,083441.00,A,5432.34215,N,01850.49073,E,18.83,93.8,140625,,,A*64
$GPVTG,93.8,T,,M,18.83,N,34.87,K,A*35
$HEHDT,83.1,T*15
$VWVHW,83.1,T,,M,14.70,N,27.22,K*47
$GPGGA,083442.00,5432.34174,N,01850.49947,E,1,12,0.9,16.9,M,26.5,M,,*5E
$GPRMC,083442.00,A,5432.34174,N,01850.49947,E,18.90,93.3,140625,,,A*64
$GPVTG,93.3,T,,M,18.90,N,35.01,K,A*33
$HEHDT,83.1,T*15
$VWVHW,83.1,T,,M,14.58,N,26.99,K*4C
$GPGGA,083443.00,5432.34145,N,01850.50867,E,1,12,0.9,17.4,M,26.5,M,,*5A
$GPRMC,083443.00,A,5432.34145,N,01850.50867,E,18.83,93.3,140625,,,A*6E
$GPVTG,93.3,T,,M,18.83,N,34.87,K,A*3E
$HEHDT,82.8,T*1D
$VWVHW,82.8,T,,M,14.56,N,26.96,K*45
$GPGGA,083444.00,5432.34083,N,01850.51772,E,1,12,0.9,17.0,M,26.5,M,,*58
$GPRMC,083444.00,A,5432.34083,N,01850.51772,E,18.93,93.6,140625,,,A*6C
$GPVTG,93.6,T,,M,18.93,N,35.06,K,A*32
$HEHDT,83.2,T*16
$VWVHW,83.2,T,,M,14.64,N,27.11,K*41
$GPGGA,083445.00,5432.34061,N,01850.52695,E,1,12,0.9,17.5,M,26.5,M,,*5B
$GPRMC,083445.00,A,5432.34061,N,01850.52695,E,19.08,93.9,140625,,,A*66
$GPVTG,93.9,T,,M,19.08,N,35.33,K,A*38
$HEHDT,83.1,T*15
$VWVHW,83.1,T,,M,14.49,N,26.83,K*47
$GPGSV,2,1,08,03,67,048,46,08,41,103,46,11,21,158,46,14,45,213,46*78
$GPGSV,2,2,08,17,65,270,46,22,22,318,45,28,12,358,46,31,60,128,46*70
$GAGSV,2,1,05,04,50,078,46,09,33,188,47,12,63,243,46,24,09,293,46*6D
$GAGSV,2,2,05,31,19,028,46*5F
$GPZDA,083445.00,14,06,2025,00,00*6E
$GPGGA,083446.00,5432.34038,N,01850.53601,E,1,12,0.9,17.0,M,26.5,M,,*5D
$GPRMC,083446.00,A,5432.34038,N,01850.53601,E,18.90,93.6,140625,,,A*6A
$GPVTG,93.6,T,,M,18.90,N,34.99,K,A*36
$HEHDT,82.9,T*1C
$VWVHW,82.9,T,,M,14.60,N,27.04,K*4B
$GPGGA,083447.00,5432.33974,N,01850.54504,E,1,12,0.9,17.4,M,26.5,M,,*5F
$GPRMC,083447.00,A,5432.33974,N,01850.54504,E,18.98,93.5,140625,,,A*67
$GPVTG,93.5,T,,M,18.98,N,35.16,K,A*3B
$HEHDT,83.4,T*10
$VWVHW,83.4,T,,M,14.54,N,26.92,K*4E
$GPGGA,083448.00,5432.33954,N,01850.55340,E,1,12,0.9,17.6,M,26.5,M,,*57
$GPRMC,083448.00,A,5432.33954,N,01850.55340,E,18.99,93.7,140625,,,A*6E
$GPVTG,93.7,T,,M,18.99,N,35.17,K,A*39
$HEHDT,83.2,T*16
$VWVHW,83.2,T,,M,14.43,N,26.72,K*40
$GPGGA,083449.00,5432.33929,N,01850.56228,E,1,12,0.9,16.7,M,26.5,M,,*50
$GPRMC,083449.00,A,5432.33929,N,01850.56228,E,18.98,93.6,140625,,,A*69
$GPVTG,93.6,T,,M,18.98,N,35.16,K,A*38
$HEHDT,83.2,T*16
$VWVHW,83.2,T,,M,14.58,N,27.01,K*4F
$GPGGA,083450.00,5432.33911,N,01850.57215,E,1,12,0.9,17.1,M,26.5,M,,*5B
$GPRMC,083450.00,A,5432.33911,N,01850.57215,E,19.02,93.6,140625,,,A*67
$GPVTG,93.6,T,,M,19.02,N,35.22,K,A*3D
$HEHDT,83.4,T*10
$VWVHW,83.4,T,,M,14.61,N,27.06,K*44
$GPGSV,2,1,08,03,67,048,46,08,41,103,45,11,20,158,45,14,45,213,46*79
$GPGSV,2,2,08,17,65,270,46,22,22,318,47,28,12,358,46,31,60,128,46*72
$GAGSV,2,1,05,04,50,078,46,09,33,188,46,12,63,243,47,24,09,293,46*6D
$GAGSV,2,2,05,31,19,028,46*5F
$GPZDA,083450.00,14,06,2025,00,00*6A
$GPGGA,083451.00,5432.33866,N,01850.58100,E,1,12,0.9,17.2,M,26.5,M,,*50
$GPRMC,083451.00,A,5432.33866,N,01850.58100,E,19.08,93.4,140625,,,A*67
$GPVTG,93.4,T,,M,19.08,N,35.34,K,A*32
$HEHDT,83.1,T*15
$VWVHW,83.1,T,,M,14.52,N,26.90,K*4F
$GPGGA,083452.00,5432.33843,N,01850.58925,E,1,12,0.9,16.7,M,26.5,M,,*5F
$GPRMC,083452.00,A,5432.33843,N,01850.58925,E,18.97,93.5,140625,,,A*6A
$GPVTG,93.5,T,,M,18.97,N,35.13,K,A*31
$HEHDT,83.6,T*12
$VWVHW,83.6,T,,M,14.69,N,27.20,K*4A
$GPGGA,083453.00,5432.33823,N,01850.59863,E,1,12,0.9,16.8,M,26.5,M,,*55
$GPRMC,083453.00,A,5432.33823,N,01850.59863,E,18.96,93.3,140625,,,A*68
$GPVTG,93.3,T,,M,18.96,N,35.12,K,A*37
$HEHDT,83.5,T*11
$VWVHW,83.5,T,,M,14.60,N,27.05,K*47
$GPGGA,083454.00,5432.33746,N,01850.60746,E,1,12,0.9,17.0,M,26.5,M,,*55
$GPRMC,083454.00,A,5432.33746,N,01850.60746,E,18.86,93.5,140625,,,A*66
$GPVTG,93.5,T,,M,18.86,N,34.93,K,A*38
$HEHDT,83.3,T*17
$VWVHW,83.3,T,,M,14.60,N,27.04,K*40
$GPGGA,083455.00,5432.33693,N,01850.61689,E,1,12,0.9,17.5,M,26.5,M,,*5B
$GPRMC,083455.00,A,5432.33693,N,01850.61689,E,19.01,93.9,140625,,,A*6F
$GPVTG,93.9,T,,M,19.01,N,35.21,K,A*32
$HEHDT,83.1,T*15
$VWVHW,83.1,T,,M,14.51,N,26.88,K*45
$GPGSV,2,1,08,03,67,048,46,08,41,103,46,11,20,158,46,14,45,213,46*79
$GPGSV,2,2,08,17,65,270,46,22,22,318,46,28,12,358,46,31,60,128,46*73
$GAGSV,2,1,05,04,50,078,47,09,33,188,46,12,63,243,46,24,09,293,47*6C
$GAGSV,2,2,05,31,19,028,46*5F
$GPZDA,083455.00,14,06,2025,00,00*6F
$GPGGA,083456.00,5432.33678,N,01850.62554,E,1,12,0.9,16.8,M,26.5,M,,*51
$GPRMC,083456.00,A,5432.33678,N,01850.62554,E,18.92,93.4,140625,,,A*6F
$GPVTG,93.4,T,,M,18.92,N,35.04,K,A*33
$HEHDT,83.6,T*12
$VWVHW,83.6,T,,M,14.59,N,27.02,K*49
$GPGGA,083457.00,5432.33638,N,01850.63482,E,1,12,0.9,17.0,M,26.5,M,,*56
$GPRMC,083457.00,A,5432.33638,N,01850.63482,E,18.96,93.8,140625,,,A*69
$GPVTG,93.8,T,,M,18.96,N,35.12,K,A*3C
$HEHDT,83.0,T*14
$VWVHW,83.0,T,,M,14.60,N,27.04,K*43
$GPGGA,083458.00,5432.33664,N,01850.64376,E,1,12,0.9,16.5,M,26.5,M,,*5F
$GPRMC,083458.00,A,5432.33664,N,01850.64376,E,19.00,93.7,140625,,,A*65
$GPVTG,93.7,T,,M,19.00,N,35.19,K,A*36
$HEHDT,83.3,T*17
$VWVHW,83.3,T,,M,14.61,N,27.06,K*43
$GPGGA,083459.00,5432.33573,N,01850.65297,E,1,12,0.9,16.8,M,26.5,M,,*59
$GPRMC,083459.00,A,5432.33573,N,01850.65297,E,19.00,93.7,140625,,,A*6E
$GPVTG,93.7,T,,M,19.00,N,35.19,K,A*36
$HEHDT,83.6,T*12
$VWVHW,83.6,T,,M,14.73,N,27.27,K*46
$GPGGA,083500.00,5432.33541,N,01850.66140,E,1,12,0.9,16.9,M,26.5,M,,*5E
$GPRMC,083500.00,A,5432.33541,N,01850.66140,E,18.98,93.5,140625,,,A*6A
$GPVTG,93.5,T,,M,18.98,N,35.15,K,A*38
$HEHDT,83.1,T*15
$VWVHW,83.1,T,,M,14.73,N,27.29,K*4F
$GPGSV,2,1,08,03,67,048,46,08,41,103,46,11,20,158,46,14,45,213,46*79
$GPGSV,2,2,08,17,65,270,46,22,22,318,46,28,12,358,45,31,60,128,46*70
$GAGSV,2,1,05,04,50,078,46,09,33,188,46,12,63,243,46,24,09,293,46*6C
$GAGSV,2,2,05,31,19,028,46*5F
$GPZDA,083500.00,14,06,2025,00,00*6E
$GPGGA,083501.00,5432.33476,N,01850.67147,E,1,12,0.9,16.7,M,26.5,M,,*52
$GPRMC,083501.00,A,5432.33476,N,01850.67147,E,19.02,93.5,140625,,,A*6A
$GPVTG,93.5,T,,M,19.02,N,35.22,K,A*3E
$HEHDT,83.2,T*16
$VWVHW,83.2,T,,M,14.61,N,27.06,K*42
$GPGGA,083502.00,5432.33452,N,01850.68052,E,1,12,0.9,16.8,M,26.5,M,,*52
$GPRMC,083502.00,A,5432.33452,N,01850.68052,E,19.01,94.0,140625,,,A*64
$GPVTG,94.0,T,,M,19.01,N,35.20,K,A*3D
$HEHDT,82.7,T*12
$VWVHW,82.7,T,,M,14.81,N,27.42,K*48
$GPGGA,083503.00,5432.33444,N,01850.68942,E,1,12,0.9,16.9,M,26.5,M,,*5D
$GPRMC,083503.00,A,5432.33444,N,01850.68942,E,18.94,94.0,140625,,,A*67
$GPVTG,94.0,T,,M,18.94,N,35.08,K,A*3A
$HEHDT,83.6,T*12
$VWVHW,83.6,T,,M,14.67,N,27.17,K*40
$GPGGA,083504.00,5432.33365,N,01850.69813,E,1,12,0.9,17.1,M,26.5,M,,*53
$GPRMC,083504.00,A,5432.33365,N,01850.69813,E,19.08,93.6,140625,,,A*65
$GPVTG,93.6,T,,M,19.08,N,35.34,K,A*30
$HEHDT,83.7,T*13
$VWVHW,83.7,T,,M,14.78,N,27.38,K*42
$GPGGA,083505.00,5432.33363,N,01850.70750,E,1,12,0.9,17.3,M,26.5,M,,*56
$GPRMC,083505.00,A,5432.33363,N,01850.70750,E,19.02,93.7,140625,,,A*69
$GPVTG,93.7,T,,M,19.02,N,35.22,K,A*3C
$HEHDT,83.8,T*1C
$VWVHW,83.8,T,,M,14.44,N,26.74,K*4B
$GPGSV,2,1,08,03,67,048,47,08,41,103,47,11,20,158,46,14,45,213,46*79
$GPGSV,2,2,08,17,65,270,46,22,22,318,45,28,12,358,46,31,60,128,47*71
$GAGSV,2,1,05,04,50,078,47,09,33,188,46,12,63,243,46,24,09,293,46*6D
$GAGSV,2,2,05,31,20,028,46*55
$GPZDA,083505.00,14,06,2025,00,00*6B
$GPGGA,083506.00,5432.33320,N,01850.71543,E,1,12,0.9,16.9,M,26.5,M,,*58
$GPRMC,083506.00,A,5432.33320,N,01850.71543,E,19.06,93.4,140625,,,A*6B
$GPVTG,93.4,T,,M,19.06,N,35.30,K,A*38
$HEHDT,83.1,T*15
$VWVHW,83.1,T,,M,14.56,N,26.97,K*4C
$GPGGA,083507.00,5432.33323,N,01850.72475,E,1,12,0.9,17.0,M,26.5,M,,*55
$GPRMC,083507.00,A,5432.33323,N,01850.72475,E,19.04,93.6,140625,,,A*6E
$GPVTG,93.6,T,,M,19.04,N,35.26,K,A*3F
$HEHDT,83.5,T*11
$VWVHW,83.5,T,,M,14.66,N,27.14,K*41
$GPGGA,083508.00,5432.33305,N,01850.73353,E,1,12,0.9,16.7,M,26.5,M,,*5A
$GPRMC,083508.00,A,5432.33305,N,01850.73353,E,18.91,93.3,140625,,,A*6F
$GPVTG,93.3,T,,M,18.91,N,35.03,K,A*30
$HEHDT,83.3,T*17
$VWVHW,83.3,T,,M,14.57,N,26.99,K*41
$GPGGA,083509.00,5432.33215,N,01850.74324,E,1,12,0.9,17.6,M,26.5,M,,*5C
$GPRMC,083509.00,A,5432.33215,N,01850.74324,E,19.08,93.8,140625,,,A*63
$GPVTG,93.8,T,,M,19.08,N,35.33,K,A*39
$HEHDT,83.1,T*15
$VWVHW,83.1,T,,M,14.74,N,27.29,K*48
$GPGGA,083510.00,5432.33211,N,01850.75255,E,1,12,0.9,17.8,M,26.5,M,,*58
$GPRMC,083510.00,A,5432.33211,N,01850.75255,E,18.94,93.6,140625,,,A*63
$GPVTG,93.6,T,,M,18.94,N,35.08,K,A*3B
$HEHDT,83.2,T*16
$VWVHW,83.2,T,,M,14.54,N,26.93,K*49
$GPGSV,2,1,08,03,67,048,46,08,41,103,47,11,20,158,46,14,45,213,46*78
$GPGSV,2,2,08,17,65,270,46,22,22,318,46,28,12,358,46,31,60,128,46*73
$GAGSV,2,1,05,04,50,078,47,09,33,188,45,12,63,243,46,24,09,293,46*6E
$GAGSV,2,2,05,31,20,028,47*54
$GPZDA,083510.00,14,06,2025,00,00*6F
$GPGGA,083511.00,5432.33187,N,01850.76018,E,1,12,0.9,16.9,M,26.5,M,,*5D
$GPRMC,083511.00,A,5432.33187,N,01850.76018,E,19.08,93.5,140625,,,A*61
$GPVTG,93.5,T,,M,19.08,N,35.33,K,A*34
$HEHDT,82.9,T*1C
$VWVHW,82.9,T,,M,14.82,N,27.45,K*42
$GPGGA,083512.00,5432.33189,N,01850.77003,E,1,12,0.9,17.0,M,26.5,M,,*53
$GPRMC,083512.00,A,5432.33189,N,01850.77003,E,19.13,93.6,140625,,,A*6E
$GPVTG,93.6,T,,M,19.13,N,35.42,K,A*3B
$HEHDT,83.8,T*1C
$VWVHW,83.8,T,,M,14.71,N,27.23,K*4E
$GPGGA,083513.00,5432.33132,N,01850.77895,E,1,12,0.9,16.9,M,26.5,M,,*5D
$GPRMC,083513.00,A,5432.33132,N,01850.77895,E,19.00,94.0,140625,,,A*6B
$GPVTG,94.0,T,,M,19.00,N,35.19,K,A*36
$HEHDT,83.8,T*1C
$VWVHW,83.8,T,,M,14.64,N,27.11,K*4B
$GPGGA,083514.00,5432.33069,N,01850.78795,E,1,12,0.9,17.0,M,26.5,M,,*5D
$GPRMC,083514.00,A,5432.33069,N,01850.78795,E,19.02,93.1,140625,,,A*67
$GPVTG,93.1,T,,M,19.02,N,35.22,K,A*3A
$HEHDT,83.3,T*17
$VWVHW,83.3,T,,M,14.67,N,27.17,K*45
$GPGGA,083515.00,5432.33034,N,01850.79663,E,1,12,0.9,16.9,M,26.5,M,,*55
$GPRMC,083515.00,A,5432.33034,N,01850.79663,E,19.10,93.3,140625,,,A*66
$GPVTG,93.3,T,,M,19.10,N,35.38,K,A*30
$HEHDT,83.9,T*1D
$VWVHW,83.9,T,,M,14.76,N,27.33,K*49
$GPGSV,2,1,08,03,67,048,46,08,41,103,46,11,20,158,46,14,45,213,46*79
$GPGSV,2,2,08,17,65,270,46,22,22,318,46,28,12,358,47,31,60,128,46*72
$GAGSV,2,1,05,04,50,078,46,09,33,188,46,12,63,243,46,24,09,293,46*6C
$GAGSV,2,2,05,31,20,028,46*55
$GPZDA,083515.00,14,06,2025,00,00*6A
$GPGGA,083516.00,5432.33016,N,01850.80566,E,1,12,0.9,17.2,M,26.5,M,,*5C
$GPRMC,083516.00,A,5432.33016,N,01850.80566,E,18.95,93.8,140625,,,A*62
$GPVTG,93.8,T,,M,18.95,N,35.09,K,A*35
$HEHDT,83.1,T*15
$VWVHW,83.1,T,,M,14.72,N,27.27,K*40
$GPGGA,083517.00,5432.33004,N,01850.81467,E,1,12,0.9,16.7,M,26.5,M,,*5B
$GPRMC,083517.00,A,5432.33004,N,01850.81467,E,19.07,93.5,140625,,,A*66
$GPVTG,93.5,T,,M,19.07,N,35.32,K,A*3A
$HEHDT,83.7,T*13
$VWVHW,83.7,T,,M,14.63,N,27.09,K*4A
$GPGGA,083518.00,5432.32979,N,01850.82346,E,1,12,0.9,16.1,M,26.5,M,,*57
$GPRMC,083518.00,A,5432.32979,N,01850.82346,E,18.98,93.6,140625,,,A*68
$GPVTG,93.6,T,,M,18.98,N,35.15,K,A*3B
$HEHDT,83.3,T*17
$VWVHW,83.3,T,,M,14.76,N,27.33,K*43
$GPGGA,083519.00,5432.32900,N,01850.83309,E,1,12,0.9,17.3,M,26.5,M,,*51
$GPRMC,083519.00,A,5432.32900,N,01850.83309,E,19.00,93.7,140625,,,A*6C
$GPVTG,93.7,T,,M,19.00,N,35.19,K,A*36
$HEHDT,82.7,T*12
$VWVHW,82.7,T,,M,14.64,N,27.11,K*45
$GPGGA,083520.00,5432.32897,N,01850.84282,E,1,12,0.9,17.3,M,26.5,M,,*51
$GPRMC,083520.00,A,5432.32897,N,01850.84282,E,19.14,93.3,140625,,,A*6D
$GPVTG,93.3,T,,M,19.14,N,35.45,K,A*3E
$HEHDT,82.9,T*1C
$VWVHW,82.9,T,,M,14.71,N,27.24,K*49
$GPGSV,2,1,08,03,67,048,46,08,41,103,45,11,20,158,46,14,45,213,47*7B
$GPGSV,2,2,08,17,65,270,46,22,22,318,46,28,12,358,46,31,60,128,46*73
$GAGSV,2,1,05,04,50,078,46,09,33,188,46,12,63,243,46,24,09,293,46*6C
$GAGSV,2,2,05,31,20,028,46*55
$GPZDA,083520.00,14,06,2025,00,00*6C
$GPGGA,083521.00,5432.32901,N,01850.85089,E,1,12,0.9,17.1,M,26.5,M,,*54
$GPRMC,083521.00,A,5432.32901,N,01850.85089,E,19.02,93.6,140625,,,A*68
$GPVTG,93.6,T,,M,19.02,N,35.22,K,A*3D
$HEHDT,83.3,T*17
$VWVHW,83.3,T,,M,14.73,N,27.28,K*4C
$GPGGA,083522.00,5432.32849,N,01850.86010,E,1,12,0.9,17.3,M,26.5,M,,*5B
$GPRMC,083522.00,A,5432.32849,N,01850.86010,E,19.06,93.9,140625,,,A*6E
$GPVTG,93.9,T,,M,19.06,N,35.30,K,A*35
$HEHDT,83.6,T*12
$VWVHW,83.6,T,,M,14.57,N,26.98,K*45
$GPGGA,083523.00,5432.32808,N,01850.87000,E,1,12,0.9,16.7,M,26.5,M,,*5A
$GPRMC,083523.00,A,5432.32808,N,01850.87000,E,19.24,93.9,140625,,,A*6A
$GPVTG,93.9,T,,M,19.24,N,35.63,K,A*33
$HEHDT,83.4,T*10
$VWVHW,83.4,T,,M,14.68,N,27.18,K*42
$GPGGA,083524.00,5432.32740,N,01850.87827,E,1,12,0.9,17.2,M,26.5,M,,*57
$GPRMC,083524.00,A,5432.32740,N,01850.87827,E,19.04,93.7,140625,,,A*6F
$GPVTG,93.7,T,,M,19.04,N,35.27,K,A*3F
$HEHDT,83.1,T*15
$VWVHW,83.1,T,,M,14.67,N,27.17,K*47
$GPGGA,083525.00,5432.32726,N,01850.88704,E,1,12,0.9,17.8,M,26.5,M,,*5D
$GPRMC,083525.00,A,5432.32726,N,01850.88704,E,19.16,93.7,140625,,,A*6C
$GPVTG,93.7,T,,M,19.16,N,35.48,K,A*35
$HEHDT,83.3,T*17
$VWVHW,83.3,T,,M,14.76,N,27.33,K*43
$GPGSV,2,1,08,03,67,048,46,08,41,104,46,11,20,158,46,14,45,214,46*79
$GPGSV,2,2,08,17,65,270,46,22,22,318,46,28,12,358,46,31,60,128,46*73
$GAGSV,2,1,05,04,50,078,47,09,33,188,46,12,63,244,46,24,09,294,46*6D
$GAGSV,2,2,05,31,20,028,47*54
$GPZDA,083525.00,14,06,2025,00,00*69
$GPGGA,083526.00,5432.32709,N,01850.89595,E,1,12,0.9,17.6,M,26.5,M,,*56
$GPRMC,083526.00,A,5432.32709,N,01850.89595,E,19.02,93.8,140625,,,A*63
$GPVTG,93.8,T,,M,19.02,N,35.23,K,A*32
$HEHDT,82.9,T*1C
$VWVHW,82.9,T,,M,14.73,N,27.28,K*47
$GPGGA,083527.00,5432.32646,N,01850.90525,E,1,12,0.9,17.6,M,26.5,M,,*5E
$GPRMC,083527.00,A,5432.32646,N,01850.90525,E,19.01,93.7,140625,,,A*67
$GPVTG,93.7,T,,M,19.01,N,35.21,K,A*3C
$HEHDT,83.4,T*10
$VWVHW,83.4,T,,M,14.86,N,27.52,K*4C
$GPGGA,083528.00,5432.32605,N,01850.91432,E,1,12,0.9,17.5,M,26.5,M,,*53
$GPRMC,083528.00,A,5432.32605,N,01850.91432,E,19.04,94.1,140625,,,A*6D
$GPVTG,94.1,T,,M,19.04,N,35.26,K,A*3F
$HEHDT,82.9,T*1C
$VWVHW,82.9,T,,M,14.86,N,27.52,K*40
$GPGGA,083529.00,5432.32570,N,01850.92352,E,1,12,1.0,17.7,M,26.5,M,,*5B
$GPRMC,083529.00,A,5432.32570,N,01850.92352,E,19.09,93.8,140625,,,A*6C
$GPVTG,93.8,T,,M,19.09,N,35.36,K,A*3D
$HEHDT,83.2,T*16
$VWVHW,83.2,T,,M,14.72,N,27.26,K*42
$GPGGA,083530.00,5432.32575,N,01850.93348,E,1,12,1.0,17.4,M,26.5,M,,*5F
$GPRMC,083530.00,A,5432.32575,N,01850.93348,E,19.05,93.1,140625,,,A*6E
$GPVTG,93.1,T,,M,19.05,N,35.28,K,A*37
$HEHDT,82.9,T*1C
$VWVHW,82.9,T,,M,14.72,N,27.26,K*48
$GPGSV,2,1,08,03,67,049,46,08,41,104,46,11,20,159,46,14,45,214,46*79
$GPGSV,2,2,08,17,65,271,45,22,22,319,46,28,12,359,46,31,60,129,46*70
$GAGSV,2,1,05,04,50,079,46,09,33,189,46,12,63,244,46,24,09,294,46*6C
$GAGSV,2,2,05,31,20,029,46*54
$GPZDA,083530.00,14,06,2025,00,00*6D
$GPGGA,083531.00,5432.32539,N,01850.94245,E,1,12,1.0,17.7,M,26.5,M,,*5E
$GPRMC,083531.00,A,5432.32539,N,01850.94245,E,19.23,93.5,140625,,,A*6C
$GPVTG,93.5,T,,M,19.23,N,35.62,K,A*39
$HEHDT,83.2,T*16
$VWVHW,83.2,T,,M,14.64,N,27.12,K*42
$GPGGA,083532.00,5432.32505,N,01850.95112,E,1,12,1.0,17.5,M,26.5,M,,*50
$GPRMC,083532.00,A,5432.32505,N,01850.95112,E,19.30,93.8,140625,,,A*6F
$GPVTG,93.8,T,,M,19.30,N,35.75,K,A*30
$HEHDT,82.8,T*1D
$VWVHW,82.8,T,,M,14.79,N,27.39,K*4C
$GPGGA,083533.00,5432.32414,N,01850.96111,E,1,12,1.0,17.7,M,26.5,M,,*52
$GPRMC,083533.00,A,5432.32414,N,01850.96111,E,19.02,93.3,140625,,,A*65
$GPVTG,93.3,T,,M,19.02,N,35.23,K,A*39
$HEHDT,83.1,T*15
$VWVHW,83.1,T,,M,14.74,N,27.29,K*48
$GPGGA,083534.00,5432.32415,N,01850.96984,E,1,12,1.0,17.6,M,26.5,M,,*51
$GPRMC,083534.00,A,5432.32415,N,01850.96984,E,19.06,93.3,140625,,,A*63
$GPVTG,93.3,T,,M,19.06,N,35.30,K,A*3F
$HEHDT,83.0,T*14
$VWVHW,83.0,T,,M,14.69,N,27.20,K*4C
$GPGGA,083535.00,5432.32361,N,01850.97889,E,1,12,1.0,17.5,M,26.5,M,,*5A
$GPRMC,083535.00,A,5432.32361,N,01850.97889,E,19.06,93.7,140625,,,A*6F
$GPVTG,93.7,T,,M,19.06,N,35.30,K,A*3B
$HEHDT,83.0,T*14
$VWVHW,83.0,T,,M,14.61,N,27.05,K*43
$GPGSV,2,1,08,03,67,049,46,08,41,104,46,11,20,159,46,14,45,214,46*79
$GPGSV,2,2,08,17,65,271,46,22,22,319,46,28,12,359,46,31,60,129,46*73
$GAGSV,2,1,05,04,50,079,46,09,33,189,46,12,63,244,46,24,09,294,46*6C
$GAGSV,2,2,05,31,20,029,46*54
$GPZDA,083535.00,14,06,2025,00,00*68
$GPGGA,083536.00,5432.32350,N,01850.98801,E,1,12,1.0,17.6,M,26.5,M,,*57
$GPRMC,083536.00,A,5432.32350,N,01850.98801,E,19.21,93.7,140625,,,A*64
$GPVTG,93.7,T,,M,19.21,N,35.58,K,A*30
$HEHDT,83.1,T*15
$VWVHW,83.1,T,,M,14.82,N,27.44,K*4A
$GPGGA,083537.00,5432.32279,N,01850.99727,E,1,12,1.0,17.4,M,26.5,M,,*54
$GPRMC,083537.00,A,5432.32279,N,01850.99727,E,19.14,93.2,140625,,,A*66
$GPVTG,93.2,T,,M,19.14,N,35.45,K,A*3F
$HEHDT,83.0,T*14
$VWVHW,83.0,T,,M,14.81,N,27.43,K*4F
$GPGGA,083538.00,5432.32239,N,01851.00603,E,1,12,1.0,17.2,M,26.5,M,,*5F
$GPRMC,083538.00,A,5432.32239,N,01851.00603,E,19.09,93.5,140625,,,A*60
$GPVTG,93.5,T,,M,19.09,N,35.35,K,A*33
$HEHDT,83.4,T*10
$VWVHW,83.4,T,,M,14.81,N,27.43,K*4B
$GPGGA,083539.00,5432.32259,N,01851.01546,E,1,12,1.0,17.4,M,26.5,M,,*5D
$GPRMC,083539.00,A,5432.32259,N,01851.01546,E,19.28,93.7,140625,,,A*65
$GPVTG,93.7,T,,M,19.28,N,35.71,K,A*32
$HEHDT,82.9,T*1C
$VWVHW,82.9,T,,M,14.78,N,27.37,K*42
$GPGGA,083540.00,5432.32210,N,01851.02328,E,1,12,1.0,16.4,M,26.5,M,,*52
$GPRMC,083540.00,A,5432.32210,N,01851.02328,E,19.14,93.6,140625,,,A*65
$GPVTG,93.6,T,,M,19.14,N,35.45,K,A*3B
$HEHDT,83.4,T*10
$VWVHW,83.4,T,,M,14.78,N,27.36,K*4F
$GPGSV,2,1,08,03,67,049,46,08,41,104,46,11,20,159,46,14,45,214,46*79
$GPGSV,2,2,08,17,65,271,46,22,22,319,46,28,12,359,45,31,60,129,46*70
$GAGSV,2,1,05,04,50,079,45,09,33,189,47,12,63,244,46,24,09,294,46*6E
$GAGSV,2,2,05,31,20,029,46*54
$GPZDA,083540.00,14,06,2025,00,00*6A
$GPGGA,083541.00,5432.32186,N,01851.03288,E,1,12,1.0,17.1,M,26.5,M,,*51
$GPRMC,083541.00,A,5432.32186,N,01851.03288,E,19.08,93.3,140625,,,A*6A
$GPVTG,93.3,T,,M,19.08,N,35.34,K,A*35
$HEHDT,83.1,T*15
$VWVHW,83.1,T,,M,14.84,N,27.49,K*41
$GPGGA,083542.00,5432.32134,N,01851.04161,E,1,12,1.0,16.7,M,26.5,M,,*5F
$GPRMC,083542.00,A,5432.32134,N,01851.04161,E,19.05,93.6,140625,,,A*6B
$GPVTG,93.6,T,,M,19.05,N,35.28,K,A*30
$HEHDT,83.4,T*10
$VWVHW,83.4,T,,M,14.62,N,27.08,K*49
$GPGGA,083543.00,5432.32092,N,01851.05054,E,1,12,1.0,17.2,M,26.5,M,,*51
$GPRMC,083543.00,A,5432.32092,N,01851.05054,E,19.10,93.3,140625,,,A*60
$GPVTG,93.3,T,,M,19.10,N,35.37,K,A*3F
$HEHDT,83.1,T*15
$VWVHW,83.1,T,,M,14.75,N,27.32,K*43
$GPGGA,083544.00,5432.32025,N,01851.06053,E,1,12,1.0,16.8,M,26.5,M,,*55
$GPRMC,083544.00,A,5432.32025,N,01851.06053,E,19.12,93.4,140625,,,A*6A
$GPVTG,93.4,T,,M,19.12,N,35.41,K,A*3B
$HEHDT,83.3,T*17
$VWVHW,83.3,T,,M,14.73,N,27.28,K*4C
$GPGGA,083545.00,5432.31993,N,01851.06981,E,1,12,1.0,16.8,M,26.5,M,,*55
$GPRMC,083545.00,A,5432.31993,N,01851.06981,E,19.20,93.9,140625,,,A*66
$GPVTG,93.9,T,,M,19.20,N,35.56,K,A*31
$HEHDT,83.3,T*17
$VWVHW,83.3,T,,M,14.84,N,27.49,K*43
$GPGSV,2,1,08,03,67,049,46,08,41,104,46,11,20,159,46,14,45,214,46*79
$GPGSV,2,2,08,17,65,271,46,22,23,319,46,28,12,359,46,31,60,129,46*72
$GAGSV,2,1,05,04,50,079,45,09,33,189,46,12,63,244,46,24,09,294,46*6F
$GAGSV,2,2,05,31,20,029,46*54
$GPZDA,083545.00,14,06,2025,00,00*6F
$GPGGA,083546.00,5432.31940,N,01851.07890,E,1,12,1.0,16.8,M,26.5,M,,*58
$GPRMC,083546.00,A,5432.31940,N,01851.07890,E,19.21,94.0,140625,,,A*64
$GPVTG,94.0,T,,M,19.21,N,35.58,K,A*30
$HEHDT,83.6,T*12
$VWVHW,83.6,T,,M,14.82,N,27.45,K*4C
$GPGGA,083547.00,5432.31910,N,01851.08672,E,1,12,1.0,16.6,M,26.5,M,,*5F
$GPRMC,083547.00,A,5432.31910,N,01851.08672,E,19.20,93.3,140625,,,A*68
$GPVTG,93.3,T,,M,19.20,N,35.56,K,A*3B
$HEHDT,83.1,T*15
$VWVHW,83.1,T,,M,14.81,N,27.42,K*4F
$GPGGA,083548.00,5432.31937,N,01851.09649,E,1,12,1.0,17.0,M,26.5,M,,*5B
$GPRMC,083548.00,A,5432.31937,N,01851.09649,E,19.19,93.6,140625,,,A*64
$GPVTG,93.6,T,,M,19.19,N,35.54,K,A*36
$HEHDT,83.1,T*15
$VWVHW,83.1,T,,M,14.80,N,27.42,K*4E
$GPGGA,083549.00,5432.31831,N,01851.10603,E,1,12,1.0,17.0,M,26.5,M,,*5B
$GPRMC,083549.00,A,5432.31831,N,01851.10603,E,19.16,93.1,140625,,,A*6C
$GPVTG,93.1,T,,M,19.16,N,35.49,K,A*32
$HEHDT,83.9,T*1D
$VWVHW,83.9,T,,M,14.83,N,27.47,K*40
$GPGGA,083550.00,5432.31875,N,01851.11490,E,1,12,1.0,17.1,M,26.5,M,,*5B
$GPRMC,083550.00,A,5432.31875,N,01851.11490,E,19.24,93.6,140625,,,A*6B
$GPVTG,93.6,T,,M,19.24,N,35.64,K,A*3B
$HEHDT,82.7,T*12
$VWVHW,82.7,T,,M,14.78,N,27.37,K*4C
$GPGSV,2,1,08,03,67,049,46,08,41,104,46,11,20,159,46,14,45,214,46*79
$GPGSV,2,2,08,17,65,271,47,22,23,319,45,28,12,359,46,31,60,129,46*70
$GAGSV,2,1,05,04,50,079,46,09,33,189,46,12,63,244,46,24,09,294,46*6C
$GAGSV,2,2,05,31,20,029,45*57
$GPZDA,083550.00,14,06,2025,00,00*6B
$GPGGA,083551.00,5432.31821,N,01851.12435,E,1,12,1.0,16.3,M,26.5,M,,*54
$GPRMC,083551.00,A,5432.31821,N,01851.12435,E,19.16,93.3,140625,,,A*63
$GPVTG,93.3,T,,M,19.16,N,35.48,K,A*31
$HEHDT,83.1,T*15
$VWVHW,83.1,T,,M,14.67,N,27.17,K*47
$GPGGA,083552.00,5432.31726,N,01851.13355,E,1,12,1.0,17.0,M,26.5,M,,*5D
$GPRMC,083552.00,A,5432.31726,N,01851.13355,E,19.22,93.4,140625,,,A*68
$GPVTG,93.4,T,,M,19.22,N,35.59,K,A*31
$HEHDT,83.1,T*15
$VWVHW,83.1,T,,M,14.75,N,27.32,K*43
$GPGGA,083553.00,5432.31750,N,01851.14316,E,1,12,1.0,16.7,M,26.5,M,,*5B
$GPRMC,083553.00,A,5432.31750,N,01851.14316,E,19.28,93.2,140625,,,A*64
$GPVTG,93.2,T,,M,19.28,N,35.70,K,A*36
$HEHDT,83.2,T*16
$VWVHW,83.2,T,,M,14.89,N,27.57,K*40
$GPGGA,083554.00,5432.31683,N,01851.15135,E,1,12,1.0,16.7,M,26.5,M,,*51
$GPRMC,083554.00,A,5432.31683,N,01851.15135,E,19.19,93.6,140625,,,A*68
$GPVTG,93.6,T,,M,19.19,N,35.55,K,A*37
$HEHDT,83.2,T*16
$VWVHW,83.2,T,,M,14.95,N,27.68,K*41
$GPGGA,083555.00,5432.31696,N,01851.16065,E,1,12,1.0,16.7,M,26.5,M,,*53
$GPRMC,083555.00,A,5432.31696,N,01851.16065,E,19.21,93.3,140625,,,A*64
$GPVTG,93.3,T,,M,19.21,N,35.58,K,A*34
$HEHDT,83.4,T*10
$VWVHW,83.4,T,,M,14.86,N,27.52,K*4C
$GPGSV,2,1,08,03,67,049,46,08,41,104,46,11,20,159,45,14,45,214,47*7B
$GPGSV,2,2,08,17,65,271,45,22,23,319,46,28,12,359,46,31,60,129,46*71
$GAGSV,2,1,05,04,50,079,45,09,33,189,46,12,63,244,46,24,09,294,46*6F
$GAGSV,2,2,05,31,20,029,46*54
$GPZDA,083555.00,14,06,2025,00,00*6E
$GPGGA,083556.00,5432.31655,N,01851.16977,E,1,12,1.0,17.0,M,26.5,M,,*53
$GPRMC,083556.00,A,5432.31655,N,01851.16977,E,19.17,93.1,140625,,,A*65
$GPVTG,93.1,T,,M,19.17,N,35.49,K,A*33
$HEHDT,83.6,T*12
$VWVHW,83.6,T,,M,14.77,N,27.36,K*42
$GPGGA,083557.00,5432.31646,N,01851.17883,E,1,12,1.0,17.0,M,26.5,M,,*5B
$GPRMC,083557.00,A,5432.31646,N,01851.17883,E,19.09,93.3,140625,,,A*60
$GPVTG,93.3,T,,M,19.09,N,35.35,K,A*35
$HEHDT,83.0,T*14
$VWVHW,83.0,T,,M,14.76,N,27.34,K*47
$GPGGA,083558.00,5432.31567,N,01851.18793,E,1,12,1.0,16.5,M,26.5,M,,*51
$GPRMC,083558.00,A,5432.31567,N,01851.18793,E,19.14,93.1,140625,,,A*60
$GPVTG,93.1,T,,M,19.14,N,35.45,K,A*3C
$HEHDT,83.1,T*15
$VWVHW,83.1,T,,M,14.60,N,27.04,K*42
$GPGGA,083559.00,5432.31575,N,01851.19665,E,1,12,1.0,16.6,M,26.5,M,,*59
$GPRMC,083559.00,A,5432.31575,N,01851.19665,E,19.03,93.3,140625,,,A*6F
$GPVTG,93.3,T,,M,19.03,N,35.24,K,A*3F
$HEHDT,83.5,T*11
$VWVHW,83.5,T,,M,14.84,N,27.48,K*44
$GPGGA,083600.00,5432.31505,N,01851.20538,E,1,12,1.0,16.3,M,26.5,M,,*55
$GPRMC,083600.00,A,5432.31505,N,01851.20538,E,19.20,93.2,140625,,,A*66
$GPVTG,93.2,T,,M,19.20,N,35.56,K,A*3A
$HEHDT,83.4,T*10
$VWVHW,83.4,T,,M,14.94,N,27.68,K*46
$GPGSV,2,1,08,03,67,049,46,08,41,104,46,11,20,159,45,14,45,214,46*7A
$GPGSV,2,2,08,17,65,271,46,22,23,319,46,28,12,359,46,31,60,129,47*73
$GAGSV,2,1,05,04,50,079,46,09,33,189,46,12,63,244,47,24,09,294,46*6D
$GAGSV,2,2,05,31,20,029,46*54
$GPZDA,083600.00,14,06,2025,00,00*6D
$GPGGA,083601.00,5432.31530,N,01851.21575,E,1,12,1.0,16.7,M,26.5,M,,*5E
$GPRMC,083601.00,A,5432.31530,N,01851.21575,E,19.14,93.4,140625,,,A*68
$GPVTG,93.4,T,,M,19.14,N,35.45,K,A*39
$HEHDT,83.2,T*16
$VWVHW,83.2,T,,M,14.94,N,27.67,K*4F
$GPGGA,083602.00,5432.31483,N,01851.22385,E,1,12,1.0,16.2,M,26.5,M,,*5B
$GPRMC,083602.00,A,5432.31483,N,01851.22385,E,19.18,93.6,140625,,,A*66
$GPVTG,93.6,T,,M,19.18,N,35.52,K,A*31
$HEHDT,83.1,T*15
$VWVHW,83.1,T,,M,14.81,N,27.44,K*49
$GPGGA,083603.00,5432.31450,N,01851.23335,E,1,12,1.0,16.4,M,26.5,M,,*58
$GPRMC,083603.00,A,5432.31450,N,01851.23335,E,19.22,93.5,140625,,,A*69
$GPVTG,93.5,T,,M,19.22,N,35.60,K,A*3A
$HEHDT,82.9,T*1C
$VWVHW,82.9,T,,M,14.96,N,27.70,K*41
$GPGGA,083604.00,5432.31425,N,01851.24210,E,1,12,1.0,16.1,M,26.5,M,,*59
$GPRMC,083604.00,A,5432.31425,N,01851.24210,E,19.26,93.4,140625,,,A*68
$GPVTG,93.4,T,,M,19.26,N,35.68,K,A*37
$HEHDT,83.0,T*14
$VWVHW,83.0,T,,M,14.86,N,27.53,K*49
$GPGGA,083605.00,5432.31451,N,01851.25150,E,1,12,1.0,16.1,M,26.5,M,,*5D
$GPRMC,083605.00,A,5432.31451,N,01851.25150,E,19.13,93.8,140625,,,A*66
$GPVTG,93.8,T,,M,19.13,N,35.42,K,A*35
$HEHDT,83.5,T*11
$VWVHW,83.5,T,,M,14.90,N,27.59,K*41
$GPGSV,2,1,08,03,67,049,45,08,41,104,46,11,20,159,47,14,45,214,45*78
$GPGSV,2,2,08,17,65,271,47,22,23,319,47,28,12,359,46,31,60,129,46*72
$GAGSV,2,1,05,04,50,079,46,09,33,189,46,12,63,244,45,24,09,294,46*6F
$GAGSV,2,2,05,31,20,029,46*54
$GPZDA,083605.00,14,06,2025,00,00*68
$GPGGA,083606.00,5432.31416,N,01851.25965,E,1,12,1.0,16.2,M,26.5,M,,*50
$GPRMC,083606.00,A,5432.31416,N,01851.25965,E,19.02,93.8,140625,,,A*68
$GPVTG,93.8,T,,M,19.02,N,35.23,K,A*32
$HEHDT,83.3,T*17
$VWVHW,83.3,T,,M,14.82,N,27.45,K*49
$GPGGA,083607.00,5432.31311,N,01851.27023,E,1,12,1.0,15.8,M,26.5,M,,*51
$GPRMC,083607.00,A,5432.31311,N,01851.27023,E,19.19,93.3,140625,,,A*61
$GPVTG,93.3,T,,M,19.19,N,35.53,K,A*34
$HEHDT,83.3,T*17
$VWVHW,83.3,T,,M,14.82,N,27.45,K*49
$GPGGA,083608.00,5432.31341,N,01851.27930,E,1,12,1.0,16.2,M,26.5,M,,*59
$GPRMC,083608.00,A,5432.31341,N,01851.27930,E,19.08,93.5,140625,,,A*66
$GPVTG,93.5,T,,M,19.08,N,35.34,K,A*33
$HEHDT,82.8,T*1D
$VWVHW,82.8,T,,M,14.82,N,27.45,K*43
$GPGGA,083609.00,5432.31262,N,01851.28751,E,1,12,1.0,15.6,M,26.5,M,,*59
$GPRMC,083609.00,A,5432.31262,N,01851.28751,E,19.21,93.5,140625,,,A*6A
$GPVTG,93.5,T,,M,19.21,N,35.58,K,A*32
$HEHDT,83.6,T*12
$VWVHW,83.6,T,,M,14.90,N,27.59,K*42
$GPGGA,083610.00,5432.31212,N,01851.29693,E,1,12,1.0,15.7,M,26.5,M,,*59
$GPRMC,083610.00,A,5432.31212,N,01851.29693,E,19.08,93.8,140625,,,A*6D
$GPVTG,93.8,T,,M,19.08,N,35.34,K,A*3E
$HEHDT,83.5,T*11
$VWVHW,83.5,T,,M,14.74,N,27.31,K*45
$GPGSV,2,1,08,03,67,049,46,08,41,104,47,11,20,159,46,14,45,214,46*78
$GPGSV,2,2,08,17,65,271,46,22,23,319,46,28,12,359,45,31,60,129,47*70
$GAGSV,2,1,05,04,50,079,46,09,33,189,46,12,63,244,46,24,09,294,45*6F
$GAGSV,2,2,05,31,20,029,46*54
$GPZDA,083610.00,14,06,2025,00,00*6C
$GPGGA,083611.00,5432.31249,N,01851.30613,E,1,12,1.0,15.8,M,26.5,M,,*59
$GPRMC,083611.00,A,5432.31249,N,01851.30613,E,19.21,93.3,140625,,,A*62
$GPVTG,93.3,T,,M,19.21,N,35.58,K,A*34
$HEHDT,83.4,T*10
$VWVHW,83.4,T,,M,14.70,N,27.22,K*42
$GPGGA,083612.00,5432.31214,N,01851.31548,E,1,12,1.0,16.4,M,26.5,M,,*51
$GPRMC,083612.00,A,5432.31214,N,01851.31548,E,19.11,93.7,140625,,,A*62
$GPVTG,93.7,T,,M,19.11,N,35.39,K,A*34
$HEHDT,83.0,T*14
$VWVHW,83.0,T,,M,14.75,N,27.32,K*42
$GPGGA,083613.00,5432.31179,N,01851.32476,E,1,12,1.0,15.9,M,26.5,M,,*59
$GPRMC,083613.00,A,5432.31179,N,01851.32476,E,19.16,93.5,140625,,,A*61
$GPVTG,93.5,T,,M,19.16,N,35.49,K,A*36
$HEHDT,83.5,T*11
$VWVHW,83.5,T,,M,14.77,N,27.36,K*41
$GPGGA,083614.00,5432.31174,N,01851.33376,E,1,12,1.0,15.9,M,26.5,M,,*55
$GPRMC,083614.00,A,5432.31174,N,01851.33376,E,19.18,93.6,140625,,,A*60
$GPVTG,93.6,T,,M,19.18,N,35.53,K,A*30
$HEHDT,83.5,T*11
$VWVHW,83.5,T,,M,14.71,N,27.24,K*44
$GPGGA,083615.00,5432.31162,N,01851.34308,E,1,12,1.0,16.3,M,26.5,M,,*54
$GPRMC,083615.00,A,5432.31162,N,01851.34308,E,19.14,93.7,140625,,,A*65
$GPVTG,93.7,T,,M,19.14,N,35.44,K,A*3B
$HEHDT,83.2,T*16
$VWVHW,83.2,T,,M,14.78,N,27.37,K*48
$GPGSV,2,1,08,03,67,049,46,08,41,104,46,11,20,159,45,14,45,214,47*7B
$GPGSV,2,2,08,17,65,271,46,22,23,319,47,28,12,359,46,31,60,129,46*73
$GAGSV,2,1,05,04,50,079,45,09,33,189,46,12,63,244,45,24,09,294,46*6C
$GAGSV,2,2,05,31,20,029,46*54
$GPZDA,083615.00,14,06,2025,00,00*69
$GPGGA,083616.00,5432.31088,N,01851.35239,E,1,12,1.0,15.4,M,26.5,M,,*54
$GPRMC,083616.00,A,5432.31088,N,01851.35239,E,19.25,93.3,140625,,,A*67
$GPVTG,93.3,T,,M,19.25,N,35.64,K,A*3F
$HEHDT,83.1,T*15
$VWVHW,83.1,T,,M,14.75,N,27.31,K*40
$GPGGA,083617.00,5432.31037,N,01851.36172,E,1,12,1.0,15.7,M,26.5,M,,*5D
$GPRMC,083617.00,A,5432.31037,N,01851.36172,E,19.12,93.3,140625,,,A*69
$GPVTG,93.3,T,,M,19.12,N,35.41,K,A*3C
$HEHDT,83.0,T*14
$VWVHW,83.0,T,,M,14.92,N,27.63,K*4F
$GPGGA,083618.00,5432.31000,N,01851.37045,E,1,12,1.0,15.5,M,26.5,M,,*50
$GPRMC,083618.00,A,5432.31000,N,01851.37045,E,19.12,93.5,140625,,,A*60
$GPVTG,93.5,T,,M,19.12,N,35.41,K,A*3A
$HEHDT,83.3,T*17
$VWVHW,83.3,T,,M,14.81,N,27.44,K*4B
$GPGGA,083619.00,5432.31021,N,01851.37917,E,1,12,1.0,16.0,M,26.5,M,,*5A
$GPRMC,083619.00,A,5432.31021,N,01851.37917,E,19.23,93.1,140625,,,A*6A
$GPVTG,93.1,T,,M,19.23,N,35.61,K,A*3E
$HEHDT,82.7,T*12
$VWVHW,82.7,T,,M,14.85,N,27.50,K*4F
$GPGGA,083620.00,5432.30952,N,01851.38899,E,1,12,1.0,15.8,M,26.5,M,,*5F
$GPRMC,083620.00,A,5432.30952,N,01851.38899,E,19.18,93.7,140625,,,A*6A
$GPVTG,93.7,T,,M,19.18,N,35.52,K,A*30
$HEHDT,83.5,T*11
$VWVHW,83.5,T,,M,14.63,N,27.10,K*40
$GPGSV,2,1,08,03,67,049,46,08,41,104,46,11,20,159,46,14,45,214,46*79
$GPGSV,2,2,08,17,65,271,46,22,23,319,46,28,12,359,46,31,60,129,46*72
$GAGSV,2,1,05,04,50,079,46,09,33,189,46,12,63,244,47,24,09,294,46*6D
$GAGSV,2,2,05,31,20,029,46*54
$GPZDA,083620.00,14,06,2025,00,00*6F
$GPGGA,083621.00,5432.31010,N,01851.39777,E,1,12,1.0,15.6,M,26.5,M,,*50
$GPRMC,083621.00,A,5432.31010,N,01851.39777,E,19.12,93.3,140625,,,A*65
$GPVTG,93.3,T,,M,19.12,N,35.41,K,A*3C
$HEHDT,83.6,T*12
$VWVHW,83.6,T,,M,14.79,N,27.39,K*43
$GPGGA,083622.00,5432.30914,N,01851.40622,E,1,12,1.0,15.8,M,26.5,M,,*5E
$GPRMC,083622.00,A,5432.30914,N,01851.40622,E,19.14,93.4,140625,,,A*64
$GPVTG,93.4,T,,M,19.14,N,35.44,K,A*38
$HEHDT,83.2,T*16
$VWVHW,83.2,T,,M,14.75,N,27.31,K*43
$GPGGA,083623.00,5432.30853,N,01851.41621,E,1,12,1.0,16.8,M,26.5,M,,*5C
$GPRMC,083623.00,A,5432.30853,N,01851.41621,E,19.12,93.9,140625,,,A*6E
$GPVTG,93.9,T,,M,19.12,N,35.41,K,A*36
$HEHDT,83.2,T*16
$VWVHW,83.2,T,,M,14.80,N,27.42,K*4D
$GPGGA,083624.00,5432.30869,N,01851.42564,E,1,12,1.0,16.1,M,26.5,M,,*5A
$GPRMC,083624.00,A,5432.30869,N,01851.42564,E,19.15,93.4,140625,,,A*6B
$GPVTG,93.4,T,,M,19.15,N,35.47,K,A*3A
$HEHDT,83.1,T*15
$VWVHW,83.1,T,,M,14.98,N,27.73,K*45
$GPGGA,083625.00,5432.30803,N,01851.43435,E,1,12,1.0,15.6,M,26.5,M,,*57
$GPRMC,083625.00,A,5432.30803,N,01851.43435,E,19.12,93.5,140625,,,A*64
$GPVTG,93.5,T,,M,19.12,N,35.41,K,A*3A
$HEHDT,83.0,T*14
$VWVHW,83.0,T,,M,14.85,N,27.49,K*41
$GPGSV,2,1,08,03,67,049,46,08,41,104,46,11,20,159,46,14,45,214,45*7A
$GPGSV,2,2,08,17,65,271,46,22,23,319,46,28,12,359,46,31,60,129,46*72
$GAGSV,2,1,05,04,50,079,46,09,33,189,46,12,63,244,46,24,09,294,46*6C
$GAGSV,2,2,05,31,20,029,46*54
$GPZDA,083625.00,14,06,2025,00,00*6A
$GPGGA,083626.00,5432.30758,N,01851.44371,E,1,12,1.0,15.5,M,26.5,M,,*56
$GPRMC,083626.00,A,5432.30758,N,01851.44371,E,19.23,93.1,140625,,,A*60
$GPVTG,93.1,T,,M,19.23,N,35.61,K,A*3E
$HEHDT,83.4,T*10
$VWVHW,83.4,T,,M,14.69,N,27.21,K*49
$GPGGA,083627.00,5432.30730,N,01851.45320,E,1,12,1.0,15.5,M,26.5,M,,*5C
$GPRMC,083627.00,A,5432.30730,N,01851.45320,E,19.11,93.5,140625,,,A*6F
$GPVTG,93.5,T,,M,19.11,N,35.39,K,A*36
$HEHDT,83.1,T*15
$VWVHW,83.1,T,,M,14.77,N,27.36,K*45
$GPGGA,083628.00,5432.30678,N,01851.46249,E,1,12,1.0,15.9,M,26.5,M,,*5F
$GPRMC,083628.00,A,5432.30678,N,01851.46249,E,19.10,93.1,140625,,,A*65
$GPVTG,93.1,T,,M,19.10,N,35.37,K,A*3D
$HEHDT,83.7,T*13
$VWVHW,83.7,T,,M,14.88,N,27.56,K*45
$GPGGA,083629.00,5432.30678,N,01851.47158,E,1,12,1.0,16.0,M,26.5,M,,*56
$GPRMC,083629.00,A,5432.30678,N,01851.47158,E,19.24,93.8,140625,,,A*68
$GPVTG,93.8,T,,M,19.24,N,35.63,K,A*32
$HEHDT,83.3,T*17
$VWVHW,83.3,T,,M,14.88,N,27.56,K*41
$GPGGA,083630.00,5432.30671,N,01851.48074,E,1,12,1.0,15.7,M,26.5,M,,*53
$GPRMC,083630.00,A,5432.30671,N,01851.48074,E,19.02,93.3,140625,,,A*66
$GPVTG,93.3,T,,M,19.02,N,35.22,K,A*38
$HEHDT,83.3,T*17
$VWVHW,83.3,T,,M,14.67,N,27.17,K*45
$GPGSV,2,1,08,03,67,049,46,08,41,104,46,11,20,159,46,14,45,214,46*79
$GPGSV,2,2,08,17,65,271,46,22,23,319,46,28,12,359,47,31,60,129,45*70
$GAGSV,2,1,05,04,50,079,46,09,33,189,46,12,63,244,46,24,09,294,46*6C
$GAGSV,2,2,05,31,20,029,46*54
$GPZDA,083630.00,14,06,2025,00,00*6E
$GPGGA,083631.00,5432.30667,N,01851.48953,E,1,12,1.0,15.3,M,26.5,M,,*5D
$GPRMC,083631.00,A,5432.30667,N,01851.48953,E,19.13,93.4,140625,,,A*6B
$GPVTG,93.4,T,,M,19.13,N,35.44,K,A*3F
$HEHDT,83.1,T*15
$VWVHW,83.1,T,,M,14.83,N,27.46,K*49
$GPGGA,083632.00,5432.30539,N,01851.49820,E,1,12,1.0,16.3,M,26.5,M,,*51
$GPRMC,083632.00,A,5432.30539,N,01851.49820,E,19.12,93.5,140625,,,A*64
$GPVTG,93.5,T,,M,19.12,N,35.41,K,A*3A
$HEHDT,83.4,T*10
$VWVHW,83.4,T,,M,14.84,N,27.49,K*44
$GPGGA,083633.00,5432.30556,N,01851.50766,E,1,12,1.0,15.4,M,26.5,M,,*58
$GPRMC,083633.00,A,5432.30556,N,01851.50766,E,19.19,93.6,140625,,,A*61
$GPVTG,93.6,T,,M,19.19,N,35.55,K,A*37
$HEHDT,83.4,T*10
$VWVHW,83.4,T,,M,14.77,N,27.36,K*40
$GPGGA,083634.00,5432.30498,N,01851.51785,E,1,12,1.0,15.2,M,26.5,M,,*56
$GPRMC,083634.00,A,5432.30498,N,01851.51785,E,19.03,93.1,140625,,,A*65
$GPVTG,93.1,T,,M,19.03,N,35.25,K,A*3C
$HEHDT,83.4,T*10
$VWVHW,83.4,T,,M,14.73,N,27.29,K*4A
$GPGGA,083635.00,5432.30484,N,01851.52563,E,1,12,1.1,15.4,M,26.5,M,,*54
$GPRMC,083635.00,A,5432.30484,N,01851.52563,E,19.04,93.2,140625,,,A*64
$GPVTG,93.2,T,,M,19.04,N,35.27,K,A*3A
$HEHDT,83.4,T*10
$VWVHW,83.4,T,,M,14.75,N,27.32,K*46
$GPGSV,2,1,08,03,67,049,46,08,41,104,46,11,20,159,46,14,45,214,46*79
$GPGSV,2,2,08,17,65,271,46,22,23,319,46,28,12,359,46,31,60,129,45*71
$GAGSV,2,1,05,04,50,079,45,09,33,189,46,12,63,244,46,24,09,294,46*6F
$GAGSV,2,2,05,31,20,029,46*54
$GPZDA,083635.00,14,06,2025,00,00*6B
$GPGGA,083636.00,5432.30462,N,01851.53533,E,1,12,1.1,15.5,M,26.5,M,,*5A
$GPRMC,083636.00,A,5432.30462,N,01851.53533,E,19.19,93.6,140625,,,A*63
$GPVTG,93.6,T,,M,19.19,N,35.55,K,A*37
$HEHDT,83.6,T*12
$VWVHW,83.6,T,,M,14.77,N,27.35,K*41
$GPGGA,083637.00,5432.30437,N,01851.54404,E,1,12,1.1,15.9,M,26.5,M,,*55
$GPRMC,083637.00,A,5432.30437,N,01851.54404,E,19.26,93.8,140625,,,A*62
$GPVTG,93.8,T,,M,19.26,N,35.67,K,A*34
$HEHDT,83.2,T*16
$VWVHW,83.2,T,,M,14.85,N,27.51,K*4A
$GPGGA,083638.00,5432.30371,N,01851.55401,E,1,12,1.1,16.2,M,26.5,M,,*53
$GPRMC,083638.00,A,5432.30371,N,01851.55401,E,19.10,93.2,140625,,,A*63
$GPVTG,93.2,T,,M,19.10,N,35.37,K,A*3E
$HEHDT,83.1,T*15
$VWVHW,83.1,T,,M,14.82,N,27.44,K*4A
$GPGGA,083639.00,5432.30382,N,01851.56315,E,1,12,1.1,15.3,M,26.5,M,,*5D
$GPRMC,083639.00,A,5432.30382,N,01851.56315,E,19.15,93.2,140625,,,A*6A
$GPVTG,93.2,T,,M,19.15,N,35.46,K,A*3D
$HEHDT,83.6,T*12
$VWVHW,83.6,T,,M,14.70,N,27.23,K*41
$GPGGA,083640.00,5432.30362,N,01851.57256,E,1,12,1.1,15.2,M,26.5,M,,*5B
$GPRMC,083640.00,A,5432.30362,N,01851.57256,E,19.08,93.7,140625,,,A*64
$GPVTG,93.7,T,,M,19.08,N,35.34,K,A*31
$HEHDT,83.0,T*14
$VWVHW,83.0,T,,M,14.83,N,27.47,K*49
$GPGSV,2,1,08,03,67,049,46,08,41,104,46,11,20,159,46,14,45,214,47*78
$GPGSV,2,2,08,17,65,271,46,22,23,319,45,28,12,359,47,31,60,129,46*70
$GAGSV,2,1,05,04,50,079,46,09,33,189,46,12,63,244,45,24,09,294,46*6F
$GAGSV,2,2,05,31,20,029,46*54
$GPZDA,083640.00,14,06,2025,00,00*69
$GPGGA,083641.00,5432.30306,N,01851.58082,E,1,12,1.1,15.7,M,26.5,M,,*59
$GPRMC,083641.00,A,5432.30306,N,01851.58082,E,19.22,93.2,140625,,,A*6E
$GPVTG,93.2,T,,M,19.22,N,35.60,K,A*3D
$HEHDT,83.2,T*16
$VWVHW,83.2,T,,M,14.95,N,27.68,K*41
$GPGGA,083642.00,5432.30292,N,01851.59016,E,1,12,1.1,15.8,M,26.5,M,,*55
$GPRMC,083642.00,A,5432.30292,N,01851.59016,E,19.21,93.4,140625,,,A*68
$GPVTG,93.4,T,,M,19.21,N,35.58,K,A*33
$HEHDT,83.0,T*14
$VWVHW,83.0,T,,M,14.85,N,27.50,K*49
$GPGGA,083643.00,5432.30297,N,01851.59937,E,1,12,1.1,16.0,M,26.5,M,,*50
$GPRMC,083643.00,A,5432.30297,N,01851.59937,E,19.13,93.6,140625,,,A*65
$GPVTG,93.6,T,,M,19.13,N,35.43,K,A*3A
$HEHDT,83.4,T*10
$VWVHW,83.4,T,,M,14.71,N,27.24,K*45
$GPGGA,083644.00,5432.30237,N,01851.60849,E,1,12,1.1,15.8,M,26.5,M,,*54
$GPRMC,083644.00,A,5432.30237,N,01851.60849,E,19.09,93.3,140625,,,A*64
$GPVTG,93.3,T,,M,19.09,N,35.35,K,A*35
$HEHDT,83.3,T*17
$VWVHW,83.3,T,,M,14.88,N,27.56,K*41
$GPGGA,083645.00,5432.30244,N,01851.61716,E,1,12,1.1,16.2,M,26.5,M,,*5C
$GPRMC,083645.00,A,5432.30244,N,01851.61716,E,19.07,93.2,140625,,,A*6A
$GPVTG,93.2,T,,M,19.07,N,35.31,K,A*3E
$HEHDT,83.4,T*10
$VWVHW,83.4,T,,M,14.92,N,27.63,K*4B
$GPGSV,2,1,08,03,67,049,46,08,41,104,46,11,20,159,46,14,45,214,46*79
$GPGSV,2,2,08,17,65,271,46,22,23,319,47,28,12,359,47,31,60,129,46*72
$GAGSV,2,1,05,04,50,079,46,09,33,189,46,12,63,244,46,24,09,294,46*6C
$GAGSV,2,2,05,31,20,029,46*54
$GPZDA,083645.00,14,06,2025,00,00*6C
$GPGGA,083646.00,5432.30217,N,01851.62606,E,1,12,1.1,16.1,M,26.5,M,,*59
$GPRMC,083646.00,A,5432.30217,N,01851.62606,E,19.16,93.4,140625,,,A*6A
$GPVTG,93.4,T,,M,19.16,N,35.48,K,A*36
$HEHDT,83.7,T*13
$VWVHW,83.7,T,,M,14.72,N,27.26,K*47
$GPGGA,083647.00,5432.30164,N,01851.63516,E,1,12,1.1,16.2,M,26.5,M,,*5F
$GPRMC,083647.00,A,5432.30164,N,01851.63516,E,19.20,93.5,140625,,,A*6B
$GPVTG,93.5,T,,M,19.20,N,35.55,K,A*3E
$HEHDT,83.1,T*15
$VWVHW,83.1,T,,M,14.97,N,27.72,K*4B
$GPGGA,083648.00,5432.30121,N,01851.64431,E,1,12,1.1,16.4,M,26.5,M,,*54
$GPRMC,083648.00,A,5432.30121,N,01851.64431,E,19.17,93.3,140625,,,A*64
$GPVTG,93.3,T,,M,19.17,N,35.51,K,A*38
$HEHDT,83.1,T*15
$VWVHW,83.1,T,,M,14.78,N,27.37,K*4B
$GPGGA,083649.00,5432.30084,N,01851.65313,E,1,12,1.1,16.0,M,26.5,M,,*59
$GPRMC,083649.00,A,5432.30084,N,01851.65313,E,19.10,93.3,140625,,,A*6A
$GPVTG,93.3,T,,M,19.10,N,35.38,K,A*30
$HEHDT,83.1,T*15
$VWVHW,83.1,T,,M,14.71,N,27.25,K*41
$GPGGA,083650.00,5432.30057,N,01851.66178,E,1,12,1.1,16.1,M,26.5,M,,*52
$GPRMC,083650.00,A,5432.30057,N,01851.66178,E,19.15,93.5,140625,,,A*63
$GPVTG,93.5,T,,M,19.15,N,35.47,K,A*3B
$HEHDT,83.3,T*17
$VWVHW,83.3,T,,M,14.86,N,27.52,K*4B
$GPGSV,2,1,08,03,67,049,46,08,41,104,46,11,20,159,47,14,45,214,46*78
$GPGSV,2,2,08,17,65,271,46,22,23,319,46,28,12,359,45,31,60,129,46*71
$GAGSV,2,1,05,04,50,079,46,09,33,189,45,12,63,244,47,24,09,294,46*6E
$GAGSV,2,2,05,31,20,029,46*54
$GPZDA,083650.00,14,06,2025,00,00*68
$GPGGA,083651.00,5432.30016,N,01851.67115,E,1,12,1.1,16.8,M,26.5,M,,*55
$GPRMC,083651.00,A,5432.30016,N,01851.67115,E,19.19,93.8,140625,,,A*6C
$GPVTG,93.8,T,,M,19.19,N,35.55,K,A*39
$HEHDT,83.6,T*12
$VWVHW,83.6,T,,M,14.73,N,27.29,K*48
$GPGGA,083652.00,5432.29980,N,01851.68061,E,1,12,1.1,16.3,M,26.5,M,,*5E
$GPRMC,083652.00,A,5432.29980,N,01851.68061,E,19.11,93.5,140625,,,A*69
$GPVTG,93.5,T,,M,19.11,N,35.40,K,A*38
$HEHDT,83.4,T*10
$VWVHW,83.4,T,,M,14.66,N,27.16,K*42
$GPGGA,083653.00,5432.29960,N,01851.68944,E,1,12,1.1,15.7,M,26.5,M,,*58
$GPRMC,083653.00,A,5432.29960,N,01851.68944,E,19.19,93.3,140625,,,A*66
$GPVTG,93.3,T,,M,19.19,N,35.54,K,A*33
$HEHDT,83.0,T*14
$VWVHW,83.0,T,,M,14.71,N,27.24,K*41
$GPGGA,083654.00,5432.29874,N,01851.69813,E,1,12,1.1,16.5,M,26.5,M,,*58
$GPRMC,083654.00,A,5432.29874,N,01851.69813,E,19.03,93.2,140625,,,A*6D
$GPVTG,93.2,T,,M,19.03,N,35.24,K,A*3E
$HEHDT,83.7,T*13
$VWVHW,83.7,T,,M,14.79,N,27.39,K*42
$GPGGA,083655.00,5432.29894,N,01851.70702,E,1,12,1.1,16.5,M,26.5,M,,*50
$GPRMC,083655.00,A,5432.29894,N,01851.70702,E,19.13,93.5,140625,,,A*63
$GPVTG,93.5,T,,M,19.13,N,35.43,K,A*39
$HEHDT,83.2,T*16
$VWVHW,83.2,T,,M,14.78,N,27.36,K*49
$GPGSV,2,1,08,03,67,049,46,08,41,104,45,11,20,159,46,14,45,214,46*7A
$GPGSV,2,2,08,17,65,271,46,22,23,319,46,28,12,359,45,31,60,129,46*71
$GAGSV,2,1,05,04,50,079,46,09,33,189,46,12,63,244,46,24,09,294,46*6C
$GAGSV,2,2,05,31,20,029,46*54
$GPZDA,083655.00,14,06,2025,00,00*6D
$GPGGA,083656.00,5432.29840,N,01851.71626,E,1,12,1.1,16.0,M,26.5,M,,*59
$GPRMC,083656.00,A,5432.29840,N,01851.71626,E,18.95,93.6,140625,,,A*63
$GPVTG,93.6,T,,M,18.95,N,35.09,K,A*3B
$HEHDT,83.4,T*10
$VWVHW,83.4,T,,M,14.81,N,27.44,K*4C
$GPGGA,083657.00,5432.29770,N,01851.72609,E,1,12,1.1,16.4,M,26.5,M,,*5E
$GPRMC,083657.00,A,5432.29770,N,01851.72609,E,19.11,93.7,140625,,,A*6C
$GPVTG,93.7,T,,M,19.11,N,35.38,K,A*35
$HEHDT,83.3,T*17
$VWVHW,83.3,T,,M,14.76,N,27.34,K*44
$GPGGA,083658.00,5432.29810,N,01851.73482,E,1,12,1.1,16.2,M,26.5,M,,*5E
$GPRMC,083658.00,A,5432.29810,N,01851.73482,E,19.10,93.6,140625,,,A*6A
$GPVTG,93.6,T,,M,19.10,N,35.38,K,A*35
$HEHDT,83.1,T*15
$VWVHW,83.1,T,,M,14.75,N,27.32,K*43
$GPGGA,083659.00,5432.29743,N,01851.74365,E,1,12,1.1,15.8,M,26.5,M,,*56
$GPRMC,083659.00,A,5432.29743,N,01851.74365,E,19.13,93.8,140625,,,A*66
$GPVTG,93.8,T,,M,19.13,N,35.43,K,A*34
$HEHDT,83.2,T*16
$VWVHW,83.2,T,,M,14.59,N,27.03,K*4C
$GPGGA,083700.00,5432.29698,N,01851.75262,E,1,12,1.1,15.8,M,26.5,M,,*5B
$GPRMC,083700.00,A,5432.29698,N,01851.75262,E,19.10,93.8,140625,,,A*68
$GPVTG,93.8,T,,M,19.10,N,35.36,K,A*35
$HEHDT,83.1,T*15
$VWVHW,83.1,T,,M,14.63,N,27.10,K*44
$GPGSV,2,1,08,03,67,049,46,08,41,104,47,11,20,159,46,14,45,214,46*78
$GPGSV,2,2,08,17,65,271,46,22,23,319,46,28,13,359,46,31,60,129,46*73
$GAGSV,2,1,05,04,50,079,46,09,33,189,46,12,63,244,46,24,09,294,45*6F
$GAGSV,2,2,05,31,20,029,46*54
$GPZDA,083700.00,14,06,2025,00,00*6C
$GPGGA,083701.00,5432.29654,N,01851.76136,E,1,12,1.1,16.3,M,26.5,M,,*53
$GPRMC,083701.00,A,5432.29654,N,01851.76136,E,18.93,93.6,140625,,,A*6C
$GPVTG,93.6,T,,M,18.93,N,35.07,K,A*33
$HEHDT,83.3,T*17
$VWVHW,83.3,T,,M,14.76,N,27.33,K*43
$GPGGA,083702.00,5432.29661,N,01851.77105,E,1,12,1.1,16.1,M,26.5,M,,*55
$GPRMC,083702.00,A,5432.29661,N,01851.77105,E,19.09,93.4,140625,,,A*68
$GPVTG,93.4,T,,M,19.09,N,35.36,K,A*31
$HEHDT,82.9,T*1C
$VWVHW,82.9,T,,M,14.59,N,27.01,K*44
$GPGGA,083703.00,5432.29579,N,01851.78029,E,1,12,1.1,16.0,M,26.5,M,,*5F
$GPRMC,083703.00,A,5432.29579,N,01851.78029,E,19.13,93.3,140625,,,A*6F
$GPVTG,93.3,T,,M,19.13,N,35.44,K,A*38
$HEHDT,83.5,T*11
$VWVHW,83.5,T,,M,14.66,N,27.14,K*41
$GPGGA,083704.00,5432.29552,N,01851.78946,E,1,12,1.1,16.1,M,26.5,M,,*50
$GPRMC,083704.00,A,5432.29552,N,01851.78946,E,19.05,94.0,140625,,,A*62
$GPVTG,94.0,T,,M,19.05,N,35.29,K,A*30
$HEHDT,83.3,T*17
$VWVHW,83.3,T,,M,14.80,N,27.40,K*4E
$GPGGA,083705.00,5432.29521,N,01851.79868,E,1,12,1.1,16.1,M,26.5,M,,*59
$GPRMC,083705.00,A,5432.29521,N,01851.79868,E,19.25,93.6,140625,,,A*68
$GPVTG,93.6,T,,M,19.25,N,35.64,K,A*3A
$HEHDT,83.4,T*10
$VWVHW,83.4,T,,M,14.69,N,27.20,K*48
$GPGSV,2,1,08,03,67,049,47,08,41,104,46,11,20,159,46,14,45,214,46*78
$GPGSV,2,2,08,17,65,271,46,22,23,319,45,28,13,359,46,31,60,129,45*73
$GAGSV,2,1,05,04,50,079,46,09,33,189,46,12,63,244,47,24,09,294,46*6D
$GAGSV,2,2,05,31,20,029,46*54
$GPZDA,083705.00,14,06,2025,00,00*69
$GPGGA,083706.00,5432.29476,N,01851.80728,E,1,12,1.1,16.4,M,26.5,M,,*51
$GPRMC,083706.00,A,5432.29476,N,01851.80728,E,19.17,93.5,140625,,,A*67
$GPVTG,93.5,T,,M,19.17,N,35.50,K,A*3F
$HEHDT,83.3,T*17
$VWVHW,83.3,T,,M,14.67,N,27.16,K*44
$GPGGA,083707.00,5432.29464,N,01851.81658,E,1,12,1.1,16.0,M,26.5,M,,*50
$GPRMC,083707.00,A,5432.29464,N,01851.81658,E,19.08,93.4,140625,,,A*6D
$GPVTG,93.4,T,,M,19.08,N,35.33,K,A*35
$HEHDT,83.4,T*10
$VWVHW,83.4,T,,M,14.76,N,27.34,K*43
$GPGGA,083708.00,5432.29393,N,01851.82507,E,1,12,1.1,16.1,M,26.5,M,,*5B
$GPRMC,083708.00,A,5432.29393,N,01851.82507,E,18.96,93.6,140625,,,A*63
$GPVTG,93.6,T,,M,18.96,N,35.11,K,A*31
$HEHDT,83.2,T*16
$VWVHW,83.2,T,,M,14.73,N,27.28,K*4D
$GPGGA,083709.00,5432.29370,N,01851.83413,E,1,12,1.1,15.8,M,26.5,M,,*58
$GPRMC,083709.00,A,5432.29370,N,01851.83413,E,19.02,93.6,140625,,,A*66
$GPVTG,93.6,T,,M,19.02,N,35.22,K,A*3D
$HEHDT,83.7,T*13
$VWVHW,83.7,T,,M,14.88,N,27.55,K*46
$GPGGA,083710.00,5432.29367,N,01851.84390,E,1,12,1.1,15.9,M,26.5,M,,*5C
$GPRMC,083710.00,A,5432.29367,N,01851.84390,E,19.09,93.6,140625,,,A*68
$GPVTG,93.6,T,,M,19.09,N,35.35,K,A*30
$HEHDT,83.3,T*17
$VWVHW,83.3,T,,M,14.76,N,27.33,K*43
$GPGSV,2,1,08,03,67,049,46,08,41,104,46,11,20,159,46,14,45,214,46*79
$GPGSV,2,2,08,17,65,271,46,22,23,319,46,28,13,359,46,31,60,129,46*73
$GAGSV,2,1,05,04,50,079,46,09,33,189,46,12,63,244,46,24,09,294,46*6C
$GAGSV,2,2,05,31,20,029,46*54
$GPZDA,083710.00,14,06,2025,00,00*6D
$GPGGA,083711.00,5432.29321,N,01851.85262,E,1,12,1.1,16.3,M,26.5,M,,*5B
$GPRMC,083711.00,A,5432.29321,N,01851.85262,E,18.93,93.5,140625,,,A*67
$GPVTG,93.5,T,,M,18.93,N,35.05,K,A*32
$HEHDT,83.6,T*12
$VWVHW,83.6,T,,M,14.76,N,27.34,K*41
$GPGGA,083712.00,5432.29289,N,01851.86139,E,1,12,1.1,15.7,M,26.5,M,,*52
$GPRMC,083712.00,A,5432.29289,N,01851.86139,E,19.00,93.4,140625,,,A*63
$GPVTG,93.4,T,,M,19.00,N,35.19,K,A*35
$HEHDT,83.0,T*14
$VWVHW,83.0,T,,M,14.71,N,27.24,K*41
$GPGGA,083713.00,5432.29206,N,01851.87016,E,1,12,1.1,16.0,M,26.5,M,,*5D
$GPRMC,083713.00,A,5432.29206,N,01851.87016,E,19.18,93.3,140625,,,A*66
$GPVTG,93.3,T,,M,19.18,N,35.52,K,A*34
$HEHDT,83.2,T*16
$VWVHW,83.2,T,,M,14.68,N,27.18,K*44
$GPGGA,083714.00,5432.29224,N,01851.87969,E,1,12,1.1,15.1,M,26.5,M,,*59
$GPRMC,083714.00,A,5432.29224,N,01851.87969,E,19.03,93.8,140625,,,A*61
$GPVTG,93.8,T,,M,19.03,N,35.24,K,A*34
$HEHDT,83.1,T*15
$VWVHW,83.1,T,,M,14.55,N,26.94,K*4C
$GPGGA,083715.00,5432.29150,N,01851.88768,E,1,12,1.1,15.4,M,26.5,M,,*5D
$GPRMC,083715.00,A,5432.29150,N,01851.88768,E,19.07,93.4,140625,,,A*68
$GPVTG,93.4,T,,M,19.07,N,35.32,K,A*3B
$HEHDT,83.5,T*11
$VWVHW,83.5,T,,M,14.72,N,27.26,K*45
$GPGSV,2,1,08,03,67,049,47,08,41,104,46,11,20,159,46,14,45,214,47*79
$GPGSV,2,2,08,17,65,271,45,22,23,319,45,28,13,359,45,31,60,129,46*70
$GAGSV,2,1,05,04,50,079,46,09,33,189,47,12,63,244,46,24,09,294,47*6C
$GAGSV,2,2,05,31,20,029,46*54
$GPZDA,083715.00,14,06,2025,00,00*68
$GPGGA,083716.00,5432.29134,N,01851.89884,E,1,12,1.1,15.6,M,26.5,M,,*52
$GPRMC,083716.00,A,5432.29134,N,01851.89884,E,19.05,93.5,140625,,,A*66
$GPVTG,93.5,T,,M,19.05,N,35.29,K,A*32
$HEHDT,82.5,T*10
$VWVHW,82.5,T,,M,14.83,N,27.47,K*4D
$GPGGA,083717.00,5432.29119,N,01851.90747,E,1,12,1.1,15.5,M,26.5,M,,*57
$GPRMC,083717.00,A,5432.29119,N,01851.90747,E,19.13,93.6,140625,,,A*64
$GPVTG,93.6,T,,M,19.13,N,35.42,K,A*3B
$HEHDT,83.0,T*14
$VWVHW,83.0,T,,M,14.68,N,27.20,K*4D
$GPGGA,083718.00,5432.29078,N,01851.91665,E,1,12,1.1,16.3,M,26.5,M,,*5B
$GPRMC,083718.00,A,5432.29078,N,01851.91665,E,19.16,93.2,140625,,,A*6C
$GPVTG,93.2,T,,M,19.16,N,35.48,K,A*30
$HEHDT,83.3,T*17
$VWVHW,83.3,T,,M,14.74,N,27.29,K*4A
$GPGGA,083719.00,5432.29087,N,01851.92590,E,1,12,1.1,15.4,M,26.5,M,,*54
$GPRMC,083719.00,A,5432.29087,N,01851.92590,E,19.04,94.2,140625,,,A*63
$GPVTG,94.2,T,,M,19.04,N,35.26,K,A*3C
$HEHDT,83.2,T*16
$VWVHW,83.2,T,,M,14.54,N,26.92,K*48
$GPGGA,083720.00,5432.29044,N,01851.93504,E,1,12,1.1,15.6,M,26.5,M,,*5F
$GPRMC,083720.00,A,5432.29044,N,01851.93504,E,18.97,93.4,140625,,,A*60
$GPVTG,93.4,T,,M,18.97,N,35.14,K,A*37
$HEHDT,83.1,T*15
$VWVHW,83.1,T,,M,14.61,N,27.06,K*41
$GPGSV,2,1,08,03,67,049,46,08,41,104,46,11,20,159,46,14,45,214,45*7A
$GPGSV,2,2,08,17,65,271,46,22,23,319,46,28,13,359,45,31,60,129,46*70
$GAGSV,2,1,05,04,50,079,47,09,33,189,46,12,63,244,46,24,09,294,46*6D
$GAGSV,2,2,05,31,20,029,45*57
$GPZDA,083720.00,14,06,2025,00,00*6E
$GPGGA,083721.00,5432.28992,N,01851.94382,E,1,12,1.1,16.0,M,26.5,M,,*57
$GPRMC,083721.00,A,5432.28992,N,01851.94382,E,19.07,93.9,140625,,,A*68
$GPVTG,93.9,T,,M,19.07,N,35.32,K,A*36
$HEHDT,83.8,T*1C
$VWVHW,83.8,T,,M,14.63,N,27.10,K*4D
$GPGGA,083722.00,5432.28972,N,01851.95213,E,1,12,1.1,15.9,M,26.5,M,,*58
$GPRMC,083722.00,A,5432.28972,N,01851.95213,E,19.13,93.6,140625,,,A*67
$GPVTG,93.6,T,,M,19.13,N,35.43,K,A*3A
$HEHDT,83.0,T*14
$VWVHW,83.0,T,,M,14.78,N,27.36,K*4B
$GPGGA,083723.00,5432.28916,N,01851.96196,E,1,12,1.1,15.4,M,26.5,M,,*5B
$GPRMC,083723.00,A,5432.28916,N,01851.96196,E,19.11,93.8,140625,,,A*65
$GPVTG,93.8,T,,M,19.11,N,35.39,K,A*3B
$HEHDT,82.9,T*1C
$VWVHW,82.9,T,,M,14.56,N,26.97,K*45
$GPGGA,083724.00,5432.28871,N,01851.97020,E,1,12,1.1,15.1,M,26.5,M,,*54
$GPRMC,083724.00,A,5432.28871,N,01851.97020,E,18.96,93.8,140625,,,A*61
$GPVTG,93.8,T,,M,18.96,N,35.12,K,A*3C
$HEHDT,82.9,T*1C
$VWVHW,82.9,T,,M,14.57,N,26.98,K*4B
$GPGGA,083725.00,5432.28855,N,01851.98022,E,1,12,1.1,15.8,M,26.5,M,,*57
$GPRMC,083725.00,A,5432.28855,N,01851.98022,E,19.16,93.6,140625,,,A*6C
$GPVTG,93.6,T,,M,19.16,N,35.49,K,A*35
$HEHDT,83.1,T*15
$VWVHW,83.1,T,,M,14.71,N,27.25,K*41
$GPGSV,2,1,08,03,67,049,46,08,41,104,46,11,20,159,46,14,45,214,46*79
$GPGSV,2,2,08,17,65,271,46,22,23,319,46,28,13,359,46,31,60,129,46*73
$GAGSV,2,1,05,04,50,079,46,09,33,189,46,12,63,244,46,24,09,294,46*6C
$GAGSV,2,2,05,31,20,029,46*54
$GPZDA,083725.00,14,06,2025,00,00*6B
$GPGGA,083726.00,5432.28860,N,01851.98918,E,1,12,1.1,15.4,M,26.5,M,,*5E
$GPRMC,083726.00,A,5432.28860,N,01851.98918,E,18.91,93.3,140625,,,A*62
$GPVTG,93.3,T,,M,18.91,N,35.01,K,A*32
$HEHDT,83.0,T*14
$VWVHW,83.0,T,,M,14.66,N,27.16,K*46
$GPGGA,083727.00,5432.28771,N,01851.99848,E,1,12,1.1,15.5,M,26.5,M,,*54
$GPRMC,083727.00,A,5432.28771,N,01851.99848,E,18.88,93.7,140625,,,A*65
$GPVTG,93.7,T,,M,18.88,N,34.96,K,A*31
$HEHDT,83.0,T*14
$VWVHW,83.0,T,,M,14.62,N,27.07,K*42
$GPGGA,083728.00,5432.28759,N,01852.00726,E,1,12,1.1,16.0,M,26.5,M,,*53
$GPRMC,083728.00,A,5432.28759,N,01852.00726,E,18.97,93.7,140625,,,A*6A
$GPVTG,93.7,T,,M,18.97,N,35.13,K,A*33
$HEHDT,83.3,T*17
$VWVHW,83.3,T,,M,14.66,N,27.16,K*45
$GPGGA,083729.00,5432.28728,N,01852.01675,E,1,12,1.1,15.9,M,26.5,M,,*58
$GPRMC,083729.00,A,5432.28728,N,01852.01675,E,18.99,94.1,140625,,,A*64
$GPVTG,94.1,T,,M,18.99,N,35.17,K,A*38
$HEHDT,83.1,T*15
$VWVHW,83.1,T,,M,14.74,N,27.30,K*40
$GPGGA,083730.00,5432.28686,N,01852.02564,E,1,12,1.1,15.3,M,26.5,M,,*5F
$GPRMC,083730.00,A,5432.28686,N,01852.02564,E,18.95,93.9,140625,,,A*6A
$GPVTG,93.9,T,,M,18.95,N,35.10,K,A*3C
$HEHDT,83.0,T*14
$VWVHW,83.0,T,,M,14.69,N,27.20,K*4C
$GPGSV,2,1,08,03,67,049,45,08,41,104,46,11,20,159,46,14,45,214,47*7B
$GPGSV,2,2,08,17,65,271,47,22,23,319,46,28,13,359,47,31,60,129,46*73
$GAGSV,2,1,05,04,50,079,46,09,33,189,46,12,63,244,46,24,09,294,45*6F
$GAGSV,2,2,05,31,20,029,46*54
$GPZDA,083730.00,14,06,2025,00,00*6F
$GPGGA,083731.00,5432.28675,N,01852.03431,E,1,12,1.1,14.6,M,26.5,M,,*56
$GPRMC,083731.00,A,5432.28675,N,01852.03431,E,18.95,93.5,140625,,,A*6B
$GPVTG,93.5,T,,M,18.95,N,35.09,K,A*38
$HEHDT,83.1,T*15
$VWVHW,83.1,T,,M,14.60,N,27.03,K*45
$GPGGA,083732.00,5432.28603,N,01852.04248,E,1,12,1.1,16.2,M,26.5,M,,*5D
$GPRMC,083732.00,A,5432.28603,N,01852.04248,E,19.00,93.6,140625,,,A*68
$GPVTG,93.6,T,,M,19.00,N,35.20,K,A*3D
$HEHDT,83.1,T*15
$VWVHW,83.1,T,,M,14.74,N,27.31,K*41
$GPGGA,083733.00,5432.28587,N,01852.05251,E,1,12,1.1,15.6,M,26.5,M,,*5D
$GPRMC,083733.00,A,5432.28587,N,01852.05251,E,19.01,93.9,140625,,,A*61
$GPVTG,93.9,T,,M,19.01,N,35.20,K,A*33
$HEHDT,83.4,T*10
$VWVHW,83.4,T,,M,14.75,N,27.31,K*45
$GPGGA,083734.00,5432.28585,N,01852.06075,E,1,12,1.1,16.3,M,26.5,M,,*59
$GPRMC,083734.00,A,5432.28585,N,01852.06075,E,18.89,93.9,140625,,,A*62
$GPVTG,93.9,T,,M,18.89,N,34.98,K,A*30
$HEHDT,82.9,T*1C
$VWVHW,82.9,T,,M,14.67,N,27.18,K*41
$GPGGA,083735.00,5432.28537,N,01852.07035,E,1,12,1.1,15.6,M,26.5,M,,*52
$GPRMC,083735.00,A,5432.28537,N,01852.07035,E,19.00,93.4,140625,,,A*62
$GPVTG,93.4,T,,M,19.00,N,35.19,K,A*35
$HEHDT,83.3,T*17
$VWVHW,83.3,T,,M,14.61,N,27.05,K*40
$GPGSV,2,1,08,03,67,049,46,08,41,104,46,11,20,159,46,14,45,214,46*79
$GPGSV,2,2,08,17,65,271,46,22,23,319,47,28,13,359,46,31,60,129,46*72
$GAGSV,2,1,05,04,50,079,46,09,33,189,46,12,63,244,46,24,09,294,46*6C
$GAGSV,2,2,05,31,20,029,46*54
$GPZDA,083735.00,14,06,2025,00,00*6A
$GPGGA,083736.00,5432.28505,N,01852.07973,E,1,12,1.1,16.4,M,26.5,M,,*5A
$GPRMC,083736.00,A,5432.28505,N,01852.07973,E,18.94,93.8,140625,,,A*6B
$GPVTG,93.8,T,,M,18.94,N,35.07,K,A*3A
$HEHDT,83.0,T*14
$VWVHW,83.0,T,,M,14.65,N,27.14,K*47
$GPGGA,083737.00,5432.28474,N,01852.08826,E,1,12,1.1,16.2,M,26.5,M,,*54
$GPRMC,083737.00,A,5432.28474,N,01852.08826,E,19.04,94.1,140625,,,A*65
$GPVTG,94.1,T,,M,19.04,N,35.26,K,A*3F
$HEHDT,83.1,T*15
$VWVHW,83.1,T,,M,14.69,N,27.20,K*4D
$GPGGA,083738.00,5432.28433,N,01852.09753,E,1,12,1.1,16.0,M,26.5,M,,*56
$GPRMC,083738.00,A,5432.28433,N,01852.09753,E,18.93,93.9,140625,,,A*65
$GPVTG,93.9,T,,M,18.93,N,35.06,K,A*3D
$HEHDT,83.5,T*11
$VWVHW,83.5,T,,M,14.66,N,27.15,K*40
$GPGGA,083739.00,5432.28388,N,01852.10716,E,1,12,1.1,16.3,M,26.5,M,,*5A
$GPRMC,083739.00,A,5432.28388,N,01852.10716,E,19.05,93.7,140625,,,A*6A
$GPVTG,93.7,T,,M,19.05,N,35.27,K,A*3E
$HEHDT,83.1,T*15
$VWVHW,83.1,T,,M,14.59,N,27.02,K*4E
$GPGGA,083740.00,5432.28288,N,01852.11445,E,1,12,1.1,15.9,M,26.5,M,,*58
$GPRMC,083740.00,A,5432.28288,N,01852.11445,E,18.93,93.4,140625,,,A*6C
$GPVTG,93.4,T,,M,18.93,N,35.07,K,A*31
$HEHDT,83.5,T*11
$VWVHW,83.5,T,,M,14.70,N,27.23,K*42
$GPGSV,2,1,08,03,67,049,46,08,41,104,47,11,20,159,47,14,45,214,46*79
$GPGSV,2,2,08,17,65,271,47,22,23,319,46,28,13,359,46,31,60,129,46*72
$GAGSV,2,1,05,04,50,079,45,09,33,189,46,12,63,244,46,24,09,294,46*6F
$GAGSV,2,2,05,31,20,029,46*54
$GPZDA,083740.00,14,06,2025,00,00*68
$GPGGA,083741.00,5432.28341,N,01852.12511,E,1,12,1.1,16.2,M,26.5,M,,*56
$GPRMC,083741.00,A,5432.28341,N,01852.12511,E,19.10,93.7,140625,,,A*63
$GPVTG,93.7,T,,M,19.10,N,35.38,K,A*34
$HEHDT,83.3,T*17
$VWVHW,83.3,T,,M,14.74,N,27.31,K*43
$GPGGA,083742.00,5432.28277,N,01852.13334,E,1,12,1.1,15.9,M,26.5,M,,*59
$GPRMC,083742.00,A,5432.28277,N,01852.13334,E,18.98,93.5,140625,,,A*67
$GPVTG,93.5,T,,M,18.98,N,35.15,K,A*38
$HEHDT,83.2,T*16
$VWVHW,83.2,T,,M,14.65,N,27.13,K*42
$GPGGA,083743.00,5432.28265,N,01852.14287,E,1,12,1.1,15.6,M,26.5,M,,*5A
$GPRMC,083743.00,A,5432.28265,N,01852.14287,E,18.95,94.0,140625,,,A*64
$GPVTG,94.0,T,,M,18.95,N,35.10,K,A*32
$HEHDT,83.4,T*10
$VWVHW,83.4,T,,M,14.47,N,26.81,K*4E
$GPGGA,083744.00,5432.28197,N,01852.15209,E,1,12,1.1,15.5,M,26.5,M,,*57
$GPRMC,083744.00,A,5432.28197,N,01852.15209,E,18.89,93.8,140625,,,A*68
$GPVTG,93.8,T,,M,18.89,N,34.99,K,A*30
$HEHDT,83.3,T*17
$VWVHW,83.3,T,,M,14.60,N,27.04,K*40
$GPGGA,083745.00,5432.28137,N,01852.16045,E,1,12,1.1,15.3,M,26.5,M,,*53
$GPRMC,083745.00,A,5432.28137,N,01852.16045,E,18.97,93.8,140625,,,A*65
$GPVTG,93.8,T,,M,18.97,N,35.13,K,A*3C
$HEHDT,83.2,T*16
$VWVHW,83.2,T,,M,14.65,N,27.13,K*42
$GPGSV,2,1,08,03,67,049,46,08,41,104,45,11,20,159,45,14,45,214,46*79
$GPGSV,2,2,08,17,65,271,46,22,23,319,46,28,13,359,45,31,60,129,46*70
$GAGSV,2,1,05,04,50,079,45,09,33,189,46,12,63,244,45,24,09,294,46*6C
$GAGSV,2,2,05,31,20,029,46*54
$GPZDA,083745.00,14,06,2025,00,00*6D
$GPGGA,083746.00,5432.28158,N,01852.16970,E,1,12,1.1,15.8,M,26.5,M,,*5D
$GPRMC,083746.00,A,5432.28158,N,01852.16970,E,18.88,93.6,140625,,,A*60
$GPVTG,93.6,T,,M,18.88,N,34.97,K,A*31
$HEHDT,83.2,T*16
$VWVHW,83.2,T,,M,14.62,N,27.09,K*4E
$GPGGA,083747.00,5432.28123,N,01852.17891,E,1,12,1.1,16.2,M,26.5,M,,*56
$GPRMC,083747.00,A,5432.28123,N,01852.17891,E,18.87,93.6,140625,,,A*6D
$GPVTG,93.6,T,,M,18.87,N,34.94,K,A*3D
$HEHDT,83.2,T*16
$VWVHW,83.2,T,,M,14.45,N,26.75,K*41
$GPGGA,083748.00,5432.28134,N,01852.18718,E,1,12,1.1,16.2,M,26.5,M,,*5E
$GPRMC,083748.00,A,5432.28134,N,01852.18718,E,18.84,93.6,140625,,,A*66
$GPVTG,93.6,T,,M,18.84,N,34.90,K,A*3A
$HEHDT,83.0,T*14
$VWVHW,83.0,T,,M,14.48,N,26.81,K*45
$GPGGA,083749.00,5432.28035,N,01852.19663,E,1,12,1.1,16.0,M,26.5,M,,*51
$GPRMC,083749.00,A,5432.28035,N,01852.19663,E,18.93,93.7,140625,,,A*6C
$GPVTG,93.7,T,,M,18.93,N,35.05,K,A*30
$HEHDT,83.2,T*16
$VWVHW,83.2,T,,M,14.58,N,27.00,K*4E
$GPGGA,083750.00,5432.28041,N,01852.20543,E,1,12,1.1,16.2,M,26.5,M,,*53
$GPRMC,083750.00,A,5432.28041,N,01852.20543,E,18.74,93.8,140625,,,A*6A
$GPVTG,93.8,T,,M,18.74,N,34.71,K,A*34
$HEHDT,83.3,T*17
$VWVHW,83.3,T,,M,14.56,N,26.96,K*4F
$GPGSV,2,1,08,03,67,049,46,08,41,104,46,11,20,159,47,14,45,214,46*78
$GPGSV,2,2,08,17,65,271,46,22,23,319,46,28,13,359,45,31,60,129,46*70
$GAGSV,2,1,05,04,50,079,47,09,33,189,46,12,63,244,46,24,09,294,46*6D
$GAGSV,2,2,05,31,20,029,46*54
$GPZDA,083750.00,14,06,2025,00,00*69
$GPGGA,083751.00,5432.28026,N,01852.21416,E,1,12,1.1,16.0,M,26.5,M,,*51
$GPRMC,083751.00,A,5432.28026,N,01852.21416,E,18.88,93.6,140625,,,A*67
$GPVTG,93.6,T,,M,18.88,N,34.97,K,A*31
$HEHDT,83.4,T*10
$VWVHW,83.4,T,,M,14.54,N,26.92,K*4E
$GPGGA,083752.00,5432.27987,N,01852.22351,E,1,12,1.1,16.3,M,26.5,M,,*5B
$GPRMC,083752.00,A,5432.27987,N,01852.22351,E,18.89,93.4,140625,,,A*6D
$GPVTG,93.4,T,,M,18.89,N,34.98,K,A*3D
$HEHDT,83.4,T*10
$VWVHW,83.4,T,,M,14.55,N,26.96,K*4B
$GPGGA,083753.00,5432.27943,N,01852.23306,E,1,12,1.1,16.6,M,26.5,M,,*54
$GPRMC,083753.00,A,5432.27943,N,01852.23306,E,18.89,93.1,140625,,,A*62
$GPVTG,93.1,T,,M,18.89,N,34.98,K,A*38
$HEHDT,83.5,T*11
$VWVHW,83.5,T,,M,14.63,N,27.09,K*48
$GPGGA,083754.00,5432.27875,N,01852.24195,E,1,12,1.1,16.6,M,26.5,M,,*58
$GPRMC,083754.00,A,5432.27875,N,01852.24195,E,18.96,94.2,140625,,,A*64
$GPVTG,94.2,T,,M,18.96,N,35.12,K,A*31
$HEHDT,83.6,T*12
$VWVHW,83.6,T,,M,14.69,N,27.20,K*4A
$GPGGA,083755.00,5432.27872,N,01852.24998,E,1,12,1.1,15.3,M,26.5,M,,*5D
$GPRMC,083755.00,A,5432.27872,N,01852.24998,E,18.84,93.7,140625,,,A*66
$GPVTG,93.7,T,,M,18.84,N,34.90,K,A*3B
$HEHDT,83.0,T*14
$VWVHW,83.0,T,,M,14.63,N,27.09,K*4D
$GPGSV,2,1,08,03,67,049,46,08,41,104,46,11,20,159,46,14,45,214,46*79
$GPGSV,2,2,08,17,65,271,46,22,23,319,46,28,13,359,46,31,60,129,46*73
$GAGSV,2,1,05,04,50,079,46,09,33,189,46,12,63,244,46,24,09,294,47*6D
$GAGSV,2,2,05,31,20,029,46*54
$GPZDA,083755.00,14,06,2025,00,00*6C
$GPGGA,083756.00,5432.27810,N,01852.25970,E,1,12,1.1,15.5,M,26.5,M,,*5B
$GPRMC,083756.00,A,5432.27810,N,01852.25970,E,18.99,93.8,140625,,,A*65
$GPVTG,93.8,T,,M,18.99,N,35.17,K,A*36
$HEHDT,83.1,T*15
$VWVHW,83.1,T,,M,14.39,N,26.66,K*4B
$GPGGA,083757.00,5432.27795,N,01852.26851,E,1,12,1.1,16.0,M,26.5,M,,*5F
$GPRMC,083757.00,A,5432.27795,N,01852.26851,E,18.90,93.4,140625,,,A*62
$GPVTG,93.4,T,,M,18.90,N,35.01,K,A*34
$HEHDT,83.6,T*12
$VWVHW,83.6,T,,M,14.61,N,27.05,K*45
$GPGGA,083758.00,5432.27774,N,01852.27751,E,1,12,1.1,16.3,M,26.5,M,,*52
$GPRMC,083758.00,A,5432.27774,N,01852.27751,E,18.86,93.9,140625,,,A*66
$GPVTG,93.9,T,,M,18.86,N,34.92,K,A*35
$HEHDT,82.7,T*12
$VWVHW,82.7,T,,M,14.49,N,26.83,K*40
$GPGGA,083759.00,5432.27727,N,01852.28653,E,1,12,1.1,16.4,M,26.5,M,,*5E
$GPRMC,083759.00,A,5432.27727,N,01852.28653,E,18.86,93.5,140625,,,A*61
$GPVTG,93.5,T,,M,18.86,N,34.93,K,A*38
$HEHDT,83.5,T*11
$VWVHW,83.5,T,,M,14.61,N,27.05,K*46
$GPGGA,083800.00,5432.27694,N,01852.29420,E,1,12,1.1,16.1,M,26.5,M,,*56
$GPRMC,083800.00,A,5432.27694,N,01852.29420,E,19.02,93.6,140625,,,A*62
$GPVTG,93.6,T,,M,19.02,N,35.23,K,A*3C
$HEHDT,83.3,T*17
$VWVHW,83.3,T,,M,14.63,N,27.09,K*4E
$GPGSV,2,1,08,03,67,049,46,08,41,104,46,11,20,159,45,14,45,214,46*7A
$GPGSV,2,2,08,17,65,271,45,22,23,319,46,28,13,359,47,31,60,129,46*71
$GAGSV,2,1,05,04,50,079,46,09,33,189,46,12,63,244,46,24,09,294,46*6C
$GAGSV,2,2,05,31,20,029,47*55
$GPZDA,083800.00,14,06,2025,00,00*63
$GPGGA,083801.00,5432.27639,N,01852.30426,E,1,12,1.1,15.8,M,26.5,M,,*54
$GPRMC,083801.00,A,5432.27639,N,01852.30426,E,18.98,93.5,140625,,,A*6B
$GPVTG,93.5,T,,M,18.98,N,35.15,K,A*38
$HEHDT,83.3,T*17
$VWVHW,83.3,T,,M,14.43,N,26.72,K*41
$GPGGA,083802.00,5432.27618,N,01852.31310,E,1,12,1.1,16.1,M,26.5,M,,*5D
$GPRMC,083802.00,A,5432.27618,N,01852.31310,E,18.78,93.5,140625,,,A*66
$GPVTG,93.5,T,,M,18.78,N,34.77,K,A*33
$HEHDT,83.3,T*17
$VWVHW,83.3,T,,M,14.53,N,26.91,K*4D
$GPGGA,083803.00,5432.27603,N,01852.32096,E,1,12,1.1,16.1,M,26.5,M,,*58
$GPRMC,083803.00,A,5432.27603,N,01852.32096,E,18.67,93.6,140625,,,A*6E
$GPVTG,93.6,T,,M,18.67,N,34.58,K,A*33
$HEHDT,83.4,T*10
$VWVHW,83.4,T,,M,14.48,N,26.83,K*43
$GPGGA,083804.00,5432.27590,N,01852.33130,E,1,12,1.1,16.3,M,26.5,M,,*58
$GPRMC,083804.00,A,5432.27590,N,01852.33130,E,18.79,93.6,140625,,,A*63
$GPVTG,93.6,T,,M,18.79,N,34.81,K,A*38
$HEHDT,83.3,T*17
$VWVHW,83.3,T,,M,14.51,N,26.87,K*48
$GPGGA,083805.00,5432.27535,N,01852.33996,E,1,12,1.1,16.2,M,26.5,M,,*53
$GPRMC,083805.00,A,5432.27535,N,01852.33996,E,18.93,93.5,140625,,,A*6E
$GPVTG,93.5,T,,M,18.93,N,35.05,K,A*32
$HEHDT,82.7,T*12
$VWVHW,82.7,T,,M,14.47,N,26.80,K*4D
$GPGSV,2,1,08,03,67,049,46,08,41,104,46,11,20,159,46,14,45,214,45*7A
$GPGSV,2,2,08,17,65,271,46,22,23,319,47,28,13,359,46,31,60,129,46*72
$GAGSV,2,1,05,04,50,079,46,09,33,189,46,12,63,244,46,24,09,294,46*6C
$GAGSV,2,2,05,31,20,029,46*54
$GPZDA,083805.00,14,06,2025,00,00*66
$GPGGA,083806.00,5432.27495,N,01852.34852,E,1,12,1.1,15.6,M,26.5,M,,*52
$GPRMC,083806.00,A,5432.27495,N,01852.34852,E,18.76,93.3,140625,,,A*65
$GPVTG,93.3,T,,M,18.76,N,34.74,K,A*38
$HEHDT,83.1,T*15
$VWVHW,83.1,T,,M,14.60,N,27.05,K*43
$GPGGA,083807.00,5432.27458,N,01852.35772,E,1,12,1.1,16.8,M,26.5,M,,*53
$GPRMC,083807.00,A,5432.27458,N,01852.35772,E,18.82,94.2,140625,,,A*64
$GPVTG,94.2,T,,M,18.82,N,34.85,K,A*3B
$HEHDT,83.5,T*11
$VWVHW,83.5,T,,M,14.56,N,26.97,K*48
$GPGGA,083808.00,5432.27447,N,01852.36671,E,1,12,1.1,15.9,M,26.5,M,,*51
$GPRMC,083808.00,A,5432.27447,N,01852.36671,E,19.00,93.5,140625,,,A*6F
$GPVTG,93.5,T,,M,19.00,N,35.19,K,A*34
$HEHDT,83.7,T*13
$VWVHW,83.7,T,,M,14.53,N,26.91,K*49
$GPGGA,083809.00,5432.27362,N,01852.37552,E,1,12,1.1,16.3,M,26.5,M,,*5A
$GPRMC,083809.00,A,5432.27362,N,01852.37552,E,18.83,93.8,140625,,,A*6A
$GPVTG,93.8,T,,M,18.83,N,34.88,K,A*3A
$HEHDT,83.1,T*15
$VWVHW,83.1,T,,M,14.54,N,26.92,K*4B
$GPGGA,083810.00,5432.27337,N,01852.38360,E,1,12,1.1,16.7,M,26.5,M,,*5E
$GPRMC,083810.00,A,5432.27337,N,01852.38360,E,18.92,94.1,140625,,,A*64
$GPVTG,94.1,T,,M,18.92,N,35.04,K,A*31
$HEHDT,83.5,T*11
$VWVHW,83.5,T,,M,14.36,N,26.60,K*46
$GPGSV,2,1,08,03,67,049,46,08,41,104,46,11,20,159,46,14,45,214,46*79
$GPGSV,2,2,08,17,65,271,46,22,23,319,46,28,13,359,46,31,60,129,46*73
$GAGSV,2,1,05,04,50,079,46,09,33,189,46,12,63,244,46,24,09,294,46*6C
$GAGSV,2,2,05,31,20,029,46*54
$GPZDA,083810.00,14,06,2025,00,00*62
$GPGGA,083811.00,5432.27332,N,01852.39284,E,1,12,1.1,16.7,M,26.5,M,,*50
$GPRMC,083811.00,A,5432.27332,N,01852.39284,E,18.90,93.7,140625,,,A*69
$GPVTG,93.7,T,,M,18.90,N,35.01,K,A*37
$HEHDT,83.3,T*17
$VWVHW,83.3,T,,M,14.40,N,26.66,K*47
$GPGGA,083812.00,5432.27311,N,01852.40225,E,1,12,1.1,16.1,M,26.5,M,,*51
$GPRMC,083812.00,A,5432.27311,N,01852.40225,E,18.75,94.1,140625,,,A*64
$GPVTG,94.1,T,,M,18.75,N,34.72,K,A*38
$HEHDT,83.5,T*11
$VWVHW,83.5,T,,M,14.47,N,26.80,K*4E
$GPGGA,083813.00,5432.27309,N,01852.41112,E,1,12,1.1,16.3,M,26.5,M,,*5D
$GPRMC,083813.00,A,5432.27309,N,01852.41112,E,18.92,93.2,140625,,,A*67
$GPVTG,93.2,T,,M,18.92,N,35.05,K,A*34
$HEHDT,83.1,T*15
$VWVHW,83.1,T,,M,14.59,N,27.02,K*4E
$GPGGA,083814.00,5432.27266,N,01852.42013,E,1,12,1.1,16.5,M,26.5,M,,*57
$GPRMC,083814.00,A,5432.27266,N,01852.42013,E,18.78,93.8,140625,,,A*65
$GPVTG,93.8,T,,M,18.78,N,34.78,K,A*31
$HEHDT,83.0,T*14
$VWVHW,83.0,T,,M,14.43,N,26.72,K*42
$GPGGA,083815.00,5432.27203,N,01852.42842,E,1,12,1.1,17.0,M,26.5,M,,*5D
$GPRMC,083815.00,A,5432.27203,N,01852.42842,E,18.79,93.5,140625,,,A*67
$GPVTG,93.5,T,,M,18.79,N,34.80,K,A*3A
$HEHDT,82.8,T*1D
$VWVHW,82.8,T,,M,14.55,N,26.95,K*45
$GPGSV,2,1,08,03,67,049,46,08,41,104,46,11,20,159,47,14,45,214,46*78
$GPGSV,2,2,08,17,65,271,47,22,23,319,47,28,13,359,46,31,60,129,46*73
$GAGSV,2,1,05,04,50,079,46,09,33,189,46,12,63,244,47,24,09,294,46*6D
$GAGSV,2,2,05,31,20,029,47*55
$GPZDA,083815.00,14,06,2025,00,00*67
$GPGGA,083816.00,5432.27154,N,01852.43793,E,1,12,1.1,17.0,M,26.5,M,,*5D
$GPRMC,083816.00,A,5432.27154,N,01852.43793,E,18.87,93.9,140625,,,A*6A
$GPVTG,93.9,T,,M,18.87,N,34.95,K,A*33
$HEHDT,83.5,T*11
$VWVHW,83.5,T,,M,14.48,N,26.83,K*42
$GPGGA,083817.00,5432.27086,N,01852.44552,E,1,12,1.1,17.0,M,26.5,M,,*5A
$GPRMC,083817.00,A,5432.27086,N,01852.44552,E,18.81,94.0,140625,,,A*65
$GPVTG,94.0,T,,M,18.81,N,34.84,K,A*3B
$HEHDT,83.5,T*11
$VWVHW,83.5,T,,M,14.64,N,27.11,K*46
$GPGGA,083818.00,5432.27102,N,01852.45474,E,1,12,1.1,16.7,M,26.5,M,,*5A
$GPRMC,083818.00,A,5432.27102,N,01852.45474,E,18.85,93.5,140625,,,A*65
$GPVTG,93.5,T,,M,18.85,N,34.92,K,A*3A
$HEHDT,83.4,T*10
$VWVHW,83.4,T,,M,14.40,N,26.66,K*40
$GPGGA,083819.00,5432.27062,N,01852.46481,E,1,12,1.1,16.9,M,26.5,M,,*5B
$GPRMC,083819.00,A,5432.27062,N,01852.46481,E,19.00,93.8,140625,,,A*6B
$GPVTG,93.8,T,,M,19.00,N,35.18,K,A*38
$HEHDT,83.0,T*14
$VWVHW,83.0,T,,M,14.43,N,26.72,K*42
$GPGGA,083820.00,5432.27048,N,01852.47409,E,1,12,1.1,16.7,M,26.5,M,,*56
$GPRMC,083820.00,A,5432.27048,N,01852.47409,E,18.80,93.1,140625,,,A*68
$GPVTG,93.1,T,,M,18.80,N,34.83,K,A*3B
$HEHDT,83.4,T*10
$VWVHW,83.4,T,,M,14.33,N,26.55,K*44
$GPGSV,2,1,08,03,67,049,46,08,41,104,46,11,20,159,46,14,45,214,46*79
$GPGSV,2,2,08,17,65,271,46,22,23,319,47,28,13,359,45,31,60,129,46*71
$GAGSV,2,1,05,04,50,079,46,09,33,189,46,12,63,244,46,24,09,294,46*6C
$GAGSV,2,2,05,31,20,029,45*57
$GPZDA,083820.00,14,06,2025,00,00*61
$GPGGA,083821.00,5432.26986,N,01852.48186,E,1,12,1.1,16.7,M,26.5,M,,*50
$GPRMC,083821.00,A,5432.26986,N,01852.48186,E,18.96,93.4,140625,,,A*6C
$GPVTG,93.4,T,,M,18.96,N,35.12,K,A*30
$HEHDT,83.4,T*10
$VWVHW,83.4,T,,M,14.38,N,26.63,K*4A
$GPGGA,083822.00,5432.26938,N,01852.49116,E,1,12,1.1,16.7,M,26.5,M,,*5E
$GPRMC,083822.00,A,5432.26938,N,01852.49116,E,18.85,93.7,140625,,,A*63
$GPVTG,93.7,T,,M,18.85,N,34.90,K,A*3A
$HEHDT,83.2,T*16
$VWVHW,83.2,T,,M,14.67,N,27.17,K*44
$GPGGA,083823.00,5432.26932,N,01852.49970,E,1,12,1.1,17.0,M,26.5,M,,*5B
$GPRMC,083823.00,A,5432.26932,N,01852.49970,E,18.71,93.7,140625,,,A*6B
$GPVTG,93.7,T,,M,18.71,N,34.66,K,A*38
$HEHDT,82.8,T*1D
$VWVHW,82.8,T,,M,14.47,N,26.81,K*43
$GPGGA,083824.00,5432.26874,N,01852.50837,E,1,12,1.1,16.8,M,26.5,M,,*5C
$GPRMC,083824.00,A,5432.26874,N,01852.50837,E,18.91,93.7,140625,,,A*6B
$GPVTG,93.7,T,,M,18.91,N,35.03,K,A*34
$HEHDT,83.7,T*13
$VWVHW,83.7,T,,M,14.47,N,26.80,K*4C
$GPGGA,083825.00,5432.26808,N,01852.51765,E,1,12,1.1,16.7,M,26.5,M,,*50
$GPRMC,083825.00,A,5432.26808,N,01852.51765,E,18.61,93.5,140625,,,A*65
$GPVTG,93.5,T,,M,18.61,N,34.46,K,A*39
$HEHDT,83.2,T*16
$VWVHW,83.2,T,,M,14.54,N,26.93,K*49
$GPGSV,2,1,08,03,67,049,46,08,41,104,46,11,20,159,46,14,45,214,45*7A
$GPGSV,2,2,08,17,65,271,45,22,23,319,46,28,13,359,46,31,60,129,45*73
$GAGSV,2,1,05,04,50,079,46,09,33,189,45,12,63,244,46,24,09,294,46*6F
$GAGSV,2,2,05,31,20,029,46*54
$GPZDA,083825.00,14,06,2025,00,00*64
$GPGGA,083826.00,5432.26800,N,01852.52624,E,1,12,1.1,16.5,M,26.5,M,,*5E
$GPRMC,083826.00,A,5432.26800,N,01852.52624,E,18.92,93.7,140625,,,A*67
$GPVTG,93.7,T,,M,18.92,N,35.03,K,A*37
$HEHDT,83.3,T*17
$VWVHW,83.3,T,,M,14.52,N,26.89,K*45
$GPGGA,083827.00,5432.26726,N,01852.53478,E,1,12,1.1,16.8,M,26.5,M,,*53
$GPRMC,083827.00,A,5432.26726,N,01852.53478,E,18.92,93.5,140625,,,A*65
$GPVTG,93.5,T,,M,18.92,N,35.04,K,A*32
$HEHDT,83.2,T*16
$VWVHW,83.2,T,,M,14.35,N,26.58,K*49
$GPGGA,083828.00,5432.26695,N,01852.54415,E,1,12,1.1,17.3,M,26.5,M,,*53
$GPRMC,083828.00,A,5432.26695,N,01852.54415,E,18.80,93.7,140625,,,A*6E
$GPVTG,93.7,T,,M,18.80,N,34.82,K,A*3C
$HEHDT,83.1,T*15
$VWVHW,83.1,T,,M,14.58,N,27.00,K*4D
$GPGGA,083829.00,5432.26714,N,01852.55307,E,1,12,1.1,17.2,M,26.5,M,,*5E
$GPRMC,083829.00,A,5432.26714,N,01852.55307,E,18.69,93.7,140625,,,A*65
$GPVTG,93.7,T,,M,18.69,N,34.62,K,A*35
$HEHDT,83.3,T*17
$VWVHW,83.3,T,,M,14.54,N,26.94,K*4F
$GPGGA,083830.00,5432.26643,N,01852.56211,E,1,12,1.1,16.6,M,26.5,M,,*55
$GPRMC,083830.00,A,5432.26643,N,01852.56211,E,18.88,93.7,140625,,,A*64
$GPVTG,93.7,T,,M,18.88,N,34.97,K,A*30
$HEHDT,83.1,T*15
$VWVHW,83.1,T,,M,14.42,N,26.71,K*41
$GPGSV,2,1,08,03,67,049,46,08,41,104,46,11,20,159,46,14,45,214,46*79
$GPGSV,2,2,08,17,65,271,46,22,23,319,47,28,13,359,47,31,60,129,47*72
$GAGSV,2,1,05,04,50,079,46,09,33,189,46,12,63,244,46,24,09,294,45*6F
$GAGSV,2,2,05,31,20,029,46*54
$GPZDA,083830.00,14,06,2025,00,00*60
$GPGGA,083831.00,5432.26572,N,01852.57137,E,1,12,1.1,16.7,M,26.5,M,,*52
$GPRMC,083831.00,A,5432.26572,N,01852.57137,E,18.74,93.7,140625,,,A*61
$GPVTG,93.7,T,,M,18.74,N,34.71,K,A*3B
$HEHDT,83.0,T*14
$VWVHW,83.0,T,,M,14.46,N,26.79,K*4C
$GPGGA,083832.00,5432.26560,N,01852.58014,E,1,12,1.1,17.2,M,26.5,M,,*59
$GPRMC,083832.00,A,5432.26560,N,01852.58014,E,18.70,93.7,140625,,,A*6A
$GPVTG,93.7,T,,M,18.70,N,34.64,K,A*3B
$HEHDT,83.3,T*17
$VWVHW,83.3,T,,M,14.62,N,27.08,K*4E
$GPGGA,083833.00,5432.26487,N,01852.58912,E,1,12,1.1,17.0,M,26.5,M,,*5D
$GPRMC,083833.00,A,5432.26487,N,01852.58912,E,18.81,94.1,140625,,,A*63
$GPVTG,94.1,T,,M,18.81,N,34.84,K,A*3A
$HEHDT,83.4,T*10
$VWVHW,83.4,T,,M,14.47,N,26.81,K*4E
$GPGGA,083834.00,5432.26485,N,01852.59833,E,1,12,1.1,17.0,M,26.5,M,,*5B
$GPRMC,083834.00,A,5432.26485,N,01852.59833,E,18.80,93.6,140625,,,A*64
$GPVTG,93.6,T,,M,18.80,N,34.82,K,A*3D
$HEHDT,83.0,T*14
$VWVHW,83.0,T,,M,14.56,N,26.96,K*4C
$GPGGA,083835.00,5432.26445,N,01852.60713,E,1,12,1.1,16.8,M,26.5,M,,*58
$GPRMC,083835.00,A,5432.26445,N,01852.60713,E,18.82,93.9,140625,,,A*63
$GPVTG,93.9,T,,M,18.82,N,34.86,K,A*34
$HEHDT,83.7,T*13
$VWVHW,83.7,T,,M,14.51,N,26.87,K*4C
$GPGSV,2,1,08,03,67,049,45,08,41,104,46,11,20,159,45,14,45,214,46*79
$GPGSV,2,2,08,17,65,271,46,22,23,319,46,28,13,359,46,31,60,129,46*73
$GAGSV,2,1,05,04,50,079,47,09,33,189,45,12,63,244,45,24,09,294,47*6C
$GAGSV,2,2,05,31,20,029,46*54
$GPZDA,083835.00,14,06,2025,00,00*65
$GPGGA,083836.00,5432.26408,N,01852.61616,E,1,12,1.1,16.6,M,26.5,M,,*59
$GPRMC,083836.00,A,5432.26408,N,01852.61616,E,18.85,93.8,140625,,,A*6A
$GPVTG,93.8,T,,M,18.85,N,34.91,K,A*34
$HEHDT,83.1,T*15
$VWVHW,83.1,T,,M,14.54,N,26.92,K*4B
$GPGGA,083837.00,5432.26338,N,01852.62540,E,1,12,1.1,16.4,M,26.5,M,,*5D
$GPRMC,083837.00,A,5432.26338,N,01852.62540,E,18.92,93.4,140625,,,A*66
$GPVTG,93.4,T,,M,18.92,N,35.04,K,A*33
$HEHDT,82.9,T*1C
$VWVHW,82.9,T,,M,14.59,N,27.03,K*46
$GPGGA,083838.00,5432.26307,N,01852.63446,E,1,12,1.1,16.9,M,26.5,M,,*55
$GPRMC,083838.00,A,5432.26307,N,01852.63446,E,18.81,93.8,140625,,,A*6D
$GPVTG,93.8,T,,M,18.81,N,34.83,K,A*33
$HEHDT,82.7,T*12
$VWVHW,82.7,T,,M,14.28,N,26.45,K*4D
$GPGGA,083839.00,5432.26303,N,01852.64233,E,1,12,1.1,17.1,M,26.5,M,,*5A
$GPRMC,083839.00,A,5432.26303,N,01852.64233,E,18.81,93.1,140625,,,A*62
$GPVTG,93.1,T,,M,18.81,N,34.83,K,A*3A
$HEHDT,83.1,T*15
$VWVHW,83.1,T,,M,14.51,N,26.88,K*45
$GPGGA,083840.00,5432.26250,N,01852.65230,E,1,12,1.1,17.0,M,26.5,M,,*50
$GPRMC,083840.00,A,5432.26250,N,01852.65230,E,18.76,93.8,140625,,,A*68
$GPVTG,93.8,T,,M,18.76,N,34.74,K,A*33
$HEHDT,83.2,T*16
$VWVHW,83.2,T,,M,14.61,N,27.06,K*42
$GPGSV,2,1,08,03,67,049,47,08,41,104,45,11,20,159,46,14,45,214,46*7B
$GPGSV,2,2,08,17,65,271,47,22,23,319,46,28,13,359,46,31,60,129,46*72
$GAGSV,2,1,05,04,50,079,46,09,33,189,46,12,63,244,46,24,09,294,45*6F
$GAGSV,2,2,05,31,20,029,46*54
$GPZDA,083840.00,14,06,2025,00,00*67
$GPGGA,083841.00,5432.26196,N,01852.66119,E,1,12,1.1,16.9,M,26.5,M,,*5B
$GPRMC,083841.00,A,5432.26196,N,01852.66119,E,18.76,93.9,140625,,,A*6A
$GPVTG,93.9,T,,M,18.76,N,34.75,K,A*33
$HEHDT,83.2,T*16
$VWVHW,83.2,T,,M,14.42,N,26.70,K*43
$GPGGA,083842.00,5432.26202,N,01852.66997,E,1,12,1.1,16.9,M,26.5,M,,*58
$GPRMC,083842.00,A,5432.26202,N,01852.66997,E,18.88,93.9,140625,,,A*68
$GPVTG,93.9,T,,M,18.88,N,34.97,K,A*3E
$HEHDT,83.2,T*16
$VWVHW,83.2,T,,M,14.37,N,26.62,K*42
$GPGGA,083843.00,5432.26161,N,01852.67860,E,1,12,1.1,16.6,M,26.5,M,,*58
$GPRMC,083843.00,A,5432.26161,N,01852.67860,E,18.74,93.8,140625,,,A*65
$GPVTG,93.8,T,,M,18.74,N,34.70,K,A*35
$HEHDT,82.7,T*12
$VWVHW,82.7,T,,M,14.59,N,27.01,K*4A
$GPGGA,083844.00,5432.26082,N,01852.68742,E,1,12,1.1,17.0,M,26.5,M,,*54
$GPRMC,083844.00,A,5432.26082,N,01852.68742,E,18.74,94.1,140625,,,A*60
$GPVTG,94.1,T,,M,18.74,N,34.71,K,A*3A
$HEHDT,83.2,T*16
$VWVHW,83.2,T,,M,14.48,N,26.82,K*44
$GPGGA,083845.00,5432.26061,N,01852.69618,E,1,12,1.1,16.3,M,26.5,M,,*55
$GPRMC,083845.00,A,5432.26061,N,01852.69618,E,18.76,94.2,140625,,,A*62
$GPVTG,94.2,T,,M,18.76,N,34.74,K,A*3E
$HEHDT,83.1,T*15
$VWVHW,83.1,T,,M,14.41,N,26.69,K*4B
$GPGSV,2,1,08,03,67,049,45,08,41,104,46,11,20,159,46,14,45,214,46*7A
$GPGSV,2,2,08,17,65,271,47,22,23,319,46,28,13,359,45,31,60,129,46*71
$GAGSV,2,1,05,04,50,079,46,09,33,189,46,12,63,244,46,24,09,294,46*6C
$GAGSV,2,2,05,31,20,029,46*54
$GPZDA,083845.00,14,06,2025,00,00*62
$GPGGA,083846.00,5432.26012,N,01852.70523,E,1,12,1.1,16.4,M,26.5,M,,*56
$GPRMC,083846.00,A,5432.26012,N,01852.70523,E,18.67,93.2,140625,,,A*61
$GPVTG,93.2,T,,M,18.67,N,34.58,K,A*37
$HEHDT,82.6,T*13
$VWVHW,82.6,T,,M,14.34,N,26.56,K*43
$GPGGA,083847.00,5432.26010,N,01852.71433,E,1,12,1.1,16.5,M,26.5,M,,*55
$GPRMC,083847.00,A,5432.26010,N,01852.71433,E,18.81,93.5,140625,,,A*6C
$GPVTG,93.5,T,,M,18.81,N,34.83,K,A*3E
$HEHDT,83.5,T*11
$VWVHW,83.5,T,,M,14.28,N,26.44,K*4F
$GPGGA,083848.00,5432.25936,N,01852.72325,E,1,12,1.1,16.9,M,26.5,M,,*5B
$GPRMC,083848.00,A,5432.25936,N,01852.72325,E,18.81,93.9,140625,,,A*62
$GPVTG,93.9,T,,M,18.81,N,34.84,K,A*35
$HEHDT,83.1,T*15
$VWVHW,83.1,T,,M,14.42,N,26.71,K*41
$GPGGA,083849.00,5432.25906,N,01852.73200,E,1,12,1.1,16.5,M,26.5,M,,*52
$GPRMC,083849.00,A,5432.25906,N,01852.73200,E,18.84,94.2,140625,,,A*6E
$GPVTG,94.2,T,,M,18.84,N,34.89,K,A*31
$HEHDT,82.9,T*1C
$VWVHW,82.9,T,,M,14.41,N,26.69,K*42
$GPGGA,083850.00,5432.25885,N,01852.74090,E,1,12,1.1,16.5,M,26.5,M,,*5C
$GPRMC,083850.00,A,5432.25885,N,01852.74090,E,18.82,93.3,140625,,,A*60
$GPVTG,93.3,T,,M,18.82,N,34.85,K,A*3D
$HEHDT,83.1,T*15
$VWVHW,83.1,T,,M,14.44,N,26.73,K*45
$GPGSV,2,1,08,03,67,049,46,08,41,104,46,11,20,159,46,14,45,214,46*79
$GPGSV,2,2,08,17,65,271,46,22,23,319,45,28,13,359,46,31,60,129,46*70
$GAGSV,2,1,05,04,50,079,46,09,33,189,46,12,63,244,46,24,09,294,46*6C
$GAGSV,2,2,05,31,20,029,45*57
$GPZDA,083850.00,14,06,2025,00,00*66
$GPGGA,083851.00,5432.25823,N,01852.75060,E,1,12,1.1,16.4,M,26.5,M,,*5E
$GPRMC,083851.00,A,5432.25823,N,01852.75060,E,18.84,93.5,140625,,,A*63
$GPVTG,93.5,T,,M,18.84,N,34.89,K,A*31
$HEHDT,83.5,T*11
$VWVHW,83.5,T,,M,14.46,N,26.78,K*48
$GPGGA,083852.00,5432.25823,N,01852.75904,E,1,12,1.1,16.2,M,26.5,M,,*50
$GPRMC,083852.00,A,5432.25823,N,01852.75904,E,18.74,93.8,140625,,,A*69
$GPVTG,93.8,T,,M,18.74,N,34.71,K,A*34
$HEHDT,83.3,T*17
$VWVHW,83.3,T,,M,14.38,N,26.63,K*4D
$GPGGA,083853.00,5432.25818,N,01852.76795,E,1,12,1.1,16.9,M,26.5,M,,*57
$GPRMC,083853.00,A,5432.25818,N,01852.76795,E,18.81,93.5,140625,,,A*62
$GPVTG,93.5,T,,M,18.81,N,34.84,K,A*39
$HEHDT,83.0,T*14
$VWVHW,83.0,T,,M,14.39,N,26.65,K*49
$GPGGA,083854.00,5432.25747,N,01852.77650,E,1,12,1.1,16.8,M,26.5,M,,*5D
$GPRMC,083854.00,A,5432.25747,N,01852.77650,E,18.79,93.5,140625,,,A*6E
$GPVTG,93.5,T,,M,18.79,N,34.80,K,A*3A
$HEHDT,83.7,T*13
$VWVHW,83.7,T,,M,14.52,N,26.89,K*41
$GPGGA,083855.00,5432.25696,N,01852.78548,E,1,12,1.1,16.5,M,26.5,M,,*59
$GPRMC,083855.00,A,5432.25696,N,01852.78548,E,18.71,93.3,140625,,,A*69
$GPVTG,93.3,T,,M,18.71,N,34.66,K,A*3C
$HEHDT,83.3,T*17
$VWVHW,83.3,T,,M,14.47,N,26.80,K*48
$GPGSV,2,1,08,03,67,049,46,08,41,104,46,11,20,159,46,14,45,214,46*79
$GPGSV,2,2,08,17,65,271,46,22,23,319,46,28,13,359,46,31,60,129,46*73
$GAGSV,2,1,05,04,50,079,46,09,33,189,46,12,63,244,45,24,09,294,47*6E
$GAGSV,2,2,05,31,20,029,46*54
$GPZDA,083855.00,14,06,2025,00,00*63
$GPGGA,083856.00,5432.25713,N,01852.79440,E,1,12,1.1,17.0,M,26.5,M,,*5A
$GPRMC,083856.00,A,5432.25713,N,01852.79440,E,18.87,94.0,140625,,,A*63
$GPVTG,94.0,T,,M,18.87,N,34.95,K,A*3D
$HEHDT,83.1,T*15
$VWVHW,83.1,T,,M,14.36,N,26.59,K*48
$GPGGA,083857.00,5432.25675,N,01852.80301,E,1,12,1.1,17.0,M,26.5,M,,*5E
$GPRMC,083857.00,A,5432.25675,N,01852.80301,E,18.87,93.9,140625,,,A*69
$GPVTG,93.9,T,,M,18.87,N,34.94,K,A*32
$HEHDT,83.4,T*10
$VWVHW,83.4,T,,M,14.42,N,26.70,K*45
$GPGGA,083858.00,5432.25633,N,01852.81209,E,1,12,1.1,17.3,M,26.5,M,,*58
$GPRMC,083858.00,A,5432.25633,N,01852.81209,E,18.93,94.0,140625,,,A*67
$GPVTG,94.0,T,,M,18.93,N,35.07,K,A*32
$HEHDT,83.5,T*11
$VWVHW,83.5,T,,M,14.48,N,26.81,K*40
$GPGGA,083859.00,5432.25587,N,01852.82028,E,1,12,1.1,16.5,M,26.5,M,,*50
$GPRMC,083859.00,A,5432.25587,N,01852.82028,E,18.76,93.7,140625,,,A*63
$GPVTG,93.7,T,,M,18.76,N,34.75,K,A*3D
$HEHDT,83.2,T*16
$VWVHW,83.2,T,,M,14.47,N,26.80,K*49
$GPGGA,083900.00,5432.25570,N,01852.82955,E,1,12,1.1,16.5,M,26.5,M,,*56
$GPRMC,083900.00,A,5432.25570,N,01852.82955,E,18.79,93.6,140625,,,A*6B
$GPVTG,93.6,T,,M,18.79,N,34.80,K,A*39
$HEHDT,83.3,T*17
$VWVHW,83.3,T,,M,14.64,N,27.12,K*43
$GPGSV,2,1,08,03,67,049,46,08,41,104,46,11,20,159,46,14,45,214,46*79
$GPGSV,2,2,08,17,65,271,45,22,23,319,46,28,13,359,46,31,60,129,47*71
$GAGSV,2,1,05,04,50,079,46,09,33,189,46,12,63,244,46,24,09,294,46*6C
$GAGSV,2,2,05,31,20,029,46*54
$GPZDA,083900.00,14,06,2025,00,00*62
$GPGGA,083901.00,5432.25549,N,01852.83763,E,1,12,1.1,16.8,M,26.5,M,,*5A
$GPRMC,083901.00,A,5432.25549,N,01852.83763,E,18.88,93.4,140625,,,A*66
$GPVTG,93.4,T,,M,18.88,N,34.97,K,A*33
$HEHDT,83.1,T*15
$VWVHW,83.1,T,,M,14.59,N,27.03,K*4F
$GPGGA,083902.00,5432.25509,N,01852.84609,E,1,12,1.1,16.6,M,26.5,M,,*59
$GPRMC,083902.00,A,5432.25509,N,01852.84609,E,18.83,93.2,140625,,,A*66
$GPVTG,93.2,T,,M,18.83,N,34.87,K,A*3F
$HEHDT,83.2,T*16
$VWVHW,83.2,T,,M,14.50,N,26.85,K*4A
$GPGGA,083903.00,5432.25502,N,01852.85574,E,1,12,1.1,16.4,M,26.5,M,,*59
$GPRMC,083903.00,A,5432.25502,N,01852.85574,E,18.83,93.9,140625,,,A*6F
$GPVTG,93.9,T,,M,18.83,N,34.88,K,A*3B
$HEHDT,83.2,T*16
$VWVHW,83.2,T,,M,14.40,N,26.67,K*47
$GPGGA,083904.00,5432.25511,N,01852.86440,E,1,12,1.1,16.9,M,26.5,M,,*54
$GPRMC,083904.00,A,5432.25511,N,01852.86440,E,18.74,93.8,140625,,,A*66
$GPVTG,93.8,T,,M,18.74,N,34.71,K,A*34
$HEHDT,83.0,T*14
$VWVHW,83.0,T,,M,14.52,N,26.90,K*4E
$GPGGA,083905.00,5432.25443,N,01852.87381,E,1,12,1.1,16.8,M,26.5,M,,*59
$GPRMC,083905.00,A,5432.25443,N,01852.87381,E,18.73,93.2,140625,,,A*67
$GPVTG,93.2,T,,M,18.73,N,34.69,K,A*30
$HEHDT,83.6,T*12
$VWVHW,83.6,T,,M,14.49,N,26.84,K*47
$GPGSV,2,1,08,03,67,049,45,08,41,104,46,11,20,159,46,14,45,214,45*79
$GPGSV,2,2,08,17,65,271,46,22,23,319,46,28,13,359,47,31,60,129,46*72
$GAGSV,2,1,05,04,50,079,46,09,33,189,46,12,63,244,46,24,09,294,46*6C
$GAGSV,2,2,05,31,20,029,46*54
$GPZDA,083905.00,14,06,2025,00,00*67
$GPGGA,083906.00,5432.25389,N,01852.88275,E,1,12,1.1,16.8,M,26.5,M,,*5E
$GPRMC,083906.00,A,5432.25389,N,01852.88275,E,18.76,93.9,140625,,,A*6E
$GPVTG,93.9,T,,M,18.76,N,34.73,K,A*35
$HEHDT,83.1,T*15
$VWVHW,83.1,T,,M,14.46,N,26.78,K*4C
$GPGGA,083907.00,5432.25334,N,01852.89180,E,1,12,1.1,16.5,M,26.5,M,,*5C
$GPRMC,083907.00,A,5432.25334,N,01852.89180,E,18.74,93.4,140625,,,A*6E
$GPVTG,93.4,T,,M,18.74,N,34.71,K,A*38
$HEHDT,83.3,T*17
$VWVHW,83.3,T,,M,14.48,N,26.82,K*45
$GPGGA,083908.00,5432.25293,N,01852.90054,E,1,12,1.1,16.6,M,26.5,M,,*5C
$GPRMC,083908.00,A,5432.25293,N,01852.90054,E,18.81,94.0,140625,,,A*64
$GPVTG,94.0,T,,M,18.81,N,34.84,K,A*3B
$HEHDT,83.6,T*12
$VWVHW,83.6,T,,M,14.28,N,26.44,K*4C
$GPGGA,083909.00,5432.25268,N,01852.90967,E,1,12,1.1,16.2,M,26.5,M,,*54
$GPRMC,083909.00,A,5432.25268,N,01852.90967,E,18.80,93.8,140625,,,A*66
$GPVTG,93.8,T,,M,18.80,N,34.82,K,A*33
$HEHDT,82.7,T*12
$VWVHW,82.7,T,,M,14.47,N,26.81,K*4C
$GPGGA,083910.00,5432.25262,N,01852.91815,E,1,12,1.1,16.3,M,26.5,M,,*52
$GPRMC,083910.00,A,5432.25262,N,01852.91815,E,18.80,93.2,140625,,,A*6B
$GPVTG,93.2,T,,M,18.80,N,34.81,K,A*3A
$HEHDT,83.6,T*12
$VWVHW,83.6,T,,M,14.42,N,26.71,K*46
$GPGSV,2,1,08,03,67,049,46,08,41,104,46,11,20,159,46,14,45,214,45*7A
$GPGSV,2,2,08,17,65,271,46,22,23,319,47,28,13,359,46,31,60,129,46*72
$GAGSV,2,1,05,04,50,079,46,09,33,189,46,12,63,244,46,24,09,294,45*6F
$GAGSV,2,2,05,31,20,029,47*55
$GPZDA,083910.00,14,06,2025,00,00*63
$GPGGA,083911.00,5432.25221,N,01852.92682,E,1,12,1.1,16.2,M,26.5,M,,*56
$GPRMC,083911.00,A,5432.25221,N,01852.92682,E,18.72,93.5,140625,,,A*64
$GPVTG,93.5,T,,M,18.72,N,34.67,K,A*38
$HEHDT,83.4,T*10
$VWVHW,83.4,T,,M,14.42,N,26.70,K*45
$GPGGA,083912.00,5432.25225,N,01852.93590,E,1,12,1.1,16.6,M,26.5,M,,*54
$GPRMC,083912.00,A,5432.25225,N,01852.93590,E,18.82,93.7,140625,,,A*6F
$GPVTG,93.7,T,,M,18.82,N,34.86,K,A*3A
$HEHDT,83.5,T*11
$VWVHW,83.5,T,,M,14.56,N,26.97,K*48
$GPGGA,083913.00,5432.25171,N,01852.94549,E,1,12,1.1,16.8,M,26.5,M,,*5A
$GPRMC,083913.00,A,5432.25171,N,01852.94549,E,18.87,94.0,140625,,,A*6A
$GPVTG,94.0,T,,M,18.87,N,34.95,K,A*3D
$HEHDT,83.0,T*14
$VWVHW,83.0,T,,M,14.57,N,26.98,K*43
$GPGGA,083914.00,5432.25109,N,01852.95374,E,1,12,1.1,16.9,M,26.5,M,,*5A
$GPRMC,083914.00,A,5432.25109,N,01852.95374,E,18.77,93.6,140625,,,A*65
$GPVTG,93.6,T,,M,18.77,N,34.76,K,A*3E
$HEHDT,83.0,T*14
$VWVHW,83.0,T,,M,14.61,N,27.05,K*43
$GPGGA,083915.00,5432.25144,N,01852.96276,E,1,12,1.1,16.5,M,26.5,M,,*5E
$GPRMC,083915.00,A,5432.25144,N,01852.96276,E,18.84,93.5,140625,,,A*62
$GPVTG,93.5,T,,M,18.84,N,34.89,K,A*31
$HEHDT,82.9,T*1C
$VWVHW,82.9,T,,M,14.62,N,27.08,K*45
$GPGSV,2,1,08,03,67,049,46,08,41,104,46,11,20,159,47,14,45,214,47*79
$GPGSV,2,2,08,17,65,271,45,22,23,319,45,28,13,359,46,31,60,129,46*73
$GAGSV,2,1,05,04,50,079,46,09,33,189,45,12,63,244,46,24,09,294,47*6E
$GAGSV,2,2,05,31,20,029,46*54
$GPZDA,083915.00,14,06,2025,00,00*66
$GPGGA,083916.00,5432.25050,N,01852.97169,E,1,12,1.0,16.4,M,26.5,M,,*55
$GPRMC,083916.00,A,5432.25050,N,01852.97169,E,18.75,93.1,140625,,,A*63
$GPVTG,93.1,T,,M,18.75,N,34.73,K,A*3E
$HEHDT,83.5,T*11
$VWVHW,83.5,T,,M,14.54,N,26.92,K*4F
$GPGGA,083917.00,5432.25020,N,01852.98052,E,1,12,1.0,17.0,M,26.5,M,,*50
$GPRMC,083917.00,A,5432.25020,N,01852.98052,E,18.71,93.9,140625,,,A*6F
$GPVTG,93.9,T,,M,18.71,N,34.66,K,A*36
$HEHDT,82.6,T*13
$VWVHW,82.6,T,,M,14.52,N,26.89,K*41
$GPGGA,083918.00,5432.25041,N,01852.98988,E,1,12,1.0,16.6,M,26.5,M,,*51
$GPRMC,083918.00,A,5432.25041,N,01852.98988,E,18.98,93.7,140625,,,A*60
$GPVTG,93.7,T,,M,18.98,N,35.16,K,A*39
$HEHDT,83.6,T*12
$VWVHW,83.6,T,,M,14.47,N,26.80,K*4D
$GPGGA,083919.00,5432.24967,N,01852.99841,E,1,12,1.0,16.7,M,26.5,M,,*58
$GPRMC,083919.00,A,5432.24967,N,01852.99841,E,19.00,93.8,140625,,,A*67
$GPVTG,93.8,T,,M,19.00,N,35.19,K,A*39
$HEHDT,83.5,T*11
$VWVHW,83.5,T,,M,14.53,N,26.91,K*4B
$GPGGA,083920.00,5432.24903,N,01853.00648,E,1,12,1.0,16.7,M,26.5,M,,*56
$GPRMC,083920.00,A,5432.24903,N,01853.00648,E,18.84,93.6,140625,,,A*6A
$GPVTG,93.6,T,,M,18.84,N,34.89,K,A*32
$HEHDT,83.0,T*14
$VWVHW,83.0,T,,M,14.51,N,26.88,K*44
$GPGSV,2,1,08,03,67,049,46,08,41,104,45,11,20,159,46,14,45,214,46*7A
$GPGSV,2,2,08,17,65,271,46,22,23,319,46,28,13,359,46,31,60,129,46*73
$GAGSV,2,1,05,04,50,079,46,09,33,189,47,12,63,244,46,24,09,294,46*6D
$GAGSV,2,2,05,31,20,029,46*54
$GPZDA,083920.00,14,06,2025,00,00*60
$GPGGA,083921.00,5432.24886,N,01853.01683,E,1,12,1.0,16.6,M,26.5,M,,*5C
$GPRMC,083921.00,A,5432.24886,N,01853.01683,E,18.86,93.5,140625,,,A*60
$GPVTG,93.5,T,,M,18.86,N,34.92,K,A*39
$HEHDT,83.0,T*14
$VWVHW,83.0,T,,M,14.55,N,26.95,K*4C
$GPGGA,083922.00,5432.24889,N,01853.02461,E,1,12,1.0,17.1,M,26.5,M,,*5B
$GPRMC,083922.00,A,5432.24889,N,01853.02461,E,18.78,93.4,140625,,,A*61
$GPVTG,93.4,T,,M,18.78,N,34.78,K,A*3D
$HEHDT,82.8,T*1D
$VWVHW,82.8,T,,M,14.42,N,26.70,K*48
$GPGGA,083923.00,5432.24822,N,01853.03396,E,1,12,1.0,16.7,M,26.5,M,,*52
$GPRMC,083923.00,A,5432.24822,N,01853.03396,E,18.95,93.2,140625,,,A*6A
$GPVTG,93.2,T,,M,18.95,N,35.09,K,A*3F
$HEHDT,83.0,T*14
$VWVHW,83.0,T,,M,14.37,N,26.61,K*43
$GPGGA,083924.00,5432.24823,N,01853.04314,E,1,12,1.0,17.1,M,26.5,M,,*5E
$GPRMC,083924.00,A,5432.24823,N,01853.04314,E,18.94,94.1,140625,,,A*64
$GPVTG,94.1,T,,M,18.94,N,35.09,K,A*3A
$HEHDT,83.2,T*16
$VWVHW,83.2,T,,M,14.51,N,26.87,K*49
$GPGGA,083925.00,5432.24767,N,01853.05107,E,1,12,1.0,17.1,M,26.5,M,,*51
$GPRMC,083925.00,A,5432.24767,N,01853.05107,E,18.98,93.1,140625,,,A*60
$GPVTG,93.1,T,,M,18.98,N,35.14,K,A*3D
$HEHDT,82.8,T*1D
$VWVHW,82.8,T,,M,14.46,N,26.78,K*44
$GPGSV,2,1,08,03,67,049,46,08,41,104,47,11,20,159,47,14,45,214,46*79
$GPGSV,2,2,08,17,65,271,46,22,23,319,46,28,13,359,45,31,60,129,46*70
$GAGSV,2,1,05,04,50,079,47,09,33,189,45,12,63,244,46,24,09,294,46*6E
$GAGSV,2,2,05,31,20,029,45*57
$GPZDA,083925.00,14,06,2025,00,00*65
$GPGGA,083926.00,5432.24704,N,01853.06082,E,1,12,1.0,17.1,M,26.5,M,,*58
$GPRMC,083926.00,A,5432.24704,N,01853.06082,E,18.95,93.8,140625,,,A*6D
$GPVTG,93.8,T,,M,18.95,N,35.10,K,A*3D
$HEHDT,83.6,T*12
$VWVHW,83.6,T,,M,14.50,N,26.85,K*4E
$GPGGA,083927.00,5432.24668,N,01853.06937,E,1,12,1.0,17.1,M,26.5,M,,*55
$GPRMC,083927.00,A,5432.24668,N,01853.06937,E,18.84,94.0,140625,,,A*6F
$GPVTG,94.0,T,,M,18.84,N,34.89,K,A*33
$HEHDT,83.2,T*16
$VWVHW,83.2,T,,M,14.51,N,26.88,K*46
$GPGGA,083928.00,5432.24661,N,01853.07857,E,1,12,1.0,17.5,M,26.5,M,,*51
$GPRMC,083928.00,A,5432.24661,N,01853.07857,E,18.89,93.8,140625,,,A*6D
$GPVTG,93.8,T,,M,18.89,N,34.99,K,A*30
$HEHDT,83.4,T*10
$VWVHW,83.4,T,,M,14.43,N,26.73,K*47
$GPGGA,083929.00,5432.24577,N,01853.08800,E,1,12,1.0,17.2,M,26.5,M,,*5E
$GPRMC,083929.00,A,5432.24577,N,01853.08800,E,18.94,93.9,140625,,,A*68
$GPVTG,93.9,T,,M,18.94,N,35.09,K,A*35
$HEHDT,82.9,T*1C
$VWVHW,82.9,T,,M,14.51,N,26.87,K*43
$GPGGA,083930.00,5432.24583,N,01853.09733,E,1,12,1.0,16.8,M,26.5,M,,*58
$GPRMC,083930.00,A,5432.24583,N,01853.09733,E,18.88,93.0,140625,,,A*61
$GPVTG,93.0,T,,M,18.88,N,34.97,K,A*37
$HEHDT,82.5,T*10
$VWVHW,82.5,T,,M,14.54,N,26.92,K*4E
$GPGSV,2,1,08,03,67,049,46,08,41,104,46,11,20,159,46,14,45,214,45*7A
$GPGSV,2,2,08,17,65,271,46,22,23,319,46,28,13,359,46,31,60,129,46*73
$GAGSV,2,1,05,04,50,079,46,09,33,189,46,12,63,244,46,24,09,294,46*6C
$GAGSV,2,2,05,31,20,029,46*54
$GPZDA,083930.00,14,06,2025,00,00*61
$GPGGA,083931.00,5432.24569,N,01853.10560,E,1,12,1.0,16.7,M,26.5,M,,*5E
$GPRMC,083931.00,A,5432.24569,N,01853.10560,E,18.87,93.7,140625,,,A*60
$GPVTG,93.7,T,,M,18.87,N,34.95,K,A*3D
$HEHDT,83.2,T*16
$VWVHW,83.2,T,,M,14.53,N,26.90,K*4D
$GPGGA,083932.00,5432.24506,N,01853.11464,E,1,12,1.0,17.5,M,26.5,M,,*53
$GPRMC,083932.00,A,5432.24506,N,01853.11464,E,18.86,93.7,140625,,,A*6F
$GPVTG,93.7,T,,M,18.86,N,34.93,K,A*3A
$HEHDT,82.9,T*1C
$VWVHW,82.9,T,,M,14.50,N,26.86,K*43
$GPGGA,083933.00,5432.24460,N,01853.12339,E,1,12,1.0,17.3,M,26.5,M,,*59
$GPRMC,083933.00,A,5432.24460,N,01853.12339,E,18.93,93.9,140625,,,A*69
$GPVTG,93.9,T,,M,18.93,N,35.06,K,A*3D
$HEHDT,83.4,T*10
$VWVHW,83.4,T,,M,14.48,N,26.81,K*41
$GPGGA,083934.00,5432.24438,N,01853.13181,E,1,12,1.0,16.9,M,26.5,M,,*58
$GPRMC,083934.00,A,5432.24438,N,01853.13181,E,18.78,93.4,140625,,,A*6B
$GPVTG,93.4,T,,M,18.78,N,34.79,K,A*3C
$HEHDT,83.5,T*11
$VWVHW,83.5,T,,M,14.51,N,26.88,K*41
$GPGGA,083935.00,5432.24411,N,01853.14097,E,1,12,1.0,17.2,M,26.5,M,,*59
$GPRMC,083935.00,A,5432.24411,N,01853.14097,E,18.91,94.0,140625,,,A*64
$GPVTG,94.0,T,,M,18.91,N,35.01,K,A*36
$HEHDT,83.1,T*15
$VWVHW,83.1,T,,M,14.46,N,26.78,K*4C
$GPGSV,2,1,08,03,67,050,46,08,41,104,47,11,20,160,46,14,45,214,46*7A
$GPGSV,2,2,08,17,65,272,47,22,23,320,46,28,13,360,46,31,60,130,46*79
$GAGSV,2,1,05,04,50,080,46,09,33,190,46,12,63,244,46,24,09,294,46*62
$GAGSV,2,2,05,31,20,030,47*5D
$GPZDA,083935.00,14,06,2025,00,00*64
$GPGGA,083936.00,5432.24411,N,01853.15041,E,1,12,1.0,17.2,M,26.5,M,,*50
$GPRMC,083936.00,A,5432.24411,N,01853.15041,E,18.81,93.8,140625,,,A*63
$GPVTG,93.8,T,,M,18.81,N,34.83,K,A*33
$HEHDT,83.1,T*15
$VWVHW,83.1,T,,M,14.70,N,27.23,K*46
$GPGGA,083937.00,5432.24393,N,01853.15885,E,1,12,1.0,17.4,M,26.5,M,,*5A
$GPRMC,083937.00,A,5432.24393,N,01853.15885,E,18.89,93.8,140625,,,A*67
$GPVTG,93.8,T,,M,18.89,N,34.99,K,A*30
$HEHDT,82.8,T*1D
$VWVHW,82.8,T,,M,14.54,N,26.92,K*43
$GPGGA,083938.00,5432.24278,N,01853.16714,E,1,12,1.0,17.0,M,26.5,M,,*51
$GPRMC,083938.00,A,5432.24278,N,01853.16714,E,18.90,93.6,140625,,,A*6E
$GPVTG,93.6,T,,M,18.90,N,35.00,K,A*37
$HEHDT,83.1,T*15
$VWVHW,83.1,T,,M,14.57,N,26.98,K*42
$GPGGA,083939.00,5432.24241,N,01853.17657,E,1,12,1.0,17.0,M,26.5,M,,*5D
$GPRMC,083939.00,A,5432.24241,N,01853.17657,E,18.92,93.6,140625,,,A*60
$GPVTG,93.6,T,,M,18.92,N,35.05,K,A*30
$HEHDT,83.3,T*17
$VWVHW,83.3,T,,M,14.46,N,26.77,K*41
$GPGGA,083940.00,5432.24219,N,01853.18616,E,1,12,1.0,17.3,M,26.5,M,,*57
$GPRMC,083940.00,A,5432.24219,N,01853.18616,E,18.98,93.8,140625,,,A*6D
$GPVTG,93.8,T,,M,18.98,N,35.15,K,A*35
$HEHDT,83.2,T*16
$VWVHW,83.2,T,,M,14.60,N,27.05,K*40
$GPGSV,2,1,08,03,67,050,47,08,41,105,47,11,20,160,46,14,45,215,46*7B
$GPGSV,2,2,08,17,65,272,47,22,23,320,46,28,13,360,47,31,60,130,47*79
$GAGSV,2,1,05,04,50,080,46,09,33,190,46,12,63,245,46,24,09,295,46*62
$GAGSV,2,2,05,31,20,030,46*5C
$GPZDA,083940.00,14,06,2025,00,00*66
$GPGGA,083941.00,5432.24227,N,01853.19461,E,1,12,1.0,17.7,M,26.5,M,,*5C
$GPRMC,083941.00,A,5432.24227,N,01853.19461,E,18.86,93.8,140625,,,A*6D
$GPVTG,93.8,T,,M,18.86,N,34.93,K,A*35
$HEHDT,83.1,T*15
$VWVHW,83.1,T,,M,14.71,N,27.24,K*40
$GPGGA,083942.00,5432.24149,N,01853.20437,E,1,12,1.0,17.4,M,26.5,M,,*5E
$GPRMC,083942.00,A,5432.24149,N,01853.20437,E,18.95,93.9,140625,,,A*6F
$GPVTG,93.9,T,,M,18.95,N,35.10,K,A*3C
$HEHDT,83.1,T*15
$VWVHW,83.1,T,,M,14.57,N,26.98,K*42
$GPGGA,083943.00,5432.24152,N,01853.21321,E,1,12,1.0,17.1,M,26.5,M,,*51
$GPRMC,083943.00,A,5432.24152,N,01853.21321,E,18.94,93.7,140625,,,A*6A
$GPVTG,93.7,T,,M,18.94,N,35.09,K,A*3B
$HEHDT,83.0,T*14
$VWVHW,83.0,T,,M,14.66,N,27.15,K*45
$GPGGA,083944.00,5432.24137,N,01853.22228,E,1,12,1.0,17.6,M,26.5,M,,*59
$GPRMC,083944.00,A,5432.24137,N,01853.22228,E,18.93,93.7,140625,,,A*62
$GPVTG,93.7,T,,M,18.93,N,35.06,K,A*33
$HEHDT,83.3,T*17
$VWVHW,83.3,T,,M,14.53,N,26.92,K*4E
$GPGGA,083945.00,5432.24130,N,01853.23099,E,1,12,1.0,17.6,M,26.5,M,,*56
$GPRMC,083945.00,A,5432.24130,N,01853.23099,E,18.87,93.3,140625,,,A*6C
$GPVTG,93.3,T,,M,18.87,N,34.95,K,A*39
$HEHDT,83.2,T*16
$VWVHW,83.2,T,,M,14.57,N,26.98,K*41
$GPGSV,2,1,08,03,67,050,46,08,41,105,45,11,20,160,46,14,45,215,46*78
$GPGSV,2,2,08,17,65,272,46,22,23,320,46,28,13,360,46,31,60,130,46*78
$GAGSV,2,1,05,04,50,080,47,09,33,190,45,12,63,245,46,24,09,295,46*60
$GAGSV,2,2,05,31,20,030,47*5D
$GPZDA,083945.00,14,06,2025,00,00*63
$GPGGA,083946.00,5432.24053,N,01853.24047,E,1,12,1.0,17.8,M,26.5,M,,*5B
$GPRMC,083946.00,A,5432.24053,N,01853.24047,E,18.90,93.6,140625,,,A*6C
$GPVTG,93.6,T,,M,18.90,N,35.00,K,A*37
$HEHDT,83.0,T*14
$VWVHW,83.0,T,,M,14.71,N,27.25,K*40
$GPGGA,083947.00,5432.23991,N,01853.24956,E,1,12,1.0,18.0,M,26.5,M,,*54
$GPRMC,083947.00,A,5432.23991,N,01853.24956,E,18.89,93.9,140625,,,A*63
$GPVTG,93.9,T,,M,18.89,N,34.99,K,A*31
$HEHDT,83.1,T*15
$VWVHW,83.1,T,,M,14.54,N,26.93,K*4A
$GPGGA,083948.00,5432.23951,N,01853.25823,E,1,12,1.0,17.4,M,26.5,M,,*5E
$GPRMC,083948.00,A,5432.23951,N,01853.25823,E,18.86,93.5,140625,,,A*61
$GPVTG,93.5,T,,M,18.86,N,34.94,K,A*3F
$HEHDT,83.1,T*15
$VWVHW,83.1,T,,M,14.47,N,26.79,K*4C
$GPGGA,083949.00,5432.23954,N,01853.26754,E,1,12,1.0,18.0,M,26.5,M,,*5D
$GPRMC,083949.00,A,5432.23954,N,01853.26754,E,19.01,93.7,140625,,,A*65
$GPVTG,93.7,T,,M,19.01,N,35.21,K,A*3C
$HEHDT,82.9,T*1C
$VWVHW,82.9,T,,M,14.58,N,26.99,K*45
$GPGGA,083950.00,5432.23910,N,01853.27656,E,1,12,1.0,17.7,M,26.5,M,,*5F
$GPRMC,083950.00,A,5432.23910,N,01853.27656,E,19.02,93.6,140625,,,A*6D
$GPVTG,93.6,T,,M,19.02,N,35.22,K,A*3D
$HEHDT,83.1,T*15
$VWVHW,83.1,T,,M,14.62,N,27.08,K*4C
$GPGSV,2,1,08,03,67,050,46,08,41,105,47,11,20,160,47,14,45,215,45*78
$GPGSV,2,2,08,17,65,272,46,22,23,320,46,28,13,360,46,31,60,130,46*78
$GAGSV,2,1,05,04,50,080,46,09,33,190,46,12,63,245,46,24,09,295,46*62
$GAGSV,2,2,05,31,20,030,46*5C
$GPZDA,083950.00,14,06,2025,00,00*67
$GPGGA,083951.00,5432.23909,N,01853.28589,E,1,12,1.0,18.4,M,26.5,M,,*54
$GPRMC,083951.00,A,5432.23909,N,01853.28589,E,18.87,93.4,140625,,,A*64
$GPVTG,93.4,T,,M,18.87,N,34.95,K,A*3E
$HEHDT,83.3,T*17
$VWVHW,83.3,T,,M,14.49,N,26.84,K*42
$GPGGA,083952.00,5432.23887,N,01853.29408,E,1,12,1.0,17.8,M,26.5,M,,*5A
$GPRMC,083952.00,A,5432.23887,N,01853.29408,E,18.84,93.7,140625,,,A*69
$GPVTG,93.7,T,,M,18.84,N,34.89,K,A*33
$HEHDT,83.4,T*10
$VWVHW,83.4,T,,M,14.70,N,27.23,K*43
$GPGGA,083953.00,5432.23789,N,01853.30362,E,1,12,1.0,18.3,M,26.5,M,,*5D
$GPRMC,083953.00,A,5432.23789,N,01853.30362,E,18.93,93.9,140625,,,A*62
$GPVTG,93.9,T,,M,18.93,N,35.06,K,A*3D
$HEHDT,83.0,T*14
$VWVHW,83.0,T,,M,14.63,N,27.10,K*45
$GPGGA,083954.00,5432.23794,N,01853.31215,E,1,12,1.0,17.9,M,26.5,M,,*53
$GPRMC,083954.00,A,5432.23794,N,01853.31215,E,18.87,94.0,140625,,,A*62
$GPVTG,94.0,T,,M,18.87,N,34.95,K,A*3D
$HEHDT,83.2,T*16
$VWVHW,83.2,T,,M,14.63,N,27.10,K*47
$GPGGA,083955.00,5432.23733,N,01853.32224,E,1,12,1.0,17.5,M,26.5,M,,*52
$GPRMC,083955.00,A,5432.23733,N,01853.32224,E,18.93,93.8,140625,,,A*65
$GPVTG,93.8,T,,M,18.93,N,35.06,K,A*3C
$HEHDT,83.2,T*16
$VWVHW,83.2,T,,M,14.69,N,27.21,K*4F
$GPGSV,2,1,08,03,67,050,46,08,41,105,47,11,20,160,46,14,45,215,46*7A
$GPGSV,2,2,08,17,65,272,46,22,23,320,46,28,13,360,46,31,60,130,46*78
$GAGSV,2,1,05,04,50,080,45,09,33,190,46,12,63,245,45,24,09,295,46*62
$GAGSV,2,2,05,31,20,030,46*5C
$GPZDA,083955.00,14,06,2025,00,00*62
$GPGGA,083956.00,5432.23723,N,01853.33092,E,1,12,1.0,18.3,M,26.5,M,,*57
$GPRMC,083956.00,A,5432.23723,N,01853.33092,E,19.00,93.2,140625,,,A*68
$GPVTG,93.2,T,,M,19.00,N,35.19,K,A*33
$HEHDT,83.4,T*10
$VWVHW,83.4,T,,M,14.70,N,27.22,K*42
$GPGGA,083957.00,5432.23680,N,01853.33919,E,1,12,1.0,17.5,M,26.5,M,,*5D
$GPRMC,083957.00,A,5432.23680,N,01853.33919,E,19.00,93.9,140625,,,A*60
$GPVTG,93.9,T,,M,19.00,N,35.20,K,A*32
$HEHDT,83.1,T*15
$VWVHW,83.1,T,,M,14.56,N,26.96,K*4D
$GPGGA,083958.00,5432.23686,N,01853.34882,E,1,12,1.0,17.9,M,26.5,M,,*5C
$GPRMC,083958.00,A,5432.23686,N,01853.34882,E,19.02,93.7,140625,,,A*61
$GPVTG,93.7,T,,M,19.02,N,35.22,K,A*3C
$HEHDT,82.5,T*10
$VWVHW,82.5,T,,M,14.68,N,27.19,K*43
$GPGGA,083959.00,5432.23602,N,01853.35859,E,1,12,1.0,17.8,M,26.5,M,,*57
$GPRMC,083959.00,A,5432.23602,N,01853.35859,E,19.01,93.4,140625,,,A*6B
$GPVTG,93.4,T,,M,19.01,N,35.21,K,A*3F
$HEHDT,83.6,T*12
$VWVHW,83.6,T,,M,14.62,N,27.08,K*4B
$GPGGA,084000.00,5432.23586,N,01853.36724,E,1,12,1.0,17.5,M,26.5,M,,*51
$GPRMC,084000.00,A,5432.23586,N,01853.36724,E,19.08,93.7,140625,,,A*6A
$GPVTG,93.7,T,,M,19.08,N,35.33,K,A*36
$HEHDT,83.2,T*16
$VWVHW,83.2,T,,M,14.59,N,27.02,K*4D
$GPGSV,2,1,08,03,67,050,45,08,41,105,46,11,20,160,46,14,45,215,47*79
$GPGSV,2,2,08,17,65,272,46,22,23,320,46,28,13,360,46,31,60,130,46*78
$GAGSV,2,1,05,04,50,080,46,09,33,190,46,12,63,245,46,24,09,295,46*62
$GAGSV,2,2,05,31,20,030,46*5C
$GPZDA,084000.00,14,06,2025,00,00*6C
$GPGGA,084001.00,5432.23540,N,01853.37671,E,1,12,1.0,18.4,M,26.5,M,,*54
$GPRMC,084001.00,A,5432.23540,N,01853.37671,E,18.96,93.5,140625,,,A*65
$GPVTG,93.5,T,,M,18.96,N,35.11,K,A*32
$HEHDT,83.2,T*16
$VWVHW,83.2,T,,M,14.61,N,27.06,K*42
$GPGGA,084002.00,5432.23526,N,01853.38629,E,1,12,1.0,17.9,M,26.5,M,,*57
$GPRMC,084002.00,A,5432.23526,N,01853.38629,E,18.96,93.7,140625,,,A*66
$GPVTG,93.7,T,,M,18.96,N,35.11,K,A*30
$HEHDT,83.6,T*12
$VWVHW,83.6,T,,M,14.79,N,27.38,K*42
$GPGGA,084003.00,5432.23458,N,01853.39523,E,1,12,1.0,17.7,M,26.5,M,,*58
$GPRMC,084003.00,A,5432.23458,N,01853.39523,E,19.09,93.4,140625,,,A*63
$GPVTG,93.4,T,,M,19.09,N,35.35,K,A*32
$HEHDT,83.3,T*17
$VWVHW,83.3,T,,M,14.65,N,27.13,K*43
$GPGGA,084004.00,5432.23453,N,01853.40344,E,1,12,1.0,17.9,M,26.5,M,,*53
$GPRMC,084004.00,A,5432.23453,N,01853.40344,E,19.01,93.7,140625,,,A*6D
$GPVTG,93.7,T,,M,19.01,N,35.20,K,A*3D
$HEHDT,83.5,T*11
$VWVHW,83.5,T,,M,14.60,N,27.04,K*46
$GPGGA,084005.00,5432.23407,N,01853.41352,E,1,12,1.0,17.9,M,26.5,M,,*55
$GPRMC,084005.00,A,5432.23407,N,01853.41352,E,19.06,93.2,140625,,,A*69
$GPVTG,93.2,T,,M,19.06,N,35.29,K,A*36
$HEHDT,83.0,T*14
$VWVHW,83.0,T,,M,14.77,N,27.36,K*44
$GPGSV,2,1,08,03,67,050,46,08,41,105,46,11,20,160,46,14,45,215,46*7B
$GPGSV,2,2,08,17,65,272,46,22,23,320,47,28,13,360,46,31,60,130,45*7A
$GAGSV,2,1,05,04,50,080,47,09,33,190,45,12,62,245,45,24,09,295,47*63
$GAGSV,2,2,05,31,20,030,47*5D
$GPZDA,084005.00,14,06,2025,00,00*69
$GPGGA,084006.00,5432.23389,N,01853.42092,E,1,12,1.0,17.7,M,26.5,M,,*55
$GPRMC,084006.00,A,5432.23389,N,01853.42092,E,19.09,93.4,140625,,,A*6E
$GPVTG,93.4,T,,M,19.09,N,35.36,K,A*31
$HEHDT,83.1,T*15
$VWVHW,83.1,T,,M,14.67,N,27.17,K*47
$GPGGA,084007.00,5432.23342,N,01853.43068,E,1,12,1.0,18.4,M,26.5,M,,*5B
$GPRMC,084007.00,A,5432.23342,N,01853.43068,E,19.10,93.4,140625,,,A*64
$GPVTG,93.4,T,,M,19.10,N,35.37,K,A*38
$HEHDT,83.5,T*11
$VWVHW,83.5,T,,M,14.78,N,27.36,K*4E
$GPGGA,084008.00,5432.23326,N,01853.44065,E,1,12,1.0,17.6,M,26.5,M,,*51
$GPRMC,084008.00,A,5432.23326,N,01853.44065,E,19.02,93.3,140625,,,A*67
$GPVTG,93.3,T,,M,19.02,N,35.22,K,A*38
$HEHDT,83.4,T*10
$VWVHW,83.4,T,,M,14.78,N,27.38,K*41
$GPGGA,084009.00,5432.23276,N,01853.44867,E,1,12,1.0,16.9,M,26.5,M,,*50
$GPRMC,084009.00,A,5432.23276,N,01853.44867,E,18.97,93.3,140625,,,A*65
$GPVTG,93.3,T,,M,18.97,N,35.12,K,A*36
$HEHDT,83.2,T*16
$VWVHW,83.2,T,,M,14.74,N,27.30,K*43
$GPGGA,084010.00,5432.23306,N,01853.45755,E,1,12,1.0,17.1,M,26.5,M,,*58
$GPRMC,084010.00,A,5432.23306,N,01853.45755,E,19.03,93.3,140625,,,A*68
$GPVTG,93.3,T,,M,19.03,N,35.24,K,A*3F
$HEHDT,82.9,T*1C
$VWVHW,82.9,T,,M,14.69,N,27.21,K*45
$GPGSV,2,1,08,03,67,050,47,08,41,105,46,11,20,160,45,14,45,215,46*79
$GPGSV,2,2,08,17,65,272,46,22,23,320,46,28,13,360,45,31,60,130,46*7B
$GAGSV,2,1,05,04,50,080,46,09,33,190,46,12,62,245,46,24,09,295,45*60
$GAGSV,2,2,05,31,20,030,45*5F
$GPZDA,084010.00,14,06,2025,00,00*6D
$GPGGA,084011.00,5432.23195,N,01853.46700,E,1,12,1.0,17.8,M,26.5,M,,*5B
$GPRMC,084011.00,A,5432.23195,N,01853.46700,E,18.93,93.1,140625,,,A*68
$GPVTG,93.1,T,,M,18.93,N,35.06,K,A*35
$HEHDT,82.6,T*13
$VWVHW,82.6,T,,M,14.45,N,26.76,K*47
$GPGGA,084012.00,5432.23162,N,01853.47595,E,1,12,1.0,17.7,M,26.5,M,,*50
$GPRMC,084012.00,A,5432.23162,N,01853.47595,E,19.03,93.8,140625,,,A*6D
$GPVTG,93.8,T,,M,19.03,N,35.25,K,A*35
$HEHDT,83.2,T*16
$VWVHW,83.2,T,,M,14.71,N,27.24,K*43
$GPGGA,084013.00,5432.23211,N,01853.48501,E,1,12,1.0,17.3,M,26.5,M,,*50
$GPRMC,084013.00,A,5432.23211,N,01853.48501,E,19.02,93.7,140625,,,A*67
$GPVTG,93.7,T,,M,19.02,N,35.23,K,A*3D
$HEHDT,83.1,T*15
$VWVHW,83.1,T,,M,14.74,N,27.31,K*41
$GPGGA,084014.00,5432.23139,N,01853.49425,E,1,12,1.0,17.6,M,26.5,M,,*5D
$GPRMC,084014.00,A,5432.23139,N,01853.49425,E,19.04,93.0,140625,,,A*6E
$GPVTG,93.0,T,,M,19.04,N,35.26,K,A*39
$HEHDT,83.5,T*11
$VWVHW,83.5,T,,M,14.56,N,26.97,K*48
$GPGGA,084015.00,5432.23153,N,01853.50347,E,1,12,1.0,17.8,M,26.5,M,,*55
$GPRMC,084015.00,A,5432.23153,N,01853.50347,E,19.04,93.5,140625,,,A*6D
$GPVTG,93.5,T,,M,19.04,N,35.27,K,A*3D
$HEHDT,83.2,T*16
$VWVHW,83.2,T,,M,14.68,N,27.19,K*45
$GPGSV,2,1,08,03,67,050,46,08,41,105,46,11,20,160,46,14,45,215,45*78
$GPGSV,2,2,08,17,65,272,46,22,23,320,46,28,13,360,46,31,60,130,46*78
$GAGSV,2,1,05,04,50,080,46,09,33,190,46,12,62,245,45,24,09,295,46*60
$GAGSV,2,2,05,31,20,030,46*5C
$GPZDA,084015.00,14,06,2025,00,00*68
$GPGGA,084016.00,5432.23108,N,01853.51285,E,1,12,1.0,17.5,M,26.5,M,,*5B
$GPRMC,084016.00,A,5432.23108,N,01853.51285,E,18.98,93.9,140625,,,A*66
$GPVTG,93.9,T,,M,18.98,N,35.14,K,A*35
$HEHDT,83.2,T*16
$VWVHW,83.2,T,,M,14.64,N,27.12,K*42
$GPGGA,084017.00,5432.23056,N,01853.52185,E,1,12,1.0,17.5,M,26.5,M,,*50
$GPRMC,084017.00,A,5432.23056,N,01853.52185,E,18.98,93.4,140625,,,A*60
$GPVTG,93.4,T,,M,18.98,N,35.15,K,A*39
$HEHDT,83.4,T*10
$VWVHW,83.4,T,,M,14.71,N,27.24,K*45
$GPGGA,084018.00,5432.23051,N,01853.53109,E,1,12,1.0,17.4,M,26.5,M,,*5C
$GPRMC,084018.00,A,5432.23051,N,01853.53109,E,18.93,94.1,140625,,,A*64
$GPVTG,94.1,T,,M,18.93,N,35.06,K,A*32
$HEHDT,83.6,T*12
$VWVHW,83.6,T,,M,14.73,N,27.28,K*49
$GPGGA,084019.00,5432.22992,N,01853.53984,E,1,12,1.0,17.4,M,26.5,M,,*57
$GPRMC,084019.00,A,5432.22992,N,01853.53984,E,19.20,93.6,140625,,,A*66
$GPVTG,93.6,T,,M,19.20,N,35.55,K,A*3D
$HEHDT,83.0,T*14
$VWVHW,83.0,T,,M,14.54,N,26.94,K*4C
$GPGGA,084020.00,5432.22995,N,01853.54907,E,1,12,1.0,18.0,M,26.5,M,,*5D
$GPRMC,084020.00,A,5432.22995,N,01853.54907,E,18.99,94.0,140625,,,A*65
$GPVTG,94.0,T,,M,18.99,N,35.18,K,A*36
$HEHDT,83.2,T*16
$VWVHW,83.2,T,,M,14.80,N,27.41,K*4E
$GPGSV,2,1,08,03,67,050,46,08,41,105,46,11,20,160,46,14,45,215,46*7B
$GPGSV,2,2,08,17,65,272,46,22,23,320,46,28,13,360,46,31,60,130,46*78
$GAGSV,2,1,05,04,50,080,46,09,33,190,46,12,62,245,47,24,09,295,46*62
$GAGSV,2,2,05,31,20,030,46*5C
$GPZDA,084020.00,14,06,2025,00,00*6E
$GPGGA,084021.00,5432.22979,N,01853.55776,E,1,12,1.0,17.8,M,26.5,M,,*50
$GPRMC,084021.00,A,5432.22979,N,01853.55776,E,19.14,93.6,140625,,,A*6A
$GPVTG,93.6,T,,M,19.14,N,35.45,K,A*3B
$HEHDT,83.0,T*14
$VWVHW,83.0,T,,M,14.86,N,27.53,K*49
$GPGGA,084022.00,5432.22954,N,01853.56686,E,1,12,0.9,17.8,M,26.5,M,,*59
$GPRMC,084022.00,A,5432.22954,N,01853.56686,E,19.02,93.7,140625,,,A*6D
$GPVTG,93.7,T,,M,19.02,N,35.23,K,A*3D
$HEHDT,83.1,T*15
$VWVHW,83.1,T,,M,14.68,N,27.20,K*4C
$GPGGA,084023.00,5432.22885,N,01853.57603,E,1,12,0.9,18.0,M,26.5,M,,*5E
$GPRMC,084023.00,A,5432.22885,N,01853.57603,E,18.98,93.1,140625,,,A*69
$GPVTG,93.1,T,,M,18.98,N,35.16,K,A*3F
$HEHDT,82.7,T*12
$VWVHW,82.7,T,,M,14.60,N,27.04,K*45
$GPGGA,084024.00,5432.22822,N,01853.58567,E,1,12,0.9,18.3,M,26.5,M,,*59
$GPRMC,084024.00,A,5432.22822,N,01853.58567,E,19.05,93.8,140625,,,A*61
$GPVTG,93.8,T,,M,19.05,N,35.28,K,A*3E
$HEHDT,83.1,T*15
$VWVHW,83.1,T,,M,14.57,N,26.99,K*43
$GPGGA,084025.00,5432.22835,N,01853.59383,E,1,12,0.9,18.0,M,26.5,M,,*50
$GPRMC,084025.00,A,5432.22835,N,01853.59383,E,18.94,93.7,140625,,,A*6D
$GPVTG,93.7,T,,M,18.94,N,35.08,K,A*3A
$HEHDT,83.2,T*16
$VWVHW,83.2,T,,M,14.57,N,26.99,K*40
$GPGSV,2,1,08,03,67,050,46,08,41,105,46,11,20,160,46,14,45,215,46*7B
$GPGSV,2,2,08,17,65,272,46,22,23,320,46,28,13,360,47,31,60,130,46*79
$GAGSV,2,1,05,04,50,080,46,09,33,190,46,12,62,245,46,24,09,295,46*63
$GAGSV,2,2,05,31,20,030,46*5C
$GPZDA,084025.00,14,06,2025,00,00*6B
$GPGGA,084026.00,5432.22747,N,01853.60333,E,1,12,0.9,18.2,M,26.5,M,,*5A
$GPRMC,084026.00,A,5432.22747,N,01853.60333,E,19.08,93.1,140625,,,A*67
$GPVTG,93.1,T,,M,19.08,N,35.34,K,A*37
$HEHDT,82.9,T*1C
$VWVHW,82.9,T,,M,14.66,N,27.14,K*4C
$GPGGA,084027.00,5432.22724,N,01853.61290,E,1,12,0.9,18.3,M,26.5,M,,*56
$GPRMC,084027.00,A,5432.22724,N,01853.61290,E,19.16,93.6,140625,,,A*62
$GPVTG,93.6,T,,M,19.16,N,35.49,K,A*35
$HEHDT,83.5,T*11
$VWVHW,83.5,T,,M,14.64,N,27.11,K*46
$GPGGA,084028.00,5432.22745,N,01853.62245,E,1,12,0.9,17.8,M,26.5,M,,*51
$GPRMC,084028.00,A,5432.22745,N,01853.62245,E,19.07,93.8,140625,,,A*6F
$GPVTG,93.8,T,,M,19.07,N,35.32,K,A*37
$HEHDT,83.3,T*17
$VWVHW,83.3,T,,M,14.74,N,27.30,K*42
$GPGGA,084029.00,5432.22686,N,01853.63042,E,1,12,0.9,17.7,M,26.5,M,,*55
$GPRMC,084029.00,A,5432.22686,N,01853.63042,E,18.93,93.5,140625,,,A*65
$GPVTG,93.5,T,,M,18.93,N,35.06,K,A*31
$HEHDT,83.1,T*15
$VWVHW,83.1,T,,M,14.68,N,27.19,K*46
$GPGGA,084030.00,5432.22680,N,01853.64066,E,1,12,0.9,17.8,M,26.5,M,,*55
$GPRMC,084030.00,A,5432.22680,N,01853.64066,E,18.93,93.7,140625,,,A*68
$GPVTG,93.7,T,,M,18.93,N,35.07,K,A*32
$HEHDT,83.1,T*15
$VWVHW,83.1,T,,M,14.66,N,27.15,K*44
$GPGSV,2,1,08,03,67,050,46,08,41,105,46,11,20,160,46,14,45,215,46*7B
$GPGSV,2,2,08,17,65,272,46,22,23,320,45,28,13,360,47,31,60,130,46*7A
$GAGSV,2,1,05,04,50,080,47,09,33,190,47,12,62,245,46,24,09,295,46*63
$GAGSV,2,2,05,31,20,030,46*5C
$GPZDA,084030.00,14,06,2025,00,00*6F
$GPGGA,084031.00,5432.22589,N,01853.64894,E,1,12,0.9,18.0,M,26.5,M,,*5C
$GPRMC,084031.00,A,5432.22589,N,01853.64894,E,19.05,93.2,140625,,,A*6D
$GPVTG,93.2,T,,M,19.05,N,35.27,K,A*3B
$HEHDT,83.4,T*10
$VWVHW,83.4,T,,M,14.70,N,27.23,K*43
$GPGGA,084032.00,5432.22613,N,01853.65798,E,1,12,0.9,18.7,M,26.5,M,,*5A
$GPRMC,084032.00,A,5432.22613,N,01853.65798,E,19.07,93.3,140625,,,A*6F
$GPVTG,93.3,T,,M,19.07,N,35.32,K,A*3C
$HEHDT,83.2,T*16
$VWVHW,83.2,T,,M,14.70,N,27.23,K*45
$GPGGA,084033.00,5432.22574,N,01853.66681,E,1,12,0.9,17.8,M,26.5,M,,*53
$GPRMC,084033.00,A,5432.22574,N,01853.66681,E,18.99,93.4,140625,,,A*67
$GPVTG,93.4,T,,M,18.99,N,35.16,K,A*3B
$HEHDT,83.0,T*14
$VWVHW,83.0,T,,M,14.70,N,27.23,K*47
$GPGGA,084034.00,5432.22481,N,01853.67689,E,1,12,0.9,18.4,M,26.5,M,,*55
$GPRMC,084034.00,A,5432.22481,N,01853.67689,E,19.13,93.4,140625,,,A*61
$GPVTG,93.4,T,,M,19.13,N,35.43,K,A*38
$HEHDT,83.3,T*17
$VWVHW,83.3,T,,M,14.83,N,27.46,K*4B
$GPGGA,084035.00,5432.22495,N,01853.68450,E,1,12,0.9,18.0,M,26.5,M,,*5C
$GPRMC,084035.00,A,5432.22495,N,01853.68450,E,19.06,93.5,140625,,,A*69
$GPVTG,93.5,T,,M,19.06,N,35.31,K,A*38
$HEHDT,83.8,T*1C
$VWVHW,83.8,T,,M,14.86,N,27.52,K*40
$GPGSV,2,1,08,03,67,050,46,08,41,105,46,11,20,160,46,14,45,215,46*7B
$GPGSV,2,2,08,17,65,272,46,22,23,320,46,28,13,360,47,31,60,130,46*79
$GAGSV,2,1,05,04,50,080,46,09,33,190,46,12,62,245,46,24,09,295,46*63
$GAGSV,2,2,05,31,20,030,46*5C
$GPZDA,084035.00,14,06,2025,00,00*6A
$GPGGA,084036.00,5432.22454,N,01853.69479,E,1,12,0.9,18.2,M,26.5,M,,*5A
$GPRMC,084036.00,A,5432.22454,N,01853.69479,E,19.13,93.0,140625,,,A*6C
$GPVTG,93.0,T,,M,19.13,N,35.42,K,A*3D
$HEHDT,83.5,T*11
$VWVHW,83.5,T,,M,14.81,N,27.43,K*4A
$GPGGA,084037.00,5432.22404,N,01853.70369,E,1,12,0.9,17.9,M,26.5,M,,*54
$GPRMC,084037.00,A,5432.22404,N,01853.70369,E,19.17,93.6,140625,,,A*64
$GPVTG,93.6,T,,M,19.17,N,35.51,K,A*3D
$HEHDT,83.3,T*17
$VWVHW,83.3,T,,M,14.67,N,27.17,K*45
$GPGGA,084038.00,5432.22398,N,01853.71182,E,1,12,0.9,18.5,M,26.5,M,,*5C
$GPRMC,084038.00,A,5432.22398,N,01853.71182,E,19.09,93.7,140625,,,A*61
$GPVTG,93.7,T,,M,19.09,N,35.35,K,A*31
$HEHDT,83.4,T*10
$VWVHW,83.4,T,,M,14.99,N,27.77,K*45
$GPGGA,084039.00,5432.22355,N,01853.72161,E,1,12,0.9,19.1,M,26.5,M,,*57
$GPRMC,084039.00,A,5432.22355,N,01853.72161,E,19.19,93.6,140625,,,A*6F
$GPVTG,93.6,T,,M,19.19,N,35.55,K,A*37
$HEHDT,83.1,T*15
$VWVHW,83.1,T,,M,14.69,N,27.21,K*4C
$GPGGA,084040.00,5432.22343,N,01853.73073,E,1,12,0.9,18.7,M,26.5,M,,*5A
$GPRMC,084040.00,A,5432.22343,N,01853.73073,E,19.22,93.8,140625,,,A*63
$GPVTG,93.8,T,,M,19.22,N,35.60,K,A*37
$HEHDT,83.2,T*16
$VWVHW,83.2,T,,M,14.74,N,27.31,K*42
$GPGSV,2,1,08,03,67,050,46,08,41,105,46,11,20,160,46,14,44,215,46*7A
$GPGSV,2,2,08,17,65,272,46,22,23,320,46,28,13,360,46,31,60,130,46*78
$GAGSV,2,1,05,04,50,080,46,09,33,190,45,12,62,245,46,24,09,295,46*60
$GAGSV,2,2,05,31,20,030,46*5C
$GPZDA,084040.00,14,06,2025,00,00*68
$GPGGA,084041.00,5432.22295,N,01853.73951,E,1,12,0.9,19.3,M,26.5,M,,*5D
$GPRMC,084041.00,A,5432.22295,N,01853.73951,E,18.96,93.5,140625,,,A*62
$GPVTG,93.5,T,,M,18.96,N,35.11,K,A*32
$HEHDT,83.2,T*16
$VWVHW,83.2,T,,M,14.81,N,27.44,K*4A
$GPGGA,084042.00,5432.22253,N,01853.74883,E,1,12,0.9,18.0,M,26.5,M,,*5F
$GPRMC,084042.00,A,5432.22253,N,01853.74883,E,19.10,93.8,140625,,,A*60
$GPVTG,93.8,T,,M,19.10,N,35.37,K,A*34
$HEHDT,83.1,T*15
$VWVHW,83.1,T,,M,14.86,N,27.53,K*48
$GPGGA,084043.00,5432.22254,N,01853.75749,E,1,12,0.9,17.9,M,26.5,M,,*57
$GPRMC,084043.00,A,5432.22254,N,01853.75749,E,19.05,93.6,140625,,,A*64
$GPVTG,93.6,T,,M,19.05,N,35.29,K,A*31
$HEHDT,83.3,T*17
$VWVHW,83.3,T,,M,14.86,N,27.52,K*4B
$GPGGA,084044.00,5432.22212,N,01853.76655,E,1,12,0.9,18.6,M,26.5,M,,*5D
$GPRMC,084044.00,A,5432.22212,N,01853.76655,E,19.16,93.6,140625,,,A*6C
$GPVTG,93.6,T,,M,19.16,N,35.48,K,A*34
$HEHDT,82.9,T*1C
$VWVHW,82.9,T,,M,14.66,N,27.16,K*4E
$GPGGA,084045.00,5432.22177,N,01853.77650,E,1,12,0.9,18.8,M,26.5,M,,*56
$GPRMC,084045.00,A,5432.22177,N,01853.77650,E,19.20,93.7,140625,,,A*6D
$GPVTG,93.7,T,,M,19.20,N,35.55,K,A*3C
$HEHDT,82.9,T*1C
$VWVHW,82.9,T,,M,14.73,N,27.28,K*47
$GPGSV,2,1,08,03,67,050,47,08,41,105,46,11,20,160,46,14,44,215,46*7B
$GPGSV,2,2,08,17,65,272,46,22,23,320,46,28,13,360,45,31,60,130,46*7B
$GAGSV,2,1,05,04,49,080,46,09,33,190,46,12,62,245,46,24,09,295,46*6B
$GAGSV,2,2,05,31,20,030,45*5F
$GPZDA,084045.00,14,06,2025,00,00*6D
$GPGGA,084046.00,5432.22104,N,01853.78508,E,1,12,0.9,18.9,M,26.5,M,,*51
$GPRMC,084046.00,A,5432.22104,N,01853.78508,E,19.20,93.4,140625,,,A*68
$GPVTG,93.4,T,,M,19.20,N,35.55,K,A*3F
$HEHDT,82.7,T*12
$VWVHW,82.7,T,,M,14.79,N,27.40,K*4D
$GPGGA,084047.00,5432.22107,N,01853.79395,E,1,12,0.9,17.7,M,26.5,M,,*51
$GPRMC,084047.00,A,5432.22107,N,01853.79395,E,19.17,93.0,140625,,,A*69
$GPVTG,93.0,T,,M,19.17,N,35.50,K,A*3A
$HEHDT,82.9,T*1C
$VWVHW,82.9,T,,M,14.82,N,27.45,K*42
$GPGGA,084048.00,5432.22042,N,01853.80302,E,1,12,0.9,18.7,M,26.5,M,,*59
$GPRMC,084048.00,A,5432.22042,N,01853.80302,E,19.11,93.3,140625,,,A*6B
$GPVTG,93.3,T,,M,19.11,N,35.38,K,A*31
$HEHDT,83.1,T*15
$VWVHW,83.1,T,,M,14.79,N,27.39,K*44
$GPGGA,084049.00,5432.22021,N,01853.81231,E,1,12,0.9,19.5,M,26.5,M,,*5E
$GPRMC,084049.00,A,5432.22021,N,01853.81231,E,19.18,93.9,140625,,,A*6C
$GPVTG,93.9,T,,M,19.18,N,35.51,K,A*3D
$HEHDT,83.1,T*15
$VWVHW,83.1,T,,M,14.71,N,27.25,K*41
$GPGGA,084050.00,5432.22023,N,01853.82197,E,1,12,0.9,19.7,M,26.5,M,,*5A
$GPRMC,084050.00,A,5432.22023,N,01853.82197,E,19.24,93.7,140625,,,A*6B
$GPVTG,93.7,T,,M,19.24,N,35.63,K,A*3D
$HEHDT,83.4,T*10
$VWVHW,83.4,T,,M,14.78,N,27.36,K*4F
$GPGSV,2,1,08,03,67,050,46,08,41,105,46,11,20,160,47,14,44,215,46*7B
$GPGSV,2,2,08,17,65,272,46,22,23,320,46,28,13,360,46,31,60,130,45*7B
$GAGSV,2,1,05,04,49,080,46,09,33,190,45,12,62,245,46,24,09,295,46*68
$GAGSV,2,2,05,31,20,030,46*5C
$GPZDA,084050.00,14,06,2025,00,00*69
$GPGGA,084051.00,5432.22024,N,01853.83129,E,1,12,0.9,19.1,M,26.5,M,,*5E
$GPRMC,084051.00,A,5432.22024,N,01853.83129,E,19.08,92.9,140625,,,A*68
$GPVTG,92.9,T,,M,19.08,N,35.34,K,A*3E
$HEHDT,82.8,T*1D
$VWVHW,82.8,T,,M,14.83,N,27.47,K*40
$GPGGA,084052.00,5432.22007,N,01853.83909,E,1,12,0.9,17.9,M,26.5,M,,*50
$GPRMC,084052.00,A,5432.22007,N,01853.83909,E,19.19,93.3,140625,,,A*6B
$GPVTG,93.3,T,,M,19.19,N,35.53,K,A*34
$HEHDT,83.5,T*11
$VWVHW,83.5,T,,M,14.90,N,27.59,K*41
$GPGGA,084053.00,5432.21892,N,01853.84916,E,1,12,0.9,18.8,M,26.5,M,,*51
$GPRMC,084053.00,A,5432.21892,N,01853.84916,E,19.07,93.4,140625,,,A*6C
$GPVTG,93.4,T,,M,19.07,N,35.31,K,A*38
$HEHDT,83.1,T*15
$VWVHW,83.1,T,,M,14.80,N,27.42,K*4E
$GPGGA,084054.00,5432.21892,N,01853.85837,E,1,12,0.9,18.7,M,26.5,M,,*5A
$GPRMC,084054.00,A,5432.21892,N,01853.85837,E,19.12,93.9,140625,,,A*61
$GPVTG,93.9,T,,M,19.12,N,35.41,K,A*36
$HEHDT,83.8,T*1C
$VWVHW,83.8,T,,M,14.80,N,27.41,K*44
$GPGGA,084055.00,5432.21812,N,01853.86702,E,1,12,0.9,18.3,M,26.5,M,,*5D
$GPRMC,084055.00,A,5432.21812,N,01853.86702,E,19.13,93.9,140625,,,A*63
$GPVTG,93.9,T,,M,19.13,N,35.44,K,A*32
$HEHDT,83.4,T*10
$VWVHW,83.4,T,,M,14.76,N,27.34,K*43
$GPGSV,2,1,08,03,67,050,46,08,41,105,46,11,20,160,46,14,44,215,46*7A
$GPGSV,2,2,08,17,65,272,46,22,23,320,47,28,13,360,47,31,60,130,46*78
$GAGSV,2,1,05,04,49,080,45,09,33,190,46,12,62,245,45,24,09,295,46*6B
$GAGSV,2,2,05,31,20,030,46*5C
$GPZDA,084055.00,14,06,2025,00,00*6C
$GPGGA,084056.00,5432.21834,N,01853.87575,E,1,12,0.9,18.7,M,26.5,M,,*5D
$GPRMC,084056.00,A,5432.21834,N,01853.87575,E,19.00,93.0,140625,,,A*6C
$GPVTG,93.0,T,,M,19.00,N,35.19,K,A*31
$HEHDT,83.5,T*11
$VWVHW,83.5,T,,M,14.87,N,27.54,K*4A
$GPGGA,084057.00,5432.21811,N,01853.88475,E,1,12,0.9,18.8,M,26.5,M,,*5A
$GPRMC,084057.00,A,5432.21811,N,01853.88475,E,19.15,93.7,140625,,,A*67
$GPVTG,93.7,T,,M,19.15,N,35.46,K,A*38
$HEHDT,83.2,T*16
$VWVHW,83.2,T,,M,14.74,N,27.29,K*4B
$GPGGA,084058.00,5432.21750,N,01853.89361,E,1,12,0.9,18.8,M,26.5,M,,*5C
$GPRMC,084058.00,A,5432.21750,N,01853.89361,E,19.18,93.6,140625,,,A*6D
$GPVTG,93.6,T,,M,19.18,N,35.52,K,A*31
$HEHDT,83.3,T*17
$VWVHW,83.3,T,,M,14.94,N,27.67,K*4E
$GPGGA,084059.00,5432.21757,N,01853.90291,E,1,12,0.9,18.1,M,26.5,M,,*55
$GPRMC,084059.00,A,5432.21757,N,01853.90291,E,19.11,93.4,140625,,,A*66
$GPVTG,93.4,T,,M,19.11,N,35.39,K,A*37
$HEHDT,83.1,T*15
$VWVHW,83.1,T,,M,14.68,N,27.19,K*46
$GPGGA,084100.00,5432.21676,N,01853.91265,E,1,12,0.9,18.7,M,26.5,M,,*56
$GPRMC,084100.00,A,5432.21676,N,01853.91265,E,19.15,93.7,140625,,,A*64
$GPVTG,93.7,T,,M,19.15,N,35.47,K,A*39
$HEHDT,83.1,T*15
$VWVHW,83.1,T,,M,14.80,N,27.41,K*4D
$GPGSV,2,1,08,03,67,050,46,08,41,105,46,11,20,160,46,14,44,215,46*7A
$GPGSV,2,2,08,17,65,272,45,22,23,320,46,28,13,360,46,31,60,130,46*7B
$GAGSV,2,1,05,04,49,080,46,09,32,190,46,12,62,245,46,24,09,295,46*6A
$GAGSV,2,2,05,31,20,030,46*5C
$GPZDA,084100.00,14,06,2025,00,00*6D
$GPGGA,084101.00,5432.21649,N,01853.92108,E,1,12,0.9,19.0,M,26.5,M,,*56
$GPRMC,084101.00,A,5432.21649,N,01853.92108,E,19.17,93.3,140625,,,A*64
$GPVTG,93.3,T,,M,19.17,N,35.50,K,A*39
$HEHDT,83.2,T*16
$VWVHW,83.2,T,,M,14.62,N,27.08,K*4F
$GPGGA,084102.00,5432.21630,N,01853.93049,E,1,12,0.9,18.9,M,26.5,M,,*56
$GPRMC,084102.00,A,5432.21630,N,01853.93049,E,19.12,93.7,140625,,,A*6D
$GPVTG,93.7,T,,M,19.12,N,35.41,K,A*38
$HEHDT,83.2,T*16
$VWVHW,83.2,T,,M,14.80,N,27.42,K*4D
$GPGGA,084103.00,5432.21539,N,01853.94051,E,1,12,0.9,18.9,M,26.5,M,,*53
$GPRMC,084103.00,A,5432.21539,N,01853.94051,E,19.00,93.8,140625,,,A*64
$GPVTG,93.8,T,,M,19.00,N,35.18,K,A*38
$HEHDT,83.1,T*15
$VWVHW,83.1,T,,M,14.76,N,27.33,K*41
$GPGGA,084104.00,5432.21566,N,01853.94879,E,1,12,0.9,18.6,M,26.5,M,,*53
$GPRMC,084104.00,A,5432.21566,N,01853.94879,E,19.19,93.6,140625,,,A*6D
$GPVTG,93.6,T,,M,19.19,N,35.54,K,A*36
$HEHDT,83.0,T*14
$VWVHW,83.0,T,,M,14.82,N,27.45,K*4A
$GPGGA,084105.00,5432.21508,N,01853.95857,E,1,12,0.9,18.2,M,26.5,M,,*53
$GPRMC,084105.00,A,5432.21508,N,01853.95857,E,19.08,93.7,140625,,,A*68
$GPVTG,93.7,T,,M,19.08,N,35.34,K,A*31
$HEHDT,83.2,T*16
$VWVHW,83.2,T,,M,14.68,N,27.19,K*45
$GPGSV,2,1,08,03,67,050,46,08,41,105,46,11,20,160,46,14,44,215,46*7A
$GPGSV,2,2,08,17,65,272,46,22,23,320,46,28,13,360,45,31,60,130,46*7B
$GAGSV,2,1,05,04,49,080,46,09,32,190,46,12,62,245,46,24,09,295,46*6A
$GAGSV,2,2,05,31,20,030,45*5F
$GPZDA,084105.00,14,06,2025,00,00*68
$GPGGA,084106.00,5432.21515,N,01853.96722,E,1,12,0.9,18.3,M,26.5,M,,*53
$GPRMC,084106.00,A,5432.21515,N,01853.96722,E,19.23,93.4,140625,,,A*63
$GPVTG,93.4,T,,M,19.23,N,35.62,K,A*38
$HEHDT,83.3,T*17
$VWVHW,83.3,T,,M,14.70,N,27.22,K*45
$GPGGA,084107.00,5432.21453,N,01853.97661,E,1,12,0.9,18.8,M,26.5,M,,*5D
$GPRMC,084107.00,A,5432.21453,N,01853.97661,E,19.11,93.3,140625,,,A*60
$GPVTG,93.3,T,,M,19.11,N,35.39,K,A*30
$HEHDT,83.3,T*17
$VWVHW,83.3,T,,M,14.79,N,27.39,K*46
$GPGGA,084108.00,5432.21430,N,01853.98534,E,1,12,0.9,18.5,M,26.5,M,,*56
$GPRMC,084108.00,A,5432.21430,N,01853.98534,E,19.12,93.7,140625,,,A*61
$GPVTG,93.7,T,,M,19.12,N,35.40,K,A*39
$HEHDT,83.0,T*14
$VWVHW,83.0,T,,M,14.84,N,27.48,K*41
$GPGGA,084109.00,5432.21387,N,01853.99536,E,1,12,0.9,18.8,M,26.5,M,,*52
$GPRMC,084109.00,A,5432.21387,N,01853.99536,E,19.13,93.6,140625,,,A*68
$GPVTG,93.6,T,,M,19.13,N,35.44,K,A*3D
$HEHDT,82.6,T*13
$VWVHW,82.6,T,,M,14.85,N,27.51,K*4F
$GPGGA,084110.00,5432.21374,N,01854.00432,E,1,12,0.9,18.7,M,26.5,M,,*5B
$GPRMC,084110.00,A,5432.21374,N,01854.00432,E,19.08,93.2,140625,,,A*60
$GPVTG,93.2,T,,M,19.08,N,35.34,K,A*34
$HEHDT,83.6,T*12
$VWVHW,83.6,T,,M,14.86,N,27.53,K*4F
$GPGSV,2,1,08,03,67,050,46,08,41,105,46,11,20,160,46,14,44,215,46*7A
$GPGSV,2,2,08,17,65,272,46,22,23,320,46,28,13,360,46,31,60,130,46*78
$GAGSV,2,1,05,04,49,080,46,09,32,190,46,12,62,245,46,24,09,295,47*6B
$GAGSV,2,2,05,31,20,030,45*5F
$GPZDA,084110.00,14,06,2025,00,00*6C
$GPGGA,084111.00,5432.21367,N,01854.01299,E,1,12,0.9,19.0,M,26.5,M,,*58
$GPRMC,084111.00,A,5432.21367,N,01854.01299,E,19.17,93.4,140625,,,A*6D
$GPVTG,93.4,T,,M,19.17,N,35.51,K,A*3F
$HEHDT,83.3,T*17
$VWVHW,83.3,T,,M,15.05,N,27.86,K*48
$GPGGA,084112.00,5432.21373,N,01854.02245,E,1,12,0.9,18.6,M,26.5,M,,*5B
$GPRMC,084112.00,A,5432.21373,N,01854.02245,E,19.25,93.5,140625,,,A*69
$GPVTG,93.5,T,,M,19.25,N,35.66,K,A*3B
$HEHDT,83.6,T*12
$VWVHW,83.6,T,,M,14.68,N,27.18,K*40
$GPGGA,084113.00,5432.21291,N,01854.03222,E,1,12,0.9,18.5,M,26.5,M,,*54
$GPRMC,084113.00,A,5432.21291,N,01854.03222,E,19.08,93.2,140625,,,A*6D
$GPVTG,93.2,T,,M,19.08,N,35.34,K,A*34
$HEHDT,83.3,T*17
$VWVHW,83.3,T,,M,14.71,N,27.25,K*43
$GPGGA,084114.00,5432.21276,N,01854.04128,E,1,12,0.9,19.1,M,26.5,M,,*51
$GPRMC,084114.00,A,5432.21276,N,01854.04128,E,19.24,93.7,140625,,,A*66
$GPVTG,93.7,T,,M,19.24,N,35.63,K,A*3D
$HEHDT,83.0,T*14
$VWVHW,83.0,T,,M,14.80,N,27.41,K*4C
$GPGGA,084115.00,5432.21260,N,01854.05031,E,1,12,0.9,18.4,M,26.5,M,,*5B
$GPRMC,084115.00,A,5432.21260,N,01854.05031,E,19.08,93.0,140625,,,A*61
$GPVTG,93.0,T,,M,19.08,N,35.34,K,A*36
$HEHDT,83.4,T*10
$VWVHW,83.4,T,,M,14.77,N,27.36,K*40
$GPGSV,2,1,08,03,67,050,46,08,41,105,46,11,20,160,46,14,44,215,46*7A
$GPGSV,2,2,08,17,65,272,46,22,23,320,46,28,13,360,46,31,60,130,46*78
$GAGSV,2,1,05,04,49,080,46,09,32,190,46,12,62,245,46,24,09,295,46*6A
$GAGSV,2,2,05,31,20,030,46*5C
$GPZDA,084115.00,14,06,2025,00,00*69
$GPGGA,084116.00,5432.21256,N,01854.05889,E,1,12,0.9,19.1,M,26.5,M,,*52
$GPRMC,084116.00,A,5432.21256,N,01854.05889,E,19.11,93.8,140625,,,A*6C
$GPVTG,93.8,T,,M,19.11,N,35.39,K,A*3B
$HEHDT,83.2,T*16
$VWVHW,83.2,T,,M,14.78,N,27.38,K*47
$GPGGA,084117.00,5432.21199,N,01854.06844,E,1,12,0.9,18.4,M,26.5,M,,*55
$GPRMC,084117.00,A,5432.21199,N,01854.06844,E,19.20,93.5,140625,,,A*60
$GPVTG,93.5,T,,M,19.20,N,35.56,K,A*3D
$HEHDT,83.1,T*15
$VWVHW,83.1,T,,M,14.80,N,27.41,K*4D
$GPGGA,084118.00,5432.21192,N,01854.07763,E,1,12,0.9,18.4,M,26.5,M,,*5A
$GPRMC,084118.00,A,5432.21192,N,01854.07763,E,19.08,92.8,140625,,,A*69
$GPVTG,92.8,T,,M,19.08,N,35.33,K,A*38
$HEHDT,83.0,T*14
$VWVHW,83.0,T,,M,14.77,N,27.36,K*44
$GPGGA,084119.00,5432.21146,N,01854.08659,E,1,12,1.0,19.0,M,26.5,M,,*58
$GPRMC,084119.00,A,5432.21146,N,01854.08659,E,19.08,92.5,140625,,,A*6B
$GPVTG,92.5,T,,M,19.08,N,35.33,K,A*35
$HEHDT,82.0,T*15
$VWVHW,82.0,T,,M,14.70,N,27.22,K*47
$GPGGA,084120.00,5432.21072,N,01854.09496,E,1,12,1.0,19.0,M,26.5,M,,*54
$GPRMC,084120.00,A,5432.21072,N,01854.09496,E,19.28,92.6,140625,,,A*66
$GPVTG,92.6,T,,M,19.28,N,35.70,K,A*33
$HEHDT,82.5,T*10
$VWVHW,82.5,T,,M,14.71,N,27.23,K*42
$GPGSV,2,1,08,03,67,050,46,08,40,105,46,11,20,160,46,14,44,215,46*7B
$GPGSV,2,2,08,17,65,272,47,22,23,320,46,28,13,360,46,31,60,130,46*79
$GAGSV,2,1,05,04,49,080,46,09,32,190,45,12,62,245,46,24,09,295,46*69
$GAGSV,2,2,05,31,20,030,45*5F
$GPZDA,084120.00,14,06,2025,00,00*6F
$GPGGA,084121.00,5432.21086,N,01854.10473,E,1,12,1.0,19.3,M,26.5,M,,*5E
$GPRMC,084121.00,A,5432.21086,N,01854.10473,E,19.10,92.1,140625,,,A*63
$GPVTG,92.1,T,,M,19.10,N,35.37,K,A*3C
$HEHDT,81.4,T*12
$VWVHW,81.4,T,,M,14.86,N,27.52,K*4E
$GPGGA,084122.00,5432.21052,N,01854.11409,E,1,12,1.0,19.1,M,26.5,M,,*5A
$GPRMC,084122.00,A,5432.21052,N,01854.11409,E,19.08,91.6,140625,,,A*68
$GPVTG,91.6,T,,M,19.08,N,35.34,K,A*32
$HEHDT,81.1,T*17
$VWVHW,81.1,T,,M,14.89,N,27.58,K*4E
$GPGGA,084123.00,5432.21074,N,01854.12361,E,1,12,1.0,18.8,M,26.5,M,,*5D
$GPRMC,084123.00,A,5432.21074,N,01854.12361,E,19.24,91.2,140625,,,A*6D
$GPVTG,91.2,T,,M,19.24,N,35.64,K,A*3D
$HEHDT,81.1,T*17
$VWVHW,81.1,T,,M,14.88,N,27.56,K*41
$GPGGA,084124.00,5432.21078,N,01854.13168,E,1,12,1.0,18.4,M,26.5,M,,*50
$GPRMC,084124.00,A,5432.21078,N,01854.13168,E,19.28,90.4,140625,,,A*67
$GPVTG,90.4,T,,M,19.28,N,35.71,K,A*32
$HEHDT,80.8,T*1F
$VWVHW,80.8,T,,M,14.61,N,27.07,K*4A
$GPGGA,084125.00,5432.21087,N,01854.14132,E,1,12,1.0,19.1,M,26.5,M,,*5D
$GPRMC,084125.00,A,5432.21087,N,01854.14132,E,19.22,90.5,140625,,,A*65
$GPVTG,90.5,T,,M,19.22,N,35.60,K,A*39
$HEHDT,79.8,T*19
$VWVHW,79.8,T,,M,14.90,N,27.59,K*49
$GPGSV,2,1,08,03,67,050,46,08,40,105,46,11,20,160,46,14,44,215,46*7B
$GPGSV,2,2,08,17,65,272,46,22,23,320,46,28,13,360,46,31,60,130,46*78
$GAGSV,2,1,05,04,49,080,46,09,32,190,46,12,62,245,46,24,09,295,47*6B
$GAGSV,2,2,05,31,20,030,46*5C
$GPZDA,084125.00,14,06,2025,00,00*6A
$GPGGA,084126.00,5432.21076,N,01854.15098,E,1,12,1.0,19.1,M,26.5,M,,*50
$GPRMC,084126.00,A,5432.21076,N,01854.15098,E,19.04,89.8,140625,,,A*69
$GPVTG,89.8,T,,M,19.04,N,35.25,K,A*39
$HEHDT,79.8,T*19
$VWVHW,79.8,T,,M,14.74,N,27.30,K*4C
$GPGGA,084127.00,5432.21076,N,01854.15942,E,1,12,1.0,19.1,M,26.5,M,,*5F
$GPRMC,084127.00,A,5432.21076,N,01854.15942,E,19.10,89.7,140625,,,A*6C
$GPVTG,89.7,T,,M,19.10,N,35.38,K,A*3F
$HEHDT,78.6,T*16
$VWVHW,78.6,T,,M,14.85,N,27.50,K*4B
$GPGGA,084128.00,5432.21081,N,01854.16990,E,1,12,1.0,19.1,M,26.5,M,,*54
$GPRMC,084128.00,A,5432.21081,N,01854.16990,E,19.10,89.4,140625,,,A*64
$GPVTG,89.4,T,,M,19.10,N,35.37,K,A*33
$HEHDT,78.9,T*19
$VWVHW,78.9,T,,M,14.76,N,27.33,K*4D
$GPGGA,084129.00,5432.21093,N,01854.17873,E,1,12,1.0,19.4,M,26.5,M,,*5E
$GPRMC,084129.00,A,5432.21093,N,01854.17873,E,19.24,88.7,140625,,,A*6E
$GPVTG,88.7,T,,M,19.24,N,35.64,K,A*30
$HEHDT,78.4,T*14
$VWVHW,78.4,T,,M,14.77,N,27.36,K*44
$GPGGA,084130.00,5432.21156,N,01854.18744,E,1,12,1.0,18.9,M,26.5,M,,*56
$GPRMC,084130.00,A,5432.21156,N,01854.18744,E,19.12,87.9,140625,,,A*6E
$GPVTG,87.9,T,,M,19.12,N,35.42,K,A*30
$HEHDT,77.8,T*17
$VWVHW,77.8,T,,M,14.88,N,27.56,K*41
$GPGSV,2,1,08,03,67,050,46,08,40,105,46,11,20,160,46,14,44,215,46*7B
$GPGSV,2,2,08,17,65,272,46,22,23,320,46,28,13,360,45,31,60,130,45*78
$GAGSV,2,1,05,04,49,080,45,09,32,190,45,12,62,245,46,24,09,295,46*6A
$GAGSV,2,2,05,31,20,030,46*5C
$GPZDA,084130.00,14,06,2025,00,00*6E
$GPGGA,084131.00,5432.21163,N,01854.19648,E,1,12,1.0,18.2,M,26.5,M,,*56
$GPRMC,084131.00,A,5432.21163,N,01854.19648,E,19.22,88.0,140625,,,A*60
$GPVTG,88.0,T,,M,19.22,N,35.60,K,A*35
$HEHDT,77.6,T*19
$VWVHW,77.6,T,,M,14.82,N,27.45,K*47
$GPGGA,084132.00,5432.21171,N,01854.20603,E,1,12,1.0,19.0,M,26.5,M,,*50
$GPRMC,084132.00,A,5432.21171,N,01854.20603,E,19.12,87.8,140625,,,A*61
$GPVTG,87.8,T,,M,19.12,N,35.42,K,A*31
$HEHDT,76.9,T*17
$VWVHW,76.9,T,,M,14.92,N,27.63,K*4C
$GPGGA,084133.00,5432.21231,N,01854.21512,E,1,12,1.0,19.4,M,26.5,M,,*50
$GPRMC,084133.00,A,5432.21231,N,01854.21512,E,19.20,86.5,140625,,,A*68
$GPVTG,86.5,T,,M,19.20,N,35.56,K,A*39
$HEHDT,76.5,T*1B
$VWVHW,76.5,T,,M,14.89,N,27.58,K*42
$GPGGA,084134.00,5432.21221,N,01854.22418,E,1,12,1.0,19.4,M,26.5,M,,*5E
$GPRMC,084134.00,A,5432.21221,N,01854.22418,E,19.16,86.4,140625,,,A*62
$GPVTG,86.4,T,,M,19.16,N,35.48,K,A*32
$HEHDT,76.7,T*19
$VWVHW,76.7,T,,M,14.90,N,27.59,K*49
$GPGGA,084135.00,5432.21269,N,01854.23291,E,1,12,1.0,19.0,M,26.5,M,,*51
$GPRMC,084135.00,A,5432.21269,N,01854.23291,E,19.17,86.3,140625,,,A*6F
$GPVTG,86.3,T,,M,19.17,N,35.50,K,A*3D
$HEHDT,75.5,T*18
$VWVHW,75.5,T,,M,14.87,N,27.55,K*42
$GPGSV,2,1,08,03,67,050,46,08,40,105,46,11,20,160,45,14,44,215,45*7B
$GPGSV,2,2,08,17,65,272,46,22,23,320,46,28,13,360,46,31,60,130,46*78
$GAGSV,2,1,05,04,49,080,46,09,32,190,46,12,62,245,45,24,09,295,46*69
$GAGSV,2,2,05,31,20,030,46*5C
$GPZDA,084135.00,14,06,2025,00,00*6B
$GPGGA,084136.00,5432.21288,N,01854.24180,E,1,12,1.0,19.2,M,26.5,M,,*5B
$GPRMC,084136.00,A,5432.21288,N,01854.24180,E,19.10,85.8,140625,,,A*68
$GPVTG,85.8,T,,M,19.10,N,35.38,K,A*3C
$HEHDT,75.2,T*1F
$VWVHW,75.2,T,,M,14.91,N,27.62,K*46
$GPGGA,084137.00,5432.21317,N,01854.25147,E,1,12,1.0,18.5,M,26.5,M,,*51
$GPRMC,084137.00,A,5432.21317,N,01854.25147,E,19.33,85.0,140625,,,A*6D
$GPVTG,85.0,T,,M,19.33,N,35.80,K,A*36
$HEHDT,74.5,T*19
$VWVHW,74.5,T,,M,14.80,N,27.41,K*41
$GPGGA,084138.00,5432.21361,N,01854.26039,E,1,12,1.0,19.1,M,26.5,M,,*51
$GPRMC,084138.00,A,5432.21361,N,01854.26039,E,19.05,85.0,140625,,,A*6D
$GPVTG,85.0,T,,M,19.05,N,35.29,K,A*30
$HEHDT,74.7,T*1B
$VWVHW,74.7,T,,M,14.79,N,27.40,K*44
$GPGGA,084139.00,5432.21401,N,01854.26985,E,1,12,1.0,19.4,M,26.5,M,,*5A
$GPRMC,084139.00,A,5432.21401,N,01854.26985,E,19.05,84.6,140625,,,A*64
$GPVTG,84.6,T,,M,19.05,N,35.27,K,A*39
$HEHDT,73.9,T*12
$VWVHW,73.9,T,,M,14.88,N,27.56,K*44
$GPGGA,084140.00,5432.21455,N,01854.27876,E,1,12,1.0,18.8,M,26.5,M,,*54
$GPRMC,084140.00,A,5432.21455,N,01854.27876,E,19.20,83.9,140625,,,A*68
$GPVTG,83.9,T,,M,19.20,N,35.56,K,A*30
$HEHDT,73.8,T*13
$VWVHW,73.8,T,,M,14.92,N,27.63,K*48
$GPGSV,2,1,08,03,67,050,45,08,40,105,46,11,19,160,46,14,44,215,46*72
$GPGSV,2,2,08,17,65,272,45,22,23,320,46,28,13,000,46,31,60,130,46*7E
$GAGSV,2,1,05,04,49,080,46,09,32,190,46,12,62,245,46,24,09,295,46*6A
$GAGSV,2,2,05,31,20,030,45*5F
$GPZDA,084140.00,14,06,2025,00,00*69
$GPGGA,084141.00,5432.21520,N,01854.28813,E,1,12,1.0,18.8,M,26.5,M,,*5A
$GPRMC,084141.00,A,5432.21520,N,01854.28813,E,19.11,84.0,140625,,,A*6A
$GPVTG,84.0,T,,M,19.11,N,35.40,K,A*3B
$HEHDT,73.5,T*1E
$VWVHW,73.5,T,,M,14.87,N,27.54,K*45
$GPGGA,084142.00,5432.21524,N,01854.29731,E,1,12,1.0,18.8,M,26.5,M,,*53
$GPRMC,084142.00,A,5432.21524,N,01854.29731,E,19.15,83.6,140625,,,A*66
$GPVTG,83.6,T,,M,19.15,N,35.46,K,A*38
$HEHDT,73.2,T*19
$VWVHW,73.2,T,,M,14.88,N,27.55,K*4C
$GPGGA,084143.00,5432.21634,N,01854.30603,E,1,12,1.0,18.5,M,26.5,M,,*55
$GPRMC,084143.00,A,5432.21634,N,01854.30603,E,19.15,83.4,140625,,,A*6F
$GPVTG,83.4,T,,M,19.15,N,35.47,K,A*3B
$HEHDT,72.6,T*1C
$VWVHW,72.6,T,,M,14.93,N,27.66,K*43
$GPGGA,084144.00,5432.21659,N,01854.31463,E,1,12,1.0,18.9,M,26.5,M,,*50
$GPRMC,084144.00,A,5432.21659,N,01854.31463,E,19.16,82.5,140625,,,A*65
$GPVTG,82.5,T,,M,19.16,N,35.48,K,A*37
$HEHDT,71.8,T*11
$VWVHW,71.8,T,,M,14.92,N,27.63,K*4A
$GPGGA,084145.00,5432.21725,N,01854.32392,E,1,12,1.0,18.9,M,26.5,M,,*51
$GPRMC,084145.00,A,5432.21725,N,01854.32392,E,19.16,82.5,140625,,,A*64
$GPVTG,82.5,T,,M,19.16,N,35.49,K,A*36
$HEHDT,71.3,T*1A
$VWVHW,71.3,T,,M,14.84,N,27.48,K*4F
$GPGSV,2,1,08,03,67,050,46,08,40,105,46,11,19,160,45,14,44,215,47*73
$GPGSV,2,2,08,17,65,272,46,22,23,320,46,28,13,000,46,31,60,130,46*7D
$GAGSV,2,1,05,04,49,080,47,09,32,190,45,12,62,245,46,24,09,295,46*68
$GAGSV,2,2,05,31,20,030,46*5C
$GPZDA,084145.00,14,06,2025,00,00*6C
$GPGGA,084146.00,5432.21825,N,01854.33342,E,1,12,1.0,18.7,M,26.5,M,,*5F
$GPRMC,084146.00,A,5432.21825,N,01854.33342,E,19.08,81.9,140625,,,A*64
$GPVTG,81.9,T,,M,19.08,N,35.34,K,A*3C
$HEHDT,71.5,T*1C
$VWVHW,71.5,T,,M,14.74,N,27.29,K*41
$GPGGA,084147.00,5432.21886,N,01854.34221,E,1,12,1.0,18.8,M,26.5,M,,*5B
$GPRMC,084147.00,A,5432.21886,N,01854.34221,E,19.06,81.8,140625,,,A*60
$GPVTG,81.8,T,,M,19.06,N,35.30,K,A*37
$HEHDT,70.7,T*1F
$VWVHW,70.7,T,,M,14.88,N,27.57,K*48
$GPGGA,084148.00,5432.21991,N,01854.35102,E,1,12,1.0,18.8,M,26.5,M,,*50
$GPRMC,084148.00,A,5432.21991,N,01854.35102,E,19.14,81.0,140625,,,A*60
$GPVTG,81.0,T,,M,19.14,N,35.44,K,A*3F
$HEHDT,70.5,T*1D
$VWVHW,70.5,T,,M,14.92,N,27.62,K*47
$GPGGA,084149.00,5432.22049,N,01854.36103,E,1,12,1.0,18.7,M,26.5,M,,*53
$GPRMC,084149.00,A,5432.22049,N,01854.36103,E,18.95,80.8,140625,,,A*6D
$GPVTG,80.8,T,,M,18.95,N,35.10,K,A*3F
$HEHDT,70.0,T*18
$VWVHW,70.0,T,,M,14.75,N,27.31,K*4D
$GPGGA,084150.00,5432.22135,N,01854.36961,E,1,12,1.0,18.4,M,26.5,M,,*5E
$GPRMC,084150.00,A,5432.22135,N,01854.36961,E,19.19,80.4,140625,,,A*6A
$GPVTG,80.4,T,,M,19.19,N,35.53,K,A*31
$HEHDT,69.6,T*16
$VWVHW,69.6,T,,M,14.82,N,27.45,K*48
$GPGSV,2,1,08,03,67,050,47,08,40,105,46,11,19,160,46,14,44,215,46*70
$GPGSV,2,2,08,17,65,272,45,22,23,320,46,28,13,000,46,31,60,130,46*7E
$GAGSV,2,1,05,04,49,080,46,09,32,190,46,12,62,245,46,24,09,295,46*6A
$GAGSV,2,2,05,31,20,030,46*5C
$GPZDA,084150.00,14,06,2025,00,00*68
$GPGGA,084151.00,5432.22189,N,01854.37864,E,1,12,1.0,18.6,M,26.5,M,,*5F
$GPRMC,084151.00,A,5432.22189,N,01854.37864,E,19.07,80.0,140625,,,A*62
$GPVTG,80.0,T,,M,19.07,N,35.31,K,A*3E
$HEHDT,69.3,T*13
$VWVHW,69.3,T,,M,15.02,N,27.81,K*4C
$GPGGA,084152.00,5432.22236,N,01854.38710,E,1,12,1.0,17.9,M,26.5,M,,*58
$GPRMC,084152.00,A,5432.22236,N,01854.38710,E,19.07,79.7,140625,,,A*64
$GPVTG,79.7,T,,M,19.07,N,35.32,K,A*3C
$HEHDT,69.0,T*10
$VWVHW,69.0,T,,M,14.86,N,27.52,K*4C
$GPGGA,084153.00,5432.22355,N,01854.39647,E,1,12,1.0,18.4,M,26.5,M,,*5D
$GPRMC,084153.00,A,5432.22355,N,01854.39647,E,19.09,79.2,140625,,,A*68
$GPVTG,79.2,T,,M,19.09,N,35.36,K,A*33
$HEHDT,68.3,T*12
$VWVHW,68.3,T,,M,14.95,N,27.68,K*45
$GPGGA,084154.00,5432.22473,N,01854.40553,E,1,12,1.0,18.3,M,26.5,M,,*56
$GPRMC,084154.00,A,5432.22473,N,01854.40553,E,19.04,78.8,140625,,,A*62
$GPVTG,78.8,T,,M,19.04,N,35.26,K,A*34
$HEHDT,68.3,T*12
$VWVHW,68.3,T,,M,14.85,N,27.51,K*4E
$GPGGA,084155.00,5432.22590,N,01854.41290,E,1,12,1.0,18.8,M,26.5,M,,*59
$GPRMC,084155.00,A,5432.22590,N,01854.41290,E,19.03,78.3,140625,,,A*6A
$GPVTG,78.3,T,,M,19.03,N,35.24,K,A*3A
$HEHDT,67.3,T*1D
$VWVHW,67.3,T,,M,14.98,N,27.75,K*4B
$GPGSV,2,1,08,03,67,050,47,08,40,105,46,11,19,160,46,14,44,215,46*70
$GPGSV,2,2,08,17,65,272,46,22,23,320,45,28,13,000,46,31,60,130,46*7E
$GAGSV,2,1,05,04,49,080,45,09,32,190,46,12,62,245,45,24,09,295,46*6A
$GAGSV,2,2,05,31,20,030,46*5C
$GPZDA,084155.00,14,06,2025,00,00*6D
$GPGGA,084156.00,5432.22662,N,01854.42255,E,1,12,1.0,18.0,M,26.5,M,,*56
$GPRMC,084156.00,A,5432.22662,N,01854.42255,E,19.13,77.8,140625,,,A*68
$GPVTG,77.8,T,,M,19.13,N,35.42,K,A*3F
$HEHDT,67.1,T*1F
$VWVHW,67.1,T,,M,14.93,N,27.65,K*43
$GPGGA,084157.00,5432.22780,N,01854.43278,E,1,12,1.0,17.7,M,26.5,M,,*5C
$GPRMC,084157.00,A,5432.22780,N,01854.43278,E,19.05,77.2,140625,,,A*67
$GPVTG,77.2,T,,M,19.05,N,35.27,K,A*31
$HEHDT,66.8,T*17
$VWVHW,66.8,T,,M,14.75,N,27.32,K*41
$GPGGA,084158.00,5432.22876,N,01854.44162,E,1,12,1.0,17.8,M,26.5,M,,*55
$GPRMC,084158.00,A,5432.22876,N,01854.44162,E,19.02,76.9,140625,,,A*6C
$GPVTG,76.9,T,,M,19.02,N,35.23,K,A*38
$HEHDT,66.6,T*19
$VWVHW,66.6,T,,M,14.78,N,27.36,K*46
$GPGGA,084159.00,5432.23026,N,01854.45062,E,1,12,1.0,17.9,M,26.5,M,,*59
$GPRMC,084159.00,A,5432.23026,N,01854.45062,E,19.09,76.9,140625,,,A*6A
$GPVTG,76.9,T,,M,19.09,N,35.35,K,A*34
$HEHDT,66.2,T*1D
$VWVHW,66.2,T,,M,14.70,N,27.22,K*4F
$GPGGA,084200.00,5432.23138,N,01854.45963,E,1,12,1.0,17.7,M,26.5,M,,*5E
$GPRMC,084200.00,A,5432.23138,N,01854.45963,E,19.01,76.2,140625,,,A*60
$GPVTG,76.2,T,,M,19.01,N,35.20,K,A*33
$HEHDT,65.5,T*19
$VWVHW,65.5,T,,M,14.86,N,27.52,K*45
$GPGSV,2,1,08,03,67,050,45,08,40,105,46,11,19,160,46,14,44,215,46*72
$GPGSV,2,2,08,17,65,272,46,22,23,320,46,28,13,000,45,31,60,130,46*7E
$GAGSV,2,1,05,04,49,080,46,09,32,190,46,12,62,245,46,24,09,295,47*6B
$GAGSV,2,2,05,31,20,030,46*5C
$GPZDA,084200.00,14,06,2025,00,00*6E
$GPGGA,084201.00,5432.23281,N,01854.46809,E,1,12,1.0,17.5,M,26.5,M,,*52
$GPRMC,084201.00,A,5432.23281,N,01854.46809,E,19.12,75.9,140625,,,A*64
$GPVTG,75.9,T,,M,19.12,N,35.41,K,A*3E
$HEHDT,65.4,T*18
$VWVHW,65.4,T,,M,14.81,N,27.43,K*43
$GPGGA,084202.00,5432.23389,N,01854.47693,E,1,12,1.0,17.0,M,26.5,M,,*51
$GPRMC,084202.00,A,5432.23389,N,01854.47693,E,19.15,75.8,140625,,,A*64
$GPVTG,75.8,T,,M,19.15,N,35.46,K,A*3F
$HEHDT,64.9,T*14
$VWVHW,64.9,T,,M,14.82,N,27.44,K*4B
$GPGGA,084203.00,5432.23548,N,01854.48523,E,1,12,1.0,17.9,M,26.5,M,,*55
$GPRMC,084203.00,A,5432.23548,N,01854.48523,E,19.11,75.3,140625,,,A*66
$GPVTG,75.3,T,,M,19.11,N,35.38,K,A*39
$HEHDT,65.2,T*1E
$VWVHW,65.2,T,,M,14.79,N,27.40,K*41
$GPGGA,084204.00,5432.23643,N,01854.49374,E,1,12,1.0,17.1,M,26.5,M,,*57
$GPRMC,084204.00,A,5432.23643,N,01854.49374,E,19.10,74.5,140625,,,A*6A
$GPVTG,74.5,T,,M,19.10,N,35.37,K,A*30
$HEHDT,64.1,T*1C
$VWVHW,64.1,T,,M,14.84,N,27.48,K*49
$GPGGA,084205.00,5432.23790,N,01854.50305,E,1,12,1.0,16.3,M,26.5,M,,*54
$GPRMC,084205.00,A,5432.23790,N,01854.50305,E,19.05,74.2,140625,,,A*69
$GPVTG,74.2,T,,M,19.05,N,35.28,K,A*3D
$HEHDT,63.4,T*1E
$VWVHW,63.4,T,,M,14.80,N,27.41,K*46
$GPGSV,2,1,08,03,67,050,46,08,40,105,45,11,19,160,47,14,44,215,46*73
$GPGSV,2,2,08,17,65,272,46,22,23,320,46,28,13,000,46,31,60,130,46*7D
$GAGSV,2,1,05,04,49,080,46,09,32,190,47,12,62,245,47,24,09,295,46*6A
$GAGSV,2,2,05,31,20,030,47*5D
$GPZDA,084205.00,14,06,2025,00,00*6B
$GPGGA,084206.00,5432.23949,N,01854.51182,E,1,12,1.0,16.7,M,26.5,M,,*55
$GPRMC,084206.00,A,5432.23949,N,01854.51182,E,19.04,73.9,140625,,,A*61
$GPVTG,73.9,T,,M,19.04,N,35.26,K,A*3E
$HEHDT,63.2,T*18
$VWVHW,63.2,T,,M,15.00,N,27.78,K*43
$GPGGA,084207.00,5432.24079,N,01854.52022,E,1,12,1.0,16.9,M,26.5,M,,*5F
$GPRMC,084207.00,A,5432.24079,N,01854.52022,E,19.15,73.4,140625,,,A*68
$GPVTG,73.4,T,,M,19.15,N,35.47,K,A*34
$HEHDT,62.9,T*12
$VWVHW,62.9,T,,M,14.85,N,27.50,K*4F
$GPGGA,084208.00,5432.24267,N,01854.52970,E,1,12,1.0,16.5,M,26.5,M,,*5F
$GPRMC,084208.00,A,5432.24267,N,01854.52970,E,19.03,73.2,140625,,,A*65
$GPVTG,73.2,T,,M,19.03,N,35.24,K,A*30
$HEHDT,62.7,T*1C
$VWVHW,62.7,T,,M,14.87,N,27.53,K*40
$GPGGA,084209.00,5432.24395,N,01854.53798,E,1,12,1.0,16.8,M,26.5,M,,*56
$GPRMC,084209.00,A,5432.24395,N,01854.53798,E,19.14,72.5,140625,,,A*61
$GPVTG,72.5,T,,M,19.14,N,35.44,K,A*36
$HEHDT,62.1,T*1A
$VWVHW,62.1,T,,M,14.83,N,27.47,K*47
$GPGGA,084210.00,5432.24648,N,01854.54714,E,1,12,1.0,17.0,M,26.5,M,,*51
$GPRMC,084210.00,A,5432.24648,N,01854.54714,E,19.05,72.1,140625,,,A*6B
$GPVTG,72.1,T,,M,19.05,N,35.27,K,A*37
$HEHDT,61.7,T*1F
$VWVHW,61.7,T,,M,14.88,N,27.55,K*4A
$GPGSV,2,1,08,03,67,050,46,08,40,105,46,11,19,160,46,14,44,215,46*71
$GPGSV,2,2,08,17,65,272,46,22,23,320,46,28,13,000,46,31,60,130,46*7D
$GAGSV,2,1,05,04,49,080,45,09,32,190,46,12,62,245,47,24,09,295,46*68
$GAGSV,2,2,05,31,20,030,47*5D
$GPZDA,084210.00,14,06,2025,00,00*6F
$GPGGA,084211.00,5432.24754,N,01854.55611,E,1,12,1.0,16.9,M,26.5,M,,*51
$GPRMC,084211.00,A,5432.24754,N,01854.55611,E,19.19,71.8,140625,,,A*64
$GPVTG,71.8,T,,M,19.19,N,35.54,K,A*34
$HEHDT,61.0,T*18
$VWVHW,61.0,T,,M,14.95,N,27.69,K*4E
$GPGGA,084212.00,5432.24898,N,01854.56490,E,1,12,1.0,16.2,M,26.5,M,,*5E
$GPRMC,084212.00,A,5432.24898,N,01854.56490,E,18.91,71.5,140625,,,A*6C
$GPVTG,71.5,T,,M,18.91,N,35.02,K,A*3B
$HEHDT,60.7,T*1E
$VWVHW,60.7,T,,M,14.80,N,27.40,K*47
$GPGGA,084213.00,5432.25091,N,01854.57355,E,1,12,1.0,17.1,M,26.5,M,,*52
$GPRMC,084213.00,A,5432.25091,N,01854.57355,E,19.12,71.2,140625,,,A*6F
$GPVTG,71.2,T,,M,19.12,N,35.41,K,A*31
$HEHDT,60.5,T*1C
$VWVHW,60.5,T,,M,14.77,N,27.35,K*4F
$GPGGA,084214.00,5432.25235,N,01854.58093,E,1,12,1.0,16.8,M,26.5,M,,*57
$GPRMC,084214.00,A,5432.25235,N,01854.58093,E,19.26,70.8,140625,,,A*6E
$GPVTG,70.8,T,,M,19.26,N,35.68,K,A*36
$HEHDT,60.3,T*1A
$VWVHW,60.3,T,,M,14.77,N,27.34,K*48
$GPGGA,084215.00,5432.25443,N,01854.58969,E,1,12,1.0,17.0,M,26.5,M,,*54
$GPRMC,084215.00,A,5432.25443,N,01854.58969,E,19.13,70.3,140625,,,A*69
$GPVTG,70.3,T,,M,19.13,N,35.43,K,A*32
$HEHDT,59.7,T*14
$VWVHW,59.7,T,,M,14.70,N,27.23,K*47
$GPGSV,2,1,08,03,67,050,45,08,40,105,46,11,19,160,45,14,44,215,46*71
$GPGSV,2,2,08,17,65,272,46,22,23,320,46,28,13,000,46,31,60,130,46*7D
$GAGSV,2,1,05,04,49,080,46,09,32,190,46,12,62,245,46,24,09,295,47*6B
$GAGSV,2,2,05,31,20,030,47*5D
$GPZDA,084215.00,14,06,2025,00,00*6A
$GPGGA,084216.00,5432.25636,N,01854.59889,E,1,12,1.0,16.6,M,26.5,M,,*5E
$GPRMC,084216.00,A,5432.25636,N,01854.59889,E,19.03,70.5,140625,,,A*63
$GPVTG,70.5,T,,M,19.03,N,35.24,K,A*34
$HEHDT,60.0,T*19
$VWVHW,60.0,T,,M,14.71,N,27.24,K*4C
$GPGGA,084217.00,5432.25798,N,01854.60704,E,1,12,1.0,16.4,M,26.5,M,,*58
$GPRMC,084217.00,A,5432.25798,N,01854.60704,E,19.08,70.5,140625,,,A*6C
$GPVTG,70.5,T,,M,19.08,N,35.33,K,A*39
$HEHDT,59.2,T*11
$VWVHW,59.2,T,,M,14.81,N,27.43,K*4A
$GPGGA,084218.00,5432.25955,N,01854.61564,E,1,12,1.0,16.7,M,26.5,M,,*5E
$GPRMC,084218.00,A,5432.25955,N,01854.61564,E,19.00,70.1,140625,,,A*65
$GPVTG,70.1,T,,M,19.00,N,35.19,K,A*3D
$HEHDT,59.4,T*17
$VWVHW,59.4,T,,M,14.68,N,27.19,K*44
$GPGGA,084219.00,5432.26144,N,01854.62549,E,1,12,1.0,16.1,M,26.5,M,,*5E
$GPRMC,084219.00,A,5432.26144,N,01854.62549,E,19.12,71.0,140625,,,A*60
$GPVTG,71.0,T,,M,19.12,N,35.41,K,A*33
$HEHDT,59.4,T*17
$VWVHW,59.4,T,,M,14.73,N,27.28,K*4C
$GPGGA,084220.00,5432.26341,N,01854.63347,E,1,12,1.0,16.2,M,26.5,M,,*59
$GPRMC,084220.00,A,5432.26341,N,01854.63347,E,19.07,70.3,140625,,,A*62
$GPVTG,70.3,T,,M,19.07,N,35.31,K,A*32
$HEHDT,59.4,T*17
$VWVHW,59.4,T,,M,14.62,N,27.07,K*41
$GPGSV,2,1,08,03,67,050,46,08,40,105,45,11,19,160,46,14,44,215,45*71
$GPGSV,2,2,08,17,65,272,46,22,23,320,46,28,13,000,46,31,60,130,46*7D
$GAGSV,2,1,05,04,49,080,46,09,32,190,45,12,62,245,45,24,09,295,46*6A
$GAGSV,2,2,05,31,20,030,46*5C
$GPZDA,084220.00,14,06,2025,00,00*6C
$GPGGA,084221.00,5432.26534,N,01854.64177,E,1,12,1.0,16.0,M,26.5,M,,*58
$GPRMC,084221.00,A,5432.26534,N,01854.64177,E,18.93,70.0,140625,,,A*6E
$GPVTG,70.0,T,,M,18.93,N,35.06,K,A*39
$HEHDT,59.3,T*10
$VWVHW,59.3,T,,M,14.75,N,27.32,K*46
$GPGGA,084222.00,5432.26705,N,01854.65012,E,1,12,1.0,16.0,M,26.5,M,,*58
$GPRMC,084222.00,A,5432.26705,N,01854.65012,E,19.08,70.3,140625,,,A*6E
$GPVTG,70.3,T,,M,19.08,N,35.34,K,A*38
$HEHDT,59.8,T*1B
$VWVHW,59.8,T,,M,14.83,N,27.46,K*47
$GPGGA,084223.00,5432.26864,N,01854.65844,E,1,12,1.0,16.3,M,26.5,M,,*59
$GPRMC,084223.00,A,5432.26864,N,01854.65844,E,18.81,70.0,140625,,,A*6F
$GPVTG,70.0,T,,M,18.81,N,34.83,K,A*36
$HEHDT,59.5,T*16
$VWVHW,59.5,T,,M,14.74,N,27.29,K*4B
$GPGGA,084224.00,5432.27047,N,01854.66664,E,1,12,1.0,15.9,M,26.5,M,,*50
$GPRMC,084224.00,A,5432.27047,N,01854.66664,E,18.98,70.2,140625,,,A*65
$GPVTG,70.2,T,,M,18.98,N,35.16,K,A*31
$HEHDT,59.2,T*11
$VWVHW,59.2,T,,M,14.69,N,27.21,K*48
$GPGGA,084225.00,5432.27214,N,01854.67600,E,1,12,1.1,15.9,M,26.5,M,,*57
$GPRMC,084225.00,A,5432.27214,N,01854.67600,E,19.05,70.5,140625,,,A*61
$GPVTG,70.5,T,,M,19.05,N,35.27,K,A*31
$HEHDT,59.3,T*10
$VWVHW,59.3,T,,M,14.84,N,27.48,K*45
$GPGSV,2,1,08,03,67,050,47,08,40,105,46,11,19,160,46,14,44,215,46*70
$GPGSV,2,2,08,17,65,272,45,22,23,320,46,28,13,000,46,31,60,130,46*7E
$GAGSV,2,1,05,04,49,080,46,09,32,190,46,12,62,245,47,24,09,295,46*6B
$GAGSV,2,2,05,31,20,030,46*5C
$GPZDA,084225.00,14,06,2025,00,00*69
$GPGGA,084226.00,5432.27418,N,01854.68416,E,1,12,1.1,15.7,M,26.5,M,,*5A
$GPRMC,084226.00,A,5432.27418,N,01854.68416,E,19.06,70.4,140625,,,A*60
$GPVTG,70.4,T,,M,19.06,N,35.31,K,A*34
$HEHDT,59.5,T*16
$VWVHW,59.5,T,,M,14.69,N,27.20,K*4E
$GPGGA,084227.00,5432.27585,N,01854.69226,E,1,12,1.1,15.6,M,26.5,M,,*5B
$GPRMC,084227.00,A,5432.27585,N,01854.69226,E,18.97,70.5,140625,,,A*68
$GPVTG,70.5,T,,M,18.97,N,35.13,K,A*3C
$HEHDT,60.0,T*19
$VWVHW,60.0,T,,M,14.74,N,27.30,K*4C
$GPGGA,084228.00,5432.27774,N,01854.70085,E,1,12,1.1,15.6,M,26.5,M,,*5B
$GPRMC,084228.00,A,5432.27774,N,01854.70085,E,18.96,70.6,140625,,,A*6A
$GPVTG,70.6,T,,M,18.96,N,35.11,K,A*3C
$HEHDT,59.4,T*17
$VWVHW,59.4,T,,M,14.80,N,27.42,K*4C
$GPGGA,084229.00,5432.27966,N,01854.70908,E,1,12,1.1,15.1,M,26.5,M,,*5C
$GPRMC,084229.00,A,5432.27966,N,01854.70908,E,19.03,70.4,140625,,,A*65
$GPVTG,70.4,T,,M,19.03,N,35.23,K,A*32
$HEHDT,59.7,T*14
$VWVHW,59.7,T,,M,14.73,N,27.28,K*4F
$GPGGA,084230.00,5432.28146,N,01854.71784,E,1,12,1.1,15.5,M,26.5,M,,*5E
$GPRMC,084230.00,A,5432.28146,N,01854.71784,E,18.99,70.6,140625,,,A*63
$GPVTG,70.6,T,,M,18.99,N,35.16,K,A*34
$HEHDT,59.8,T*1B
$VWVHW,59.8,T,,M,14.78,N,27.38,K*4A
$GPGSV,2,1,08,03,67,050,46,08,40,105,46,11,19,160,46,14,44,215,46*71
$GPGSV,2,2,08,17,65,272,46,22,23,320,46,28,13,000,46,31,60,130,46*7D
$GAGSV,2,1,05,04,49,080,46,09,32,190,46,12,62,245,46,24,09,295,46*6A
$GAGSV,2,2,05,31,20,030,45*5F
$GPZDA,084230.00,14,06,2025,00,00*6D
$GPGGA,084231.00,5432.28308,N,01854.72599,E,1,12,1.1,15.8,M,26.5,M,,*57
$GPRMC,084231.00,A,5432.28308,N,01854.72599,E,18.90,70.5,140625,,,A*6D
$GPVTG,70.5,T,,M,18.90,N,35.00,K,A*39
$HEHDT,59.4,T*17
$VWVHW,59.4,T,,M,14.73,N,27.28,K*4C
$GPGGA,084232.00,5432.28462,N,01854.73478,E,1,12,1.1,15.8,M,26.5,M,,*50
$GPRMC,084232.00,A,5432.28462,N,01854.73478,E,18.88,70.4,140625,,,A*62
$GPVTG,70.4,T,,M,18.88,N,34.97,K,A*3E
$HEHDT,59.6,T*15
$VWVHW,59.6,T,,M,14.75,N,27.32,K*43
$GPGGA,084233.00,5432.28638,N,01854.74364,E,1,12,1.1,15.6,M,26.5,M,,*5F
$GPRMC,084233.00,A,5432.28638,N,01854.74364,E,18.93,70.3,140625,,,A*6E
$GPVTG,70.3,T,,M,18.93,N,35.06,K,A*3A
$HEHDT,60.1,T*18
$VWVHW,60.1,T,,M,14.88,N,27.56,K*4E
$GPGGA,084234.00,5432.28796,N,01854.75192,E,1,12,1.1,15.5,M,26.5,M,,*54
$GPRMC,084234.00,A,5432.28796,N,01854.75192,E,18.99,70.7,140625,,,A*68
$GPVTG,70.7,T,,M,18.99,N,35.17,K,A*34
$HEHDT,59.4,T*17
$VWVHW,59.4,T,,M,14.80,N,27.40,K*4E
$GPGGA,084235.00,5432.29011,N,01854.76028,E,1,12,1.1,15.2,M,26.5,M,,*58
$GPRMC,084235.00,A,5432.29011,N,01854.76028,E,19.17,70.6,140625,,,A*65
$GPVTG,70.6,T,,M,19.17,N,35.50,K,A*31
$HEHDT,59.7,T*14
$VWVHW,59.7,T,,M,14.74,N,27.30,K*41
$GPGSV,2,1,08,03,67,050,46,08,40,105,46,11,19,160,45,14,44,215,46*72
$GPGSV,2,2,08,17,65,272,46,22,23,320,46,28,13,000,46,31,60,130,46*7D
$GAGSV,2,1,05,04,49,080,46,09,32,190,45,12,62,245,45,24,09,295,46*6A
$GAGSV,2,2,05,31,20,030,46*5C
$GPZDA,084235.00,14,06,2025,00,00*68
$GPGGA,084236.00,5432.29208,N,01854.76910,E,1,12,1.1,15.1,M,26.5,M,,*50
$GPRMC,084236.00,A,5432.29208,N,01854.76910,E,18.96,70.4,140625,,,A*64
$GPVTG,70.4,T,,M,18.96,N,35.12,K,A*3D
$HEHDT,59.2,T*11
$VWVHW,59.2,T,,M,14.69,N,27.21,K*48
$GPGGA,084237.00,5432.29345,N,01854.77748,E,1,12,1.1,14.6,M,26.5,M,,*5D
$GPRMC,084237.00,A,5432.29345,N,01854.77748,E,18.99,70.5,140625,,,A*61
$GPVTG,70.5,T,,M,18.99,N,35.17,K,A*36
$HEHDT,59.5,T*16
$VWVHW,59.5,T,,M,14.68,N,27.19,K*45
$GPGGA,084238.00,5432.29523,N,01854.78595,E,1,12,1.1,14.9,M,26.5,M,,*56
$GPRMC,084238.00,A,5432.29523,N,01854.78595,E,18.96,70.6,140625,,,A*69
$GPVTG,70.6,T,,M,18.96,N,35.12,K,A*3F
$HEHDT,59.5,T*16
$VWVHW,59.5,T,,M,14.67,N,27.17,K*44
$GPGGA,084239.00,5432.29714,N,01854.79417,E,1,12,1.1,14.9,M,26.5,M,,*5B
$GPRMC,084239.00,A,5432.29714,N,01854.79417,E,18.97,70.8,140625,,,A*6B
$GPVTG,70.8,T,,M,18.97,N,35.13,K,A*31
$HEHDT,59.7,T*14
$VWVHW,59.7,T,,M,14.76,N,27.33,K*40
$GPGGA,084240.00,5432.29882,N,01854.80249,E,1,12,1.1,15.0,M,26.5,M,,*56
$GPRMC,084240.00,A,5432.29882,N,01854.80249,E,18.92,70.4,140625,,,A*67
$GPVTG,70.4,T,,M,18.92,N,35.05,K,A*3F
$HEHDT,59.8,T*1B
$VWVHW,59.8,T,,M,14.83,N,27.46,K*47
$GPGSV,2,1,08,03,67,050,45,08,40,105,46,11,19,160,46,14,44,215,46*72
$GPGSV,2,2,08,17,65,272,46,22,23,320,46,28,13,000,46,31,60,130,46*7D
$GAGSV,2,1,05,04,49,080,46,09,32,190,46,12,62,245,46,24,09,295,46*6A
$GAGSV,2,2,05,31,20,030,46*5C
$GPZDA,084240.00,14,06,2025,00,00*6A
$GPGGA,084241.00,5432.30053,N,01854.81101,E,1,12,1.1,15.2,M,26.5,M,,*57
$GPRMC,084241.00,A,5432.30053,N,01854.81101,E,18.91,71.0,140625,,,A*62
$GPVTG,71.0,T,,M,18.91,N,35.02,K,A*3E
$HEHDT,59.8,T*1B
$VWVHW,59.8,T,,M,14.75,N,27.31,K*4E
$GPGGA,084242.00,5432.30237,N,01854.81978,E,1,12,1.1,15.3,M,26.5,M,,*53
$GPRMC,084242.00,A,5432.30237,N,01854.81978,E,18.81,70.6,140625,,,A*61
$GPVTG,70.6,T,,M,18.81,N,34.83,K,A*30
$HEHDT,59.8,T*1B
$VWVHW,59.8,T,,M,14.62,N,27.07,K*4D
$GPGGA,084243.00,5432.30347,N,01854.82825,E,1,12,1.1,15.3,M,26.5,M,,*5E
$GPRMC,084243.00,A,5432.30347,N,01854.82825,E,18.94,70.1,140625,,,A*6F
$GPVTG,70.1,T,,M,18.94,N,35.08,K,A*31
$HEHDT,60.0,T*19
$VWVHW,60.0,T,,M,14.83,N,27.47,K*44
$GPGGA,084244.00,5432.30564,N,01854.83710,E,1,12,1.1,15.2,M,26.5,M,,*57
$GPRMC,084244.00,A,5432.30564,N,01854.83710,E,18.92,70.1,140625,,,A*61
$GPVTG,70.1,T,,M,18.92,N,35.03,K,A*3C
$HEHDT,59.8,T*1B
$VWVHW,59.8,T,,M,14.62,N,27.08,K*42
$GPGGA,084245.00,5432.30697,N,01854.84527,E,1,12,1.1,15.1,M,26.5,M,,*5B
$GPRMC,084245.00,A,5432.30697,N,01854.84527,E,18.90,70.5,140625,,,A*68
$GPVTG,70.5,T,,M,18.90,N,35.00,K,A*39
$HEHDT,59.4,T*17
$VWVHW,59.4,T,,M,14.68,N,27.19,K*44
$GPGSV,2,1,08,03,67,050,46,08,40,105,46,11,19,160,46,14,44,215,45*72
$GPGSV,2,2,08,17,65,272,46,22,23,320,45,28,13,000,46,31,60,130,46*7E
$GAGSV,2,1,05,04,49,080,46,09,32,190,46,12,62,245,46,24,09,295,46*6A
$GAGSV,2,2,05,31,20,030,45*5F
$GPZDA,084245.00,14,06,2025,00,00*6F
$GPGGA,084246.00,5432.30884,N,01854.85384,E,1,12,1.1,15.2,M,26.5,M,,*59
$GPRMC,084246.00,A,5432.30884,N,01854.85384,E,18.96,70.4,140625,,,A*6E
$GPVTG,70.4,T,,M,18.96,N,35.12,K,A*3D
$HEHDT,59.7,T*14
$VWVHW,59.7,T,,M,14.69,N,27.21,K*4D
$GPGGA,084247.00,5432.31081,N,01854.86118,E,1,12,1.1,15.5,M,26.5,M,,*57
$GPRMC,084247.00,A,5432.31081,N,01854.86118,E,18.93,70.7,140625,,,A*61
$GPVTG,70.7,T,,M,18.93,N,35.05,K,A*3D
$HEHDT,59.7,T*14
$VWVHW,59.7,T,,M,14.72,N,27.25,K*43
$GPGGA,084248.00,5432.31234,N,01854.86979,E,1,12,1.1,16.1,M,26.5,M,,*5C
$GPRMC,084248.00,A,5432.31234,N,01854.86979,E,18.86,70.3,140625,,,A*6D
$GPVTG,70.3,T,,M,18.86,N,34.92,K,A*32
$HEHDT,60.2,T*1B
$VWVHW,60.2,T,,M,14.65,N,27.13,K*4F
$GPGGA,084249.00,5432.31409,N,01854.87909,E,1,12,1.1,16.1,M,26.5,M,,*53
$GPRMC,084249.00,A,5432.31409,N,01854.87909,E,18.88,70.8,140625,,,A*67
$GPVTG,70.8,T,,M,18.88,N,34.96,K,A*33
$HEHDT,59.6,T*15
$VWVHW,59.6,T,,M,14.54,N,26.94,K*4D
$GPGGA,084250.00,5432.31601,N,01854.88723,E,1,12,1.1,15.9,M,26.5,M,,*53
$GPRMC,084250.00,A,5432.31601,N,01854.88723,E,18.97,70.2,140625,,,A*68
$GPVTG,70.2,T,,M,18.97,N,35.13,K,A*3B
$HEHDT,59.5,T*16
$VWVHW,59.5,T,,M,14.68,N,27.19,K*45
$GPGSV,2,1,08,03,67,050,46,08,40,105,45,11,19,160,46,14,44,215,46*72
$GPGSV,2,2,08,17,65,272,46,22,23,320,45,28,13,000,47,31,60,130,46*7F
$GAGSV,2,1,05,04,49,080,45,09,32,190,46,12,62,245,47,24,09,295,46*68
$GAGSV,2,2,05,31,20,030,46*5C
$GPZDA,084250.00,14,06,2025,00,00*6B
$GPGGA,084251.00,5432.31779,N,01854.89577,E,1,12,1.1,16.2,M,26.5,M,,*56
$GPRMC,084251.00,A,5432.31779,N,01854.89577,E,18.90,70.4,140625,,,A*64
$GPVTG,70.4,T,,M,18.90,N,35.01,K,A*39
$HEHDT,59.7,T*14
$VWVHW,59.7,T,,M,14.74,N,27.29,K*49
$GPGGA,084252.00,5432.31997,N,01854.90520,E,1,12,1.1,15.9,M,26.5,M,,*59
$GPRMC,084252.00,A,5432.31997,N,01854.90520,E,18.81,69.9,140625,,,A*66
$GPVTG,69.9,T,,M,18.81,N,34.84,K,A*30
$HEHDT,60.1,T*18
$VWVHW,60.1,T,,M,14.54,N,26.92,K*46
$GPGGA,084253.00,5432.32144,N,01854.91316,E,1,12,1.1,16.8,M,26.5,M,,*5D
$GPRMC,084253.00,A,5432.32144,N,01854.91316,E,18.92,70.7,140625,,,A*64
$GPVTG,70.7,T,,M,18.92,N,35.04,K,A*3D
$HEHDT,59.4,T*17
$VWVHW,59.4,T,,M,14.70,N,27.23,K*44
$GPGGA,084254.00,5432.32351,N,01854.92198,E,1,12,1.1,16.9,M,26.5,M,,*5A
$GPRMC,084254.00,A,5432.32351,N,01854.92198,E,18.86,70.1,140625,,,A*61
$GPVTG,70.1,T,,M,18.86,N,34.92,K,A*30
$HEHDT,59.2,T*11
$VWVHW,59.2,T,,M,14.78,N,27.38,K*40
$GPGGA,084255.00,5432.32493,N,01854.93061,E,1,12,1.1,17.1,M,26.5,M,,*5D
$GPRMC,084255.00,A,5432.32493,N,01854.93061,E,18.87,70.3,140625,,,A*6C
$GPVTG,70.3,T,,M,18.87,N,34.94,K,A*35
$HEHDT,59.5,T*16
$VWVHW,59.5,T,,M,14.54,N,26.92,K*48
$GPGSV,2,1,08,03,67,050,46,08,40,105,47,11,19,160,46,14,44,215,46*70
$GPGSV,2,2,08,17,65,272,46,22,23,320,46,28,13,000,46,31,60,130,46*7D
$GAGSV,2,1,05,04,49,080,46,09,32,190,46,12,62,245,46,24,09,295,46*6A
$GAGSV,2,2,05,31,20,030,46*5C
$GPZDA,084255.00,14,06,2025,00,00*6E
$GPGGA,084256.00,5432.32693,N,01854.93859,E,1,12,1.1,16.9,M,26.5,M,,*56
$GPRMC,084256.00,A,5432.32693,N,01854.93859,E,18.82,70.8,140625,,,A*60
$GPVTG,70.8,T,,M,18.82,N,34.85,K,A*3B
$HEHDT,60.1,T*18
$VWVHW,60.1,T,,M,14.71,N,27.24,K*4D
$GPGGA,084257.00,5432.32851,N,01854.94697,E,1,12,1.1,17.0,M,26.5,M,,*54
$GPRMC,084257.00,A,5432.32851,N,01854.94697,E,18.98,70.2,140625,,,A*6B
$GPVTG,70.2,T,,M,18.98,N,35.15,K,A*32
$HEHDT,59.7,T*14
$VWVHW,59.7,T,,M,14.60,N,27.04,K*43
$GPGGA,084258.00,5432.33027,N,01854.95498,E,1,12,1.1,16.3,M,26.5,M,,*5D
$GPRMC,084258.00,A,5432.33027,N,01854.95498,E,18.85,70.5,140625,,,A*6B
$GPVTG,70.5,T,,M,18.85,N,34.91,K,A*34
$HEHDT,59.7,T*14
$VWVHW,59.7,T,,M,14.81,N,27.43,K*4F
$GPGGA,084259.00,5432.33195,N,01854.96336,E,1,12,1.1,16.8,M,26.5,M,,*5F
$GPRMC,084259.00,A,5432.33195,N,01854.96336,E,18.86,70.6,140625,,,A*62
$GPVTG,70.6,T,,M,18.86,N,34.93,K,A*36
$HEHDT,59.8,T*1B
$VWVHW,59.8,T,,M,14.70,N,27.22,K*49
$GPGGA,084300.00,5432.33369,N,01854.97270,E,1,12,1.1,17.2,M,26.5,M,,*5A
$GPRMC,084300.00,A,5432.33369,N,01854.97270,E,18.72,70.8,140625,,,A*69
$GPVTG,70.8,T,,M,18.72,N,34.67,K,A*38
$HEHDT,59.5,T*16
$VWVHW,59.5,T,,M,14.57,N,26.98,K*41
$GPGSV,2,1,08,03,67,050,46,08,40,105,46,11,19,160,46,14,44,215,46*71
$GPGSV,2,2,08,17,65,272,46,22,23,320,47,28,13,000,46,31,60,130,46*7C
$GAGSV,2,1,05,04,49,080,46,09,32,190,46,12,62,245,46,24,09,295,46*6A
$GAGSV,2,2,05,31,20,030,45*5F
$GPZDA,084300.00,14,06,2025,00,00*6F
$GPGGA,084301.00,5432.33537,N,01854.98087,E,1,12,1.1,16.7,M,26.5,M,,*57
$GPRMC,084301.00,A,5432.33537,N,01854.98087,E,18.89,70.5,140625,,,A*69
$GPVTG,70.5,T,,M,18.89,N,34.99,K,A*30
$HEHDT,59.6,T*15
$VWVHW,59.6,T,,M,14.57,N,26.99,K*43
$GPGGA,084302.00,5432.33717,N,01854.98916,E,1,12,1.1,16.5,M,26.5,M,,*57
$GPRMC,084302.00,A,5432.33717,N,01854.98916,E,18.71,70.5,140625,,,A*6C
$GPVTG,70.5,T,,M,18.71,N,34.65,K,A*34
$HEHDT,59.3,T*10
$VWVHW,59.3,T,,M,14.72,N,27.26,K*44
$GPGGA,084303.00,5432.33849,N,01854.99671,E,1,12,1.1,16.5,M,26.5,M,,*5D
$GPRMC,084303.00,A,5432.33849,N,01854.99671,E,18.83,70.1,140625,,,A*6F
$GPVTG,70.1,T,,M,18.83,N,34.88,K,A*3E
$HEHDT,59.5,T*16
$VWVHW,59.5,T,,M,14.60,N,27.05,K*40
$GPGGA,084304.00,5432.34048,N,01855.00618,E,1,12,1.1,17.1,M,26.5,M,,*5F
$GPRMC,084304.00,A,5432.34048,N,01855.00618,E,18.72,70.3,140625,,,A*64
$GPVTG,70.3,T,,M,18.72,N,34.67,K,A*33
$HEHDT,59.2,T*11
$VWVHW,59.2,T,,M,14.65,N,27.13,K*45
$GPGGA,084305.00,5432.34187,N,01855.01390,E,1,12,1.1,16.4,M,26.5,M,,*5C
$GPRMC,084305.00,A,5432.34187,N,01855.01390,E,18.86,70.4,140625,,,A*6F
$GPVTG,70.4,T,,M,18.86,N,34.93,K,A*34
$HEHDT,59.5,T*16
$VWVHW,59.5,T,,M,14.63,N,27.10,K*47
$GPGSV,2,1,08,03,67,050,46,08,40,105,46,11,19,160,46,14,44,215,47*70
$GPGSV,2,2,08,17,65,272,46,22,23,320,46,28,13,000,45,31,60,130,47*7F
$GAGSV,2,1,05,04,49,080,46,09,32,190,45,12,62,245,46,24,09,295,46*69
$GAGSV,2,2,05,31,20,030,46*5C
$GPZDA,084305.00,14,06,2025,00,00*6A
$GPGGA,084306.00,5432.34385,N,01855.02360,E,1,12,1.1,15.9,M,26.5,M,,*5D
$GPRMC,084306.00,A,5432.34385,N,01855.02360,E,18.92,70.7,140625,,,A*66
$GPVTG,70.7,T,,M,18.92,N,35.04,K,A*3D
$HEHDT,59.7,T*14
$VWVHW,59.7,T,,M,14.49,N,26.83,K*46
$GPGGA,084307.00,5432.34587,N,01855.03213,E,1,12,1.1,16.5,M,26.5,M,,*53
$GPRMC,084307.00,A,5432.34587,N,01855.03213,E,18.86,70.2,140625,,,A*67
$GPVTG,70.2,T,,M,18.86,N,34.93,K,A*32
$HEHDT,59.8,T*1B
$VWVHW,59.8,T,,M,14.69,N,27.20,K*43
$GPGGA,084308.00,5432.34758,N,01855.04001,E,1,12,1.1,17.1,M,26.5,M,,*5F
$GPRMC,084308.00,A,5432.34758,N,01855.04001,E,18.90,70.3,140625,,,A*68
$GPVTG,70.3,T,,M,18.90,N,35.01,K,A*3E
$HEHDT,59.5,T*16
$VWVHW,59.5,T,,M,14.63,N,27.10,K*47
$GPGGA,084309.00,5432.34920,N,01855.04861,E,1,12,1.1,17.6,M,26.5,M,,*56
$GPRMC,084309.00,A,5432.34920,N,01855.04861,E,18.86,70.3,140625,,,A*61
$GPVTG,70.3,T,,M,18.86,N,34.93,K,A*33
$HEHDT,59.4,T*17
$VWVHW,59.4,T,,M,14.57,N,26.98,K*40
$GPGGA,084310.00,5432.35057,N,01855.05649,E,1,12,1.1,16.7,M,26.5,M,,*53
$GPRMC,084310.00,A,5432.35057,N,01855.05649,E,18.87,70.7,140625,,,A*61
$GPVTG,70.7,T,,M,18.87,N,34.95,K,A*30
$HEHDT,59.5,T*16
$VWVHW,59.5,T,,M,14.52,N,26.90,K*4C
$GPGSV,2,1,08,03,67,050,46,08,40,105,46,11,19,160,46,14,44,215,46*71
$GPGSV,2,2,08,17,65,272,46,22,23,320,46,28,13,000,45,31,60,130,46*7E
$GAGSV,2,1,05,04,49,080,46,09,32,190,46,12,62,245,47,24,09,295,45*68
$GAGSV,2,2,05,31,20,030,46*5C
$GPZDA,084310.00,14,06,2025,00,00*6E
$GPGGA,084311.00,5432.35272,N,01855.06577,E,1,12,1.1,16.9,M,26.5,M,,*54
$GPRMC,084311.00,A,5432.35272,N,01855.06577,E,18.74,70.1,140625,,,A*62
$GPVTG,70.1,T,,M,18.74,N,34.71,K,A*30
$HEHDT,59.7,T*14
$VWVHW,59.7,T,,M,14.72,N,27.26,K*40
$GPGGA,084312.00,5432.35415,N,01855.07411,E,1,12,1.1,17.0,M,26.5,M,,*58
$GPRMC,084312.00,A,5432.35415,N,01855.07411,E,18.79,71.0,140625,,,A*6B
$GPVTG,71.0,T,,M,18.79,N,34.81,K,A*32
$HEHDT,59.6,T*15
$VWVHW,59.6,T,,M,14.61,N,27.05,K*42
$GPGGA,084313.00,5432.35582,N,01855.08292,E,1,12,1.1,16.4,M,26.5,M,,*51
$GPRMC,084313.00,A,5432.35582,N,01855.08292,E,18.86,70.6,140625,,,A*60
$GPVTG,70.6,T,,M,18.86,N,34.92,K,A*37
$HEHDT,59.8,T*1B
$VWVHW,59.8,T,,M,14.47,N,26.80,K*44
$GPGGA,084314.00,5432.35783,N,01855.09058,E,1,12,1.1,16.3,M,26.5,M,,*57
$GPRMC,084314.00,A,5432.35783,N,01855.09058,E,18.82,70.6,140625,,,A*65
$GPVTG,70.6,T,,M,18.82,N,34.86,K,A*36
$HEHDT,59.5,T*16
$VWVHW,59.5,T,,M,14.59,N,27.02,K*4D
$GPGGA,084315.00,5432.35975,N,01855.09964,E,1,12,1.1,17.0,M,26.5,M,,*55
$GPRMC,084315.00,A,5432.35975,N,01855.09964,E,18.80,70.6,140625,,,A*67
$GPVTG,70.6,T,,M,18.80,N,34.81,K,A*33
$HEHDT,59.3,T*10
$VWVHW,59.3,T,,M,14.54,N,26.93,K*4F
$GPGSV,2,1,08,03,67,050,45,08,40,105,46,11,19,160,47,14,44,215,47*72
$GPGSV,2,2,08,17,65,272,46,22,23,320,46,28,13,000,46,31,60,130,45*7E
$GAGSV,2,1,05,04,49,080,47,09,32,190,46,12,62,245,47,24,09,295,46*6A
$GAGSV,2,2,05,31,20,030,46*5C
$GPZDA,084315.00,14,06,2025,00,00*6B
$GPGGA,084316.00,5432.36140,N,01855.10787,E,1,12,1.1,17.1,M,26.5,M,,*51
$GPRMC,084316.00,A,5432.36140,N,01855.10787,E,18.94,70.6,140625,,,A*67
$GPVTG,70.6,T,,M,18.94,N,35.07,K,A*39
$HEHDT,59.5,T*16
$VWVHW,59.5,T,,M,14.58,N,26.99,K*4F
$GPGGA,084317.00,5432.36311,N,01855.11669,E,1,12,1.1,16.7,M,26.5,M,,*51
$GPRMC,084317.00,A,5432.36311,N,01855.11669,E,18.85,70.4,140625,,,A*62
$GPVTG,70.4,T,,M,18.85,N,34.91,K,A*35
$HEHDT,59.4,T*17
$VWVHW,59.4,T,,M,14.61,N,27.05,K*40
$GPGGA,084318.00,5432.36504,N,01855.12453,E,1,12,1.1,16.4,M,26.5,M,,*57
$GPRMC,084318.00,A,5432.36504,N,01855.12453,E,18.74,70.5,140625,,,A*68
$GPVTG,70.5,T,,M,18.74,N,34.71,K,A*34
$HEHDT,59.9,T*1A
$VWVHW,59.9,T,,M,14.66,N,27.16,K*48
$GPGGA,084319.00,5432.36682,N,01855.13279,E,1,12,1.1,16.4,M,26.5,M,,*54
$GPRMC,084319.00,A,5432.36682,N,01855.13279,E,18.86,70.6,140625,,,A*65
$GPVTG,70.6,T,,M,18.86,N,34.93,K,A*36
$HEHDT,59.4,T*17
$VWVHW,59.4,T,,M,14.59,N,27.01,K*4F
$GPGGA,084320.00,5432.36859,N,01855.14239,E,1,12,1.1,16.0,M,26.5,M,,*51
$GPRMC,084320.00,A,5432.36859,N,01855.14239,E,18.75,70.6,140625,,,A*68
$GPVTG,70.6,T,,M,18.75,N,34.73,K,A*34
$HEHDT,59.6,T*15
$VWVHW,59.6,T,,M,14.61,N,27.06,K*41
$GPGSV,2,1,08,03,67,050,46,08,40,105,47,11,19,160,46,14,44,215,45*73
$GPGSV,2,2,08,17,65,272,47,22,23,320,46,28,13,000,46,31,60,130,47*7D
$GAGSV,2,1,05,04,49,080,46,09,32,190,46,12,62,245,46,24,09,295,46*6A
$GAGSV,2,2,05,31,20,030,46*5C
$GPZDA,084320.00,14,06,2025,00,00*6D
$GPGGA,084321.00,5432.37019,N,01855.15122,E,1,12,1.1,16.0,M,26.5,M,,*55
$GPRMC,084321.00,A,5432.37019,N,01855.15122,E,18.85,70.5,140625,,,A*60
$GPVTG,70.5,T,,M,18.85,N,34.91,K,A*34
$HEHDT,59.9,T*1A
$VWVHW,59.9,T,,M,14.43,N,26.72,K*4C
$GPGGA,084322.00,5432.37151,N,01855.16062,E,1,12,1.1,15.5,M,26.5,M,,*5B
$GPRMC,084322.00,A,5432.37151,N,01855.16062,E,18.80,71.0,140625,,,A*69
$GPVTG,71.0,T,,M,18.80,N,34.83,K,A*36
$HEHDT,60.1,T*18
$VWVHW,60.1,T,,M,14.69,N,27.21,K*41
$GPGGA,084323.00,5432.37330,N,01855.16750,E,1,12,1.1,15.6,M,26.5,M,,*5A
$GPRMC,084323.00,A,5432.37330,N,01855.16750,E,18.86,70.5,140625,,,A*69
$GPVTG,70.5,T,,M,18.86,N,34.94,K,A*32
$HEHDT,59.8,T*1B
$VWVHW,59.8,T,,M,14.57,N,26.99,K*4D
$GPGGA,084324.00,5432.37468,N,01855.17781,E,1,12,1.1,15.8,M,26.5,M,,*54
$GPRMC,084324.00,A,5432.37468,N,01855.17781,E,18.91,70.4,140625,,,A*6E
$GPVTG,70.4,T,,M,18.91,N,35.02,K,A*3B
$HEHDT,59.4,T*17
$VWVHW,59.4,T,,M,14.44,N,26.75,K*41
$GPGGA,084325.00,5432.37726,N,01855.18526,E,1,12,1.1,15.9,M,26.5,M,,*5D
$GPRMC,084325.00,A,5432.37726,N,01855.18526,E,18.77,70.2,140625,,,A*68
$GPVTG,70.2,T,,M,18.77,N,34.77,K,A*36
$HEHDT,59.3,T*10
$VWVHW,59.3,T,,M,14.66,N,27.15,K*41
$GPGSV,2,1,08,03,67,050,46,08,40,105,46,11,19,160,45,14,44,215,46*72
$GPGSV,2,2,08,17,65,272,46,22,23,320,46,28,14,000,46,31,60,130,45*79
$GAGSV,2,1,05,04,49,080,46,09,32,190,46,12,62,245,46,24,09,295,46*6A
$GAGSV,2,2,05,31,20,030,46*5C
$GPZDA,084325.00,14,06,2025,00,00*68
$GPGGA,084326.00,5432.37894,N,01855.19410,E,1,12,1.1,15.9,M,26.5,M,,*5D
$GPRMC,084326.00,A,5432.37894,N,01855.19410,E,18.77,70.4,140625,,,A*6E
$GPVTG,70.4,T,,M,18.77,N,34.75,K,A*32
$HEHDT,59.4,T*17
$VWVHW,59.4,T,,M,14.44,N,26.75,K*41
$GPGGA,084327.00,5432.38025,N,01855.20196,E,1,12,1.1,15.5,M,26.5,M,,*5C
$GPRMC,084327.00,A,5432.38025,N,01855.20196,E,18.89,70.6,140625,,,A*60
$GPVTG,70.6,T,,M,18.89,N,34.99,K,A*33
$HEHDT,59.6,T*15
$VWVHW,59.6,T,,M,14.55,N,26.95,K*4D
$GPGGA,084328.00,5432.38230,N,01855.20995,E,1,12,1.1,16.4,M,26.5,M,,*5C
$GPRMC,084328.00,A,5432.38230,N,01855.20995,E,18.79,70.6,140625,,,A*6D
$GPVTG,70.6,T,,M,18.79,N,34.80,K,A*34
$HEHDT,59.4,T*17
$VWVHW,59.4,T,,M,14.55,N,26.94,K*4E
$GPGGA,084329.00,5432.38344,N,01855.21916,E,1,12,1.1,16.1,M,26.5,M,,*50
$GPRMC,084329.00,A,5432.38344,N,01855.21916,E,18.85,70.7,140625,,,A*66
$GPVTG,70.7,T,,M,18.85,N,34.92,K,A*35
$HEHDT,58.9,T*1B
$VWVHW,58.9,T,,M,14.53,N,26.91,K*41
$GPGGA,084330.00,5432.38571,N,01855.22765,E,1,12,1.1,15.5,M,26.5,M,,*56
$GPRMC,084330.00,A,5432.38571,N,01855.22765,E,18.82,70.1,140625,,,A*66
$GPVTG,70.1,T,,M,18.82,N,34.85,K,A*32
$HEHDT,59.6,T*15
$VWVHW,59.6,T,,M,14.49,N,26.84,K*40
$GPGSV,2,1,08,03,67,050,46,08,40,105,46,11,19,160,45,14,44,215,46*72
$GPGSV,2,2,08,17,65,272,46,22,23,320,47,28,14,000,46,31,60,130,46*7B
$GAGSV,2,1,05,04,49,080,46,09,32,190,46,12,62,245,46,24,09,295,46*6A
$GAGSV,2,2,05,31,20,030,46*5C
$GPZDA,084330.00,14,06,2025,00,00*6C
$GPGGA,084331.00,5432.38751,N,01855.23679,E,1,12,1.1,15.9,M,26.5,M,,*56
$GPRMC,084331.00,A,5432.38751,N,01855.23679,E,18.78,70.1,140625,,,A*6F
$GPVTG,70.1,T,,M,18.78,N,34.78,K,A*35
$HEHDT,59.6,T*15
$VWVHW,59.6,T,,M,14.58,N,27.01,K*4C
$GPGGA,084332.00,5432.38901,N,01855.24464,E,1,12,1.1,16.2,M,26.5,M,,*5F
$GPRMC,084332.00,A,5432.38901,N,01855.24464,E,18.84,70.6,140625,,,A*6A
$GPVTG,70.6,T,,M,18.84,N,34.90,K,A*37
$HEHDT,59.8,T*1B
$VWVHW,59.8,T,,M,14.50,N,26.86,K*44
$GPGGA,084333.00,5432.39090,N,01855.25303,E,1,12,1.1,15.9,M,26.5,M,,*51
$GPRMC,084333.00,A,5432.39090,N,01855.25303,E,18.84,70.7,140625,,,A*6D
$GPVTG,70.7,T,,M,18.84,N,34.89,K,A*3E
$HEHDT,59.6,T*15
$VWVHW,59.6,T,,M,14.56,N,26.97,K*4C
$GPGGA,084334.00,5432.39253,N,01855.26106,E,1,12,1.1,16.5,M,26.5,M,,*50
$GPRMC,084334.00,A,5432.39253,N,01855.26106,E,18.73,71.0,140625,,,A*6D
$GPVTG,71.0,T,,M,18.73,N,34.68,K,A*3F
$HEHDT,59.7,T*14
$VWVHW,59.7,T,,M,14.51,N,26.87,K*4B
$GPGGA,084335.00,5432.39357,N,01855.26982,E,1,12,1.1,16.3,M,26.5,M,,*56
$GPRMC,084335.00,A,5432.39357,N,01855.26982,E,18.74,70.5,140625,,,A*6E
$GPVTG,70.5,T,,M,18.74,N,34.70,K,A*35
$HEHDT,59.7,T*14
$VWVHW,59.7,T,,M,14.74,N,27.29,K*49
$GPGSV,2,1,08,03,67,050,47,08,40,105,46,11,19,160,46,14,44,215,46*70
$GPGSV,2,2,08,17,65,272,45,22,23,320,46,28,14,000,46,31,60,130,46*79
$GAGSV,2,1,05,04,49,080,46,09,32,190,47,12,62,245,45,24,09,295,46*68
$GAGSV,2,2,05,31,20,030,46*5C
$GPZDA,084335.00,14,06,2025,00,00*69
$GPGGA,084336.00,5432.39583,N,01855.27833,E,1,12,1.1,16.2,M,26.5,M,,*51
$GPRMC,084336.00,A,5432.39583,N,01855.27833,E,18.64,70.5,140625,,,A*69
$GPVTG,70.5,T,,M,18.64,N,34.53,K,A*35
$HEHDT,59.8,T*1B
$VWVHW,59.8,T,,M,14.56,N,26.96,K*43
$GPGGA,084337.00,5432.39750,N,01855.28669,E,1,12,1.1,15.8,M,26.5,M,,*5B
$GPRMC,084337.00,A,5432.39750,N,01855.28669,E,18.83,70.6,140625,,,A*60
$GPVTG,70.6,T,,M,18.83,N,34.87,K,A*36
$HEHDT,59.7,T*14
$VWVHW,59.7,T,,M,14.69,N,27.20,K*4C
$GPGGA,084338.00,5432.39948,N,01855.29553,E,1,12,1.1,15.3,M,26.5,M,,*53
$GPRMC,084338.00,A,5432.39948,N,01855.29553,E,18.85,70.5,140625,,,A*66
$GPVTG,70.5,T,,M,18.85,N,34.91,K,A*34
$HEHDT,59.6,T*15
$VWVHW,59.6,T,,M,14.51,N,26.87,K*4A
$GPGGA,084339.00,5432.40132,N,01855.30355,E,1,12,1.1,16.3,M,26.5,M,,*52
$GPRMC,084339.00,A,5432.40132,N,01855.30355,E,18.78,70.8,140625,,,A*6B
$GPVTG,70.8,T,,M,18.78,N,34.78,K,A*3C
$HEHDT,60.1,T*18
$VWVHW,60.1,T,,M,14.58,N,27.00,K*40
$GPGGA,084340.00,5432.40323,N,01855.31232,E,1,12,1.1,16.5,M,26.5,M,,*59
$GPRMC,084340.00,A,5432.40323,N,01855.31232,E,18.79,70.7,140625,,,A*68
$GPVTG,70.7,T,,M,18.79,N,34.80,K,A*35
$HEHDT,59.3,T*10
$VWVHW,59.3,T,,M,14.66,N,27.16,K*42
$GPGSV,2,1,08,03,67,050,46,08,40,105,46,11,19,160,47,14,44,215,47*71
$GPGSV,2,2,08,17,65,272,46,22,23,320,46,28,14,000,46,31,61,130,47*7A
$GAGSV,2,1,05,04,49,080,46,09,32,190,45,12,62,245,46,24,09,295,46*69
$GAGSV,2,2,05,31,20,030,47*5D
$GPZDA,084340.00,14,06,2025,00,00*6B
$GPGGA,084341.00,5432.40493,N,01855.32037,E,1,12,1.1,16.3,M,26.5,M,,*56
$GPRMC,084341.00,A,5432.40493,N,01855.32037,E,18.80,70.3,140625,,,A*63
$GPVTG,70.3,T,,M,18.80,N,34.82,K,A*35
$HEHDT,59.7,T*14
$VWVHW,59.7,T,,M,14.64,N,27.10,K*42
$GPGGA,084342.00,5432.40635,N,01855.32928,E,1,12,1.1,16.4,M,26.5,M,,*5B
$GPRMC,084342.00,A,5432.40635,N,01855.32928,E,18.83,70.1,140625,,,A*68
$GPVTG,70.1,T,,M,18.83,N,34.88,K,A*3E
$HEHDT,59.6,T*15
$VWVHW,59.6,T,,M,14.56,N,26.97,K*4C
$GPGGA,084343.00,5432.40820,N,01855.33721,E,1,12,1.1,16.6,M,26.5,M,,*54
$GPRMC,084343.00,A,5432.40820,N,01855.33721,E,18.83,70.4,140625,,,A*60
$GPVTG,70.4,T,,M,18.83,N,34.88,K,A*3B
$HEHDT,59.6,T*15
$VWVHW,59.6,T,,M,14.42,N,26.71,K*41
$GPGGA,084344.00,5432.40957,N,01855.34602,E,1,12,1.1,16.4,M,26.5,M,,*57
$GPRMC,084344.00,A,5432.40957,N,01855.34602,E,18.71,70.8,140625,,,A*60
$GPVTG,70.8,T,,M,18.71,N,34.65,K,A*39
$HEHDT,59.6,T*15
$VWVHW,59.6,T,,M,14.49,N,26.84,K*40
$GPGGA,084345.00,5432.41185,N,01855.35430,E,1,12,1.1,15.9,M,26.5,M,,*5C
$GPRMC,084345.00,A,5432.41185,N,01855.35430,E,18.82,70.7,140625,,,A*66
$GPVTG,70.7,T,,M,18.82,N,34.85,K,A*34
$HEHDT,59.4,T*17
$VWVHW,59.4,T,,M,14.52,N,26.88,K*44
$GPGSV,2,1,08,03,67,050,45,08,40,106,46,11,19,160,46,14,44,216,46*72
$GPGSV,2,2,08,17,65,272,46,22,23,320,47,28,14,000,45,31,61,130,47*78
$GAGSV,2,1,05,04,49,080,46,09,32,190,46,12,62,246,46,24,09,296,46*6A
$GAGSV,2,2,05,31,21,030,46*5D
$GPZDA,084345.00,14,06,2025,00,00*6E
$GPGGA,084346.00,5432.41359,N,01855.36335,E,1,12,1.1,16.7,M,26.5,M,,*50
$GPRMC,084346.00,A,5432.41359,N,01855.36335,E,18.84,70.5,140625,,,A*63
$GPVTG,70.5,T,,M,18.84,N,34.90,K,A*34
$HEHDT,59.2,T*11
$VWVHW,59.2,T,,M,14.64,N,27.11,K*46
$GPGGA,084347.00,5432.41565,N,01855.37240,E,1,12,1.1,16.0,M,26.5,M,,*5D
$GPRMC,084347.00,A,5432.41565,N,01855.37240,E,18.83,70.5,140625,,,A*6E
$GPVTG,70.5,T,,M,18.83,N,34.88,K,A*3A
$HEHDT,59.3,T*10
$VWVHW,59.3,T,,M,14.51,N,26.88,K*40
$GPGGA,084348.00,5432.41735,N,01855.38012,E,1,12,1.1,16.2,M,26.5,M,,*5D
$GPRMC,084348.00,A,5432.41735,N,01855.38012,E,18.86,70.7,140625,,,A*6B
$GPVTG,70.7,T,,M,18.86,N,34.93,K,A*37
$HEHDT,59.7,T*14
$VWVHW,59.7,T,,M,14.42,N,26.71,K*40
$GPGGA,084349.00,5432.41857,N,01855.38839,E,1,12,1.1,16.5,M,26.5,M,,*51
$GPRMC,084349.00,A,5432.41857,N,01855.38839,E,18.83,70.9,140625,,,A*6B
$GPVTG,70.9,T,,M,18.83,N,34.88,K,A*36
$HEHDT,59.2,T*11
$VWVHW,59.2,T,,M,14.64,N,27.11,K*46
$GPGGA,084350.00,5432.42021,N,01855.39636,E,1,12,1.1,16.2,M,26.5,M,,*54
$GPRMC,084350.00,A,5432.42021,N,01855.39636,E,18.93,70.2,140625,,,A*63
$GPVTG,70.2,T,,M,18.93,N,35.06,K,A*3B
$HEHDT,59.8,T*1B
$VWVHW,59.8,T,,M,14.54,N,26.92,K*45
$GPGSV,2,1,08,03,67,051,47,08,40,106,46,11,19,161,46,14,44,216,46*70
$GPGSV,2,2,08,17,65,273,46,22,23,321,45,28,14,001,46,31,61,131,46*78
$GAGSV,2,1,05,04,49,081,46,09,32,191,46,12,62,246,46,24,09,296,46*6A
$GAGSV,2,2,05,31,21,031,46*5C
$GPZDA,084350.00,14,06,2025,00,00*6A
$GPGGA,084351.00,5432.42245,N,01855.40535,E,1,12,1.1,15.7,M,26.5,M,,*5D
$GPRMC,084351.00,A,5432.42245,N,01855.40535,E,18.81,70.3,140625,,,A*6E
$GPVTG,70.3,T,,M,18.81,N,34.83,K,A*35
$HEHDT,59.6,T*15
$VWVHW,59.6,T,,M,14.62,N,27.08,K*4C
$GPGGA,084352.00,5432.42402,N,01855.41342,E,1,12,1.1,16.0,M,26.5,M,,*58
$GPRMC,084352.00,A,5432.42402,N,01855.41342,E,18.93,70.6,140625,,,A*69
$GPVTG,70.6,T,,M,18.93,N,35.06,K,A*3F
$HEHDT,59.2,T*11
$VWVHW,59.2,T,,M,14.62,N,27.07,K*47
$GPGGA,084353.00,5432.42546,N,01855.42232,E,1,12,1.1,15.8,M,26.5,M,,*56
$GPRMC,084353.00,A,5432.42546,N,01855.42232,E,18.82,70.4,140625,,,A*6E
$GPVTG,70.4,T,,M,18.82,N,34.85,K,A*37
$HEHDT,59.7,T*14
$VWVHW,59.7,T,,M,14.65,N,27.12,K*41
$GPGGA,084354.00,5432.42729,N,01855.43081,E,1,12,1.1,16.4,M,26.5,M,,*5E
$GPRMC,084354.00,A,5432.42729,N,01855.43081,E,18.82,70.6,140625,,,A*6B
$GPVTG,70.6,T,,M,18.82,N,34.85,K,A*35
$HEHDT,59.4,T*17
$VWVHW,59.4,T,,M,14.69,N,27.20,K*4F
$GPGGA,084355.00,5432.42895,N,01855.43897,E,1,12,1.1,17.1,M,26.5,M,,*5C
$GPRMC,084355.00,A,5432.42895,N,01855.43897,E,18.78,70.5,140625,,,A*6B
$GPVTG,70.5,T,,M,18.78,N,34.78,K,A*31
$HEHDT,59.6,T*15
$VWVHW,59.6,T,,M,14.62,N,27.07,K*43
$GPGSV,2,1,08,03,67,051,46,08,40,106,45,11,19,161,46,14,44,216,46*72
$GPGSV,2,2,08,17,65,273,47,22,23,321,46,28,14,001,45,31,61,131,46*79
$GAGSV,2,1,05,04,49,081,46,09,32,191,46,12,62,246,46,24,09,296,46*6A
$GAGSV,2,2,05,31,21,031,46*5C
$GPZDA,084355.00,14,06,2025,00,00*6F
$GPGGA,084356.00,5432.43104,N,01855.44758,E,1,12,1.1,16.6,M,26.5,M,,*52
$GPRMC,084356.00,A,5432.43104,N,01855.44758,E,18.86,70.4,140625,,,A*63
$GPVTG,70.4,T,,M,18.86,N,34.94,K,A*33
$HEHDT,59.8,T*1B
$VWVHW,59.8,T,,M,14.43,N,26.72,K*4D
$GPGGA,084357.00,5432.43236,N,01855.45645,E,1,12,1.1,16.1,M,26.5,M,,*5A
$GPRMC,084357.00,A,5432.43236,N,01855.45645,E,18.77,70.6,140625,,,A*60
$GPVTG,70.6,T,,M,18.77,N,34.77,K,A*32
$HEHDT,59.8,T*1B
$VWVHW,59.8,T,,M,14.51,N,26.86,K*45
$GPGGA,084358.00,5432.43439,N,01855.46417,E,1,12,1.1,16.2,M,26.5,M,,*59
$GPRMC,084358.00,A,5432.43439,N,01855.46417,E,18.73,70.8,140625,,,A*6A
$GPVTG,70.8,T,,M,18.73,N,34.69,K,A*37
$HEHDT,59.4,T*17
$VWVHW,59.4,T,,M,14.62,N,27.07,K*41
$GPGGA,084359.00,5432.43607,N,01855.47326,E,1,12,1.1,16.0,M,26.5,M,,*51
$GPRMC,084359.00,A,5432.43607,N,01855.47326,E,18.92,70.5,140625,,,A*62
$GPVTG,70.5,T,,M,18.92,N,35.03,K,A*38
$HEHDT,59.6,T*15
$VWVHW,59.6,T,,M,14.58,N,27.00,K*4D
$GPGGA,084400.00,5432.43802,N,01855.48161,E,1,12,1.1,16.3,M,26.5,M,,*5C
$GPRMC,084400.00,A,5432.43802,N,01855.48161,E,18.77,70.8,140625,,,A*6A
$GPVTG,70.8,T,,M,18.77,N,34.77,K,A*3C
$HEHDT,59.6,T*15
$VWVHW,59.6,T,,M,14.58,N,27.01,K*4C
$GPGSV,2,1,08,03,67,051,45,08,40,106,46,11,19,161,47,14,44,216,45*70
$GPGSV,2,2,08,17,65,273,46,22,23,321,45,28,14,001,46,31,61,131,46*78
$GAGSV,2,1,05,04,49,081,46,09,32,191,46,12,62,246,47,24,09,296,46*6B
$GAGSV,2,2,05,31,21,031,46*5C
$GPZDA,084400.00,14,06,2025,00,00*68
$GPGGA,084401.00,5432.43989,N,01855.49001,E,1,12,1.1,16.4,M,26.5,M,,*5E
$GPRMC,084401.00,A,5432.43989,N,01855.49001,E,18.71,70.5,140625,,,A*64
$GPVTG,70.5,T,,M,18.71,N,34.65,K,A*34
$HEHDT,59.8,T*1B
$VWVHW,59.8,T,,M,14.59,N,27.02,K*40
$GPGGA,084402.00,5432.44081,N,01855.49818,E,1,12,1.1,16.4,M,26.5,M,,*5B
$GPRMC,084402.00,A,5432.44081,N,01855.49818,E,18.90,70.3,140625,,,A*68
$GPVTG,70.3,T,,M,18.90,N,35.00,K,A*3F
$HEHDT,59.4,T*17
$VWVHW,59.4,T,,M,14.47,N,26.80,K*48
$GPGGA,084403.00,5432.44260,N,01855.50691,E,1,12,1.1,16.0,M,26.5,M,,*54
$GPRMC,084403.00,A,5432.44260,N,01855.50691,E,18.73,70.6,140625,,,A*6B
$GPVTG,70.6,T,,M,18.73,N,34.69,K,A*39
$HEHDT,59.9,T*1A
$VWVHW,59.9,T,,M,14.60,N,27.04,K*4D
$GPGGA,084404.00,5432.44492,N,01855.51599,E,1,12,1.1,15.6,M,26.5,M,,*57
$GPRMC,084404.00,A,5432.44492,N,01855.51599,E,18.80,70.3,140625,,,A*64
$GPVTG,70.3,T,,M,18.80,N,34.82,K,A*35
$HEHDT,59.8,T*1B
$VWVHW,59.8,T,,M,14.62,N,27.07,K*4D
$GPGGA,084405.00,5432.44612,N,01855.52395,E,1,12,1.1,16.2,M,26.5,M,,*52
$GPRMC,084405.00,A,5432.44612,N,01855.52395,E,18.76,70.4,140625,,,A*68
$GPVTG,70.4,T,,M,18.76,N,34.75,K,A*33
$HEHDT,59.3,T*10
$VWVHW,59.3,T,,M,14.62,N,27.07,K*46
$GPGSV,2,1,08,03,67,051,46,08,40,106,46,11,19,161,45,14,44,216,46*72
$GPGSV,2,2,08,17,65,273,46,22,23,321,46,28,14,001,46,31,61,131,46*7B
$GAGSV,2,1,05,04,49,081,47,09,32,191,46,12,62,246,46,24,09,296,46*6B
$GAGSV,2,2,05,31,21,031,46*5C
$GPZDA,084405.00,14,06,2025,00,00*6D
$GPGGA,084406.00,5432.44898,N,01855.53310,E,1,12,1.1,16.5,M,26.5,M,,*56
$GPRMC,084406.00,A,5432.44898,N,01855.53310,E,18.83,70.3,140625,,,A*66
$GPVTG,70.3,T,,M,18.83,N,34.88,K,A*3C
$HEHDT,59.4,T*17
$VWVHW,59.4,T,,M,14.66,N,27.15,K*46
$GPGGA,084407.00,5432.44992,N,01855.54090,E,1,12,1.1,15.9,M,26.5,M,,*5F
$GPRMC,084407.00,A,5432.44992,N,01855.54090,E,18.77,70.3,140625,,,A*6B
$GPVTG,70.3,T,,M,18.77,N,34.77,K,A*37
$HEHDT,59.9,T*1A
$VWVHW,59.9,T,,M,14.51,N,26.87,K*45
$GPGGA,084408.00,5432.45226,N,01855.54945,E,1,12,1.1,16.1,M,26.5,M,,*5F
$GPRMC,084408.00,A,5432.45226,N,01855.54945,E,18.91,70.4,140625,,,A*6F
$GPVTG,70.4,T,,M,18.91,N,35.02,K,A*3B
$HEHDT,59.4,T*17
$VWVHW,59.4,T,,M,14.62,N,27.07,K*41
$GPGGA,084409.00,5432.45363,N,01855.55793,E,1,12,1.1,16.6,M,26.5,M,,*5D
$GPRMC,084409.00,A,5432.45363,N,01855.55793,E,18.89,70.9,140625,,,A*6E
$GPVTG,70.9,T,,M,18.89,N,34.98,K,A*3D
$HEHDT,59.6,T*15
$VWVHW,59.6,T,,M,14.40,N,26.67,K*44
$GPGGA,084410.00,5432.45556,N,01855.56660,E,1,12,1.1,16.5,M,26.5,M,,*58
$GPRMC,084410.00,A,5432.45556,N,01855.56660,E,18.83,70.1,140625,,,A*6A
$GPVTG,70.1,T,,M,18.83,N,34.87,K,A*31
$HEHDT,59.1,T*12
$VWVHW,59.1,T,,M,14.55,N,26.95,K*4A
$GPGSV,2,1,08,03,67,051,46,08,40,106,46,11,19,161,46,14,44,216,46*71
$GPGSV,2,2,08,17,65,273,45,22,23,321,46,28,14,001,47,31,61,131,45*7A
$GAGSV,2,1,05,04,49,081,46,09,32,191,46,12,62,246,46,24,09,296,46*6A
$GAGSV,2,2,05,31,21,031,46*5C
$GPZDA,084410.00,14,06,2025,00,00*69
$GPGGA,084411.00,5432.45692,N,01855.57523,E,1,12,1.1,16.0,M,26.5,M,,*52
$GPRMC,084411.00,A,5432.45692,N,01855.57523,E,18.77,70.8,140625,,,A*67
$GPVTG,70.8,T,,M,18.77,N,34.75,K,A*3E
$HEHDT,59.9,T*1A
$VWVHW,59.9,T,,M,14.54,N,26.92,K*44
$GPGGA,084412.00,5432.45862,N,01855.58325,E,1,12,1.1,15.8,M,26.5,M,,*54
$GPRMC,084412.00,A,5432.45862,N,01855.58325,E,18.81,70.6,140625,,,A*6D
$GPVTG,70.6,T,,M,18.81,N,34.83,K,A*30
$HEHDT,59.5,T*16
$VWVHW,59.5,T,,M,14.51,N,26.88,K*46
$GPGGA,084413.00,5432.46077,N,01855.59154,E,1,12,1.1,16.0,M,26.5,M,,*54
$GPRMC,084413.00,A,5432.46077,N,01855.59154,E,18.76,70.5,140625,,,A*6D
$GPVTG,70.5,T,,M,18.76,N,34.74,K,A*33
$HEHDT,59.2,T*11
$VWVHW,59.2,T,,M,14.68,N,27.18,K*43
$GPGGA,084414.00,5432.46263,N,01855.60044,E,1,12,1.1,15.6,M,26.5,M,,*5B
$GPRMC,084414.00,A,5432.46263,N,01855.60044,E,18.75,70.8,140625,,,A*69
$GPVTG,70.8,T,,M,18.75,N,34.73,K,A*3A
$HEHDT,59.0,T*13
$VWVHW,59.0,T,,M,14.65,N,27.13,K*47
$GPGGA,084415.00,5432.46459,N,01855.60866,E,1,12,1.1,16.3,M,26.5,M,,*5B
$GPRMC,084415.00,A,5432.46459,N,01855.60866,E,18.96,70.9,140625,,,A*63
$GPVTG,70.9,T,,M,18.96,N,35.11,K,A*33
$HEHDT,59.7,T*14
$VWVHW,59.7,T,,M,14.68,N,27.19,K*47
$GPGSV,2,1,08,03,67,051,46,08,40,106,47,11,19,161,46,14,44,216,46*70
$GPGSV,2,2,08,17,65,273,46,22,23,321,46,28,14,001,47,31,61,131,46*7A
$GAGSV,2,1,05,04,49,081,47,09,32,191,46,12,62,246,46,24,09,296,46*6B
$GAGSV,2,2,05,31,21,031,46*5C
$GPZDA,084415.00,14,06,2025,00,00*6C
$GPGGA,084416.00,5432.46602,N,01855.61693,E,1,12,1.1,16.1,M,26.5,M,,*53
$GPRMC,084416.00,A,5432.46602,N,01855.61693,E,18.85,70.6,140625,,,A*64
$GPVTG,70.6,T,,M,18.85,N,34.91,K,A*37
$HEHDT,59.4,T*17
$VWVHW,59.4,T,,M,14.59,N,27.03,K*4D
$GPGGA,084417.00,5432.46769,N,01855.62649,E,1,12,1.1,16.1,M,26.5,M,,*5A
$GPRMC,084417.00,A,5432.46769,N,01855.62649,E,18.89,70.6,140625,,,A*61
$GPVTG,70.6,T,,M,18.89,N,34.99,K,A*33
$HEHDT,59.1,T*12
$VWVHW,59.1,T,,M,14.59,N,27.02,K*49
$GPGGA,084418.00,5432.46961,N,01855.63393,E,1,12,1.1,15.9,M,26.5,M,,*5B
$GPRMC,084418.00,A,5432.46961,N,01855.63393,E,18.76,70.3,140625,,,A*6E
$GPVTG,70.3,T,,M,18.76,N,34.75,K,A*34
$HEHDT,59.3,T*10
$VWVHW,59.3,T,,M,14.63,N,27.10,K*41
$GPGGA,084419.00,5432.47108,N,01855.64274,E,1,12,1.1,15.7,M,26.5,M,,*5D
$GPRMC,084419.00,A,5432.47108,N,01855.64274,E,18.94,70.1,140625,,,A*68
$GPVTG,70.1,T,,M,18.94,N,35.07,K,A*3E
$HEHDT,59.6,T*15
$VWVHW,59.6,T,,M,14.68,N,27.19,K*46
$GPGGA,084420.00,5432.47276,N,01855.65167,E,1,12,1.1,16.2,M,26.5,M,,*5B
$GPRMC,084420.00,A,5432.47276,N,01855.65167,E,18.78,70.6,140625,,,A*6D
$GPVTG,70.6,T,,M,18.78,N,34.78,K,A*32
$HEHDT,59.8,T*1B
$VWVHW,59.8,T,,M,14.63,N,27.10,K*4A
$GPGSV,2,1,08,03,68,051,46,08,40,106,46,11,19,161,46,14,44,216,46*7E
$GPGSV,2,2,08,17,65,273,46,22,24,321,46,28,14,001,46,31,61,131,47*7D
$GAGSV,2,1,05,04,49,081,46,09,32,191,46,12,62,246,45,24,09,296,46*69
$GAGSV,2,2,05,31,21,031,46*5C
$GPZDA,084420.00,14,06,2025,00,00*6A
$GPGGA,084421.00,5432.47435,N,01855.65981,E,1,12,1.1,15.8,M,26.5,M,,*52
$GPRMC,084421.00,A,5432.47435,N,01855.65981,E,18.90,70.5,140625,,,A*68
$GPVTG,70.5,T,,M,18.90,N,35.01,K,A*38
$HEHDT,59.4,T*17
$VWVHW,59.4,T,,M,14.40,N,26.68,K*49
$GPGGA,084422.00,5432.47604,N,01855.66841,E,1,12,1.1,15.7,M,26.5,M,,*50
$GPRMC,084422.00,A,5432.47604,N,01855.66841,E,18.96,70.9,140625,,,A*6F
$GPVTG,70.9,T,,M,18.96,N,35.11,K,A*33
$HEHDT,59.4,T*17
$VWVHW,59.4,T,,M,14.52,N,26.90,K*4D
$GPGGA,084423.00,5432.47787,N,01855.67674,E,1,12,1.1,15.9,M,26.5,M,,*5C
$GPRMC,084423.00,A,5432.47787,N,01855.67674,E,18.88,70.4,140625,,,A*6F
$GPVTG,70.4,T,,M,18.88,N,34.96,K,A*3F
$HEHDT,60.0,T*19
$VWVHW,60.0,T,,M,14.52,N,26.89,K*4B
$GPGGA,084424.00,5432.47974,N,01855.68470,E,1,12,1.1,15.9,M,26.5,M,,*50
$GPRMC,084424.00,A,5432.47974,N,01855.68470,E,18.83,70.5,140625,,,A*69
$GPVTG,70.5,T,,M,18.83,N,34.86,K,A*34
$HEHDT,59.4,T*17
$VWVHW,59.4,T,,M,14.77,N,27.35,K*44
$GPGGA,084425.00,5432.48129,N,01855.69302,E,1,12,1.1,15.6,M,26.5,M,,*52
$GPRMC,084425.00,A,5432.48129,N,01855.69302,E,18.93,71.1,140625,,,A*60
$GPVTG,71.1,T,,M,18.93,N,35.06,K,A*39
$HEHDT,59.4,T*17
$VWVHW,59.4,T,,M,14.65,N,27.13,K*43
$GPGSV,2,1,08,03,68,051,46,08,40,106,46,11,19,161,47,14,44,216,46*7F
$GPGSV,2,2,08,17,65,273,46,22,24,321,45,28,14,001,46,31,61,131,46*7F
$GAGSV,2,1,05,04,49,081,47,09,32,191,47,12,62,246,46,24,09,296,47*6B
$GAGSV,2,2,05,31,21,031,46*5C
$GPZDA,084425.00,14,06,2025,00,00*6F
$GPGGA,084426.00,5432.48297,N,01855.70161,E,1,12,1.1,15.9,M,26.5,M,,*57
$GPRMC,084426.00,A,5432.48297,N,01855.70161,E,18.87,70.4,140625,,,A*6B
$GPVTG,70.4,T,,M,18.87,N,34.96,K,A*30
$HEHDT,59.7,T*14
$VWVHW,59.7,T,,M,14.61,N,27.06,K*40
$GPGGA,084427.00,5432.48511,N,01855.70985,E,1,12,1.1,16.1,M,26.5,M,,*56
$GPRMC,084427.00,A,5432.48511,N,01855.70985,E,18.72,70.1,140625,,,A*6E
$GPVTG,70.1,T,,M,18.72,N,34.68,K,A*3E
$HEHDT,59.6,T*15
$VWVHW,59.6,T,,M,14.73,N,27.28,K*4E
$GPGGA,084428.00,5432.48632,N,01855.71927,E,1,12,1.1,16.2,M,26.5,M,,*51
$GPRMC,084428.00,A,5432.48632,N,01855.71927,E,18.99,70.4,140625,,,A*6A
$GPVTG,70.4,T,,M,18.99,N,35.18,K,A*38
$HEHDT,59.8,T*1B
$VWVHW,59.8,T,,M,14.70,N,27.22,K*49
$GPGGA,084429.00,5432.48831,N,01855.72765,E,1,12,1.1,15.8,M,26.5,M,,*5F
$GPRMC,084429.00,A,5432.48831,N,01855.72765,E,18.98,70.8,140625,,,A*60
$GPVTG,70.8,T,,M,18.98,N,35.16,K,A*3B
$HEHDT,59.8,T*1B
$VWVHW,59.8,T,,M,14.67,N,27.16,K*48
$GPGGA,084430.00,5432.49075,N,01855.73604,E,1,12,1.1,16.0,M,26.5,M,,*52
$GPRMC,084430.00,A,5432.49075,N,01855.73604,E,18.92,70.6,140625,,,A*62
$GPVTG,70.6,T,,M,18.92,N,35.04,K,A*3C
$HEHDT,59.2,T*11
$VWVHW,59.2,T,,M,14.82,N,27.45,K*4F
$GPGSV,2,1,08,03,68,051,46,08,40,106,46,11,19,161,46,14,44,216,46*7E
$GPGSV,2,2,08,17,65,273,46,22,24,321,46,28,14,001,45,31,61,131,46*7F
$GAGSV,2,1,05,04,49,081,46,09,32,191,46,12,62,246,46,24,09,296,46*6A
$GAGSV,2,2,05,31,21,031,46*5C
$GPZDA,084430.00,14,06,2025,00,00*6B
$GPGGA,084431.00,5432.49236,N,01855.74458,E,1,12,1.1,15.6,M,26.5,M,,*5F
$GPRMC,084431.00,A,5432.49236,N,01855.74458,E,18.94,70.5,140625,,,A*6F
$GPVTG,70.5,T,,M,18.94,N,35.07,K,A*3A
$HEHDT,60.0,T*19
$VWVHW,60.0,T,,M,14.75,N,27.32,K*4F
$GPGGA,084432.00,5432.49383,N,01855.75300,E,1,12,1.1,15.6,M,26.5,M,,*58
$GPRMC,084432.00,A,5432.49383,N,01855.75300,E,18.96,70.1,140625,,,A*6E
$GPVTG,70.1,T,,M,18.96,N,35.11,K,A*3B
$HEHDT,59.2,T*11
$VWVHW,59.2,T,,M,14.76,N,27.33,K*45
$GPGGA,084433.00,5432.49543,N,01855.76200,E,1,12,1.1,15.5,M,26.5,M,,*52
$GPRMC,084433.00,A,5432.49543,N,01855.76200,E,18.84,70.4,140625,,,A*61
$GPVTG,70.4,T,,M,18.84,N,34.89,K,A*3D
$HEHDT,59.5,T*16
$VWVHW,59.5,T,,M,14.62,N,27.08,K*4F
$GPGGA,084434.00,5432.49783,N,01855.77071,E,1,12,1.1,15.9,M,26.5,M,,*52
$GPRMC,084434.00,A,5432.49783,N,01855.77071,E,18.84,70.8,140625,,,A*61
$GPVTG,70.8,T,,M,18.84,N,34.89,K,A*31
$HEHDT,59.8,T*1B
$VWVHW,59.8,T,,M,14.69,N,27.20,K*43
$GPGGA,084435.00,5432.49877,N,01855.77932,E,1,12,1.1,15.6,M,26.5,M,,*56
$GPRMC,084435.00,A,5432.49877,N,01855.77932,E,18.96,70.2,140625,,,A*63
$GPVTG,70.2,T,,M,18.96,N,35.11,K,A*38
$HEHDT,59.4,T*17
$VWVHW,59.4,T,,M,14.75,N,27.32,K*41
$GPGSV,2,1,08,03,68,051,46,08,40,106,46,11,19,161,46,14,44,216,46*7E
$GPGSV,2,2,08,17,65,273,47,22,24,321,46,28,14,001,46,31,61,131,46*7D
$GAGSV,2,1,05,04,49,081,46,09,32,191,46,12,62,246,46,24,09,296,45*69
$GAGSV,2,2,05,31,21,031,46*5C
$GPZDA,084435.00,14,06,2025,00,00*6E
$GPGGA,084436.00,5432.50067,N,01855.78760,E,1,12,1.1,16.2,M,26.5,M,,*55
$GPRMC,084436.00,A,5432.50067,N,01855.78760,E,18.91,70.0,140625,,,A*62
$GPVTG,70.0,T,,M,18.91,N,35.01,K,A*3C
$HEHDT,59.7,T*14
$VWVHW,59.7,T,,M,14.65,N,27.13,K*40
$GPGGA,084437.00,5432.50245,N,01855.79669,E,1,12,1.1,16.6,M,26.5,M,,*5B
$GPRMC,084437.00,A,5432.50245,N,01855.79669,E,18.95,70.7,140625,,,A*6B
$GPVTG,70.7,T,,M,18.95,N,35.09,K,A*37
$HEHDT,60.0,T*19
$VWVHW,60.0,T,,M,14.75,N,27.31,K*4C
$GPGGA,084438.00,5432.50443,N,01855.80423,E,1,12,1.1,15.8,M,26.5,M,,*53
$GPRMC,084438.00,A,5432.50443,N,01855.80423,E,18.84,70.4,140625,,,A*6D
$GPVTG,70.4,T,,M,18.84,N,34.89,K,A*3D
$HEHDT,59.8,T*1B
$VWVHW,59.8,T,,M,14.81,N,27.44,K*47
$GPGGA,084439.00,5432.50596,N,01855.81288,E,1,12,1.1,16.2,M,26.5,M,,*54
$GPRMC,084439.00,A,5432.50596,N,01855.81288,E,18.99,70.5,140625,,,A*6E
$GPVTG,70.5,T,,M,18.99,N,35.16,K,A*37
$HEHDT,59.3,T*10
$VWVHW,59.3,T,,M,14.61,N,27.07,K*45
$GPGGA,084440.00,5432.50778,N,01855.82118,E,1,12,1.1,16.1,M,26.5,M,,*52
$GPRMC,084440.00,A,5432.50778,N,01855.82118,E,18.98,70.4,140625,,,A*6B
$GPVTG,70.4,T,,M,18.98,N,35.16,K,A*37
$HEHDT,59.5,T*16
$VWVHW,59.5,T,,M,14.63,N,27.10,K*47
$GPGSV,2,1,08,03,68,051,46,08,40,106,45,11,19,161,45,14,44,216,46*7E
$GPGSV,2,2,08,17,65,273,46,22,24,321,46,28,14,001,46,31,61,131,45*7F
$GAGSV,2,1,05,04,49,081,46,09,32,191,46,12,62,246,46,24,09,296,46*6A
$GAGSV,2,2,05,31,21,031,46*5C
$GPZDA,084440.00,14,06,2025,00,00*6C
$GPGGA,084441.00,5432.50915,N,01855.83016,E,1,12,1.1,15.9,M,26.5,M,,*53
$GPRMC,084441.00,A,5432.50915,N,01855.83016,E,18.81,70.5,140625,,,A*68
$GPVTG,70.5,T,,M,18.81,N,34.83,K,A*33
$HEHDT,59.3,T*10
$VWVHW,59.3,T,,M,14.51,N,26.88,K*40
$GPGGA,084442.00,5432.51094,N,01855.83914,E,1,12,1.1,15.6,M,26.5,M,,*55
$GPRMC,084442.00,A,5432.51094,N,01855.83914,E,18.98,70.2,140625,,,A*6E
$GPVTG,70.2,T,,M,18.98,N,35.16,K,A*31
$HEHDT,59.9,T*1A
$VWVHW,59.9,T,,M,14.66,N,27.15,K*4B
$GPGGA,084443.00,5432.51254,N,01855.84736,E,1,12,1.1,15.0,M,26.5,M,,*55
$GPRMC,084443.00,A,5432.51254,N,01855.84736,E,18.93,70.3,140625,,,A*62
$GPVTG,70.3,T,,M,18.93,N,35.06,K,A*3A
$HEHDT,59.8,T*1B
$VWVHW,59.8,T,,M,14.78,N,27.37,K*45
$GPGGA,084444.00,5432.51482,N,01855.85577,E,1,12,1.1,15.2,M,26.5,M,,*5B
$GPRMC,084444.00,A,5432.51482,N,01855.85577,E,19.01,70.1,140625,,,A*66
$GPVTG,70.1,T,,M,19.01,N,35.20,K,A*36
$HEHDT,59.8,T*1B
$VWVHW,59.8,T,,M,14.75,N,27.32,K*4D
$GPGGA,084445.00,5432.51631,N,01855.86383,E,1,12,1.1,15.8,M,26.5,M,,*54
$GPRMC,084445.00,A,5432.51631,N,01855.86383,E,18.92,70.6,140625,,,A*6F
$GPVTG,70.6,T,,M,18.92,N,35.05,K,A*3D
$HEHDT,59.4,T*17
$VWVHW,59.4,T,,M,14.69,N,27.21,K*4E
$GPGSV,2,1,08,03,68,051,46,08,40,106,46,11,19,161,46,14,44,216,45*7D
$GPGSV,2,2,08,17,65,273,46,22,24,321,46,28,14,001,46,31,61,131,47*7D
$GAGSV,2,1,05,04,49,081,46,09,32,191,46,12,62,246,46,24,09,296,46*6A
$GAGSV,2,2,05,31,21,031,45*5F
$GPZDA,084445.00,14,06,2025,00,00*69
$GPGGA,084446.00,5432.51802,N,01855.87324,E,1,12,1.1,15.7,M,26.5,M,,*5A
$GPRMC,084446.00,A,5432.51802,N,01855.87324,E,19.02,70.3,140625,,,A*63
$GPVTG,70.3,T,,M,19.02,N,35.23,K,A*34
$HEHDT,59.6,T*15
$VWVHW,59.6,T,,M,14.78,N,27.38,K*44
$GPGGA,084447.00,5432.51978,N,01855.88184,E,1,12,1.1,16.2,M,26.5,M,,*56
$GPRMC,084447.00,A,5432.51978,N,01855.88184,E,18.92,70.4,140625,,,A*66
$GPVTG,70.4,T,,M,18.92,N,35.04,K,A*3E
$HEHDT,59.9,T*1A
$VWVHW,59.9,T,,M,14.82,N,27.45,K*44
$GPGGA,084448.00,5432.52184,N,01855.89079,E,1,12,1.1,16.5,M,26.5,M,,*54
$GPRMC,084448.00,A,5432.52184,N,01855.89079,E,18.85,71.0,140625,,,A*60
$GPVTG,71.0,T,,M,18.85,N,34.91,K,A*30
$HEHDT,59.3,T*10
$VWVHW,59.3,T,,M,14.66,N,27.15,K*41
$GPGGA,084449.00,5432.52345,N,01855.89800,E,1,12,1.1,15.7,M,26.5,M,,*5D
$GPRMC,084449.00,A,5432.52345,N,01855.89800,E,19.08,70.5,140625,,,A*68
$GPVTG,70.5,T,,M,19.08,N,35.34,K,A*3E
$HEHDT,59.7,T*14
$VWVHW,59.7,T,,M,14.80,N,27.42,K*4F
$GPGGA,084450.00,5432.52503,N,01855.90656,E,1,12,1.1,15.9,M,26.5,M,,*5A
$GPRMC,084450.00,A,5432.52503,N,01855.90656,E,19.01,70.4,140625,,,A*69
$GPVTG,70.4,T,,M,19.01,N,35.20,K,A*33
$HEHDT,59.3,T*10
$VWVHW,59.3,T,,M,14.73,N,27.28,K*4B
$GPGSV,2,1,08,03,68,051,46,08,40,106,46,11,19,161,46,14,44,216,46*7E
$GPGSV,2,2,08,17,65,273,46,22,24,321,46,28,14,001,46,31,61,131,46*7C
$GAGSV,2,1,05,04,49,081,46,09,32,191,47,12,62,246,46,24,09,296,46*6B
$GAGSV,2,2,05,31,21,031,46*5C
$GPZDA,084450.00,14,06,2025,00,00*6D
$GPGGA,084451.00,5432.52720,N,01855.91565,E,1,12,1.1,15.4,M,26.5,M,,*57
$GPRMC,084451.00,A,5432.52720,N,01855.91565,E,19.00,70.8,140625,,,A*64
$GPVTG,70.8,T,,M,19.00,N,35.18,K,A*35
$HEHDT,59.4,T*17
$VWVHW,59.4,T,,M,14.77,N,27.35,K*44
$GPGGA,084452.00,5432.52869,N,01855.92417,E,1,12,1.1,16.2,M,26.5,M,,*54
$GPRMC,084452.00,A,5432.52869,N,01855.92417,E,19.06,71.1,140625,,,A*6C
$GPVTG,71.1,T,,M,19.06,N,35.30,K,A*31
$HEHDT,59.3,T*10
$VWVHW,59.3,T,,M,14.69,N,27.20,K*48
$GPGGA,084453.00,5432.53042,N,01855.93173,E,1,12,1.1,16.2,M,26.5,M,,*53
$GPRMC,084453.00,A,5432.53042,N,01855.93173,E,18.97,70.1,140625,,,A*63
$GPVTG,70.1,T,,M,18.97,N,35.14,K,A*3F
$HEHDT,59.8,T*1B
$VWVHW,59.8,T,,M,14.63,N,27.10,K*4A
$GPGGA,084454.00,5432.53231,N,01855.94062,E,1,12,1.1,16.4,M,26.5,M,,*52
$GPRMC,084454.00,A,5432.53231,N,01855.94062,E,18.87,70.4,140625,,,A*60
$GPVTG,70.4,T,,M,18.87,N,34.95,K,A*33
$HEHDT,59.4,T*17
$VWVHW,59.4,T,,M,14.85,N,27.51,K*4B
$GPGGA,084455.00,5432.53422,N,01855.94935,E,1,12,1.1,16.1,M,26.5,M,,*59
$GPRMC,084455.00,A,5432.53422,N,01855.94935,E,18.95,70.3,140625,,,A*6A
$GPVTG,70.3,T,,M,18.95,N,35.09,K,A*33
$HEHDT,59.8,T*1B
$VWVHW,59.8,T,,M,14.73,N,27.27,K*4F
$GPGSV,2,1,08,03,68,051,45,08,40,106,46,11,19,161,46,14,44,216,45*7E
$GPGSV,2,2,08,17,65,273,46,22,24,321,46,28,14,001,46,31,61,131,46*7C
$GAGSV,2,1,05,04,49,081,46,09,32,191,46,12,62,246,47,24,09,296,46*6B
$GAGSV,2,2,05,31,21,031,46*5C
$GPZDA,084455.00,14,06,2025,00,00*68
$GPGGA,084456.00,5432.53571,N,01855.95819,E,1,12,1.1,16.8,M,26.5,M,,*5A
$GPRMC,084456.00,A,5432.53571,N,01855.95819,E,18.89,70.6,140625,,,A*68
$GPVTG,70.6,T,,M,18.89,N,34.99,K,A*33
$HEHDT,59.7,T*14
$VWVHW,59.7,T,,M,14.64,N,27.11,K*43
$GPGGA,084457.00,5432.53768,N,01855.96653,E,1,12,1.1,16.3,M,26.5,M,,*59
$GPRMC,084457.00,A,5432.53768,N,01855.96653,E,19.05,70.3,140625,,,A*60
$GPVTG,70.3,T,,M,19.05,N,35.29,K,A*39
$HEHDT,59.3,T*10
$VWVHW,59.3,T,,M,14.78,N,27.38,K*41
$GPGGA,084458.00,5432.53934,N,01855.97585,E,1,12,1.1,16.5,M,26.5,M,,*5E
$GPRMC,084458.00,A,5432.53934,N,01855.97585,E,19.05,70.3,140625,,,A*61
$GPVTG,70.3,T,,M,19.05,N,35.28,K,A*38
$HEHDT,59.4,T*17
$VWVHW,59.4,T,,M,14.76,N,27.34,K*44
$GPGGA,084459.00,5432.54145,N,01855.98427,E,1,12,1.1,16.4,M,26.5,M,,*51
$GPRMC,084459.00,A,5432.54145,N,01855.98427,E,18.98,69.7,140625,,,A*66
$GPVTG,69.7,T,,M,18.98,N,35.16,K,A*3C
$HEHDT,59.6,T*15
$VWVHW,59.6,T,,M,14.67,N,27.18,K*48
$GPGGA,084500.00,5432.54271,N,01855.99293,E,1,12,1.1,16.4,M,26.5,M,,*50
$GPRMC,084500.00,A,5432.54271,N,01855.99293,E,18.94,70.1,140625,,,A*65
$GPVTG,70.1,T,,M,18.94,N,35.07,K,A*3E
$HEHDT,59.3,T*10
$VWVHW,59.3,T,,M,14.79,N,27.38,K*40
$GPGSV,2,1,08,03,68,051,45,08,40,106,46,11,19,161,46,14,44,216,45*7E
$GPGSV,2,2,08,17,65,273,46,22,24,321,46,28,14,001,45,31,61,131,46*7F
$GAGSV,2,1,05,04,49,081,46,09,32,191,46,12,62,246,47,24,09,296,46*6B
$GAGSV,2,2,05,31,21,031,46*5C
$GPZDA,084500.00,14,06,2025,00,00*69
$GPGGA,084501.00,5432.54517,N,01856.00121,E,1,12,1.1,16.4,M,26.5,M,,*5F
$GPRMC,084501.00,A,5432.54517,N,01856.00121,E,18.97,70.3,140625,,,A*6B
$GPVTG,70.3,T,,M,18.97,N,35.14,K,A*3D
$HEHDT,59.8,T*1B
$VWVHW,59.8,T,,M,14.81,N,27.43,K*40
$GPGGA,084502.00,5432.54619,N,01856.00951,E,1,12,1.1,16.5,M,26.5,M,,*5F
$GPRMC,084502.00,A,5432.54619,N,01856.00951,E,19.14,70.0,140625,,,A*63
$GPVTG,70.0,T,,M,19.14,N,35.45,K,A*30
$HEHDT,60.0,T*19
$VWVHW,60.0,T,,M,14.67,N,27.18,K*44
$GPGGA,084503.00,5432.54802,N,01856.01828,E,1,12,1.1,16.6,M,26.5,M,,*57
$GPRMC,084503.00,A,5432.54802,N,01856.01828,E,18.93,70.0,140625,,,A*66
$GPVTG,70.0,T,,M,18.93,N,35.05,K,A*3A
$HEHDT,60.0,T*19
$VWVHW,60.0,T,,M,14.74,N,27.29,K*44
$GPGGA,084504.00,5432.54960,N,01856.02688,E,1,12,1.1,16.9,M,26.5,M,,*5D
$GPRMC,084504.00,A,5432.54960,N,01856.02688,E,18.92,69.7,140625,,,A*6D
$GPVTG,69.7,T,,M,18.92,N,35.03,K,A*32
$HEHDT,59.4,T*17
$VWVHW,59.4,T,,M,14.77,N,27.35,K*44
$GPGGA,084505.00,5432.55157,N,01856.03562,E,1,12,1.1,16.9,M,26.5,M,,*57
$GPRMC,084505.00,A,5432.55157,N,01856.03562,E,18.86,70.6,140625,,,A*6B
$GPVTG,70.6,T,,M,18.86,N,34.93,K,A*36
$HEHDT,59.6,T*15
$VWVHW,59.6,T,,M,14.87,N,27.54,K*4E
$GPGSV,2,1,08,03,68,051,45,08,40,106,45,11,19,161,47,14,44,216,46*7F
$GPGSV,2,2,08,17,65,273,47,22,24,321,46,28,14,001,46,31,61,131,46*7D
$GAGSV,2,1,05,04,49,081,46,09,32,191,46,12,62,246,46,24,09,296,46*6A
$GAGSV,2,2,05,31,21,031,46*5C
$GPZDA,084505.00,14,06,2025,00,00*6C
$GPGGA,084506.00,5432.55298,N,01856.04396,E,1,12,1.0,17.1,M,26.5,M,,*56
$GPRMC,084506.00,A,5432.55298,N,01856.04396,E,19.00,70.9,140625,,,A*62
$GPVTG,70.9,T,,M,19.00,N,35.19,K,A*35
$HEHDT,59.6,T*15
$VWVHW,59.6,T,,M,14.77,N,27.36,K*45
$GPGGA,084507.00,5432.55504,N,01856.05222,E,1,12,1.0,16.8,M,26.5,M,,*52
$GPRMC,084507.00,A,5432.55504,N,01856.05222,E,18.99,70.3,140625,,,A*65
$GPVTG,70.3,T,,M,18.99,N,35.17,K,A*30
$HEHDT,59.6,T*15
$VWVHW,59.6,T,,M,14.73,N,27.28,K*4E
$GPGGA,084508.00,5432.55704,N,01856.06132,E,1,12,1.0,16.1,M,26.5,M,,*57
$GPRMC,084508.00,A,5432.55704,N,01856.06132,E,19.05,70.5,140625,,,A*6B
$GPVTG,70.5,T,,M,19.05,N,35.27,K,A*31
$HEHDT,59.3,T*10
$VWVHW,59.3,T,,M,14.83,N,27.47,K*4D
$GPGGA,084509.00,5432.55850,N,01856.07003,E,1,12,1.0,17.6,M,26.5,M,,*5C
$GPRMC,084509.00,A,5432.55850,N,01856.07003,E,19.05,70.8,140625,,,A*6B
$GPVTG,70.8,T,,M,19.05,N,35.27,K,A*3C
$HEHDT,60.1,T*18
$VWVHW,60.1,T,,M,14.63,N,27.09,K*41
$GPGGA,084510.00,5432.55988,N,01856.07855,E,1,12,1.0,16.8,M,26.5,M,,*54
$GPRMC,084510.00,A,5432.55988,N,01856.07855,E,18.95,70.5,140625,,,A*69
$GPVTG,70.5,T,,M,18.95,N,35.09,K,A*35
$HEHDT,59.7,T*14
$VWVHW,59.7,T,,M,14.81,N,27.42,K*4E
$GPGSV,2,1,08,03,68,051,45,08,40,106,46,11,19,161,46,14,44,216,45*7E
$GPGSV,2,2,08,17,65,273,46,22,24,321,46,28,14,001,46,31,61,131,47*7D
$GAGSV,2,1,05,04,49,081,46,09,32,191,45,12,62,246,46,24,09,296,47*68
$GAGSV,2,2,05,31,21,031,46*5C
$GPZDA,084510.00,14,06,2025,00,00*68
$GPGGA,084511.00,5432.56230,N,01856.08760,E,1,12,1.0,17.2,M,26.5,M,,*53
$GPRMC,084511.00,A,5432.56230,N,01856.08760,E,19.12,71.1,140625,,,A*6E
$GPVTG,71.1,T,,M,19.12,N,35.40,K,A*33
$HEHDT,59.7,T*14
$VWVHW,59.7,T,,M,14.92,N,27.63,K*4F
$GPGGA,084512.00,5432.56331,N,01856.09567,E,1,12,1.0,16.4,M,26.5,M,,*53
$GPRMC,084512.00,A,5432.56331,N,01856.09567,E,19.03,70.4,140625,,,A*6D
$GPVTG,70.4,T,,M,19.03,N,35.24,K,A*35
$HEHDT,59.4,T*17
$VWVHW,59.4,T,,M,14.76,N,27.34,K*44
$GPGGA,084513.00,5432.56517,N,01856.10483,E,1,12,1.0,16.9,M,26.5,M,,*5E
$GPRMC,084513.00,A,5432.56517,N,01856.10483,E,19.08,70.4,140625,,,A*66
$GPVTG,70.4,T,,M,19.08,N,35.33,K,A*38
$HEHDT,59.8,T*1B
$VWVHW,59.8,T,,M,15.05,N,27.86,K*44
$GPGGA,084514.00,5432.56763,N,01856.11293,E,1,12,1.0,16.5,M,26.5,M,,*52
$GPRMC,084514.00,A,5432.56763,N,01856.11293,E,18.89,70.4,140625,,,A*6E
$GPVTG,70.4,T,,M,18.89,N,34.99,K,A*31
$HEHDT,59.6,T*15
$VWVHW,59.6,T,,M,14.84,N,27.48,K*40
$GPGGA,084515.00,5432.56862,N,01856.12176,E,1,12,1.0,17.0,M,26.5,M,,*52
$GPRMC,084515.00,A,5432.56862,N,01856.12176,E,19.01,70.4,140625,,,A*6B
$GPVTG,70.4,T,,M,19.01,N,35.21,K,A*32
$HEHDT,59.5,T*16
$VWVHW,59.5,T,,M,14.85,N,27.50,K*4B
$GPGSV,2,1,08,03,68,051,45,08,40,106,46,11,19,161,46,14,44,216,46*7D
$GPGSV,2,2,08,17,65,273,46,22,24,321,45,28,14,001,47,31,61,131,46*7E
$GAGSV,2,1,05,04,49,081,45,09,32,191,46,12,62,246,46,24,09,296,45*6A
$GAGSV,2,2,05,31,21,031,46*5C
$GPZDA,084515.00,14,06,2025,00,00*6D
$GPGGA,084516.00,5432.57065,N,01856.12989,E,1,12,1.0,16.8,M,26.5,M,,*5E
$GPRMC,084516.00,A,5432.57065,N,01856.12989,E,18.93,70.4,140625,,,A*64
$GPVTG,70.4,T,,M,18.93,N,35.06,K,A*3D
$HEHDT,59.9,T*1A
$VWVHW,59.9,T,,M,14.89,N,27.58,K*43
$GPGGA,084517.00,5432.57290,N,01856.13892,E,1,12,1.0,16.9,M,26.5,M,,*5C
$GPRMC,084517.00,A,5432.57290,N,01856.13892,E,19.15,70.5,140625,,,A*69
$GPVTG,70.5,T,,M,19.15,N,35.46,K,A*37
$HEHDT,59.7,T*14
$VWVHW,59.7,T,,M,14.71,N,27.24,K*41
$GPGGA,084518.00,5432.57450,N,01856.14682,E,1,12,1.0,17.5,M,26.5,M,,*5C
$GPRMC,084518.00,A,5432.57450,N,01856.14682,E,18.98,70.0,140625,,,A*65
$GPVTG,70.0,T,,M,18.98,N,35.15,K,A*30
$HEHDT,59.3,T*10
$VWVHW,59.3,T,,M,14.77,N,27.35,K*43
$GPGGA,084519.00,5432.57552,N,01856.15630,E,1,12,1.0,17.8,M,26.5,M,,*5B
$GPRMC,084519.00,A,5432.57552,N,01856.15630,E,19.02,70.5,140625,,,A*68
$GPVTG,70.5,T,,M,19.02,N,35.23,K,A*32
$HEHDT,59.6,T*15
$VWVHW,59.6,T,,M,14.67,N,27.17,K*47
$GPGGA,084520.00,5432.57777,N,01856.16482,E,1,12,1.0,17.0,M,26.5,M,,*54
$GPRMC,084520.00,A,5432.57777,N,01856.16482,E,19.00,70.9,140625,,,A*61
$GPVTG,70.9,T,,M,19.00,N,35.19,K,A*35
$HEHDT,59.6,T*15
$VWVHW,59.6,T,,M,14.81,N,27.42,K*4F
$GPGSV,2,1,08,03,68,051,46,08,40,106,46,11,19,161,46,14,44,216,46*7E
$GPGSV,2,2,08,17,65,273,46,22,24,321,47,28,14,001,46,31,61,131,45*7E
$GAGSV,2,1,05,04,49,081,46,09,32,191,46,12,62,246,46,24,09,296,46*6A
$GAGSV,2,2,05,31,21,031,46*5C
$GPZDA,084520.00,14,06,2025,00,00*6B
$GPGGA,084521.00,5432.57962,N,01856.17346,E,1,12,1.0,17.5,M,26.5,M,,*54
$GPRMC,084521.00,A,5432.57962,N,01856.17346,E,18.96,70.6,140625,,,A*65
$GPVTG,70.6,T,,M,18.96,N,35.12,K,A*3F
$HEHDT,60.0,T*19
$VWVHW,60.0,T,,M,14.80,N,27.40,K*40
$GPGGA,084522.00,5432.58146,N,01856.18152,E,1,12,1.0,17.6,M,26.5,M,,*5D
$GPRMC,084522.00,A,5432.58146,N,01856.18152,E,18.98,70.3,140625,,,A*64
$GPVTG,70.3,T,,M,18.98,N,35.15,K,A*33
$HEHDT,59.9,T*1A
$VWVHW,59.9,T,,M,14.77,N,27.36,K*4A
$GPGGA,084523.00,5432.58320,N,01856.18986,E,1,12,1.0,17.1,M,26.5,M,,*58
$GPRMC,084523.00,A,5432.58320,N,01856.18986,E,19.16,70.2,140625,,,A*60
$GPVTG,70.2,T,,M,19.16,N,35.48,K,A*3D
$HEHDT,59.8,T*1B
$VWVHW,59.8,T,,M,14.91,N,27.61,K*41
$GPGGA,084524.00,5432.58480,N,01856.19892,E,1,12,1.0,18.1,M,26.5,M,,*58
$GPRMC,084524.00,A,5432.58480,N,01856.19892,E,19.05,70.4,140625,,,A*6B
$GPVTG,70.4,T,,M,19.05,N,35.27,K,A*30
$HEHDT,59.5,T*16
$VWVHW,59.5,T,,M,14.84,N,27.48,K*43
$GPGGA,084525.00,5432.58704,N,01856.20742,E,1,12,1.0,18.3,M,26.5,M,,*5C
$GPRMC,084525.00,A,5432.58704,N,01856.20742,E,19.07,70.7,140625,,,A*6C
$GPVTG,70.7,T,,M,19.07,N,35.32,K,A*35
$HEHDT,60.0,T*19
$VWVHW,60.0,T,,M,14.76,N,27.33,K*4D
$GPGSV,2,1,08,03,68,051,46,08,40,106,45,11,19,161,46,14,44,216,46*7D
$GPGSV,2,2,08,17,65,273,46,22,24,321,45,28,14,001,46,31,61,131,46*7F
$GAGSV,2,1,05,04,49,081,46,09,32,191,46,12,62,246,46,24,09,296,46*6A
$GAGSV,2,2,05,31,21,031,46*5C
$GPZDA,084525.00,14,06,2025,00,00*6E
$GPGGA,084526.00,5432.58843,N,01856.21599,E,1,12,1.0,17.6,M,26.5,M,,*5C
$GPRMC,084526.00,A,5432.58843,N,01856.21599,E,19.23,69.9,140625,,,A*66
$GPVTG,69.9,T,,M,19.23,N,35.61,K,A*33
$HEHDT,59.4,T*17
$VWVHW,59.4,T,,M,14.97,N,27.72,K*49
$GPGGA,084527.00,5432.59039,N,01856.22400,E,1,12,1.0,17.4,M,26.5,M,,*59
$GPRMC,084527.00,A,5432.59039,N,01856.22400,E,19.30,70.7,140625,,,A*65
$GPVTG,70.7,T,,M,19.30,N,35.75,K,A*32
$HEHDT,59.4,T*17
$VWVHW,59.4,T,,M,15.00,N,27.77,K*43
$GPGGA,084528.00,5432.59175,N,01856.23208,E,1,12,1.0,18.6,M,26.5,M,,*5D
$GPRMC,084528.00,A,5432.59175,N,01856.23208,E,18.91,70.4,140625,,,A*65
$GPVTG,70.4,T,,M,18.91,N,35.02,K,A*3B
$HEHDT,59.4,T*17
$VWVHW,59.4,T,,M,14.83,N,27.47,K*4A
$GPGGA,084529.00,5432.59340,N,01856.24065,E,1,12,1.0,17.8,M,26.5,M,,*57
$GPRMC,084529.00,A,5432.59340,N,01856.24065,E,19.11,70.2,140625,,,A*61
$GPVTG,70.2,T,,M,19.11,N,35.39,K,A*3C
$HEHDT,59.5,T*16
$VWVHW,59.5,T,,M,14.80,N,27.42,K*4D
$GPGGA,084530.00,5432.59563,N,01856.24903,E,1,12,1.0,17.9,M,26.5,M,,*50
$GPRMC,084530.00,A,5432.59563,N,01856.24903,E,19.12,70.3,140625,,,A*65
$GPVTG,70.3,T,,M,19.12,N,35.42,K,A*32
$HEHDT,60.0,T*19
$VWVHW,60.0,T,,M,14.89,N,27.58,K*40
$GPGSV,2,1,08,03,68,051,46,08,40,106,46,11,19,161,46,14,44,216,47*7F
$GPGSV,2,2,08,17,65,273,46,22,24,321,46,28,14,001,46,31,61,131,46*7C
$GAGSV,2,1,05,04,49,081,46,09,32,191,45,12,62,246,47,24,09,296,45*6B
$GAGSV,2,2,05,31,21,031,46*5C
$GPZDA,084530.00,14,06,2025,00,00*6A
$GPGGA,084531.00,5432.59751,N,01856.25804,E,1,12,1.0,18.4,M,26.5,M,,*57
$GPRMC,084531.00,A,5432.59751,N,01856.25804,E,19.11,70.6,140625,,,A*66
$GPVTG,70.6,T,,M,19.11,N,35.39,K,A*38
$HEHDT,60.1,T*18
$VWVHW,60.1,T,,M,14.92,N,27.64,K*44
$GPGGA,084532.00,5432.59899,N,01856.26681,E,1,12,1.0,18.2,M,26.5,M,,*59
$GPRMC,084532.00,A,5432.59899,N,01856.26681,E,19.12,70.3,140625,,,A*68
$GPVTG,70.3,T,,M,19.12,N,35.41,K,A*31
$HEHDT,59.7,T*14
$VWVHW,59.7,T,,M,14.89,N,27.58,K*4D
$GPGGA,084533.00,5432.60083,N,01856.27584,E,1,12,1.0,18.0,M,26.5,M,,*54
$GPRMC,084533.00,A,5432.60083,N,01856.27584,E,19.05,70.3,140625,,,A*61
$GPVTG,70.3,T,,M,19.05,N,35.27,K,A*37
$HEHDT,59.4,T*17
$VWVHW,59.4,T,,M,14.92,N,27.63,K*4C
$GPGGA,084534.00,5432.60252,N,01856.28488,E,1,12,1.0,17.8,M,26.5,M,,*58
$GPRMC,084534.00,A,5432.60252,N,01856.28488,E,19.09,70.5,140625,,,A*60
$GPVTG,70.5,T,,M,19.09,N,35.35,K,A*3E
$HEHDT,59.4,T*17
$VWVHW,59.4,T,,M,14.92,N,27.62,K*4D
$GPGGA,084535.00,5432.60463,N,01856.29362,E,1,12,1.0,18.1,M,26.5,M,,*59
$GPRMC,084535.00,A,5432.60463,N,01856.29362,E,19.12,70.3,140625,,,A*6B
$GPVTG,70.3,T,,M,19.12,N,35.41,K,A*31
$HEHDT,59.5,T*16
$VWVHW,59.5,T,,M,14.89,N,27.58,K*4F
$GPGSV,2,1,08,03,68,051,46,08,40,106,46,11,19,161,46,14,44,216,46*7E
$GPGSV,2,2,08,17,65,273,46,22,24,321,46,28,14,001,46,31,61,131,47*7D
$GAGSV,2,1,05,04,49,081,46,09,32,191,46,12,62,246,46,24,09,296,46*6A
$GAGSV,2,2,05,31,21,031,46*5C
$GPZDA,084535.00,14,06,2025,00,00*6F
$GPGGA,084536.00,5432.60606,N,01856.30116,E,1,12,1.0,18.2,M,26.5,M,,*51
$GPRMC,084536.00,A,5432.60606,N,01856.30116,E,19.13,70.4,140625,,,A*66
$GPVTG,70.4,T,,M,19.13,N,35.43,K,A*35
$HEHDT,59.4,T*17
$VWVHW,59.4,T,,M,14.98,N,27.73,K*47
$GPGGA,084537.00,5432.60800,N,01856.30999,E,1,12,1.0,18.4,M,26.5,M,,*51
$GPRMC,084537.00,A,5432.60800,N,01856.30999,E,19.13,70.2,140625,,,A*66
$GPVTG,70.2,T,,M,19.13,N,35.43,K,A*33
$HEHDT,59.8,T*1B
$VWVHW,59.8,T,,M,14.87,N,27.55,K*41
$GPGGA,084538.00,5432.60973,N,01856.31778,E,1,12,1.0,17.5,M,26.5,M,,*55
$GPRMC,084538.00,A,5432.60973,N,01856.31778,E,18.82,70.6,140625,,,A*61
$GPVTG,70.6,T,,M,18.82,N,34.86,K,A*36
$HEHDT,59.8,T*1B
$VWVHW,59.8,T,,M,15.05,N,27.87,K*45
$GPGGA,084539.00,5432.61145,N,01856.32695,E,1,12,1.0,18.2,M,26.5,M,,*51
$GPRMC,084539.00,A,5432.61145,N,01856.32695,E,19.11,70.7,140625,,,A*67
$GPVTG,70.7,T,,M,19.11,N,35.40,K,A*37
$HEHDT,59.6,T*15
$VWVHW,59.6,T,,M,14.98,N,27.75,K*43
$GPGGA,084540.00,5432.61322,N,01856.33523,E,1,12,1.0,17.4,M,26.5,M,,*5A
$GPRMC,084540.00,A,5432.61322,N,01856.33523,E,19.16,70.1,140625,,,A*64
$GPVTG,70.1,T,,M,19.16,N,35.49,K,A*3F
$HEHDT,59.1,T*12
$VWVHW,59.1,T,,M,14.78,N,27.37,K*4C
$GPGSV,2,1,08,03,68,051,46,08,40,106,45,11,19,161,46,14,44,216,46*7D
$GPGSV,2,2,08,17,65,273,46,22,24,321,46,28,14,001,46,31,61,131,46*7C
$GAGSV,2,1,05,04,49,081,46,09,32,191,45,12,62,246,45,24,09,296,46*6A
$GAGSV,2,2,05,31,21,031,46*5C
$GPZDA,084540.00,14,06,2025,00,00*6D
$GPGGA,084541.00,5432.61532,N,01856.34385,E,1,12,1.0,18.0,M,26.5,M,,*5A
$GPRMC,084541.00,A,5432.61532,N,01856.34385,E,19.24,70.1,140625,,,A*6E
$GPVTG,70.1,T,,M,19.24,N,35.63,K,A*36
$HEHDT,60.0,T*19
$VWVHW,60.0,T,,M,14.99,N,27.77,K*4C
$GPGGA,084542.00,5432.61668,N,01856.35317,E,1,12,1.0,17.9,M,26.5,M,,*59
$GPRMC,084542.00,A,5432.61668,N,01856.35317,E,19.14,70.2,140625,,,A*6B
$GPVTG,70.2,T,,M,19.14,N,35.44,K,A*33
$HEHDT,59.9,T*1A
$VWVHW,59.9,T,,M,14.83,N,27.46,K*46
$GPGGA,084543.00,5432.61869,N,01856.36074,E,1,12,1.0,17.5,M,26.5,M,,*5E
$GPRMC,084543.00,A,5432.61869,N,01856.36074,E,19.11,70.8,140625,,,A*6F
$GPVTG,70.8,T,,M,19.11,N,35.39,K,A*36
$HEHDT,59.7,T*14
$VWVHW,59.7,T,,M,15.12,N,28.00,K*4C
$GPGGA,084544.00,5432.62038,N,01856.37022,E,1,12,1.0,17.7,M,26.5,M,,*56
$GPRMC,084544.00,A,5432.62038,N,01856.37022,E,19.14,70.8,140625,,,A*60
$GPVTG,70.8,T,,M,19.14,N,35.45,K,A*38
$HEHDT,59.5,T*16
$VWVHW,59.5,T,,M,14.75,N,27.32,K*40
$GPGGA,084545.00,5432.62199,N,01856.37811,E,1,12,1.0,17.6,M,26.5,M,,*54
$GPRMC,084545.00,A,5432.62199,N,01856.37811,E,19.20,69.9,140625,,,A*6D
$GPVTG,69.9,T,,M,19.20,N,35.56,K,A*34
$HEHDT,59.5,T*16
$VWVHW,59.5,T,,M,15.01,N,27.79,K*4D
$GPGSV,2,1,08,03,68,051,46,08,40,106,46,11,19,161,46,14,44,216,46*7E
$GPGSV,2,2,08,17,65,273,46,22,24,321,46,28,14,001,46,31,61,131,46*7C
$GAGSV,2,1,05,04,49,081,46,09,32,191,46,12,62,246,45,24,09,296,45*6A
$GAGSV,2,2,05,31,21,031,46*5C
$GPZDA,084545.00,14,06,2025,00,00*68
$GPGGA,084546.00,5432.62458,N,01856.38689,E,1,12,1.0,17.9,M,26.5,M,,*50
$GPRMC,084546.00,A,5432.62458,N,01856.38689,E,19.14,70.8,140625,,,A*68
$GPVTG,70.8,T,,M,19.14,N,35.45,K,A*38
$HEHDT,59.6,T*15
$VWVHW,59.6,T,,M,14.88,N,27.55,K*40
$GPGGA,084547.00,5432.62611,N,01856.39565,E,1,12,1.0,17.9,M,26.5,M,,*5E
$GPRMC,084547.00,A,5432.62611,N,01856.39565,E,19.15,70.2,140625,,,A*6D
$GPVTG,70.2,T,,M,19.15,N,35.47,K,A*31
$HEHDT,59.7,T*14
$VWVHW,59.7,T,,M,14.92,N,27.62,K*4E
$GPGGA,084548.00,5432.62814,N,01856.40485,E,1,12,1.0,17.6,M,26.5,M,,*54
$GPRMC,084548.00,A,5432.62814,N,01856.40485,E,19.01,70.6,140625,,,A*69
$GPVTG,70.6,T,,M,19.01,N,35.20,K,A*31
$HEHDT,59.8,T*1B
$VWVHW,59.8,T,,M,14.89,N,27.58,K*42
$GPGGA,084549.00,5432.62986,N,01856.41299,E,1,12,1.0,17.6,M,26.5,M,,*55
$GPRMC,084549.00,A,5432.62986,N,01856.41299,E,19.02,70.3,140625,,,A*6E
$GPVTG,70.3,T,,M,19.02,N,35.22,K,A*35
$HEHDT,59.7,T*14
$VWVHW,59.7,T,,M,14.88,N,27.55,K*41
$GPGGA,084550.00,5432.63142,N,01856.42073,E,1,12,1.0,17.6,M,26.5,M,,*59
$GPRMC,084550.00,A,5432.63142,N,01856.42073,E,19.12,69.9,140625,,,A*61
$GPVTG,69.9,T,,M,19.12,N,35.41,K,A*33
$HEHDT,59.9,T*1A
$VWVHW,59.9,T,,M,14.76,N,27.33,K*4E
$GPGSV,2,1,08,03,68,051,46,08,40,106,46,11,19,161,46,14,44,216,46*7E
$GPGSV,2,2,08,17,65,273,46,22,24,321,45,28,14,001,47,31,61,131,45*7D
$GAGSV,2,1,05,04,49,081,46,09,32,191,47,12,62,246,46,24,09,296,46*6B
$GAGSV,2,2,05,31,21,031,46*5C
$GPZDA,084550.00,14,06,2025,00,00*6C
$GPGGA,084551.00,5432.63320,N,01856.42922,E,1,12,1.0,17.3,M,26.5,M,,*56
$GPRMC,084551.00,A,5432.63320,N,01856.42922,E,19.27,70.4,140625,,,A*68
$GPVTG,70.4,T,,M,19.27,N,35.70,K,A*32
$HEHDT,59.6,T*15
$VWVHW,59.6,T,,M,15.06,N,27.89,K*46
$GPGGA,084552.00,5432.63514,N,01856.43882,E,1,12,1.0,17.3,M,26.5,M,,*5E
$GPRMC,084552.00,A,5432.63514,N,01856.43882,E,19.10,70.5,140625,,,A*65
$GPVTG,70.5,T,,M,19.10,N,35.37,K,A*34
$HEHDT,59.6,T*15
$VWVHW,59.6,T,,M,14.94,N,27.66,K*4D
$GPGGA,084553.00,5432.63710,N,01856.44721,E,1,12,1.0,17.6,M,26.5,M,,*5D
$GPRMC,084553.00,A,5432.63710,N,01856.44721,E,19.14,70.6,140625,,,A*64
$GPVTG,70.6,T,,M,19.14,N,35.45,K,A*36
$HEHDT,59.9,T*1A
$VWVHW,59.9,T,,M,14.94,N,27.67,K*43
$GPGGA,084554.00,5432.63857,N,01856.45489,E,1,12,1.0,17.3,M,26.5,M,,*53
$GPRMC,084554.00,A,5432.63857,N,01856.45489,E,19.19,70.2,140625,,,A*66
$GPVTG,70.2,T,,M,19.19,N,35.53,K,A*38
$HEHDT,59.3,T*10
$VWVHW,59.3,T,,M,14.87,N,27.53,K*4C
$GPGGA,084555.00,5432.64083,N,01856.46400,E,1,12,1.0,18.0,M,26.5,M,,*5A
$GPRMC,084555.00,A,5432.64083,N,01856.46400,E,19.24,70.1,140625,,,A*6E
$GPVTG,70.1,T,,M,19.24,N,35.64,K,A*31
$HEHDT,59.4,T*17
$VWVHW,59.4,T,,M,15.05,N,27.87,K*49
$GPGSV,2,1,08,03,68,051,46,08,40,106,45,11,19,161,46,14,44,216,46*7D
$GPGSV,2,2,08,17,65,273,46,22,24,321,46,28,14,001,46,31,61,131,46*7C
$GAGSV,2,1,05,04,49,081,46,09,32,191,46,12,62,246,46,24,09,296,46*6A
$GAGSV,2,2,05,31,21,031,46*5C
$GPZDA,084555.00,14,06,2025,00,00*69
$GPGGA,084556.00,5432.64238,N,01856.47316,E,1,12,1.0,17.8,M,26.5,M,,*5D
$GPRMC,084556.00,A,5432.64238,N,01856.47316,E,19.39,70.4,140625,,,A*67
$GPVTG,70.4,T,,M,19.39,N,35.91,K,A*32
$HEHDT,59.4,T*17
$VWVHW,59.4,T,,M,14.83,N,27.46,K*4B
$GPGGA,084557.00,5432.64418,N,01856.48213,E,1,12,1.0,18.2,M,26.5,M,,*56
$GPRMC,084557.00,A,5432.64418,N,01856.48213,E,19.13,70.6,140625,,,A*63
$GPVTG,70.6,T,,M,19.13,N,35.43,K,A*37
$HEHDT,59.1,T*12
$VWVHW,59.1,T,,M,14.85,N,27.50,K*4F
$GPGGA,084558.00,5432.64568,N,01856.49048,E,1,12,1.0,17.1,M,26.5,M,,*5E
$GPRMC,084558.00,A,5432.64568,N,01856.49048,E,19.27,70.2,140625,,,A*64
$GPVTG,70.2,T,,M,19.27,N,35.69,K,A*3C
$HEHDT,59.1,T*12
$VWVHW,59.1,T,,M,14.95,N,27.69,K*44
$GPGGA,084559.00,5432.64755,N,01856.49878,E,1,12,1.0,17.7,M,26.5,M,,*5E
$GPRMC,084559.00,A,5432.64755,N,01856.49878,E,19.22,70.4,140625,,,A*61
$GPVTG,70.4,T,,M,19.22,N,35.59,K,A*3C
$HEHDT,59.3,T*10
$VWVHW,59.3,T,,M,14.80,N,27.41,K*48
$GPGGA,084600.00,5432.64954,N,01856.50750,E,1,12,1.0,17.8,M,26.5,M,,*5C
$GPRMC,084600.00,A,5432.64954,N,01856.50750,E,19.15,70.5,140625,,,A*69
$GPVTG,70.5,T,,M,19.15,N,35.47,K,A*36
$HEHDT,59.7,T*14
$VWVHW,59.7,T,,M,14.87,N,27.55,K*4E
$GPGSV,2,1,08,03,68,051,46,08,40,106,46,11,19,161,46,14,44,216,46*7E
$GPGSV,2,2,08,17,65,273,46,22,24,321,46,28,14,001,46,31,61,131,46*7C
$GAGSV,2,1,05,04,49,081,45,09,32,191,46,12,62,246,46,24,09,296,45*6A
$GAGSV,2,2,05,31,21,031,47*5D
$GPZDA,084600.00,14,06,2025,00,00*6A
$GPGGA,084601.00,5432.65119,N,01856.51641,E,1,12,1.0,17.4,M,26.5,M,,*51
$GPRMC,084601.00,A,5432.65119,N,01856.51641,E,19.16,70.7,140625,,,A*69
$GPVTG,70.7,T,,M,19.16,N,35.48,K,A*38
$HEHDT,59.7,T*14
$VWVHW,59.7,T,,M,14.91,N,27.62,K*4D
$GPGGA,084602.00,5432.65301,N,01856.52587,E,1,12,1.0,18.4,M,26.5,M,,*5C
$GPRMC,084602.00,A,5432.65301,N,01856.52587,E,19.18,69.9,140625,,,A*63
$GPVTG,69.9,T,,M,19.18,N,35.53,K,A*3A
$HEHDT,59.8,T*1B
$VWVHW,59.8,T,,M,14.97,N,27.72,K*45
$GPGGA,084603.00,5432.65512,N,01856.53341,E,1,12,1.0,18.0,M,26.5,M,,*50
$GPRMC,084603.00,A,5432.65512,N,01856.53341,E,19.14,70.3,140625,,,A*65
$GPVTG,70.3,T,,M,19.14,N,35.45,K,A*33
$HEHDT,59.5,T*16
$VWVHW,59.5,T,,M,14.93,N,27.65,K*4A
$GPGGA,084604.00,5432.65642,N,01856.54238,E,1,12,1.0,18.2,M,26.5,M,,*5B
$GPRMC,084604.00,A,5432.65642,N,01856.54238,E,19.13,70.6,140625,,,A*6E
$GPVTG,70.6,T,,M,19.13,N,35.43,K,A*37
$HEHDT,59.6,T*15
$VWVHW,59.6,T,,M,14.84,N,27.49,K*41
$GPGGA,084605.00,5432.65828,N,01856.55100,E,1,12,1.0,17.8,M,26.5,M,,*54
$GPRMC,084605.00,A,5432.65828,N,01856.55100,E,19.13,70.6,140625,,,A*64
$GPVTG,70.6,T,,M,19.13,N,35.43,K,A*37
$HEHDT,59.3,T*10
$VWVHW,59.3,T,,M,14.87,N,27.54,K*4B
$GPGSV,2,1,08,03,68,051,45,08,40,106,46,11,19,161,46,14,44,216,46*7D
$GPGSV,2,2,08,17,65,273,46,22,24,321,46,28,14,001,46,31,61,131,46*7C
$GAGSV,2,1,05,04,49,081,46,09,32,191,46,12,62,246,46,24,09,296,46*6A
$GAGSV,2,2,05,31,21,031,46*5C
$GPZDA,084605.00,14,06,2025,00,00*6F
$GPGGA,084606.00,5432.66010,N,01856.55944,E,1,12,1.0,17.7,M,26.5,M,,*50
$GPRMC,084606.00,A,5432.66010,N,01856.55944,E,19.06,70.4,140625,,,A*69
$GPVTG,70.4,T,,M,19.06,N,35.31,K,A*34
$HEHDT,59.7,T*14
$VWVHW,59.7,T,,M,14.87,N,27.54,K*4F
$GPGGA,084607.00,5432.66197,N,01856.56792,E,1,12,1.0,17.9,M,26.5,M,,*57
$GPRMC,084607.00,A,5432.66197,N,01856.56792,E,19.17,70.5,140625,,,A*61
$GPVTG,70.5,T,,M,19.17,N,35.51,K,A*33
$HEHDT,59.2,T*11
$VWVHW,59.2,T,,M,15.02,N,27.82,K*4D
$GPGGA,084608.00,5432.66380,N,01856.57668,E,1,12,1.0,17.9,M,26.5,M,,*59
$GPRMC,084608.00,A,5432.66380,N,01856.57668,E,19.22,70.1,140625,,,A*6D
$GPVTG,70.1,T,,M,19.22,N,35.60,K,A*33
$HEHDT,59.6,T*15
$VWVHW,59.6,T,,M,14.92,N,27.62,K*4F
$GPGGA,084609.00,5432.66538,N,01856.58569,E,1,12,1.0,17.6,M,26.5,M,,*5F
$GPRMC,084609.00,A,5432.66538,N,01856.58569,E,19.17,70.5,140625,,,A*66
$GPVTG,70.5,T,,M,19.17,N,35.49,K,A*3A
$HEHDT,59.2,T*11
$VWVHW,59.2,T,,M,14.90,N,27.59,K*41
$GPGGA,084610.00,5432.66667,N,01856.59398,E,1,12,1.0,17.5,M,26.5,M,,*54
$GPRMC,084610.00,A,5432.66667,N,01856.59398,E,19.23,69.7,140625,,,A*63
$GPVTG,69.7,T,,M,19.23,N,35.61,K,A*3D
$HEHDT,59.6,T*15
$VWVHW,59.6,T,,M,15.03,N,27.84,K*4E
$GPGSV,2,1,08,03,68,051,46,08,40,106,46,11,19,161,46,14,44,216,47*7F
$GPGSV,2,2,08,17,65,273,45,22,24,321,47,28,14,001,46,31,61,131,46*7E
$GAGSV,2,1,05,04,49,081,46,09,32,191,47,12,62,246,45,24,09,296,46*68
$GAGSV,2,2,05,31,21,031,46*5C
$GPZDA,084610.00,14,06,2025,00,00*6B
$GPGGA,084611.00,5432.66913,N,01856.60292,E,1,12,1.0,17.8,M,26.5,M,,*55
$GPRMC,084611.00,A,5432.66913,N,01856.60292,E,19.12,70.1,140625,,,A*63
$GPVTG,70.1,T,,M,19.12,N,35.42,K,A*30
$HEHDT,59.8,T*1B
$VWVHW,59.8,T,,M,15.10,N,27.96,K*41
$GPGGA,084612.00,5432.67039,N,01856.61159,E,1,12,0.9,18.3,M,26.5,M,,*5F
$GPRMC,084612.00,A,5432.67039,N,01856.61159,E,19.22,70.3,140625,,,A*64
$GPVTG,70.3,T,,M,19.22,N,35.60,K,A*31
$HEHDT,59.5,T*16
$VWVHW,59.5,T,,M,14.90,N,27.59,K*46
$GPGGA,084613.00,5432.67245,N,01856.62050,E,1,12,0.9,18.1,M,26.5,M,,*5E
$GPRMC,084613.00,A,5432.67245,N,01856.62050,E,19.39,70.2,140625,,,A*6C
$GPVTG,70.2,T,,M,19.39,N,35.92,K,A*37
$HEHDT,60.0,T*19
$VWVHW,60.0,T,,M,14.90,N,27.59,K*49
$GPGGA,084614.00,5432.67384,N,01856.62928,E,1,12,0.9,18.3,M,26.5,M,,*51
$GPRMC,084614.00,A,5432.67384,N,01856.62928,E,19.18,70.3,140625,,,A*63
$GPVTG,70.3,T,,M,19.18,N,35.52,K,A*39
$HEHDT,59.8,T*1B
$VWVHW,59.8,T,,M,14.87,N,27.54,K*40
$GPGGA,084615.00,5432.67565,N,01856.63759,E,1,12,0.9,17.9,M,26.5,M,,*55
$GPRMC,084615.00,A,5432.67565,N,01856.63759,E,19.28,70.3,140625,,,A*61
$GPVTG,70.3,T,,M,19.28,N,35.71,K,A*3B
$HEHDT,59.4,T*17
$VWVHW,59.4,T,,M,14.95,N,27.69,K*41
$GPGSV,2,1,08,03,68,051,46,08,40,106,46,11,19,161,45,14,44,216,47*7C
$GPGSV,2,2,08,17,65,273,46,22,24,321,45,28,14,001,47,31,61,131,45*7D
$GAGSV,2,1,05,04,49,081,46,09,32,191,46,12,62,246,46,24,09,296,46*6A
$GAGSV,2,2,05,31,21,031,47*5D
$GPZDA,084615.00,14,06,2025,00,00*6E
$GPGGA,084616.00,5432.67718,N,01856.64594,E,1,12,0.9,17.8,M,26.5,M,,*5B
$GPRMC,084616.00,A,5432.67718,N,01856.64594,E,19.15,70.8,140625,,,A*6B
$GPVTG,70.8,T,,M,19.15,N,35.46,K,A*3A
$HEHDT,59.4,T*17
$VWVHW,59.4,T,,M,14.83,N,27.47,K*4A
$GPGGA,084617.00,5432.67920,N,01856.65476,E,1,12,0.9,17.9,M,26.5,M,,*52
$GPRMC,084617.00,A,5432.67920,N,01856.65476,E,19.08,70.2,140625,,,A*65
$GPVTG,70.2,T,,M,19.08,N,35.34,K,A*39
$HEHDT,60.2,T*1B
$VWVHW,60.2,T,,M,14.91,N,27.62,K*42
$GPGGA,084618.00,5432.68143,N,01856.66364,E,1,12,0.9,17.3,M,26.5,M,,*52
$GPRMC,084618.00,A,5432.68143,N,01856.66364,E,19.22,70.9,140625,,,A*6C
$GPVTG,70.9,T,,M,19.22,N,35.60,K,A*3B
$HEHDT,59.3,T*10
$VWVHW,59.3,T,,M,14.97,N,27.72,K*4E
$GPGGA,084619.00,5432.68256,N,01856.67249,E,1,12,0.9,17.5,M,26.5,M,,*5D
$GPRMC,084619.00,A,5432.68256,N,01856.67249,E,19.19,70.7,140625,,,A*63
$GPVTG,70.7,T,,M,19.19,N,35.54,K,A*3A
$HEHDT,59.4,T*17
$VWVHW,59.4,T,,M,14.92,N,27.63,K*4C
$GPGGA,084620.00,5432.68467,N,01856.68109,E,1,12,0.9,17.3,M,26.5,M,,*5D
$GPRMC,084620.00,A,5432.68467,N,01856.68109,E,19.25,70.0,140625,,,A*6D
$GPVTG,70.0,T,,M,19.25,N,35.65,K,A*30
$HEHDT,59.7,T*14
$VWVHW,59.7,T,,M,14.94,N,27.67,K*4D
$GPGSV,2,1,08,03,68,051,46,08,40,106,46,11,19,161,46,14,44,216,46*7E
$GPGSV,2,2,08,17,65,273,46,22,24,321,46,28,14,001,46,31,61,131,46*7C
$GAGSV,2,1,05,04,49,081,46,09,32,191,46,12,62,246,46,24,09,296,47*6B
$GAGSV,2,2,05,31,21,031,46*5C
$GPZDA,084620.00,14,06,2025,00,00*68
$GPGGA,084621.00,5432.68655,N,01856.68896,E,1,12,0.9,16.8,M,26.5,M,,*5A
$GPRMC,084621.00,A,5432.68655,N,01856.68896,E,19.20,70.3,140625,,,A*66
$GPVTG,70.3,T,,M,19.20,N,35.56,K,A*36
$HEHDT,59.9,T*1A
$VWVHW,59.9,T,,M,15.03,N,27.84,K*41
$GPGGA,084622.00,5432.68755,N,01856.69792,E,1,12,0.9,17.4,M,26.5,M,,*5F
$GPRMC,084622.00,A,5432.68755,N,01856.69792,E,19.06,70.2,140625,,,A*6B
$GPVTG,70.2,T,,M,19.06,N,35.31,K,A*32
$HEHDT,59.7,T*14
$VWVHW,59.7,T,,M,15.00,N,27.78,K*4F
$GPGGA,084623.00,5432.68984,N,01856.70621,E,1,12,0.9,17.4,M,26.5,M,,*5D
$GPRMC,084623.00,A,5432.68984,N,01856.70621,E,19.16,70.3,140625,,,A*69
$GPVTG,70.3,T,,M,19.16,N,35.49,K,A*3D
$HEHDT,59.3,T*10
$VWVHW,59.3,T,,M,14.84,N,27.49,K*44
$GPGGA,084624.00,5432.69190,N,01856.71502,E,1,12,0.9,17.3,M,26.5,M,,*52
$GPRMC,084624.00,A,5432.69190,N,01856.71502,E,19.21,70.2,140625,,,A*64
$GPVTG,70.2,T,,M,19.21,N,35.58,K,A*38
$HEHDT,59.4,T*17
$VWVHW,59.4,T,,M,14.79,N,27.39,K*46
$GPGGA,084625.00,5432.69378,N,01856.72401,E,1,12,0.9,17.7,M,26.5,M,,*52
$GPRMC,084625.00,A,5432.69378,N,01856.72401,E,19.19,70.5,140625,,,A*6C
$GPVTG,70.5,T,,M,19.19,N,35.53,K,A*3F
$HEHDT,60.0,T*19
$VWVHW,60.0,T,,M,14.94,N,27.66,K*41
$GPGSV,2,1,08,03,68,051,45,08,40,106,46,11,19,161,45,14,44,216,46*7E
$GPGSV,2,2,08,17,65,273,45,22,24,321,46,28,14,001,46,31,61,131,46*7F
$GAGSV,2,1,05,04,49,081,46,09,32,191,47,12,62,246,46,24,09,296,46*6B
$GAGSV,2,2,05,31,21,031,46*5C
$GPZDA,084625.00,14,06,2025,00,00*6D
$GPGGA,084626.00,5432.69564,N,01856.73178,E,1,12,0.9,16.9,M,26.5,M,,*5F
$GPRMC,084626.00,A,5432.69564,N,01856.73178,E,19.23,70.3,140625,,,A*61
$GPVTG,70.3,T,,M,19.23,N,35.62,K,A*32
$HEHDT,59.6,T*15
$VWVHW,59.6,T,,M,15.01,N,27.79,K*4E
$GPGGA,084627.00,5432.69755,N,01856.74078,E,1,12,0.9,17.3,M,26.5,M,,*53
$GPRMC,084627.00,A,5432.69755,N,01856.74078,E,19.16,70.4,140625,,,A*67
$GPVTG,70.4,T,,M,19.16,N,35.49,K,A*3A
$HEHDT,59.9,T*1A
$VWVHW,59.9,T,,M,15.00,N,27.78,K*41
$GPGGA,084628.00,5432.69891,N,01856.74933,E,1,12,0.9,17.8,M,26.5,M,,*56
$GPRMC,084628.00,A,5432.69891,N,01856.74933,E,19.28,70.4,140625,,,A*64
$GPVTG,70.4,T,,M,19.28,N,35.70,K,A*3D
$HEHDT,59.6,T*15
$VWVHW,59.6,T,,M,14.84,N,27.48,K*40
$GPGGA,084629.00,5432.70090,N,01856.75811,E,1,12,0.9,16.7,M,26.5,M,,*58
$GPRMC,084629.00,A,5432.70090,N,01856.75811,E,19.11,70.1,140625,,,A*6B
$GPVTG,70.1,T,,M,19.11,N,35.39,K,A*3F
$HEHDT,59.3,T*10
$VWVHW,59.3,T,,M,14.95,N,27.68,K*47
$GPGGA,084630.00,5432.70234,N,01856.76646,E,1,12,0.9,17.2,M,26.5,M,,*57
$GPRMC,084630.00,A,5432.70234,N,01856.76646,E,19.26,70.2,140625,,,A*67
$GPVTG,70.2,T,,M,19.26,N,35.67,K,A*33
$HEHDT,59.9,T*1A
$VWVHW,59.9,T,,M,14.97,N,27.72,K*44
$GPGSV,2,1,08,03,68,051,46,08,40,106,46,11,19,161,46,14,44,216,46*7E
$GPGSV,2,2,08,17,65,273,45,22,24,321,46,28,14,001,46,31,61,131,46*7F
$GAGSV,2,1,05,04,49,081,46,09,32,191,46,12,62,246,46,24,09,296,46*6A
$GAGSV,2,2,05,31,21,031,46*5C
$GPZDA,084630.00,14,06,2025,00,00*69
$GPGGA,084631.00,5432.70403,N,01856.77439,E,1,12,0.9,16.9,M,26.5,M,,*55
$GPRMC,084631.00,A,5432.70403,N,01856.77439,E,19.22,70.4,140625,,,A*6D
$GPVTG,70.4,T,,M,19.22,N,35.60,K,A*36
$HEHDT,59.7,T*14
$VWVHW,59.7,T,,M,15.02,N,27.82,K*48
$GPGGA,084632.00,5432.70575,N,01856.78313,E,1,12,0.9,16.6,M,26.5,M,,*59
$GPRMC,084632.00,A,5432.70575,N,01856.78313,E,19.26,70.5,140625,,,A*6B
$GPVTG,70.5,T,,M,19.26,N,35.66,K,A*35
$HEHDT,59.7,T*14
$VWVHW,59.7,T,,M,14.93,N,27.65,K*48
$GPGGA,084633.00,5432.70780,N,01856.79254,E,1,12,0.9,16.4,M,26.5,M,,*51
$GPRMC,084633.00,A,5432.70780,N,01856.79254,E,19.07,70.5,140625,,,A*62
$GPVTG,70.5,T,,M,19.07,N,35.32,K,A*37
$HEHDT,59.9,T*1A
$VWVHW,59.9,T,,M,15.04,N,27.85,K*47
$GPGGA,084634.00,5432.70927,N,01856.80119,E,1,12,0.9,16.4,M,26.5,M,,*59
$GPRMC,084634.00,A,5432.70927,N,01856.80119,E,19.22,70.5,140625,,,A*6D
$GPVTG,70.5,T,,M,19.22,N,35.60,K,A*37
$HEHDT,59.6,T*15
$VWVHW,59.6,T,,M,14.88,N,27.56,K*43
$GPGGA,084635.00,5432.71175,N,01856.80840,E,1,12,0.9,16.7,M,26.5,M,,*50
$GPRMC,084635.00,A,5432.71175,N,01856.80840,E,19.11,70.2,140625,,,A*60
$GPVTG,70.2,T,,M,19.11,N,35.39,K,A*3C
$HEHDT,59.8,T*1B
$VWVHW,59.8,T,,M,14.90,N,27.60,K*41
$GPGSV,2,1,08,03,68,051,45,08,40,106,46,11,19,161,46,14,44,216,46*7D
$GPGSV,2,2,08,17,65,273,46,22,24,321,47,28,14,001,46,31,61,131,46*7D
$GAGSV,2,1,05,04,49,081,46,09,32,191,47,12,62,246,46,24,09,296,46*6B
$GAGSV,2,2,05,31,21,031,46*5C
$GPZDA,084635.00,14,06,2025,00,00*6C
$GPGGA,084636.00,5432.71291,N,01856.81809,E,1,12,0.9,16.4,M,26.5,M,,*55
$GPRMC,084636.00,A,5432.71291,N,01856.81809,E,19.11,69.8,140625,,,A*64
$GPVTG,69.8,T,,M,19.11,N,35.38,K,A*3F
$HEHDT,59.1,T*12
$VWVHW,59.1,T,,M,14.97,N,27.73,K*4D
$GPGGA,084637.00,5432.71453,N,01856.82648,E,1,12,0.9,17.2,M,26.5,M,,*53
$GPRMC,084637.00,A,5432.71453,N,01856.82648,E,19.10,70.1,140625,,,A*65
$GPVTG,70.1,T,,M,19.10,N,35.38,K,A*3F
$HEHDT,60.0,T*19
$VWVHW,60.0,T,,M,14.88,N,27.55,K*4C
$GPGGA,084638.00,5432.71627,N,01856.83558,E,1,12,0.9,16.7,M,26.5,M,,*5A
$GPRMC,084638.00,A,5432.71627,N,01856.83558,E,18.97,69.8,140625,,,A*67
$GPVTG,69.8,T,,M,18.97,N,35.14,K,A*3E
$HEHDT,59.7,T*14
$VWVHW,59.7,T,,M,14.92,N,27.62,K*4E
$GPGGA,084639.00,5432.71838,N,01856.84376,E,1,12,0.9,16.5,M,26.5,M,,*54
$GPRMC,084639.00,A,5432.71838,N,01856.84376,E,19.03,70.3,140625,,,A*64
$GPVTG,70.3,T,,M,19.03,N,35.25,K,A*33
$HEHDT,59.5,T*16
$VWVHW,59.5,T,,M,14.93,N,27.66,K*49
$GPGGA,084640.00,5432.72026,N,01856.85253,E,1,12,0.9,16.3,M,26.5,M,,*5F
$GPRMC,084640.00,A,5432.72026,N,01856.85253,E,19.21,70.0,140625,,,A*6A
$GPVTG,70.0,T,,M,19.21,N,35.58,K,A*3A
$HEHDT,59.4,T*17
$VWVHW,59.4,T,,M,15.00,N,27.78,K*4C
$GPGSV,2,1,08,03,68,051,47,08,40,106,46,11,19,161,46,14,44,216,47*7E
$GPGSV,2,2,08,17,65,273,46,22,24,321,46,28,14,001,46,31,61,131,45*7F
$GAGSV,2,1,05,04,49,081,47,09,32,191,46,12,62,246,46,24,09,296,46*6B
$GAGSV,2,2,05,31,21,031,46*5C
$GPZDA,084640.00,14,06,2025,00,00*6E
$GPGGA,084641.00,5432.72199,N,01856.86035,E,1,12,0.9,16.8,M,26.5,M,,*51
$GPRMC,084641.00,A,5432.72199,N,01856.86035,E,19.08,70.2,140625,,,A*66
$GPVTG,70.2,T,,M,19.08,N,35.34,K,A*39
$HEHDT,59.7,T*14
$VWVHW,59.7,T,,M,14.97,N,27.72,K*4A
$GPGGA,084642.00,5432.72382,N,01856.86886,E,1,12,0.9,16.5,M,26.5,M,,*57
$GPRMC,084642.00,A,5432.72382,N,01856.86886,E,19.06,70.1,140625,,,A*60
$GPVTG,70.1,T,,M,19.06,N,35.30,K,A*30
$HEHDT,59.4,T*17
$VWVHW,59.4,T,,M,14.81,N,27.43,K*4C
$GPGGA,084643.00,5432.72541,N,01856.87683,E,1,12,0.9,16.5,M,26.5,M,,*55
$GPRMC,084643.00,A,5432.72541,N,01856.87683,E,19.12,70.4,140625,,,A*62
$GPVTG,70.4,T,,M,19.12,N,35.42,K,A*35
$HEHDT,59.5,T*16
$VWVHW,59.5,T,,M,14.89,N,27.58,K*4F
$GPGGA,084644.00,5432.72698,N,01856.88589,E,1,12,0.9,16.3,M,26.5,M,,*55
$GPRMC,084644.00,A,5432.72698,N,01856.88589,E,19.18,70.0,140625,,,A*6A
$GPVTG,70.0,T,,M,19.18,N,35.51,K,A*39
$HEHDT,59.1,T*12
$VWVHW,59.1,T,,M,14.89,N,27.58,K*4B
$GPGGA,084645.00,5432.72864,N,01856.89512,E,1,12,0.9,16.6,M,26.5,M,,*5F
$GPRMC,084645.00,A,5432.72864,N,01856.89512,E,19.08,70.5,140625,,,A*61
$GPVTG,70.5,T,,M,19.08,N,35.34,K,A*3E
$HEHDT,60.1,T*18
$VWVHW,60.1,T,,M,14.91,N,27.62,K*41
$GPGSV,2,1,08,03,68,051,46,08,40,106,46,11,19,161,46,14,44,216,47*7F
$GPGSV,2,2,08,17,65,273,46,22,24,321,46,28,14,001,45,31,61,131,46*7F
$GAGSV,2,1,05,04,49,081,47,09,32,191,45,12,62,246,47,24,09,296,47*68
$GAGSV,2,2,05,31,21,031,46*5C
$GPZDA,084645.00,14,06,2025,00,00*6B
$GPGGA,084646.00,5432.73059,N,01856.90315,E,1,12,0.9,16.5,M,26.5,M,,*51
$GPRMC,084646.00,A,5432.73059,N,01856.90315,E,19.08,70.5,140625,,,A*6C
$GPVTG,70.5,T,,M,19.08,N,35.33,K,A*39
$HEHDT,59.6,T*15
$VWVHW,59.6,T,,M,14.80,N,27.41,K*4D
$GPGGA,084647.00,5432.73265,N,01856.91208,E,1,12,0.9,16.8,M,26.5,M,,*5C
$GPRMC,084647.00,A,5432.73265,N,01856.91208,E,19.14,70.5,140625,,,A*61
$GPVTG,70.5,T,,M,19.14,N,35.44,K,A*34
$HEHDT,60.0,T*19
$VWVHW,60.0,T,,M,14.88,N,27.55,K*4C
$GPGGA,084648.00,5432.73412,N,01856.92098,E,1,12,0.9,17.2,M,26.5,M,,*56
$GPRMC,084648.00,A,5432.73412,N,01856.92098,E,19.08,70.4,140625,,,A*6C
$GPVTG,70.4,T,,M,19.08,N,35.34,K,A*3F
$HEHDT,59.5,T*16
$VWVHW,59.5,T,,M,14.84,N,27.48,K*43
$GPGGA,084649.00,5432.73595,N,01856.92973,E,1,12,0.9,16.7,M,26.5,M,,*51
$GPRMC,084649.00,A,5432.73595,N,01856.92973,E,19.10,70.4,140625,,,A*66
$GPVTG,70.4,T,,M,19.10,N,35.37,K,A*35
$HEHDT,59.8,T*1B
$VWVHW,59.8,T,,M,14.75,N,27.32,K*4D
$GPGGA,084650.00,5432.73742,N,01856.93821,E,1,12,0.9,16.4,M,26.5,M,,*55
$GPRMC,084650.00,A,5432.73742,N,01856.93821,E,19.10,70.2,140625,,,A*67
$GPVTG,70.2,T,,M,19.10,N,35.37,K,A*33
$HEHDT,59.5,T*16
$VWVHW,59.5,T,,M,14.90,N,27.59,K*46
$GPGSV,2,1,08,03,68,051,47,08,40,106,46,11,19,161,46,14,44,216,46*7F
$GPGSV,2,2,08,17,65,273,47,22,24,321,46,28,14,001,46,31,61,131,46*7D
$GAGSV,2,1,05,04,49,081,46,09,32,191,47,12,62,246,46,24,09,296,46*6B
$GAGSV,2,2,05,31,21,031,46*5C
$GPZDA,084650.00,14,06,2025,00,00*6F
$GPGGA,084651.00,5432.73984,N,01856.94583,E,1,12,0.9,16.8,M,26.5,M,,*5E
$GPRMC,084651.00,A,5432.73984,N,01856.94583,E,19.05,70.2,140625,,,A*64
$GPVTG,70.2,T,,M,19.05,N,35.28,K,A*39
$HEHDT,59.3,T*10
$VWVHW,59.3,T,,M,14.95,N,27.69,K*46
$GPGGA,084652.00,5432.74119,N,01856.95485,E,1,12,0.9,17.0,M,26.5,M,,*59
$GPRMC,084652.00,A,5432.74119,N,01856.95485,E,19.05,70.2,140625,,,A*6A
$GPVTG,70.2,T,,M,19.05,N,35.28,K,A*39
$HEHDT,60.1,T*18
$VWVHW,60.1,T,,M,14.92,N,27.64,K*44
$GPGGA,084653.00,5432.74310,N,01856.96293,E,1,12,0.9,16.4,M,26.5,M,,*54
$GPRMC,084653.00,A,5432.74310,N,01856.96293,E,18.96,70.3,140625,,,A*68
$GPVTG,70.3,T,,M,18.96,N,35.11,K,A*39
$HEHDT,59.5,T*16
$VWVHW,59.5,T,,M,14.88,N,27.56,K*40
$GPGGA,084654.00,5432.74476,N,01856.97153,E,1,12,0.9,17.1,M,26.5,M,,*5E
$GPRMC,084654.00,A,5432.74476,N,01856.97153,E,19.00,70.6,140625,,,A*6D
$GPVTG,70.6,T,,M,19.00,N,35.19,K,A*3A
$HEHDT,59.8,T*1B
$VWVHW,59.8,T,,M,14.74,N,27.30,K*4E
$GPGGA,084655.00,5432.74673,N,01856.98035,E,1,12,0.9,17.1,M,26.5,M,,*56
$GPRMC,084655.00,A,5432.74673,N,01856.98035,E,19.09,70.9,140625,,,A*63
$GPVTG,70.9,T,,M,19.09,N,35.35,K,A*32
$HEHDT,59.7,T*14
$VWVHW,59.7,T,,M,14.94,N,27.67,K*4D
$GPGSV,2,1,08,03,68,051,46,08,40,106,46,11,19,161,46,14,44,216,46*7E
$GPGSV,2,2,08,17,65,273,46,22,24,321,47,28,14,001,46,31,61,131,45*7E
$GAGSV,2,1,05,04,49,081,46,09,32,191,46,12,62,246,46,24,09,296,45*69
$GAGSV,2,2,05,31,21,031,46*5C
$GPZDA,084655.00,14,06,2025,00,00*6A
$GPGGA,084656.00,5432.74862,N,01856.98916,E,1,12,0.9,16.7,M,26.5,M,,*54
$GPRMC,084656.00,A,5432.74862,N,01856.98916,E,19.17,70.2,140625,,,A*62
$GPVTG,70.2,T,,M,19.17,N,35.50,K,A*35
$HEHDT,59.4,T*17
$VWVHW,59.4,T,,M,14.95,N,27.70,K*49
$GPGGA,084657.00,5432.75047,N,01856.99638,E,1,12,0.9,17.1,M,26.5,M,,*5E
$GPRMC,084657.00,A,5432.75047,N,01856.99638,E,19.09,70.3,140625,,,A*61
$GPVTG,70.3,T,,M,19.09,N,35.36,K,A*3B
$HEHDT,59.6,T*15
$VWVHW,59.6,T,,M,14.90,N,27.60,K*4F
$GPGGA,084658.00,5432.75174,N,01857.00614,E,1,12,0.9,17.1,M,26.5,M,,*5F
$GPRMC,084658.00,A,5432.75174,N,01857.00614,E,19.08,70.2,140625,,,A*60
$GPVTG,70.2,T,,M,19.08,N,35.33,K,A*3E
$HEHDT,59.5,T*16
$VWVHW,59.5,T,,M,14.96,N,27.71,K*4A
$GPGGA,084659.00,5432.75336,N,01857.01491,E,1,12,0.9,17.1,M,26.5,M,,*54
$GPRMC,084659.00,A,5432.75336,N,01857.01491,E,19.12,70.3,140625,,,A*61
$GPVTG,70.3,T,,M,19.12,N,35.41,K,A*31
$HEHDT,59.5,T*16
$VWVHW,59.5,T,,M,14.84,N,27.49,K*42
$GPGGA,084700.00,5432.75526,N,01857.02240,E,1,12,0.9,18.1,M,26.5,M,,*58
$GPRMC,084700.00,A,5432.75526,N,01857.02240,E,19.00,70.4,140625,,,A*66
$GPVTG,70.4,T,,M,19.00,N,35.18,K,A*39
$HEHDT,59.5,T*16
$VWVHW,59.5,T,,M,14.90,N,27.60,K*4C
$GPGSV,2,1,08,03,68,051,46,08,40,106,45,11,19,161,46,14,44,216,46*7D
$GPGSV,2,2,08,17,65,273,46,22,24,321,46,28,14,001,47,31,61,131,46*7D
$GAGSV,2,1,05,04,49,081,46,09,32,191,46,12,62,246,46,24,09,296,46*6A
$GAGSV,2,2,05,31,21,031,46*5C
$GPZDA,084700.00,14,06,2025,00,00*6B
$GPGGA,084701.00,5432.75711,N,01857.03156,E,1,12,0.9,17.3,M,26.5,M,,*57
$GPRMC,084701.00,A,5432.75711,N,01857.03156,E,19.09,70.4,140625,,,A*6D
$GPVTG,70.4,T,,M,19.09,N,35.35,K,A*3F
$HEHDT,59.4,T*17
$VWVHW,59.4,T,,M,14.79,N,27.40,K*48
$GPGGA,084702.00,5432.75897,N,01857.04023,E,1,12,0.9,18.1,M,26.5,M,,*5C
$GPRMC,084702.00,A,5432.75897,N,01857.04023,E,19.03,70.4,140625,,,A*61
$GPVTG,70.4,T,,M,19.03,N,35.25,K,A*34
$HEHDT,59.8,T*1B
$VWVHW,59.8,T,,M,14.83,N,27.46,K*47
$GPGGA,084703.00,5432.76053,N,01857.04846,E,1,12,0.9,17.3,M,26.5,M,,*58
$GPRMC,084703.00,A,5432.76053,N,01857.04846,E,19.05,70.2,140625,,,A*68
$GPVTG,70.2,T,,M,19.05,N,35.28,K,A*39
$HEHDT,59.7,T*14
$VWVHW,59.7,T,,M,14.95,N,27.69,K*42
$GPGGA,084704.00,5432.76251,N,01857.05702,E,1,12,0.9,17.9,M,26.5,M,,*5B
$GPRMC,084704.00,A,5432.76251,N,01857.05702,E,19.00,70.6,140625,,,A*60
$GPVTG,70.6,T,,M,19.00,N,35.20,K,A*30
$HEHDT,59.5,T*16
$VWVHW,59.5,T,,M,14.73,N,27.28,K*4D
$GPGGA,084705.00,5432.76393,N,01857.06578,E,1,12,0.9,18.1,M,26.5,M,,*5E
$GPRMC,084705.00,A,5432.76393,N,01857.06578,E,18.88,70.8,140625,,,A*6D
$GPVTG,70.8,T,,M,18.88,N,34.96,K,A*33
$HEHDT,59.9,T*1A
$VWVHW,59.9,T,,M,14.97,N,27.73,K*45
$GPGSV,2,1,08,03,68,051,45,08,40,106,46,11,19,161,46,14,44,216,46*7D
$GPGSV,2,2,08,17,65,273,46,22,24,321,46,28,14,001,46,31,61,131,47*7D
$GAGSV,2,1,05,04,49,081,46,09,32,191,46,12,62,246,47,24,09,296,46*6B
$GAGSV,2,2,05,31,21,031,46*5C
$GPZDA,084705.00,14,06,2025,00,00*6E
$GPGGA,084706.00,5432.76595,N,01857.07470,E,1,12,0.9,18.1,M,26.5,M,,*55
$GPRMC,084706.00,A,5432.76595,N,01857.07470,E,19.06,70.3,140625,,,A*6A
$GPVTG,70.3,T,,M,19.06,N,35.30,K,A*32
$HEHDT,59.7,T*14
$VWVHW,59.7,T,,M,14.91,N,27.61,K*4E
$GPGGA,084707.00,5432.76803,N,01857.08317,E,1,12,0.9,18.1,M,26.5,M,,*5F
$GPRMC,084707.00,A,5432.76803,N,01857.08317,E,19.19,70.5,140625,,,A*68
$GPVTG,70.5,T,,M,19.19,N,35.55,K,A*39
$HEHDT,59.8,T*1B
$VWVHW,59.8,T,,M,14.74,N,27.29,K*46
$GPGGA,084708.00,5432.76963,N,01857.09135,E,1,12,0.9,17.8,M,26.5,M,,*52
$GPRMC,084708.00,A,5432.76963,N,01857.09135,E,19.02,70.2,140625,,,A*6E
$GPVTG,70.2,T,,M,19.02,N,35.23,K,A*35
$HEHDT,59.8,T*1B
$VWVHW,59.8,T,,M,15.03,N,27.84,K*40
$GPGGA,084709.00,5432.77171,N,01857.09946,E,1,12,1.0,17.2,M,26.5,M,,*57
$GPRMC,084709.00,A,5432.77171,N,01857.09946,E,19.20,70.3,140625,,,A*68
$GPVTG,70.3,T,,M,19.20,N,35.56,K,A*36
$HEHDT,60.0,T*19
$VWVHW,60.0,T,,M,14.83,N,27.46,K*45
$GPGGA,084710.00,5432.77308,N,01857.10764,E,1,12,1.0,17.0,M,26.5,M,,*57
$GPRMC,084710.00,A,5432.77308,N,01857.10764,E,19.16,70.1,140625,,,A*6D
$GPVTG,70.1,T,,M,19.16,N,35.48,K,A*3E
$HEHDT,59.9,T*1A
$VWVHW,59.9,T,,M,14.70,N,27.23,K*49
$GPGSV,2,1,08,03,68,051,46,08,40,106,46,11,19,161,46,14,44,216,46*7E
$GPGSV,2,2,08,17,65,273,46,22,24,321,46,28,14,001,46,31,61,131,46*7C
$GAGSV,2,1,05,04,49,081,46,09,32,191,45,12,62,246,46,24,09,296,46*69
$GAGSV,2,2,05,31,21,031,46*5C
$GPZDA,084710.00,14,06,2025,00,00*6A
$GPGGA,084711.00,5432.77514,N,01857.11693,E,1,12,1.0,17.8,M,26.5,M,,*5D
$GPRMC,084711.00,A,5432.77514,N,01857.11693,E,19.06,70.2,140625,,,A*6D
$GPVTG,70.2,T,,M,19.06,N,35.29,K,A*3B
$HEHDT,59.4,T*17
$VWVHW,59.4,T,,M,14.81,N,27.43,K*4C
$GPGGA,084712.00,5432.77657,N,01857.12496,E,1,12,1.0,18.0,M,26.5,M,,*59
$GPRMC,084712.00,A,5432.77657,N,01857.12496,E,19.02,70.7,140625,,,A*6F
$GPVTG,70.7,T,,M,19.02,N,35.23,K,A*30
$HEHDT,59.8,T*1B
$VWVHW,59.8,T,,M,14.72,N,27.26,K*4F
$GPGGA,084713.00,5432.77865,N,01857.13483,E,1,12,1.0,17.9,M,26.5,M,,*54
$GPRMC,084713.00,A,5432.77865,N,01857.13483,E,19.15,70.6,140625,,,A*63
$GPVTG,70.6,T,,M,19.15,N,35.46,K,A*34
$HEHDT,59.4,T*17
$VWVHW,59.4,T,,M,14.83,N,27.47,K*4A
$GPGGA,084714.00,5432.78057,N,01857.14297,E,1,12,1.0,16.9,M,26.5,M,,*50
$GPRMC,084714.00,A,5432.78057,N,01857.14297,E,18.97,70.3,140625,,,A*68
$GPVTG,70.3,T,,M,18.97,N,35.13,K,A*3A
$HEHDT,60.1,T*18
$VWVHW,60.1,T,,M,14.74,N,27.31,K*4C
$GPGGA,084715.00,5432.78215,N,01857.15139,E,1,12,1.0,18.3,M,26.5,M,,*57
$GPRMC,084715.00,A,5432.78215,N,01857.15139,E,19.07,70.6,140625,,,A*66
$GPVTG,70.6,T,,M,19.07,N,35.32,K,A*34
$HEHDT,59.2,T*11
$VWVHW,59.2,T,,M,14.74,N,27.31,K*45
$GPGSV,2,1,08,03,68,051,45,08,40,106,46,11,19,161,46,14,44,216,46*7D
$GPGSV,2,2,08,17,65,273,46,22,24,321,46,28,14,001,46,31,61,131,47*7D
$GAGSV,2,1,05,04,49,081,46,09,32,191,46,12,62,246,46,24,09,296,46*6A
$GAGSV,2,2,05,31,21,031,45*5F
$GPZDA,084715.00,14,06,2025,00,00*6F
$GPGGA,084716.00,5432.78386,N,01857.16042,E,1,12,1.0,17.5,M,26.5,M,,*58
$GPRMC,084716.00,A,5432.78386,N,01857.16042,E,19.07,70.2,140625,,,A*64
$GPVTG,70.2,T,,M,19.07,N,35.31,K,A*33
$HEHDT,59.4,T*17
$VWVHW,59.4,T,,M,14.65,N,27.14,K*44
$GPGGA,084717.00,5432.78549,N,01857.16903,E,1,12,1.0,17.4,M,26.5,M,,*51
$GPRMC,084717.00,A,5432.78549,N,01857.16903,E,19.00,70.4,140625,,,A*6D
$GPVTG,70.4,T,,M,19.00,N,35.19,K,A*38
$HEHDT,59.3,T*10
$VWVHW,59.3,T,,M,14.84,N,27.49,K*44
$GPGGA,084718.00,5432.78759,N,01857.17727,E,1,12,1.0,17.7,M,26.5,M,,*57
$GPRMC,084718.00,A,5432.78759,N,01857.17727,E,18.97,70.2,140625,,,A*61
$GPVTG,70.2,T,,M,18.97,N,35.13,K,A*3B
$HEHDT,59.7,T*14
$VWVHW,59.7,T,,M,14.84,N,27.47,K*4E
$GPGGA,084719.00,5432.78960,N,01857.18547,E,1,12,1.0,17.5,M,26.5,M,,*5B
$GPRMC,084719.00,A,5432.78960,N,01857.18547,E,18.89,70.4,140625,,,A*66
$GPVTG,70.4,T,,M,18.89,N,34.99,K,A*31
$HEHDT,59.3,T*10
$VWVHW,59.3,T,,M,14.74,N,27.30,K*45
$GPGGA,084720.00,5432.79049,N,01857.19433,E,1,12,1.0,17.6,M,26.5,M,,*52
$GPRMC,084720.00,A,5432.79049,N,01857.19433,E,19.13,70.7,140625,,,A*6D
$GPVTG,70.7,T,,M,19.13,N,35.43,K,A*36
$HEHDT,60.0,T*19
$VWVHW,60.0,T,,M,14.74,N,27.30,K*4C
$GPGSV,2,1,08,03,68,051,46,08,40,106,47,11,19,161,46,14,44,216,46*7F
$GPGSV,2,2,08,17,65,273,46,22,24,321,46,28,14,001,46,31,61,131,46*7C
$GAGSV,2,1,05,04,49,081,47,09,32,191,46,12,62,246,46,24,09,296,46*6B
$GAGSV,2,2,05,31,21,031,45*5F
$GPZDA,084720.00,14,06,2025,00,00*69
$GPGGA,084721.00,5432.79308,N,01857.20287,E,1,12,1.0,17.7,M,26.5,M,,*57
$GPRMC,084721.00,A,5432.79308,N,01857.20287,E,19.02,70.1,140625,,,A*6F
$GPVTG,70.1,T,,M,19.02,N,35.23,K,A*36
$HEHDT,59.5,T*16
$VWVHW,59.5,T,,M,14.76,N,27.33,K*42
$GPGGA,084722.00,5432.79501,N,01857.21117,E,1,12,1.0,17.5,M,26.5,M,,*52
$GPRMC,084722.00,A,5432.79501,N,01857.21117,E,19.14,70.1,140625,,,A*6F
$GPVTG,70.1,T,,M,19.14,N,35.45,K,A*31
$HEHDT,59.7,T*14
$VWVHW,59.7,T,,M,14.70,N,27.23,K*47
$GPGGA,084723.00,5432.79603,N,01857.21963,E,1,12,1.0,18.1,M,26.5,M,,*52
$GPRMC,084723.00,A,5432.79603,N,01857.21963,E,19.09,70.5,140625,,,A*6C
$GPVTG,70.5,T,,M,19.09,N,35.36,K,A*3D
$HEHDT,59.6,T*15
$VWVHW,59.6,T,,M,14.74,N,27.29,K*48
$GPGGA,084724.00,5432.79853,N,01857.22831,E,1,12,1.0,17.8,M,26.5,M,,*5D
$GPRMC,084724.00,A,5432.79853,N,01857.22831,E,18.93,70.3,140625,,,A*61
$GPVTG,70.3,T,,M,18.93,N,35.05,K,A*39
$HEHDT,59.7,T*14
$VWVHW,59.7,T,,M,14.71,N,27.24,K*41
$GPGGA,084725.00,5432.79993,N,01857.23698,E,1,12,1.0,17.7,M,26.5,M,,*52
$GPRMC,084725.00,A,5432.79993,N,01857.23698,E,18.81,70.5,140625,,,A*64
$GPVTG,70.5,T,,M,18.81,N,34.84,K,A*34
$HEHDT,59.6,T*15
$VWVHW,59.6,T,,M,14.57,N,26.98,K*42
$GPGSV,2,1,08,03,68,051,46,08,40,106,47,11,19,161,46,14,44,216,46*7F
$GPGSV,2,2,08,17,65,273,46,22,24,321,46,28,14,001,46,31,61,131,46*7C
$GAGSV,2,1,05,04,49,081,46,09,31,191,46,12,62,246,46,24,09,296,46*69
$GAGSV,2,2,05,31,21,031,46*5C
$GPZDA,084725.00,14,06,2025,00,00*6C
$GPGGA,084726.00,5432.80178,N,01857.24507,E,1,12,1.0,17.2,M,26.5,M,,*5D
$GPRMC,084726.00,A,5432.80178,N,01857.24507,E,18.97,70.5,140625,,,A*69
$GPVTG,70.5,T,,M,18.97,N,35.13,K,A*3C
$HEHDT,59.5,T*16
$VWVHW,59.5,T,,M,14.89,N,27.57,K*40
$GPGGA,084727.00,5432.80370,N,01857.25448,E,1,12,1.0,18.0,M,26.5,M,,*50
$GPRMC,084727.00,A,5432.80370,N,01857.25448,E,19.00,70.2,140625,,,A*61
$GPVTG,70.2,T,,M,19.00,N,35.19,K,A*3E
$HEHDT,59.8,T*1B
$VWVHW,59.8,T,,M,14.91,N,27.61,K*41
$GPGGA,084728.00,5432.80535,N,01857.26257,E,1,12,1.0,17.8,M,26.5,M,,*54
$GPRMC,084728.00,A,5432.80535,N,01857.26257,E,18.98,70.5,140625,,,A*65
$GPVTG,70.5,T,,M,18.98,N,35.16,K,A*36
$HEHDT,59.3,T*10
$VWVHW,59.3,T,,M,14.79,N,27.38,K*40
$GPGGA,084729.00,5432.80648,N,01857.27070,E,1,12,1.0,18.0,M,26.5,M,,*5D
$GPRMC,084729.00,A,5432.80648,N,01857.27070,E,19.17,70.7,140625,,,A*6F
$GPVTG,70.7,T,,M,19.17,N,35.51,K,A*31
$HEHDT,59.4,T*17
$VWVHW,59.4,T,,M,14.67,N,27.17,K*45
$GPGGA,084730.00,5432.80877,N,01857.27916,E,1,12,1.0,17.7,M,26.5,M,,*56
$GPRMC,084730.00,A,5432.80877,N,01857.27916,E,19.07,70.4,140625,,,A*6E
$GPVTG,70.4,T,,M,19.07,N,35.32,K,A*36
$HEHDT,60.2,T*1B
$VWVHW,60.2,T,,M,14.83,N,27.46,K*47
$GPGSV,2,1,08,03,68,051,46,08,40,106,46,11,19,161,46,14,44,216,47*7F
$GPGSV,2,2,08,17,65,273,46,22,24,321,47,28,14,001,46,31,61,131,46*7D
$GAGSV,2,1,05,04,49,081,46,09,31,191,47,12,62,246,47,24,09,296,46*69
$GAGSV,2,2,05,31,21,031,46*5C
$GPZDA,084730.00,14,06,2025,00,00*68
$GPGGA,084731.00,5432.81021,N,01857.28799,E,1,12,1.0,17.7,M,26.5,M,,*5B
$GPRMC,084731.00,A,5432.81021,N,01857.28799,E,19.07,70.4,140625,,,A*63
$GPVTG,70.4,T,,M,19.07,N,35.32,K,A*36
$HEHDT,59.3,T*10
$VWVHW,59.3,T,,M,14.77,N,27.35,K*43
$GPGGA,084732.00,5432.81223,N,01857.29694,E,1,12,1.0,16.6,M,26.5,M,,*55
$GPRMC,084732.00,A,5432.81223,N,01857.29694,E,19.03,70.3,140625,,,A*6E
$GPVTG,70.3,T,,M,19.03,N,35.24,K,A*32
$HEHDT,59.4,T*17
$VWVHW,59.4,T,,M,14.78,N,27.38,K*46
$GPGGA,084733.00,5432.81400,N,01857.30493,E,1,12,1.0,18.1,M,26.5,M,,*57
$GPRMC,084733.00,A,5432.81400,N,01857.30493,E,18.81,70.2,140625,,,A*6F
$GPVTG,70.2,T,,M,18.81,N,34.84,K,A*33
$HEHDT,59.2,T*11
$VWVHW,59.2,T,,M,14.97,N,27.73,K*4E
$GPGGA,084734.00,5432.81604,N,01857.31349,E,1,12,1.0,18.1,M,26.5,M,,*57
$GPRMC,084734.00,A,5432.81604,N,01857.31349,E,19.06,70.6,140625,,,A*65
$GPVTG,70.6,T,,M,19.06,N,35.30,K,A*37
$HEHDT,60.1,T*18
$VWVHW,60.1,T,,M,14.69,N,27.21,K*41
$GPGGA,084735.00,5432.81794,N,01857.32177,E,1,12,1.0,17.5,M,26.5,M,,*59
$GPRMC,084735.00,A,5432.81794,N,01857.32177,E,18.87,70.7,140625,,,A*69
$GPVTG,70.7,T,,M,18.87,N,34.95,K,A*30
$HEHDT,59.6,T*15
$VWVHW,59.6,T,,M,14.75,N,27.31,K*40
$GPGSV,2,1,08,03,68,051,46,08,40,106,45,11,19,161,46,14,44,216,46*7D
$GPGSV,2,2,08,17,65,273,45,22,24,321,45,28,14,001,46,31,61,131,46*7C
$GAGSV,2,1,05,04,49,081,46,09,31,191,46,12,62,246,46,24,09,296,46*69
$GAGSV,2,2,05,31,21,031,45*5F
$GPZDA,084735.00,14,06,2025,00,00*6D
$GPGGA,084736.00,5432.81925,N,01857.32995,E,1,12,1.0,17.8,M,26.5,M,,*57
$GPRMC,084736.00,A,5432.81925,N,01857.32995,E,19.03,70.6,140625,,,A*66
$GPVTG,70.6,T,,M,19.03,N,35.25,K,A*36
$HEHDT,59.8,T*1B
$VWVHW,59.8,T,,M,14.83,N,27.47,K*46
$GPGGA,084737.00,5432.82083,N,01857.33914,E,1,12,1.0,17.7,M,26.5,M,,*57
$GPRMC,084737.00,A,5432.82083,N,01857.33914,E,19.00,70.6,140625,,,A*6A
$GPVTG,70.6,T,,M,19.00,N,35.19,K,A*3A
$HEHDT,59.8,T*1B
$VWVHW,59.8,T,,M,14.66,N,27.14,K*4B
$GPGGA,084738.00,5432.82294,N,01857.34731,E,1,12,1.0,17.1,M,26.5,M,,*54
$GPRMC,084738.00,A,5432.82294,N,01857.34731,E,18.86,69.7,140625,,,A*69
$GPVTG,69.7,T,,M,18.86,N,34.93,K,A*3F
$HEHDT,60.1,T*18
$VWVHW,60.1,T,,M,14.72,N,27.26,K*4C
$GPGGA,084739.00,5432.82417,N,01857.35630,E,1,12,1.0,17.2,M,26.5,M,,*5A
$GPRMC,084739.00,A,5432.82417,N,01857.35630,E,18.92,70.5,140625,,,A*6B
$GPVTG,70.5,T,,M,18.92,N,35.04,K,A*3F
$HEHDT,59.4,T*17
$VWVHW,59.4,T,,M,14.73,N,27.28,K*4C
$GPGGA,084740.00,5432.82632,N,01857.36362,E,1,12,1.0,17.9,M,26.5,M,,*5B
$GPRMC,084740.00,A,5432.82632,N,01857.36362,E,18.88,70.7,140625,,,A*68
$GPVTG,70.7,T,,M,18.88,N,34.96,K,A*3C
$HEHDT,59.7,T*14
$VWVHW,59.7,T,,M,14.82,N,27.45,K*4A
$GPGSV,2,1,08,03,68,051,47,08,40,106,46,11,19,161,46,14,44,216,46*7F
$GPGSV,2,2,08,17,65,273,47,22,24,321,46,28,14,001,46,31,61,131,46*7D
$GAGSV,2,1,05,04,49,081,46,09,31,191,46,12,62,246,46,24,09,296,46*69
$GAGSV,2,2,05,31,21,031,45*5F
$GPZDA,084740.00,14,06,2025,00,00*6F
$GPGGA,084741.00,5432.82832,N,01857.37207,E,1,12,1.0,17.7,M,26.5,M,,*59
$GPRMC,084741.00,A,5432.82832,N,01857.37207,E,18.94,70.6,140625,,,A*68
$GPVTG,70.6,T,,M,18.94,N,35.08,K,A*36
$HEHDT,59.5,T*16
$VWVHW,59.5,T,,M,14.78,N,27.37,K*48
$GPGGA,084742.00,5432.82970,N,01857.38068,E,1,12,1.0,17.3,M,26.5,M,,*5D
$GPRMC,084742.00,A,5432.82970,N,01857.38068,E,18.91,70.4,140625,,,A*6F
$GPVTG,70.4,T,,M,18.91,N,35.02,K,A*3B
$HEHDT,59.6,T*15
$VWVHW,59.6,T,,M,14.62,N,27.08,K*4C
$GPGGA,084743.00,5432.83138,N,01857.38958,E,1,12,1.0,17.3,M,26.5,M,,*53
$GPRMC,084743.00,A,5432.83138,N,01857.38958,E,18.98,70.5,140625,,,A*69
$GPVTG,70.5,T,,M,18.98,N,35.16,K,A*36
$HEHDT,59.7,T*14
$VWVHW,59.7,T,,M,14.81,N,27.44,K*48
$GPGGA,084744.00,5432.83323,N,01857.39795,E,1,12,1.0,18.0,M,26.5,M,,*5E
$GPRMC,084744.00,A,5432.83323,N,01857.39795,E,18.83,70.2,140625,,,A*65
$GPVTG,70.2,T,,M,18.83,N,34.87,K,A*32
$HEHDT,59.9,T*1A
$VWVHW,59.9,T,,M,14.68,N,27.19,K*49
$GPGGA,084745.00,5432.83484,N,01857.40693,E,1,12,1.0,17.6,M,26.5,M,,*55
$GPRMC,084745.00,A,5432.83484,N,01857.40693,E,18.88,70.2,140625,,,A*6C
$GPVTG,70.2,T,,M,18.88,N,34.97,K,A*38
$HEHDT,59.7,T*14
$VWVHW,59.7,T,,M,14.65,N,27.14,K*47
$GPGSV,2,1,08,03,68,051,46,08,40,106,46,11,19,161,45,14,44,216,47*7C
$GPGSV,2,2,08,17,65,273,46,22,24,321,46,28,14,001,45,31,61,131,46*7F
$GAGSV,2,1,05,04,49,081,46,09,31,191,46,12,62,246,46,24,09,296,46*69
$GAGSV,2,2,05,31,21,031,46*5C
$GPZDA,084745.00,14,06,2025,00,00*6A
$GPGGA,084746.00,5432.83688,N,01857.41497,E,1,12,1.0,17.7,M,26.5,M,,*5E
$GPRMC,084746.00,A,5432.83688,N,01857.41497,E,18.97,70.7,140625,,,A*6D
$GPVTG,70.7,T,,M,18.97,N,35.13,K,A*3E
$HEHDT,59.6,T*15
$VWVHW,59.6,T,,M,14.68,N,27.19,K*46
$GPGGA,084747.00,5432.83839,N,01857.42401,E,1,12,1.0,17.1,M,26.5,M,,*51
$GPRMC,084747.00,A,5432.83839,N,01857.42401,E,18.90,70.8,140625,,,A*6C
$GPVTG,70.8,T,,M,18.90,N,35.01,K,A*35
$HEHDT,59.3,T*10
$VWVHW,59.3,T,,M,14.80,N,27.41,K*48
$GPGGA,084748.00,5432.83936,N,01857.43248,E,1,12,1.0,17.3,M,26.5,M,,*58
$GPRMC,084748.00,A,5432.83936,N,01857.43248,E,18.93,70.4,140625,,,A*68
$GPVTG,70.4,T,,M,18.93,N,35.06,K,A*3D
$HEHDT,59.4,T*17
$VWVHW,59.4,T,,M,14.72,N,27.27,K*42
$GPGGA,084749.00,5432.84147,N,01857.44103,E,1,12,1.0,18.3,M,26.5,M,,*54
$GPRMC,084749.00,A,5432.84147,N,01857.44103,E,18.86,70.6,140625,,,A*6D
$GPVTG,70.6,T,,M,18.86,N,34.93,K,A*36
$HEHDT,59.7,T*14
$VWVHW,59.7,T,,M,14.61,N,27.05,K*43
$GPGGA,084750.00,5432.84341,N,01857.44939,E,1,12,1.0,17.9,M,26.5,M,,*5C
$GPRMC,084750.00,A,5432.84341,N,01857.44939,E,18.95,70.3,140625,,,A*67
$GPVTG,70.3,T,,M,18.95,N,35.10,K,A*3B
$HEHDT,59.7,T*14
$VWVHW,59.7,T,,M,14.75,N,27.32,K*42
$GPGSV,2,1,08,03,68,051,46,08,40,106,45,11,19,161,46,14,44,216,46*7D
$GPGSV,2,2,08,17,65,273,47,22,24,321,46,28,14,001,46,31,61,131,46*7D
$GAGSV,2,1,05,04,49,081,46,09,31,191,46,12,62,246,46,24,09,296,46*69
$GAGSV,2,2,05,31,21,031,46*5C
$GPZDA,084750.00,14,06,2025,00,00*6E
$GPGGA,084751.00,5432.84544,N,01857.45690,E,1,12,1.0,17.0,M,26.5,M,,*5A
$GPRMC,084751.00,A,5432.84544,N,01857.45690,E,19.05,70.2,140625,,,A*61
$GPVTG,70.2,T,,M,19.05,N,35.28,K,A*39
$HEHDT,59.6,T*15
$VWVHW,59.6,T,,M,14.65,N,27.13,K*41
$GPGGA,084752.00,5432.84726,N,01857.46625,E,1,12,1.0,17.7,M,26.5,M,,*55
$GPRMC,084752.00,A,5432.84726,N,01857.46625,E,18.84,70.2,140625,,,A*61
$GPVTG,70.2,T,,M,18.84,N,34.89,K,A*3B
$HEHDT,59.5,T*16
$VWVHW,59.5,T,,M,14.68,N,27.19,K*45
$GPGGA,084753.00,5432.84877,N,01857.47453,E,1,12,1.0,17.6,M,26.5,M,,*5C
$GPRMC,084753.00,A,5432.84877,N,01857.47453,E,19.00,70.5,140625,,,A*63
$GPVTG,70.5,T,,M,19.00,N,35.20,K,A*33
$HEHDT,59.8,T*1B
$VWVHW,59.8,T,,M,14.82,N,27.44,K*44
$GPGGA,084754.00,5432.85038,N,01857.48317,E,1,12,1.0,17.8,M,26.5,M,,*5F
$GPRMC,084754.00,A,5432.85038,N,01857.48317,E,18.90,70.6,140625,,,A*65
$GPVTG,70.6,T,,M,18.90,N,35.01,K,A*3B
$HEHDT,59.4,T*17
$VWVHW,59.4,T,,M,14.57,N,26.99,K*41
$GPGGA,084755.00,5432.85234,N,01857.49165,E,1,12,1.0,17.8,M,26.5,M,,*56
$GPRMC,084755.00,A,5432.85234,N,01857.49165,E,18.88,70.7,140625,,,A*64
$GPVTG,70.7,T,,M,18.88,N,34.96,K,A*3C
$HEHDT,59.8,T*1B
$VWVHW,59.8,T,,M,14.67,N,27.17,K*49
$GPGSV,2,1,08,03,68,052,46,08,40,106,45,11,19,162,46,14,44,216,47*7C
$GPGSV,2,2,08,17,65,274,46,22,24,322,46,28,14,002,46,31,61,132,46*78
$GAGSV,2,1,05,04,49,082,46,09,31,192,46,12,62,246,46,24,09,296,46*69
$GAGSV,2,2,05,31,21,032,47*5E
$GPZDA,084755.00,14,06,2025,00,00*6B
$GPGGA,084756.00,5432.85424,N,01857.49995,E,1,12,1.0,17.8,M,26.5,M,,*55
$GPRMC,084756.00,A,5432.85424,N,01857.49995,E,18.84,70.8,140625,,,A*64
$GPVTG,70.8,T,,M,18.84,N,34.89,K,A*31
$HEHDT,59.8,T*1B
$VWVHW,59.8,T,,M,14.59,N,27.02,K*40
$GPGGA,084757.00,5432.85583,N,01857.50894,E,1,12,1.0,17.8,M,26.5,M,,*50
$GPRMC,084757.00,A,5432.85583,N,01857.50894,E,18.82,71.2,140625,,,A*6C
$GPVTG,71.2,T,,M,18.82,N,34.86,K,A*33
$HEHDT,59.9,T*1A
$VWVHW,59.9,T,,M,14.58,N,27.01,K*43
$GPGGA,084758.00,5432.85712,N,01857.51755,E,1,12,1.0,17.9,M,26.5,M,,*57
$GPRMC,084758.00,A,5432.85712,N,01857.51755,E,18.88,70.7,140625,,,A*64
$GPVTG,70.7,T,,M,18.88,N,34.97,K,A*3D
$HEHDT,59.5,T*16
$VWVHW,59.5,T,,M,14.67,N,27.17,K*44
$GPGGA,084759.00,5432.85893,N,01857.52571,E,1,12,1.0,18.6,M,26.5,M,,*57
$GPRMC,084759.00,A,5432.85893,N,01857.52571,E,18.90,70.1,140625,,,A*6B
$GPVTG,70.1,T,,M,18.90,N,35.00,K,A*3D
$HEHDT,59.5,T*16
$VWVHW,59.5,T,,M,14.73,N,27.29,K*4C
$GPGGA,084800.00,5432.86075,N,01857.53367,E,1,12,1.0,18.0,M,26.5,M,,*51
$GPRMC,084800.00,A,5432.86075,N,01857.53367,E,18.98,70.8,140625,,,A*6A
$GPVTG,70.8,T,,M,18.98,N,35.15,K,A*38
$HEHDT,59.5,T*16
$VWVHW,59.5,T,,M,14.53,N,26.91,K*4C
$GPGSV,2,1,08,03,68,052,46,08,40,107,46,11,19,162,46,14,44,217,46*7E
$GPGSV,2,2,08,17,65,274,45,22,24,322,46,28,14,002,47,31,61,132,46*7A
$GAGSV,2,1,05,04,49,082,46,09,31,192,45,12,62,247,46,24,09,297,45*69
$GAGSV,2,2,05,31,21,032,46*5F
$GPZDA,084800.00,14,06,2025,00,00*64
$GPGGA,084801.00,5432.86255,N,01857.54270,E,1,12,1.0,18.6,M,26.5,M,,*56
$GPRMC,084801.00,A,5432.86255,N,01857.54270,E,19.00,70.3,140625,,,A*60
$GPVTG,70.3,T,,M,19.00,N,35.19,K,A*3F
$HEHDT,59.7,T*14
$VWVHW,59.7,T,,M,14.73,N,27.28,K*4F
$GPGGA,084802.00,5432.86415,N,01857.55096,E,1,12,1.0,18.6,M,26.5,M,,*5C
$GPRMC,084802.00,A,5432.86415,N,01857.55096,E,18.81,70.5,140625,,,A*64
$GPVTG,70.5,T,,M,18.81,N,34.84,K,A*34
$HEHDT,59.1,T*12
$VWVHW,59.1,T,,M,14.75,N,27.32,K*44
$GPGGA,084803.00,5432.86578,N,01857.56009,E,1,12,1.0,18.5,M,26.5,M,,*51
$GPRMC,084803.00,A,5432.86578,N,01857.56009,E,18.87,70.7,140625,,,A*6E
$GPVTG,70.7,T,,M,18.87,N,34.94,K,A*31
$HEHDT,59.5,T*16
$VWVHW,59.5,T,,M,14.74,N,27.30,K*43
$GPGGA,084804.00,5432.86765,N,01857.56794,E,1,12,1.0,18.7,M,26.5,M,,*59
$GPRMC,084804.00,A,5432.86765,N,01857.56794,E,18.81,70.5,140625,,,A*60
$GPVTG,70.5,T,,M,18.81,N,34.83,K,A*33
$HEHDT,59.9,T*1A
$VWVHW,59.9,T,,M,14.60,N,27.05,K*4C
$GPGGA,084805.00,5432.86932,N,01857.57629,E,1,12,1.0,18.4,M,26.5,M,,*51
$GPRMC,084805.00,A,5432.86932,N,01857.57629,E,18.86,70.9,140625,,,A*60
$GPVTG,70.9,T,,M,18.86,N,34.93,K,A*39
$HEHDT,59.5,T*16
$VWVHW,59.5,T,,M,14.73,N,27.29,K*4C
$GPGSV,2,1,08,03,68,052,46,08,40,107,46,11,18,162,47,14,44,217,46*7E
$GPGSV,2,2,08,17,65,274,46,22,24,322,46,28,14,002,46,31,61,132,46*78
$GAGSV,2,1,05,04,49,082,46,09,31,192,46,12,62,247,45,24,09,297,45*69
$GAGSV,2,2,05,31,21,032,47*5E
$GPZDA,084805.00,14,06,2025,00,00*61
$GPGGA,084806.00,5432.87114,N,01857.58483,E,1,12,1.0,18.5,M,26.5,M,,*53
$GPRMC,084806.00,A,5432.87114,N,01857.58483,E,18.75,70.5,140625,,,A*63
$GPVTG,70.5,T,,M,18.75,N,34.73,K,A*37
$HEHDT,59.9,T*1A
$VWVHW,59.9,T,,M,14.67,N,27.16,K*49
$GPGGA,084807.00,5432.87270,N,01857.59378,E,1,12,1.0,18.5,M,26.5,M,,*51
$GPRMC,084807.00,A,5432.87270,N,01857.59378,E,18.86,70.2,140625,,,A*6A
$GPVTG,70.2,T,,M,18.86,N,34.94,K,A*35
$HEHDT,59.5,T*16
$VWVHW,59.5,T,,M,14.68,N,27.20,K*4F
$GPGGA,084808.00,5432.87451,N,01857.60155,E,1,12,1.0,17.9,M,26.5,M,,*5F
$GPRMC,084808.00,A,5432.87451,N,01857.60155,E,18.76,70.0,140625,,,A*6A
$GPVTG,70.0,T,,M,18.76,N,34.74,K,A*36
$HEHDT,59.8,T*1B
$VWVHW,59.8,T,,M,14.61,N,27.06,K*4F
$GPGGA,084809.00,5432.87628,N,01857.61049,E,1,12,1.0,18.5,M,26.5,M,,*5C
$GPRMC,084809.00,A,5432.87628,N,01857.61049,E,19.00,70.6,140625,,,A*6C
$GPVTG,70.6,T,,M,19.00,N,35.19,K,A*3A
$HEHDT,59.4,T*17
$VWVHW,59.4,T,,M,14.79,N,27.39,K*46
$GPGGA,084810.00,5432.87805,N,01857.61861,E,1,12,1.0,18.0,M,26.5,M,,*52
$GPRMC,084810.00,A,5432.87805,N,01857.61861,E,19.01,70.8,140625,,,A*68
$GPVTG,70.8,T,,M,19.01,N,35.22,K,A*3D
$HEHDT,59.5,T*16
$VWVHW,59.5,T,,M,14.65,N,27.13,K*42
$GPGSV,2,1,08,03,68,052,45,08,40,107,46,11,18,162,46,14,44,217,46*7C
$GPGSV,2,2,08,17,65,274,46,22,24,322,46,28,14,002,46,31,61,132,46*78
$GAGSV,2,1,05,04,49,082,46,09,31,192,46,12,62,247,46,24,09,297,45*6A
$GAGSV,2,2,05,31,21,032,46*5F
$GPZDA,084810.00,14,06,2025,00,00*65
$GPGGA,084811.00,5432.87975,N,01857.62692,E,1,12,1.0,18.4,M,26.5,M,,*50
$GPRMC,084811.00,A,5432.87975,N,01857.62692,E,18.86,70.3,140625,,,A*6B
$GPVTG,70.3,T,,M,18.86,N,34.92,K,A*32
$HEHDT,59.6,T*15
$VWVHW,59.6,T,,M,14.44,N,26.74,K*42
$GPGGA,084812.00,5432.88164,N,01857.63543,E,1,12,1.0,18.5,M,26.5,M,,*5B
$GPRMC,084812.00,A,5432.88164,N,01857.63543,E,18.83,70.8,140625,,,A*6F
$GPVTG,70.8,T,,M,18.83,N,34.88,K,A*37
$HEHDT,59.2,T*11
$VWVHW,59.2,T,,M,14.58,N,27.00,K*49
$GPGGA,084813.00,5432.88382,N,01857.64439,E,1,12,1.0,18.4,M,26.5,M,,*5A
$GPRMC,084813.00,A,5432.88382,N,01857.64439,E,18.76,70.4,140625,,,A*69
$GPVTG,70.4,T,,M,18.76,N,34.74,K,A*32
$HEHDT,59.7,T*14
$VWVHW,59.7,T,,M,14.63,N,27.09,K*4D
$GPGGA,084814.00,5432.88540,N,01857.65266,E,1,12,1.0,18.0,M,26.5,M,,*5C
$GPRMC,084814.00,A,5432.88540,N,01857.65266,E,18.74,70.6,140625,,,A*6B
$GPVTG,70.6,T,,M,18.74,N,34.71,K,A*37
$HEHDT,59.5,T*16
$VWVHW,59.5,T,,M,14.72,N,27.26,K*42
$GPGGA,084815.00,5432.88720,N,01857.66106,E,1,12,1.1,18.3,M,26.5,M,,*5D
$GPRMC,084815.00,A,5432.88720,N,01857.66106,E,18.75,70.5,140625,,,A*6A
$GPVTG,70.5,T,,M,18.75,N,34.73,K,A*37
$HEHDT,59.4,T*17
$VWVHW,59.4,T,,M,14.42,N,26.71,K*43
$GPGSV,2,1,08,03,68,052,46,08,40,107,46,11,18,162,46,14,44,217,46*7F
$GPGSV,2,2,08,17,65,274,46,22,24,322,46,28,14,002,46,31,61,132,46*78
$GAGSV,2,1,05,04,49,082,47,09,31,192,46,12,62,247,46,24,09,297,46*68
$GAGSV,2,2,05,31,21,032,46*5F
$GPZDA,084815.00,14,06,2025,00,00*60
$GPGGA,084816.00,5432.88867,N,01857.66945,E,1,12,1.1,18.7,M,26.5,M,,*59
$GPRMC,084816.00,A,5432.88867,N,01857.66945,E,18.80,70.6,140625,,,A*63
$GPVTG,70.6,T,,M,18.80,N,34.82,K,A*30
$HEHDT,60.0,T*19
$VWVHW,60.0,T,,M,14.51,N,26.86,K*47
$GPGGA,084817.00,5432.89069,N,01857.67777,E,1,12,1.1,19.1,M,26.5,M,,*56
$GPRMC,084817.00,A,5432.89069,N,01857.67777,E,18.80,70.9,140625,,,A*64
$GPVTG,70.9,T,,M,18.80,N,34.82,K,A*3F
$HEHDT,59.7,T*14
$VWVHW,59.7,T,,M,14.68,N,27.18,K*46
$GPGGA,084818.00,5432.89223,N,01857.68623,E,1,12,1.1,19.0,M,26.5,M,,*5B
$GPRMC,084818.00,A,5432.89223,N,01857.68623,E,18.66,70.4,140625,,,A*6D
$GPVTG,70.4,T,,M,18.66,N,34.55,K,A*30
$HEHDT,59.3,T*10
$VWVHW,59.3,T,,M,14.62,N,27.07,K*46
$GPGGA,084819.00,5432.89355,N,01857.69523,E,1,12,1.1,18.6,M,26.5,M,,*5F
$GPRMC,084819.00,A,5432.89355,N,01857.69523,E,18.90,70.7,140625,,,A*64
$GPVTG,70.7,T,,M,18.90,N,35.01,K,A*3A
$HEHDT,59.4,T*17
$VWVHW,59.4,T,,M,14.78,N,27.36,K*48
$GPGGA,084820.00,5432.89527,N,01857.70346,E,1,12,1.1,18.2,M,26.5,M,,*5F
$GPRMC,084820.00,A,5432.89527,N,01857.70346,E,18.83,70.4,140625,,,A*61
$GPVTG,70.4,T,,M,18.83,N,34.87,K,A*34
$HEHDT,59.6,T*15
$VWVHW,59.6,T,,M,14.53,N,26.92,K*4C
$GPGSV,2,1,08,03,68,052,46,08,40,107,46,11,18,162,46,14,44,217,46*7F
$GPGSV,2,2,08,17,65,274,45,22,24,322,46,28,14,002,46,31,61,132,45*78
$GAGSV,2,1,05,04,49,082,46,09,31,192,46,12,62,247,45,24,09,297,46*6A
$GAGSV,2,2,05,31,21,032,46*5F
$GPZDA,084820.00,14,06,2025,00,00*66
$GPGGA,084821.00,5432.89716,N,01857.71165,E,1,12,1.1,18.7,M,26.5,M,,*59
$GPRMC,084821.00,A,5432.89716,N,01857.71165,E,18.82,70.6,140625,,,A*61
$GPVTG,70.6,T,,M,18.82,N,34.86,K,A*36
$HEHDT,59.1,T*12
$VWVHW,59.1,T,,M,14.56,N,26.97,K*4B
$GPGGA,084822.00,5432.89914,N,01857.71954,E,1,12,1.1,19.0,M,26.5,M,,*5A
$GPRMC,084822.00,A,5432.89914,N,01857.71954,E,18.92,70.3,140625,,,A*60
$GPVTG,70.3,T,,M,18.92,N,35.05,K,A*38
$HEHDT,59.9,T*1A
$VWVHW,59.9,T,,M,14.54,N,26.94,K*42
$GPGGA,084823.00,5432.90097,N,01857.72907,E,1,12,1.1,19.0,M,26.5,M,,*54
$GPRMC,084823.00,A,5432.90097,N,01857.72907,E,18.93,70.6,140625,,,A*6A
$GPVTG,70.6,T,,M,18.93,N,35.06,K,A*3F
$HEHDT,59.9,T*1A
$VWVHW,59.9,T,,M,14.65,N,27.13,K*4E
$GPGGA,084824.00,5432.90254,N,01857.73696,E,1,12,1.1,18.8,M,26.5,M,,*51
$GPRMC,084824.00,A,5432.90254,N,01857.73696,E,18.86,70.5,140625,,,A*61
$GPVTG,70.5,T,,M,18.86,N,34.93,K,A*35
$HEHDT,59.6,T*15
$VWVHW,59.6,T,,M,14.50,N,26.85,K*49
$GPGGA,084825.00,5432.90435,N,01857.74597,E,1,12,1.1,18.9,M,26.5,M,,*55
$GPRMC,084825.00,A,5432.90435,N,01857.74597,E,18.95,70.7,140625,,,A*64
$GPVTG,70.7,T,,M,18.95,N,35.09,K,A*37
$HEHDT,59.2,T*11
$VWVHW,59.2,T,,M,14.62,N,27.08,K*48
$GPGSV,2,1,08,03,68,052,46,08,40,107,46,11,18,162,46,14,44,217,46*7F
$GPGSV,2,2,08,17,65,274,46,22,24,322,46,28,14,002,46,31,61,132,46*78
$GAGSV,2,1,05,04,49,082,46,09,31,192,46,12,62,247,46,24,09,297,46*69
$GAGSV,2,2,05,31,21,032,47*5E
$GPZDA,084825.00,14,06,2025,00,00*63
$GPGGA,084826.00,5432.90618,N,01857.75397,E,1,12,1.1,18.4,M,26.5,M,,*51
$GPRMC,084826.00,A,5432.90618,N,01857.75397,E,18.93,70.4,140625,,,A*68
$GPVTG,70.4,T,,M,18.93,N,35.06,K,A*3D
$HEHDT,59.1,T*12
$VWVHW,59.1,T,,M,14.65,N,27.14,K*41
$GPGGA,084827.00,5432.90779,N,01857.76264,E,1,12,1.1,18.9,M,26.5,M,,*55
$GPRMC,084827.00,A,5432.90779,N,01857.76264,E,18.81,70.7,140625,,,A*61
$GPVTG,70.7,T,,M,18.81,N,34.83,K,A*31
$HEHDT,59.7,T*14
$VWVHW,59.7,T,,M,14.62,N,27.07,K*42
$GPGGA,084828.00,5432.90955,N,01857.77128,E,1,12,1.1,17.9,M,26.5,M,,*5F
$GPRMC,084828.00,A,5432.90955,N,01857.77128,E,18.87,70.2,140625,,,A*67
$GPVTG,70.2,T,,M,18.87,N,34.95,K,A*35
$HEHDT,59.6,T*15
$VWVHW,59.6,T,,M,14.45,N,26.77,K*40
$GPGGA,084829.00,5432.91138,N,01857.77976,E,1,12,1.1,19.3,M,26.5,M,,*5B
$GPRMC,084829.00,A,5432.91138,N,01857.77976,E,18.74,70.6,140625,,,A*6F
$GPVTG,70.6,T,,M,18.74,N,34.71,K,A*37
$HEHDT,60.1,T*18
$VWVHW,60.1,T,,M,14.55,N,26.95,K*40
$GPGGA,084830.00,5432.91329,N,01857.78825,E,1,12,1.1,18.6,M,26.5,M,,*5D
$GPRMC,084830.00,A,5432.91329,N,01857.78825,E,18.74,70.3,140625,,,A*68
$GPVTG,70.3,T,,M,18.74,N,34.71,K,A*32
$HEHDT,59.4,T*17
$VWVHW,59.4,T,,M,14.53,N,26.92,K*4E
$GPGSV,2,1,08,03,68,052,46,08,40,107,46,11,18,162,46,14,44,217,46*7F
$GPGSV,2,2,08,17,65,274,46,22,24,322,46,28,14,002,46,31,61,132,46*78
$GAGSV,2,1,05,04,49,082,46,09,31,192,46,12,62,247,45,24,09,297,46*6A
$GAGSV,2,2,05,31,21,032,47*5E
$GPZDA,084830.00,14,06,2025,00,00*67
$GPGGA,084831.00,5432.91503,N,01857.79673,E,1,12,1.1,18.8,M,26.5,M,,*50
$GPRMC,084831.00,A,5432.91503,N,01857.79673,E,18.75,70.5,140625,,,A*6C
$GPVTG,70.5,T,,M,18.75,N,34.73,K,A*37
$HEHDT,59.2,T*11
$VWVHW,59.2,T,,M,14.66,N,27.15,K*40
$GPGGA,084832.00,5432.91699,N,01857.80486,E,1,12,1.1,18.6,M,26.5,M,,*53
$GPRMC,084832.00,A,5432.91699,N,01857.80486,E,18.81,70.2,140625,,,A*6D
$GPVTG,70.2,T,,M,18.81,N,34.84,K,A*33
$HEHDT,59.8,T*1B
$VWVHW,59.8,T,,M,14.55,N,26.95,K*43
$GPGGA,084833.00,5432.91881,N,01857.81388,E,1,12,1.1,18.8,M,26.5,M,,*53
$GPRMC,084833.00,A,5432.91881,N,01857.81388,E,18.94,70.5,140625,,,A*60
$GPVTG,70.5,T,,M,18.94,N,35.08,K,A*35
$HEHDT,59.6,T*15
$VWVHW,59.6,T,,M,14.53,N,26.91,K*4F
$GPGGA,084834.00,5432.92076,N,01857.82175,E,1,12,1.1,18.2,M,26.5,M,,*5E
$GPRMC,084834.00,A,5432.92076,N,01857.82175,E,18.76,70.6,140625,,,A*68
$GPVTG,70.6,T,,M,18.76,N,34.74,K,A*30
$HEHDT,59.3,T*10
$VWVHW,59.3,T,,M,14.59,N,27.02,K*4B
$GPGGA,084835.00,5432.92218,N,01857.83091,E,1,12,1.1,18.8,M,26.5,M,,*55
$GPRMC,084835.00,A,5432.92218,N,01857.83091,E,18.92,70.4,140625,,,A*61
$GPVTG,70.4,T,,M,18.92,N,35.04,K,A*3E
$HEHDT,59.7,T*14
$VWVHW,59.7,T,,M,14.77,N,27.35,K*47
$GPGSV,2,1,08,03,68,052,45,08,40,107,47,11,18,162,46,14,44,217,46*7D
$GPGSV,2,2,08,17,65,274,46,22,24,322,46,28,14,002,47,31,61,132,47*78
$GAGSV,2,1,05,04,49,082,46,09,31,192,46,12,62,247,46,24,09,297,46*69
$GAGSV,2,2,05,31,21,032,46*5F
$GPZDA,084835.00,14,06,2025,00,00*62
$GPGGA,084836.00,5432.92396,N,01857.83873,E,1,12,1.1,19.3,M,26.5,M,,*5F
$GPRMC,084836.00,A,5432.92396,N,01857.83873,E,18.87,70.9,140625,,,A*68
$GPVTG,70.9,T,,M,18.87,N,34.95,K,A*3E
$HEHDT,59.8,T*1B
$VWVHW,59.8,T,,M,14.64,N,27.11,K*4C
$GPGGA,084837.00,5432.92599,N,01857.84791,E,1,12,1.1,18.8,M,26.5,M,,*59
$GPRMC,084837.00,A,5432.92599,N,01857.84791,E,18.83,70.4,140625,,,A*6D
$GPVTG,70.4,T,,M,18.83,N,34.88,K,A*3B
$HEHDT,59.7,T*14
$VWVHW,59.7,T,,M,14.74,N,27.29,K*49
$GPGGA,084838.00,5432.92727,N,01857.85593,E,1,12,1.1,19.7,M,26.5,M,,*5E
$GPRMC,084838.00,A,5432.92727,N,01857.85593,E,18.92,70.6,140625,,,A*66
$GPVTG,70.6,T,,M,18.92,N,35.04,K,A*3C
$HEHDT,59.3,T*10
$VWVHW,59.3,T,,M,14.68,N,27.18,K*42
$GPGGA,084839.00,5432.92871,N,01857.86501,E,1,12,1.1,19.4,M,26.5,M,,*58
$GPRMC,084839.00,A,5432.92871,N,01857.86501,E,18.67,70.7,140625,,,A*68
$GPVTG,70.7,T,,M,18.67,N,34.57,K,A*30
$HEHDT,59.7,T*14
$VWVHW,59.7,T,,M,14.56,N,26.96,K*4C
$GPGGA,084840.00,5432.93104,N,01857.87381,E,1,12,1.1,19.3,M,26.5,M,,*54
$GPRMC,084840.00,A,5432.93104,N,01857.87381,E,18.75,70.3,140625,,,A*64
$GPVTG,70.3,T,,M,18.75,N,34.72,K,A*30
$HEHDT,59.4,T*17
$VWVHW,59.4,T,,M,14.60,N,27.04,K*40
$GPGSV,2,1,08,03,68,052,46,08,40,107,45,11,18,162,46,14,44,217,46*7C
$GPGSV,2,2,08,17,65,274,46,22,24,322,45,28,14,002,47,31,61,132,46*7A
$GAGSV,2,1,05,04,49,082,47,09,31,192,46,12,61,247,45,24,09,297,46*68
$GAGSV,2,2,05,31,21,032,45*5C
$GPZDA,084840.00,14,06,2025,00,00*60
$GPGGA,084841.00,5432.93254,N,01857.88206,E,1,12,1.1,19.1,M,26.5,M,,*50
$GPRMC,084841.00,A,5432.93254,N,01857.88206,E,18.80,70.4,140625,,,A*6F
$GPVTG,70.4,T,,M,18.80,N,34.82,K,A*32
$HEHDT,59.4,T*17
$VWVHW,59.4,T,,M,14.46,N,26.79,K*4F
$GPGGA,084842.00,5432.93409,N,01857.89094,E,1,12,1.1,18.7,M,26.5,M,,*52
$GPRMC,084842.00,A,5432.93409,N,01857.89094,E,18.87,70.9,140625,,,A*60
$GPVTG,70.9,T,,M,18.87,N,34.94,K,A*3F
$HEHDT,59.3,T*10
$VWVHW,59.3,T,,M,14.52,N,26.89,K*42
$GPGGA,084843.00,5432.93593,N,01857.89901,E,1,12,1.1,18.1,M,26.5,M,,*52
$GPRMC,084843.00,A,5432.93593,N,01857.89901,E,18.70,70.6,140625,,,A*61
$GPVTG,70.6,T,,M,18.70,N,34.63,K,A*30
$HEHDT,59.5,T*16
$VWVHW,59.5,T,,M,14.44,N,26.74,K*41
$GPGGA,084844.00,5432.93717,N,01857.90747,E,1,12,1.1,17.9,M,26.5,M,,*58
$GPRMC,084844.00,A,5432.93717,N,01857.90747,E,18.80,70.8,140625,,,A*6D
$GPVTG,70.8,T,,M,18.80,N,34.81,K,A*3D
$HEHDT,59.3,T*10
$VWVHW,59.3,T,,M,14.65,N,27.13,K*44
$GPGGA,084845.00,5432.93902,N,01857.91594,E,1,12,1.1,18.3,M,26.5,M,,*5B
$GPRMC,084845.00,A,5432.93902,N,01857.91594,E,18.84,70.4,140625,,,A*63
$GPVTG,70.4,T,,M,18.84,N,34.89,K,A*3D
$HEHDT,59.9,T*1A
$VWVHW,59.9,T,,M,14.57,N,26.99,K*4C
$GPGSV,2,1,08,03,68,052,45,08,40,107,46,11,18,162,46,14,44,217,46*7C
$GPGSV,2,2,08,17,65,274,46,22,24,322,46,28,14,002,47,31,61,132,47*78
$GAGSV,2,1,05,04,49,082,46,09,31,192,46,12,61,247,46,24,09,297,46*6A
$GAGSV,2,2,05,31,21,032,46*5F
$GPZDA,084845.00,14,06,2025,00,00*65
$GPGGA,084846.00,5432.94115,N,01857.92416,E,1,12,1.1,18.1,M,26.5,M,,*5B
$GPRMC,084846.00,A,5432.94115,N,01857.92416,E,18.77,70.4,140625,,,A*6D
$GPVTG,70.4,T,,M,18.77,N,34.76,K,A*31
$HEHDT,59.7,T*14
$VWVHW,59.7,T,,M,14.73,N,27.28,K*4F
$GPGGA,084847.00,5432.94252,N,01857.93218,E,1,12,1.1,19.1,M,26.5,M,,*52
$GPRMC,084847.00,A,5432.94252,N,01857.93218,E,18.81,70.4,140625,,,A*6C
$GPVTG,70.4,T,,M,18.81,N,34.83,K,A*32
$HEHDT,59.2,T*11
$VWVHW,59.2,T,,M,14.56,N,26.96,K*49
$GPGGA,084848.00,5432.94434,N,01857.94067,E,1,12,1.1,18.5,M,26.5,M,,*53
$GPRMC,084848.00,A,5432.94434,N,01857.94067,E,18.87,70.8,140625,,,A*62
$GPVTG,70.8,T,,M,18.87,N,34.96,K,A*3C
$HEHDT,59.6,T*15
$VWVHW,59.6,T,,M,14.70,N,27.23,K*46
$GPGGA,084849.00,5432.94581,N,01857.94963,E,1,12,1.1,18.4,M,26.5,M,,*51
$GPRMC,084849.00,A,5432.94581,N,01857.94963,E,18.86,70.6,140625,,,A*6E
$GPVTG,70.6,T,,M,18.86,N,34.93,K,A*36
$HEHDT,58.8,T*1A
$VWVHW,58.8,T,,M,14.38,N,26.64,K*47
$GPGGA,084850.00,5432.94771,N,01857.95698,E,1,12,1.1,17.9,M,26.5,M,,*5C
$GPRMC,084850.00,A,5432.94771,N,01857.95698,E,18.73,70.8,140625,,,A*65
$GPVTG,70.8,T,,M,18.73,N,34.69,K,A*37
$HEHDT,59.0,T*13
$VWVHW,59.0,T,,M,14.62,N,27.08,K*4A
$GPGSV,2,1,08,03,68,052,46,08,40,107,45,11,18,162,46,14,44,217,47*7D
$GPGSV,2,2,08,17,65,274,46,22,24,322,46,28,14,002,45,31,61,132,46*7B
$GAGSV,2,1,05,04,49,082,46,09,31,192,45,12,61,247,46,24,09,297,46*69
$GAGSV,2,2,05,31,21,032,47*5E
$GPZDA,084850.00,14,06,2025,00,00*61
$GPGGA,084851.00,5432.94926,N,01857.96644,E,1,12,1.1,18.2,M,26.5,M,,*57
$GPRMC,084851.00,A,5432.94926,N,01857.96644,E,18.76,70.5,140625,,,A*62
$GPVTG,70.5,T,,M,18.76,N,34.74,K,A*33
$HEHDT,59.5,T*16
$VWVHW,59.5,T,,M,14.65,N,27.13,K*42
$GPGGA,084852.00,5432.95091,N,01857.97502,E,1,12,1.1,18.6,M,26.5,M,,*54
$GPRMC,084852.00,A,5432.95091,N,01857.97502,E,18.87,70.2,140625,,,A*6C
$GPVTG,70.2,T,,M,18.87,N,34.94,K,A*34
$HEHDT,59.6,T*15
$VWVHW,59.6,T,,M,14.58,N,27.00,K*4D
$GPGGA,084853.00,5432.95252,N,01857.98251,E,1,12,1.1,18.4,M,26.5,M,,*54
$GPRMC,084853.00,A,5432.95252,N,01857.98251,E,18.86,70.4,140625,,,A*69
$GPVTG,70.4,T,,M,18.86,N,34.92,K,A*35
$HEHDT,59.3,T*10
$VWVHW,59.3,T,,M,14.50,N,26.85,K*4C
$GPGGA,084854.00,5432.95465,N,01857.99117,E,1,12,1.1,18.4,M,26.5,M,,*51
$GPRMC,084854.00,A,5432.95465,N,01857.99117,E,18.84,70.5,140625,,,A*6F
$GPVTG,70.5,T,,M,18.84,N,34.88,K,A*3D
$HEHDT,59.7,T*14
$VWVHW,59.7,T,,M,14.44,N,26.74,K*43
$GPGGA,084855.00,5432.95619,N,01858.00001,E,1,12,1.1,18.6,M,26.5,M,,*52
$GPRMC,084855.00,A,5432.95619,N,01858.00001,E,18.85,70.8,140625,,,A*62
$GPVTG,70.8,T,,M,18.85,N,34.92,K,A*3A
$HEHDT,59.5,T*16
$VWVHW,59.5,T,,M,14.70,N,27.23,K*45
$GPGSV,2,1,08,03,68,052,46,08,40,107,46,11,18,162,45,14,44,217,45*7F
$GPGSV,2,2,08,17,65,274,46,22,24,322,46,28,14,002,46,31,61,132,45*7B
$GAGSV,2,1,05,04,49,082,46,09,31,192,46,12,61,247,46,24,09,297,46*6A
$GAGSV,2,2,05,31,21,032,46*5F
$GPZDA,084855.00,14,06,2025,00,00*64
$GPGGA,084856.00,5432.95777,N,01858.00884,E,1,12,1.1,18.3,M,26.5,M,,*58
$GPRMC,084856.00,A,5432.95777,N,01858.00884,E,18.83,70.6,140625,,,A*65
$GPVTG,70.6,T,,M,18.83,N,34.88,K,A*39
$HEHDT,59.8,T*1B
$VWVHW,59.8,T,,M,14.63,N,27.09,K*42
$GPGGA,084857.00,5432.95976,N,01858.01686,E,1,12,1.1,18.8,M,26.5,M,,*50
$GPRMC,084857.00,A,5432.95976,N,01858.01686,E,18.85,71.0,140625,,,A*67
$GPVTG,71.0,T,,M,18.85,N,34.91,K,A*30
$HEHDT,59.4,T*17
$VWVHW,59.4,T,,M,14.57,N,26.98,K*40
$GPGGA,084858.00,5432.96171,N,01858.02557,E,1,12,1.1,18.8,M,26.5,M,,*5F
$GPRMC,084858.00,A,5432.96171,N,01858.02557,E,18.80,70.4,140625,,,A*68
$GPVTG,70.4,T,,M,18.80,N,34.82,K,A*32
$HEHDT,59.9,T*1A
$VWVHW,59.9,T,,M,14.58,N,26.99,K*43
$GPGGA,084859.00,5432.96290,N,01858.03378,E,1,12,1.1,18.3,M,26.5,M,,*53
$GPRMC,084859.00,A,5432.96290,N,01858.03378,E,18.78,70.6,140625,,,A*6A
$GPVTG,70.6,T,,M,18.78,N,34.78,K,A*32
$HEHDT,59.4,T*17
$VWVHW,59.4,T,,M,14.70,N,27.23,K*44
$GPGGA,084900.00,5432.96452,N,01858.04261,E,1,12,1.1,18.8,M,26.5,M,,*53
$GPRMC,084900.00,A,5432.96452,N,01858.04261,E,18.76,70.0,140625,,,A*69
$GPVTG,70.0,T,,M,18.76,N,34.74,K,A*36
$HEHDT,59.3,T*10
$VWVHW,59.3,T,,M,14.65,N,27.13,K*44
$GPGSV,2,1,08,03,68,052,46,08,40,107,47,11,18,162,46,14,44,217,46*7E
$GPGSV,2,2,08,17,65,274,46,22,24,322,45,28,14,002,46,31,61,132,47*7A
$GAGSV,2,1,05,04,49,082,46,09,31,192,46,12,61,247,46,24,09,297,46*6A
$GAGSV,2,2,05,31,21,032,46*5F
$GPZDA,084900.00,14,06,2025,00,00*65
$GPGGA,084901.00,5432.96623,N,01858.05081,E,1,12,1.1,18.4,M,26.5,M,,*57
$GPRMC,084901.00,A,5432.96623,N,01858.05081,E,18.72,70.5,140625,,,A*60
$GPVTG,70.5,T,,M,18.72,N,34.67,K,A*35
$HEHDT,59.8,T*1B
$VWVHW,59.8,T,,M,14.57,N,26.97,K*43
$GPGGA,084902.00,5432.96791,N,01858.05982,E,1,12,1.1,17.9,M,26.5,M,,*54
$GPRMC,084902.00,A,5432.96791,N,01858.05982,E,18.87,70.5,140625,,,A*6B
$GPVTG,70.5,T,,M,18.87,N,34.94,K,A*33
$HEHDT,59.7,T*14
$VWVHW,59.7,T,,M,14.63,N,27.10,K*45
$GPGGA,084903.00,5432.96993,N,01858.06788,E,1,12,1.1,18.4,M,26.5,M,,*5C
$GPRMC,084903.00,A,5432.96993,N,01858.06788,E,18.76,70.7,140625,,,A*6D
$GPVTG,70.7,T,,M,18.76,N,34.74,K,A*31
$HEHDT,59.5,T*16
$VWVHW,59.5,T,,M,14.70,N,27.23,K*45
$GPGGA,084904.00,5432.97161,N,01858.07701,E,1,12,1.1,18.5,M,26.5,M,,*5E
$GPRMC,084904.00,A,5432.97161,N,01858.07701,E,18.70,70.5,140625,,,A*6A
$GPVTG,70.5,T,,M,18.70,N,34.63,K,A*33
$HEHDT,59.5,T*16
$VWVHW,59.5,T,,M,14.59,N,27.03,K*4C
$GPGGA,084905.00,5432.97310,N,01858.08499,E,1,12,1.1,18.0,M,26.5,M,,*53
$GPRMC,084905.00,A,5432.97310,N,01858.08499,E,18.71,70.5,140625,,,A*63
$GPVTG,70.5,T,,M,18.71,N,34.64,K,A*35
$HEHDT,59.6,T*15
$VWVHW,59.6,T,,M,14.69,N,27.21,K*4C
$GPGSV,2,1,08,03,68,052,46,08,40,107,46,11,18,162,46,14,44,217,46*7F
$GPGSV,2,2,08,17,65,274,45,22,24,322,46,28,14,002,46,31,61,132,46*7B
$GAGSV,2,1,05,04,49,082,46,09,31,192,46,12,61,247,46,24,09,297,45*69
$GAGSV,2,2,05,31,21,032,46*5F
$GPZDA,084905.00,14,06,2025,00,00*60
$GPGGA,084906.00,5432.97456,N,01858.09299,E,1,12,1.1,18.2,M,26.5,M,,*50
$GPRMC,084906.00,A,5432.97456,N,01858.09299,E,18.75,70.6,140625,,,A*65
$GPVTG,70.6,T,,M,18.75,N,34.73,K,A*34
$HEHDT,59.2,T*11
$VWVHW,59.2,T,,M,14.60,N,27.04,K*46
$GPGGA,084907.00,5432.97678,N,01858.10201,E,1,12,1.1,18.5,M,26.5,M,,*51
$GPRMC,084907.00,A,5432.97678,N,01858.10201,E,18.71,70.6,140625,,,A*67
$GPVTG,70.6,T,,M,18.71,N,34.66,K,A*34
$HEHDT,58.8,T*1A
$VWVHW,58.8,T,,M,14.62,N,27.08,K*43
$GPGGA,084908.00,5432.97847,N,01858.11033,E,1,12,1.1,18.2,M,26.5,M,,*59
$GPRMC,084908.00,A,5432.97847,N,01858.11033,E,18.91,70.6,140625,,,A*66
$GPVTG,70.6,T,,M,18.91,N,35.03,K,A*38
$HEHDT,59.5,T*16
$VWVHW,59.5,T,,M,14.60,N,27.04,K*41
$GPGGA,084909.00,5432.98044,N,01858.11792,E,1,12,1.1,18.0,M,26.5,M,,*52
$GPRMC,084909.00,A,5432.98044,N,01858.11792,E,18.76,70.6,140625,,,A*66
$GPVTG,70.6,T,,M,18.76,N,34.74,K,A*30
$HEHDT,59.8,T*1B
$VWVHW,59.8,T,,M,14.58,N,27.01,K*42
$GPGGA,084910.00,5432.98232,N,01858.12697,E,1,12,1.1,17.9,M,26.5,M,,*58
$GPRMC,084910.00,A,5432.98232,N,01858.12697,E,18.89,70.8,140625,,,A*64
$GPVTG,70.8,T,,M,18.89,N,34.99,K,A*3D
$HEHDT,59.5,T*16
$VWVHW,59.5,T,,M,14.60,N,27.05,K*40
$GPGSV,2,1,08,03,68,052,45,08,40,107,46,11,18,162,46,14,44,217,45*7F
$GPGSV,2,2,08,17,65,274,46,22,24,322,45,28,14,002,46,31,61,132,47*7A
$GAGSV,2,1,05,04,49,082,46,09,31,192,46,12,61,247,46,24,09,297,46*6A
$GAGSV,2,2,05,31,21,032,46*5F
$GPZDA,084910.00,14,06,2025,00,00*64
$GPGGA,084911.00,5432.98395,N,01858.13524,E,1,12,1.1,17.9,M,26.5,M,,*5F
$GPRMC,084911.00,A,5432.98395,N,01858.13524,E,18.96,70.6,140625,,,A*63
$GPVTG,70.6,T,,M,18.96,N,35.12,K,A*3F
$HEHDT,59.4,T*17
$VWVHW,59.4,T,,M,14.64,N,27.11,K*40
$GPGGA,084912.00,5432.98584,N,01858.14440,E,1,12,1.1,17.5,M,26.5,M,,*52
$GPRMC,084912.00,A,5432.98584,N,01858.14440,E,18.93,70.6,140625,,,A*67
$GPVTG,70.6,T,,M,18.93,N,35.06,K,A*3F
$HEHDT,59.6,T*15
$VWVHW,59.6,T,,M,14.65,N,27.12,K*40
$GPGGA,084913.00,5432.98749,N,01858.15222,E,1,12,1.1,17.6,M,26.5,M,,*50
$GPRMC,084913.00,A,5432.98749,N,01858.15222,E,18.82,70.3,140625,,,A*63
$GPVTG,70.3,T,,M,18.82,N,34.86,K,A*33
$HEHDT,59.8,T*1B
$VWVHW,59.8,T,,M,14.73,N,27.28,K*40
$GPGGA,084914.00,5432.98893,N,01858.16000,E,1,12,1.1,18.0,M,26.5,M,,*57
$GPRMC,084914.00,A,5432.98893,N,01858.16000,E,18.81,70.6,140625,,,A*6B
$GPVTG,70.6,T,,M,18.81,N,34.83,K,A*30
$HEHDT,59.1,T*12
$VWVHW,59.1,T,,M,14.42,N,26.70,K*47
$GPGGA,084915.00,5432.99049,N,01858.16935,E,1,12,1.1,17.6,M,26.5,M,,*5E
$GPRMC,084915.00,A,5432.99049,N,01858.16935,E,18.79,70.5,140625,,,A*6F
$GPVTG,70.5,T,,M,18.79,N,34.81,K,A*36
$HEHDT,59.7,T*14
$VWVHW,59.7,T,,M,14.62,N,27.08,K*4D
$GPGSV,2,1,08,03,68,052,46,08,40,107,46,11,18,162,46,14,44,217,45*7C
$GPGSV,2,2,08,17,65,274,46,22,24,322,47,28,14,002,46,31,61,132,46*79
$GAGSV,2,1,05,04,49,082,46,09,31,192,46,12,61,247,46,24,09,297,46*6A
$GAGSV,2,2,05,31,21,032,47*5E
$GPZDA,084915.00,14,06,2025,00,00*61
$GPGGA,084916.00,5432.99214,N,01858.17729,E,1,12,1.1,18.2,M,26.5,M,,*5E
$GPRMC,084916.00,A,5432.99214,N,01858.17729,E,18.76,70.4,140625,,,A*6A
$GPVTG,70.4,T,,M,18.76,N,34.74,K,A*32
$HEHDT,59.6,T*15
$VWVHW,59.6,T,,M,14.70,N,27.23,K*46
$GPGGA,084917.00,5432.99401,N,01858.18640,E,1,12,1.1,18.0,M,26.5,M,,*5E
$GPRMC,084917.00,A,5432.99401,N,01858.18640,E,18.79,70.5,140625,,,A*66
$GPVTG,70.5,T,,M,18.79,N,34.79,K,A*31
$HEHDT,58.9,T*1B
$VWVHW,58.9,T,,M,14.69,N,27.21,K*42
$GPGGA,084918.00,5432.99557,N,01858.19467,E,1,12,1.1,17.9,M,26.5,M,,*53
$GPRMC,084918.00,A,5432.99557,N,01858.19467,E,18.81,70.4,140625,,,A*6B
$GPVTG,70.4,T,,M,18.81,N,34.83,K,A*32
$HEHDT,59.6,T*15
$VWVHW,59.6,T,,M,14.69,N,27.20,K*4D
$GPGGA,084919.00,5432.99721,N,01858.20410,E,1,12,1.1,17.1,M,26.5,M,,*53
$GPRMC,084919.00,A,5432.99721,N,01858.20410,E,18.80,70.1,140625,,,A*67
$GPVTG,70.1,T,,M,18.80,N,34.83,K,A*36
$HEHDT,59.7,T*14
$VWVHW,59.7,T,,M,14.72,N,27.26,K*40
$GPGGA,084920.00,5432.99906,N,01858.21189,E,1,12,1.1,17.1,M,26.5,M,,*56
$GPRMC,084920.00,A,5432.99906,N,01858.21189,E,18.91,70.6,140625,,,A*65
$GPVTG,70.6,T,,M,18.91,N,35.03,K,A*38
$HEHDT,59.4,T*17
$VWVHW,59.4,T,,M,14.83,N,27.46,K*4B
$GPGSV,2,1,08,03,68,052,46,08,40,107,46,11,18,162,46,14,43,217,47*79
$GPGSV,2,2,08,17,65,274,46,22,24,322,46,28,14,002,46,31,61,132,46*78
$GAGSV,2,1,05,04,49,082,46,09,31,192,46,12,61,247,46,24,09,297,46*6A
$GAGSV,2,2,05,31,21,032,46*5F
$GPZDA,084920.00,14,06,2025,00,00*67
$GPGGA,084921.00,5433.00098,N,01858.22024,E,1,12,1.1,17.1,M,26.5,M,,*5D
$GPRMC,084921.00,A,5433.00098,N,01858.22024,E,18.87,70.5,140625,,,A*6A
$GPVTG,70.5,T,,M,18.87,N,34.95,K,A*32
$HEHDT,59.7,T*14
$VWVHW,59.7,T,,M,14.50,N,26.86,K*4B
$GPGGA,084922.00,5433.00306,N,01858.22885,E,1,12,1.1,17.8,M,26.5,M,,*50
$GPRMC,084922.00,A,5433.00306,N,01858.22885,E,18.82,70.4,140625,,,A*6A
$GPVTG,70.4,T,,M,18.82,N,34.85,K,A*37
$HEHDT,59.5,T*16
$VWVHW,59.5,T,,M,14.64,N,27.11,K*41
$GPGGA,084923.00,5433.00420,N,01858.23720,E,1,12,1.1,17.7,M,26.5,M,,*5C
$GPRMC,084923.00,A,5433.00420,N,01858.23720,E,18.89,70.4,140625,,,A*62
$GPVTG,70.4,T,,M,18.89,N,34.99,K,A*31
$HEHDT,59.5,T*16
$VWVHW,59.5,T,,M,14.80,N,27.41,K*4E
$GPGGA,084924.00,5433.00591,N,01858.24624,E,1,12,1.1,17.5,M,26.5,M,,*50
$GPRMC,084924.00,A,5433.00591,N,01858.24624,E,18.97,70.7,140625,,,A*60
$GPVTG,70.7,T,,M,18.97,N,35.13,K,A*3E
$HEHDT,59.4,T*17
$VWVHW,59.4,T,,M,14.62,N,27.07,K*41
$GPGGA,084925.00,5433.00783,N,01858.25363,E,1,12,1.1,16.9,M,26.5,M,,*5A
$GPRMC,084925.00,A,5433.00783,N,01858.25363,E,18.88,70.6,140625,,,A*68
$GPVTG,70.6,T,,M,18.88,N,34.96,K,A*3D
$HEHDT,59.6,T*15
$VWVHW,59.6,T,,M,14.75,N,27.31,K*40
$GPGSV,2,1,08,03,68,052,46,08,40,107,46,11,18,162,46,14,43,217,45*7B
$GPGSV,2,2,08,17,65,274,46,22,24,322,46,28,14,002,46,31,61,132,45*7B
$GAGSV,2,1,05,04,49,082,46,09,31,192,46,12,61,247,47,24,09,297,46*6B
$GAGSV,2,2,05,31,21,032,46*5F
$GPZDA,084925.00,14,06,2025,00,00*62
$GPGGA,084926.00,5433.00944,N,01858.26262,E,1,12,1.1,17.6,M,26.5,M,,*51
$GPRMC,084926.00,A,5433.00944,N,01858.26262,E,18.91,70.3,140625,,,A*60
$GPVTG,70.3,T,,M,18.91,N,35.03,K,A*3D
$HEHDT,59.6,T*15
$VWVHW,59.6,T,,M,14.72,N,27.26,K*41
$GPGGA,084927.00,5433.01092,N,01858.27121,E,1,12,1.1,16.9,M,26.5,M,,*58
$GPRMC,084927.00,A,5433.01092,N,01858.27121,E,18.91,70.2,140625,,,A*66
$GPVTG,70.2,T,,M,18.91,N,35.02,K,A*3D
$HEHDT,59.9,T*1A
$VWVHW,59.9,T,,M,14.67,N,27.17,K*48
$GPGGA,084928.00,5433.01309,N,01858.28013,E,1,12,1.1,17.2,M,26.5,M,,*53
$GPRMC,084928.00,A,5433.01309,N,01858.28013,E,19.02,70.6,140625,,,A*68
$GPVTG,70.6,T,,M,19.02,N,35.23,K,A*31
$HEHDT,59.8,T*1B
$VWVHW,59.8,T,,M,14.76,N,27.34,K*48
$GPGGA,084929.00,5433.01497,N,01858.28753,E,1,12,1.1,16.7,M,26.5,M,,*55
$GPRMC,084929.00,A,5433.01497,N,01858.28753,E,18.93,70.5,140625,,,A*60
$GPVTG,70.5,T,,M,18.93,N,35.06,K,A*3C
$HEHDT,59.6,T*15
$VWVHW,59.6,T,,M,14.61,N,27.05,K*42
$GPGGA,084930.00,5433.01648,N,01858.29660,E,1,12,1.1,17.2,M,26.5,M,,*59
$GPRMC,084930.00,A,5433.01648,N,01858.29660,E,18.99,70.8,140625,,,A*6F
$GPVTG,70.8,T,,M,18.99,N,35.17,K,A*3B
$HEHDT,59.3,T*10
$VWVHW,59.3,T,,M,14.68,N,27.18,K*42
$GPGSV,2,1,08,03,68,052,46,08,40,107,46,11,18,162,46,14,43,217,46*78
$GPGSV,2,2,08,17,65,274,45,22,24,322,46,28,14,002,47,31,61,132,45*79
$GAGSV,2,1,05,04,49,082,46,09,31,192,46,12,61,247,46,24,09,297,46*6A
$GAGSV,2,2,05,31,21,032,46*5F
$GPZDA,084930.00,14,06,2025,00,00*66
$GPGGA,084931.00,5433.01812,N,01858.30422,E,1,12,1.1,16.8,M,26.5,M,,*5E
$GPRMC,084931.00,A,5433.01812,N,01858.30422,E,18.92,70.8,140625,,,A*68
$GPVTG,70.8,T,,M,18.92,N,35.04,K,A*32
$HEHDT,59.9,T*1A
$VWVHW,59.9,T,,M,14.67,N,27.17,K*48
$GPGGA,084932.00,5433.01984,N,01858.31345,E,1,12,1.1,17.7,M,26.5,M,,*5A
$GPRMC,084932.00,A,5433.01984,N,01858.31345,E,18.78,70.6,140625,,,A*68
$GPVTG,70.6,T,,M,18.78,N,34.77,K,A*3D
$HEHDT,59.6,T*15
$VWVHW,59.6,T,,M,14.64,N,27.12,K*41
$GPGGA,084933.00,5433.02147,N,01858.32232,E,1,12,1.1,16.7,M,26.5,M,,*5C
$GPRMC,084933.00,A,5433.02147,N,01858.32232,E,18.80,70.0,140625,,,A*6E
$GPVTG,70.0,T,,M,18.80,N,34.81,K,A*35
$HEHDT,59.8,T*1B
$VWVHW,59.8,T,,M,14.81,N,27.42,K*41
$GPGGA,084934.00,5433.02337,N,01858.33038,E,1,12,1.1,17.0,M,26.5,M,,*51
$GPRMC,084934.00,A,5433.02337,N,01858.33038,E,18.95,70.4,140625,,,A*65
$GPVTG,70.4,T,,M,18.95,N,35.09,K,A*34
$HEHDT,59.6,T*15
$VWVHW,59.6,T,,M,14.65,N,27.12,K*40
$GPGGA,084935.00,5433.02484,N,01858.33861,E,1,12,1.1,16.7,M,26.5,M,,*5D
$GPRMC,084935.00,A,5433.02484,N,01858.33861,E,18.87,70.4,140625,,,A*6C
$GPVTG,70.4,T,,M,18.87,N,34.94,K,A*32
$HEHDT,60.0,T*19
$VWVHW,60.0,T,,M,14.71,N,27.24,K*4C
$GPGSV,2,1,08,03,68,052,45,08,40,107,46,11,18,162,45,14,43,217,46*78
$GPGSV,2,2,08,17,65,274,47,22,24,322,46,28,14,002,46,31,61,132,46*79
$GAGSV,2,1,05,04,49,082,46,09,31,192,46,12,61,247,46,24,09,297,46*6A
$GAGSV,2,2,05,31,21,032,46*5F
$GPZDA,084935.00,14,06,2025,00,00*63
$GPGGA,084936.00,5433.02683,N,01858.34725,E,1,12,1.1,16.8,M,26.5,M,,*5C
$GPRMC,084936.00,A,5433.02683,N,01858.34725,E,18.94,70.8,140625,,,A*6C
$GPVTG,70.8,T,,M,18.94,N,35.07,K,A*37
$HEHDT,59.5,T*16
$VWVHW,59.5,T,,M,14.76,N,27.34,K*45
$GPGGA,084937.00,5433.02836,N,01858.35587,E,1,12,1.1,16.9,M,26.5,M,,*57
$GPRMC,084937.00,A,5433.02836,N,01858.35587,E,18.95,70.9,140625,,,A*66
$GPVTG,70.9,T,,M,18.95,N,35.10,K,A*31
$HEHDT,60.0,T*19
$VWVHW,60.0,T,,M,14.69,N,27.21,K*40
$GPGGA,084938.00,5433.02991,N,01858.36450,E,1,12,1.1,17.1,M,26.5,M,,*55
$GPRMC,084938.00,A,5433.02991,N,01858.36450,E,18.87,70.1,140625,,,A*66
$GPVTG,70.1,T,,M,18.87,N,34.94,K,A*37
$HEHDT,59.7,T*14
$VWVHW,59.7,T,,M,14.68,N,27.18,K*46
$GPGGA,084939.00,5433.03180,N,01858.37303,E,1,12,1.1,17.6,M,26.5,M,,*5A
$GPRMC,084939.00,A,5433.03180,N,01858.37303,E,18.90,70.3,140625,,,A*6A
$GPVTG,70.3,T,,M,18.90,N,35.00,K,A*3F
$HEHDT,59.7,T*14
$VWVHW,59.7,T,,M,14.82,N,27.45,K*4A
$GPGGA,084940.00,5433.03367,N,01858.38166,E,1,12,1.1,16.8,M,26.5,M,,*5E
$GPRMC,084940.00,A,5433.03367,N,01858.38166,E,18.82,70.3,140625,,,A*62
$GPVTG,70.3,T,,M,18.82,N,34.86,K,A*33
$HEHDT,59.5,T*16
$VWVHW,59.5,T,,M,14.75,N,27.31,K*43
$GPGSV,2,1,08,03,68,052,46,08,40,107,46,11,18,162,46,14,43,217,46*78
$GPGSV,2,2,08,17,65,274,46,22,24,322,47,28,14,002,45,31,61,132,46*7A
$GAGSV,2,1,05,04,49,082,46,09,31,192,46,12,61,247,46,24,09,297,45*69
$GAGSV,2,2,05,31,21,032,46*5F
$GPZDA,084940.00,14,06,2025,00,00*61
$GPGGA,084941.00,5433.03538,N,01858.38994,E,1,12,1.1,17.2,M,26.5,M,,*5D
$GPRMC,084941.00,A,5433.03538,N,01858.38994,E,18.84,70.5,140625,,,A*6A
$GPVTG,70.5,T,,M,18.84,N,34.89,K,A*3C
$HEHDT,59.6,T*15
$VWVHW,59.6,T,,M,14.63,N,27.10,K*44
$GPGGA,084942.00,5433.03714,N,01858.39861,E,1,12,1.1,17.2,M,26.5,M,,*58
$GPRMC,084942.00,A,5433.03714,N,01858.39861,E,18.81,70.4,140625,,,A*6B
$GPVTG,70.4,T,,M,18.81,N,34.84,K,A*35
$HEHDT,59.7,T*14
$VWVHW,59.7,T,,M,14.81,N,27.43,K*4F
$GPGGA,084943.00,5433.03900,N,01858.40669,E,1,12,1.1,16.6,M,26.5,M,,*5F
$GPRMC,084943.00,A,5433.03900,N,01858.40669,E,18.81,70.6,140625,,,A*6B
$GPVTG,70.6,T,,M,18.81,N,34.84,K,A*37
$HEHDT,59.7,T*14
$VWVHW,59.7,T,,M,14.77,N,27.35,K*47
$GPGGA,084944.00,5433.04103,N,01858.41501,E,1,12,1.1,17.5,M,26.5,M,,*5A
$GPRMC,084944.00,A,5433.04103,N,01858.41501,E,18.99,70.4,140625,,,A*67
$GPVTG,70.4,T,,M,18.99,N,35.17,K,A*37
$HEHDT,59.7,T*14
$VWVHW,59.7,T,,M,14.71,N,27.25,K*40
$GPGGA,084945.00,5433.04206,N,01858.42342,E,1,12,1.1,16.4,M,26.5,M,,*5F
$GPRMC,084945.00,A,5433.04206,N,01858.42342,E,18.92,70.7,140625,,,A*6A
$GPVTG,70.7,T,,M,18.92,N,35.04,K,A*3D
$HEHDT,60.0,T*19
$VWVHW,60.0,T,,M,14.72,N,27.27,K*4C
$GPGSV,2,1,08,03,68,052,46,08,40,107,46,11,18,162,46,14,43,217,46*78
$GPGSV,2,2,08,17,65,274,46,22,24,322,46,28,14,002,46,31,61,132,46*78
$GAGSV,2,1,05,04,49,082,46,09,31,192,46,12,61,247,45,24,09,297,46*69
$GAGSV,2,2,05,31,21,032,45*5C
$GPZDA,084945.00,14,06,2025,00,00*64
$GPGGA,084946.00,5433.04399,N,01858.43233,E,1,12,1.1,17.2,M,26.5,M,,*5A
$GPRMC,084946.00,A,5433.04399,N,01858.43233,E,18.85,70.4,140625,,,A*6D
$GPVTG,70.4,T,,M,18.85,N,34.91,K,A*35
$HEHDT,59.6,T*15
$VWVHW,59.6,T,,M,14.61,N,27.05,K*42
$GPGGA,084947.00,5433.04572,N,01858.44126,E,1,12,1.1,16.7,M,26.5,M,,*5C
$GPRMC,084947.00,A,5433.04572,N,01858.44126,E,18.94,70.3,140625,,,A*68
$GPVTG,70.3,T,,M,18.94,N,35.08,K,A*33
$HEHDT,59.3,T*10
$VWVHW,59.3,T,,M,14.76,N,27.33,K*44
$GPGGA,084948.00,5433.04766,N,01858.44964,E,1,12,1.1,16.5,M,26.5,M,,*58
$GPRMC,084948.00,A,5433.04766,N,01858.44964,E,18.98,70.2,140625,,,A*63
$GPVTG,70.2,T,,M,18.98,N,35.15,K,A*32
$HEHDT,60.0,T*19
$VWVHW,60.0,T,,M,14.73,N,27.29,K*43
$GPGGA,084949.00,5433.04944,N,01858.45782,E,1,12,1.1,16.4,M,26.5,M,,*51
$GPRMC,084949.00,A,5433.04944,N,01858.45782,E,19.00,70.3,140625,,,A*6A
$GPVTG,70.3,T,,M,19.00,N,35.18,K,A*3E
$HEHDT,59.6,T*15
$VWVHW,59.6,T,,M,14.57,N,26.98,K*42
$GPGGA,084950.00,5433.05101,N,01858.46668,E,1,12,1.1,16.6,M,26.5,M,,*55
$GPRMC,084950.00,A,5433.05101,N,01858.46668,E,19.04,70.1,140625,,,A*6A
$GPVTG,70.1,T,,M,19.04,N,35.26,K,A*35
$HEHDT,59.3,T*10
$VWVHW,59.3,T,,M,14.67,N,27.17,K*42
$GPGSV,2,1,08,03,68,052,46,08,40,107,45,11,18,162,46,14,43,217,47*7A
$GPGSV,2,2,08,17,65,274,46,22,24,322,46,28,14,002,46,31,61,132,45*7B
$GAGSV,2,1,05,04,49,082,46,09,31,192,45,12,61,247,46,24,09,297,46*69
$GAGSV,2,2,05,31,21,032,46*5F
$GPZDA,084950.00,14,06,2025,00,00*60
$GPGGA,084951.00,5433.05279,N,01858.47543,E,1,12,1.1,17.0,M,26.5,M,,*54
$GPRMC,084951.00,A,5433.05279,N,01858.47543,E,18.92,70.9,140625,,,A*6A
$GPVTG,70.9,T,,M,18.92,N,35.03,K,A*34
$HEHDT,59.5,T*16
$VWVHW,59.5,T,,M,14.75,N,27.31,K*43
$GPGGA,084952.00,5433.05450,N,01858.48421,E,1,12,1.1,16.8,M,26.5,M,,*59
$GPRMC,084952.00,A,5433.05450,N,01858.48421,E,18.94,70.1,140625,,,A*60
$GPVTG,70.1,T,,M,18.94,N,35.07,K,A*3E
$HEHDT,59.7,T*14
$VWVHW,59.7,T,,M,14.74,N,27.31,K*40
$GPGGA,084953.00,5433.05617,N,01858.49226,E,1,12,1.1,17.6,M,26.5,M,,*56
$GPRMC,084953.00,A,5433.05617,N,01858.49226,E,19.13,70.3,140625,,,A*6C
$GPVTG,70.3,T,,M,19.13,N,35.43,K,A*32
$HEHDT,59.8,T*1B
$VWVHW,59.8,T,,M,14.85,N,27.49,K*4E
$GPGGA,084954.00,5433.05828,N,01858.50066,E,1,12,1.1,16.8,M,26.5,M,,*52
$GPRMC,084954.00,A,5433.05828,N,01858.50066,E,18.98,70.4,140625,,,A*62
$GPVTG,70.4,T,,M,18.98,N,35.15,K,A*34
$HEHDT,59.3,T*10
$VWVHW,59.3,T,,M,14.84,N,27.48,K*45
$GPGGA,084955.00,5433.06001,N,01858.50921,E,1,12,1.1,16.7,M,26.5,M,,*56
$GPRMC,084955.00,A,5433.06001,N,01858.50921,E,18.84,70.8,140625,,,A*68
$GPVTG,70.8,T,,M,18.84,N,34.90,K,A*39
$HEHDT,60.0,T*19
$VWVHW,60.0,T,,M,14.83,N,27.46,K*45
$GPGSV,2,1,08,03,68,052,46,08,40,107,46,11,18,162,47,14,43,217,46*79
$GPGSV,2,2,08,17,65,274,46,22,24,322,46,28,14,002,46,31,61,132,46*78
$GAGSV,2,1,05,04,49,082,46,09,31,192,46,12,61,247,46,24,09,297,46*6A
$GAGSV,2,2,05,31,21,032,46*5F
$GPZDA,084955.00,14,06,2025,00,00*65
$GPGGA,084956.00,5433.06190,N,01858.51694,E,1,12,1.1,17.0,M,26.5,M,,*5A
$GPRMC,084956.00,A,5433.06190,N,01858.51694,E,18.86,70.3,140625,,,A*6B
$GPVTG,70.3,T,,M,18.86,N,34.93,K,A*33
$HEHDT,59.6,T*15
$VWVHW,59.6,T,,M,14.80,N,27.40,K*4C
$GPGGA,084957.00,5433.06380,N,01858.52650,E,1,12,1.1,17.1,M,26.5,M,,*52
$GPRMC,084957.00,A,5433.06380,N,01858.52650,E,19.01,70.6,140625,,,A*69
$GPVTG,70.6,T,,M,19.01,N,35.21,K,A*30
$HEHDT,59.5,T*16
$VWVHW,59.5,T,,M,14.69,N,27.21,K*4F
$GPGGA,084958.00,5433.06605,N,01858.53463,E,1,12,1.1,17.4,M,26.5,M,,*53
$GPRMC,084958.00,A,5433.06605,N,01858.53463,E,18.88,70.6,140625,,,A*6D
$GPVTG,70.6,T,,M,18.88,N,34.96,K,A*3D
$HEHDT,59.5,T*16
$VWVHW,59.5,T,,M,14.78,N,27.38,K*47
$GPGGA,084959.00,5433.06732,N,01858.54315,E,1,12,1.1,17.6,M,26.5,M,,*54
$GPRMC,084959.00,A,5433.06732,N,01858.54315,E,18.86,70.4,140625,,,A*64
$GPVTG,70.4,T,,M,18.86,N,34.93,K,A*34
$HEHDT,59.5,T*16
$VWVHW,59.5,T,,M,14.73,N,27.28,K*4D
$GPGGA,085000.00,5433.06926,N,01858.55182,E,1,12,1.1,17.1,M,26.5,M,,*51
$GPRMC,085000.00,A,5433.06926,N,01858.55182,E,18.98,70.3,140625,,,A*6E
$GPVTG,70.3,T,,M,18.98,N,35.16,K,A*30
$HEHDT,59.6,T*15
$VWVHW,59.6,T,,M,14.71,N,27.23,K*47
$GPGSV,2,1,08,03,68,052,47,08,40,107,46,11,18,162,46,14,43,217,47*78
$GPGSV,2,2,08,17,65,274,46,22,24,322,46,28,14,002,46,31,61,132,46*78
$GAGSV,2,1,05,04,49,082,46,09,31,192,46,12,61,247,47,24,09,297,46*6B
$GAGSV,2,2,05,31,21,032,46*5F
$GPZDA,085000.00,14,06,2025,00,00*6D
