$GPGGA,080000.00,5927.29982,N,02446.20166,E,1,12,0.9,16.7,M,21.0,M,,*5B
$GPRMC,080000.00,A,5927.29982,N,02446.20166,E,17.13,16.3,140625,,,A*64
$GPVTG,16.3,T,,M,17.13,N,31.73,K,A*3B
$HEHDT,14.9,T*13
$VWVHW,14.9,T,,M,17.10,N,31.68,K*4D
$GPGSV,2,1,08,03,62,040,50,08,40,095,46,11,24,150,41,14,51,205,47*74
$GPGSV,2,2,08,17,68,262,49,22,21,310,41,28,07,350,37,31,55,120,48*74
$GAGSV,2,1,05,04,49,070,48,09,37,180,44,12,68,235,50,24,12,285,41*6B
$GAGSV,2,2,05,31,18,020,40*50
$GPZDA,080000.00,14,06,2025,00,00*68
$GPGGA,080001.00,5927.30464,N,02446.20304,E,1,12,0.9,16.7,M,21.0,M,,*51
$GPRMC,080001.00,A,5927.30464,N,02446.20304,E,17.03,16.0,140625,,,A*6C
$GPVTG,16.0,T,,M,17.03,N,31.54,K,A*3C
$HEHDT,15.3,T*18
$VWVHW,15.3,T,,M,17.01,N,31.51,K*4C
$GPGGA,080002.00,5927.30866,N,02446.20648,E,1,12,0.9,16.5,M,21.0,M,,*53
$GPRMC,080002.00,A,5927.30866,N,02446.20648,E,17.06,16.1,140625,,,A*68
$GPVTG,16.1,T,,M,17.06,N,31.59,K,A*35
$HEHDT,14.7,T*1D
$VWVHW,14.7,T,,M,17.18,N,31.81,K*4C
$GPGGA,080003.00,5927.31333,N,02446.20820,E,1,12,0.9,16.0,M,21.0,M,,*5D
$GPRMC,080003.00,A,5927.31333,N,02446.20820,E,16.91,16.3,140625,,,A*6E
$GPVTG,16.3,T,,M,16.91,N,31.31,K,A*36
$HEHDT,14.9,T*13
$VWVHW,14.9,T,,M,17.12,N,31.71,K*47
$GPGGA,080004.00,5927.31759,N,02446.21100,E,1,12,0.9,15.7,M,21.0,M,,*5C
$GPRMC,080004.00,A,5927.31759,N,02446.21100,E,16.86,16.1,140625,,,A*6F
$GPVTG,16.1,T,,M,16.86,N,31.22,K,A*30
$HEHDT,14.8,T*12
$VWVHW,14.8,T,,M,17.00,N,31.49,K*4E
$GPGGA,080005.00,5927.32284,N,02446.21333,E,1,12,0.9,15.7,M,21.0,M,,*59
$GPRMC,080005.00,A,5927.32284,N,02446.21333,E,16.94,16.0,140625,,,A*68
$GPVTG,16.0,T,,M,16.94,N,31.37,K,A*36
$HEHDT,14.7,T*1D
$VWVHW,14.7,T,,M,17.03,N,31.53,K*49
$GPGSV,2,1,08,03,62,040,50,08,40,095,46,11,24,150,41,14,51,205,47*74
$GPGSV,2,2,08,17,68,262,50,22,21,310,41,28,07,350,38,31,55,120,48*73
$GAGSV,2,1,05,04,49,070,47,09,37,180,44,12,68,235,49,24,12,285,42*6F
$GAGSV,2,2,05,31,18,020,40*50
$GPZDA,080005.00,14,06,2025,00,00*6D
$GPGGA,080006.00,5927.32732,N,02446.21615,E,1,12,0.9,16.3,M,21.0,M,,*54
$GPRMC,080006.00,A,5927.32732,N,02446.21615,E,17.12,16.5,140625,,,A*68
$GPVTG,16.5,T,,M,17.12,N,31.70,K,A*3F
$HEHDT,15.0,T*1B
$VWVHW,15.0,T,,M,17.03,N,31.54,K*48
$GPGGA,080007.00,5927.33139,N,02446.21741,E,1,12,0.9,15.8,M,21.0,M,,*51
$GPRMC,080007.00,A,5927.33139,N,02446.21741,E,17.05,16.1,140625,,,A*67
$GPVTG,16.1,T,,M,17.05,N,31.58,K,A*37
$HEHDT,14.5,T*1F
$VWVHW,14.5,T,,M,17.01,N,31.51,K*4B
$GPGGA,080008.00,5927.33585,N,02446.22017,E,1,12,0.9,15.9,M,21.0,M,,*5B
$GPRMC,080008.00,A,5927.33585,N,02446.22017,E,17.05,16.4,140625,,,A*69
$GPVTG,16.4,T,,M,17.05,N,31.59,K,A*33
$HEHDT,14.8,T*12
$VWVHW,14.8,T,,M,17.10,N,31.67,K*43
$GPGGA,080009.00,5927.34023,N,02446.22348,E,1,12,0.9,15.8,M,21.0,M,,*5C
$GPRMC,080009.00,A,5927.34023,N,02446.22348,E,17.13,16.5,140625,,,A*69
$GPVTG,16.5,T,,M,17.13,N,31.72,K,A*3C
$HEHDT,15.2,T*19
$VWVHW,15.2,T,,M,16.97,N,31.44,K*47
$GPGGA,080010.00,5927.34485,N,02446.22486,E,1,12,0.9,16.2,M,21.0,M,,*50
$GPRMC,080010.00,A,5927.34485,N,02446.22486,E,17.03,16.4,140625,,,A*6C
$GPVTG,16.4,T,,M,17.03,N,31.53,K,A*3F
$HEHDT,14.9,T*13
$VWVHW,14.9,T,,M,17.10,N,31.67,K*42
$GPGSV,2,1,08,03,62,040,50,08,40,095,46,11,24,150,40,14,51,205,46*74
$GPGSV,2,2,08,17,68,262,48,22,21,310,41,28,07,350,38,31,55,120,48*7A
$GAGSV,2,1,05,04,49,070,46,09,37,180,45,12,68,235,50,24,12,285,41*64
$GAGSV,2,2,05,31,18,020,40*50
$GPZDA,080010.00,14,06,2025,00,00*69
$GPGGA,080011.00,5927.34943,N,02446.22879,E,1,12,0.9,15.8,M,21.0,M,,*53
$GPRMC,080011.00,A,5927.34943,N,02446.22879,E,17.18,16.4,140625,,,A*6C
$GPVTG,16.4,T,,M,17.18,N,31.82,K,A*39
$HEHDT,15.0,T*1B
$VWVHW,15.0,T,,M,17.17,N,31.79,K*42
$GPGGA,080012.00,5927.35388,N,02446.23018,E,1,12,0.9,15.7,M,21.0,M,,*5D
$GPRMC,080012.00,A,5927.35388,N,02446.23018,E,17.01,16.6,140625,,,A*67
$GPVTG,16.6,T,,M,17.01,N,31.49,K,A*34
$HEHDT,14.8,T*12
$VWVHW,14.8,T,,M,17.24,N,31.94,K*48
$GPGGA,080013.00,5927.35861,N,02446.23325,E,1,12,0.9,15.9,M,21.0,M,,*53
$GPRMC,080013.00,A,5927.35861,N,02446.23325,E,16.90,16.6,140625,,,A*6E
$GPVTG,16.6,T,,M,16.90,N,31.30,K,A*33
$HEHDT,14.9,T*13
$VWVHW,14.9,T,,M,17.21,N,31.87,K*4E
$GPGGA,080014.00,5927.36291,N,02446.23647,E,1,12,0.9,15.6,M,21.0,M,,*5C
$GPRMC,080014.00,A,5927.36291,N,02446.23647,E,17.01,16.2,140625,,,A*63
$GPVTG,16.2,T,,M,17.01,N,31.50,K,A*38
$HEHDT,14.5,T*1F
$VWVHW,14.5,T,,M,17.16,N,31.78,K*46
$GPGGA,080015.00,5927.36773,N,02446.23841,E,1,12,0.9,15.6,M,21.0,M,,*5C
$GPRMC,080015.00,A,5927.36773,N,02446.23841,E,17.01,15.6,140625,,,A*64
$GPVTG,15.6,T,,M,17.01,N,31.50,K,A*3F
$HEHDT,14.6,T*1C
$VWVHW,14.6,T,,M,17.31,N,32.06,K*4A
$GPGSV,2,1,08,03,62,040,50,08,40,095,46,11,24,150,41,14,51,205,47*74
$GPGSV,2,2,08,17,68,262,47,22,21,310,41,28,07,350,37,31,55,120,48*7A
$GAGSV,2,1,05,04,49,070,48,09,37,180,45,12,68,235,50,24,12,285,41*6A
$GAGSV,2,2,05,31,18,020,40*50
$GPZDA,080015.00,14,06,2025,00,00*6C
$GPGGA,080016.00,5927.37255,N,02446.24160,E,1,12,0.9,15.4,M,21.0,M,,*50
$GPRMC,080016.00,A,5927.37255,N,02446.24160,E,16.98,15.6,140625,,,A*6B
$GPVTG,15.6,T,,M,16.98,N,31.45,K,A*3A
$HEHDT,14.4,T*1E
$VWVHW,14.4,T,,M,17.13,N,31.72,K*48
$GPGGA,080017.00,5927.37632,N,02446.24397,E,1,12,0.9,15.7,M,21.0,M,,*5D
$GPRMC,080017.00,A,5927.37632,N,02446.24397,E,17.04,16.3,140625,,,A*67
$GPVTG,16.3,T,,M,17.04,N,31.56,K,A*3A
$HEHDT,15.0,T*1B
$VWVHW,15.0,T,,M,17.30,N,32.05,K*4F
$GPGGA,080018.00,5927.38124,N,02446.24653,E,1,12,0.9,15.1,M,21.0,M,,*56
$GPRMC,080018.00,A,5927.38124,N,02446.24653,E,17.10,16.2,140625,,,A*6E
$GPVTG,16.2,T,,M,17.10,N,31.67,K,A*3C
$HEHDT,14.9,T*13
$VWVHW,14.9,T,,M,17.20,N,31.85,K*4D
$GPGGA,080019.00,5927.38572,N,02446.24864,E,1,12,0.9,15.7,M,21.0,M,,*5C
$GPRMC,080019.00,A,5927.38572,N,02446.24864,E,16.97,16.0,140625,,,A*6E
$GPVTG,16.0,T,,M,16.97,N,31.42,K,A*37
$HEHDT,14.9,T*13
$VWVHW,14.9,T,,M,17.04,N,31.56,K*45
$GPGGA,080020.00,5927.39051,N,02446.25093,E,1,12,0.9,15.2,M,21.0,M,,*57
$GPRMC,080020.00,A,5927.39051,N,02446.25093,E,17.05,16.2,140625,,,A*68
$GPVTG,16.2,T,,M,17.05,N,31.57,K,A*3B
$HEHDT,15.1,T*1A
$VWVHW,15.1,T,,M,17.09,N,31.65,K*41
$GPGSV,2,1,08,03,62,040,50,08,40,095,47,11,24,150,41,14,51,205,47*75
$GPGSV,2,2,08,17,68,262,48,22,21,310,42,28,07,350,37,31,55,120,48*76
$GAGSV,2,1,05,04,49,070,48,09,37,180,44,12,68,235,51,24,12,285,41*6A
$GAGSV,2,2,05,31,18,020,40*50
$GPZDA,080020.00,14,06,2025,00,00*6A
$GPGGA,080021.00,5927.39503,N,02446.25416,E,1,12,0.9,15.5,M,21.0,M,,*5A
$GPRMC,080021.00,A,5927.39503,N,02446.25416,E,17.02,16.0,140625,,,A*67
$GPVTG,16.0,T,,M,17.02,N,31.51,K,A*38
$HEHDT,15.1,T*1A
$VWVHW,15.1,T,,M,17.17,N,31.80,K*45
$GPGGA,080022.00,5927.39939,N,02446.25631,E,1,12,0.9,16.1,M,21.0,M,,*5C
$GPRMC,080022.00,A,5927.39939,N,02446.25631,E,17.00,15.8,140625,,,A*6F
$GPVTG,15.8,T,,M,17.00,N,31.49,K,A*38
$HEHDT,14.6,T*1C
$VWVHW,14.6,T,,M,17.18,N,31.82,K*4E
$GPGGA,080023.00,5927.40403,N,02446.26000,E,1,12,0.9,15.8,M,21.0,M,,*5A
$GPRMC,080023.00,A,5927.40403,N,02446.26000,E,17.28,16.0,140625,,,A*62
$GPVTG,16.0,T,,M,17.28,N,32.00,K,A*37
$HEHDT,14.3,T*19
$VWVHW,14.3,T,,M,17.08,N,31.64,K*42
$GPGGA,080024.00,5927.40845,N,02446.26182,E,1,12,0.9,16.2,M,21.0,M,,*51
$GPRMC,080024.00,A,5927.40845,N,02446.26182,E,17.01,15.7,140625,,,A*6F
$GPVTG,15.7,T,,M,17.01,N,31.50,K,A*3E
$HEHDT,14.8,T*12
$VWVHW,14.8,T,,M,17.14,N,31.75,K*44
$GPGGA,080025.00,5927.41315,N,02446.26514,E,1,12,0.9,16.2,M,21.0,M,,*54
$GPRMC,080025.00,A,5927.41315,N,02446.26514,E,17.17,16.1,140625,,,A*68
$GPVTG,16.1,T,,M,17.17,N,31.80,K,A*31
$HEHDT,14.6,T*1C
$VWVHW,14.6,T,,M,17.20,N,31.85,K*42
$GPGSV,2,1,08,03,62,040,50,08,40,095,47,11,24,150,39,14,51,205,46*7B
$GPGSV,2,2,08,17,68,262,49,22,21,310,41,28,07,350,36,31,55,120,48*75
$GAGSV,2,1,05,04,49,070,47,09,37,180,44,12,68,235,49,24,12,285,42*6F
$GAGSV,2,2,05,31,18,020,40*50
$GPZDA,080025.00,14,06,2025,00,00*6F
$GPGGA,080026.00,5927.41768,N,02446.26766,E,1,12,0.9,16.2,M,21.0,M,,*5E
$GPRMC,080026.00,A,5927.41768,N,02446.26766,E,16.97,16.1,140625,,,A*6B
$GPVTG,16.1,T,,M,16.97,N,31.42,K,A*36
$HEHDT,14.6,T*1C
$VWVHW,14.6,T,,M,17.08,N,31.63,K*40
$GPGGA,080027.00,5927.42240,N,02446.27032,E,1,12,0.9,16.5,M,21.0,M,,*53
$GPRMC,080027.00,A,5927.42240,N,02446.27032,E,17.13,16.2,140625,,,A*6F
$GPVTG,16.2,T,,M,17.13,N,31.72,K,A*3B
$HEHDT,14.5,T*1F
$VWVHW,14.5,T,,M,17.12,N,31.70,K*4A
$GPGGA,080028.00,5927.42739,N,02446.27282,E,1,12,0.9,15.7,M,21.0,M,,*5F
$GPRMC,080028.00,A,5927.42739,N,02446.27282,E,16.94,15.8,140625,,,A*65
$GPVTG,15.8,T,,M,16.94,N,31.37,K,A*3D
$HEHDT,14.7,T*1D
$VWVHW,14.7,T,,M,17.15,N,31.76,K*49
$GPGGA,080029.00,5927.43163,N,02446.27555,E,1,12,1.0,15.8,M,21.0,M,,*5C
$GPRMC,080029.00,A,5927.43163,N,02446.27555,E,17.15,16.1,140625,,,A*63
$GPVTG,16.1,T,,M,17.15,N,31.76,K,A*3A
$HEHDT,14.5,T*1F
$VWVHW,14.5,T,,M,17.23,N,31.90,K*46
$GPGGA,080030.00,5927.43589,N,02446.27774,E,1,12,1.0,15.9,M,21.0,M,,*54
$GPRMC,080030.00,A,5927.43589,N,02446.27774,E,17.19,16.3,140625,,,A*64
$GPVTG,16.3,T,,M,17.19,N,31.83,K,A*3E
$HEHDT,14.8,T*12
$VWVHW,14.8,T,,M,17.17,N,31.79,K*4B
$GPGSV,2,1,08,03,62,040,50,08,40,095,48,11,24,150,40,14,50,205,46*7B
$GPGSV,2,2,08,17,68,262,49,22,21,310,40,28,07,350,37,31,55,120,48*75
$GAGSV,2,1,05,04,49,070,48,09,37,180,44,12,68,235,49,24,12,285,41*63
$GAGSV,2,2,05,31,18,020,40*50
$GPZDA,080030.00,14,06,2025,00,00*6B
$GPGGA,080031.00,5927.44063,N,02446.28053,E,1,12,1.0,15.9,M,21.0,M,,*5E
$GPRMC,080031.00,A,5927.44063,N,02446.28053,E,17.12,16.2,140625,,,A*64
$GPVTG,16.2,T,,M,17.12,N,31.71,K,A*39
$HEHDT,14.9,T*13
$VWVHW,14.9,T,,M,17.22,N,31.88,K*42
$GPGGA,080032.00,5927.44583,N,02446.28357,E,1,12,1.0,15.7,M,21.0,M,,*5F
$GPRMC,080032.00,A,5927.44583,N,02446.28357,E,17.17,15.7,140625,,,A*68
$GPVTG,15.7,T,,M,17.17,N,31.79,K,A*32
$HEHDT,15.3,T*18
$VWVHW,15.3,T,,M,17.11,N,31.69,K*46
$GPGGA,080033.00,5927.44975,N,02446.28604,E,1,12,1.0,15.7,M,21.0,M,,*58
$GPRMC,080033.00,A,5927.44975,N,02446.28604,E,17.02,16.2,140625,,,A*6D
$GPVTG,16.2,T,,M,17.02,N,31.52,K,A*39
$HEHDT,15.1,T*1A
$VWVHW,15.1,T,,M,17.20,N,31.86,K*47
$GPGGA,080034.00,5927.45495,N,02446.28840,E,1,12,1.0,15.9,M,21.0,M,,*5D
$GPRMC,080034.00,A,5927.45495,N,02446.28840,E,17.29,16.5,140625,,,A*68
$GPVTG,16.5,T,,M,17.29,N,32.01,K,A*32
$HEHDT,15.2,T*19
$VWVHW,15.2,T,,M,17.20,N,31.85,K*47
$GPGGA,080035.00,5927.45936,N,02446.29108,E,1,12,1.0,15.7,M,21.0,M,,*52
$GPRMC,080035.00,A,5927.45936,N,02446.29108,E,17.11,16.5,140625,,,A*62
$GPVTG,16.5,T,,M,17.11,N,31.68,K,A*35
$HEHDT,14.6,T*1C
$VWVHW,14.6,T,,M,17.18,N,31.81,K*4D
$GPGSV,2,1,08,03,62,040,50,08,40,095,45,11,24,150,40,14,50,205,47*77
$GPGSV,2,2,08,17,68,262,49,22,21,310,41,28,07,350,36,31,55,120,48*75
$GAGSV,2,1,05,04,49,070,49,09,37,180,44,12,68,235,49,24,12,285,41*62
$GAGSV,2,2,05,31,18,020,41*51
$GPZDA,080035.00,14,06,2025,00,00*6E
$GPGGA,080036.00,5927.46356,N,02446.29266,E,1,12,1.0,16.2,M,21.0,M,,*53
$GPRMC,080036.00,A,5927.46356,N,02446.29266,E,17.11,16.1,140625,,,A*61
$GPVTG,16.1,T,,M,17.11,N,31.68,K,A*31
$HEHDT,14.9,T*13
$VWVHW,14.9,T,,M,17.24,N,31.92,K*4F
$GPGGA,080037.00,5927.46775,N,02446.29572,E,1,12,1.0,16.2,M,21.0,M,,*55
$GPRMC,080037.00,A,5927.46775,N,02446.29572,E,17.07,16.3,140625,,,A*62
$GPVTG,16.3,T,,M,17.07,N,31.61,K,A*3D
$HEHDT,14.9,T*13
$VWVHW,14.9,T,,M,17.20,N,31.86,K*4E
$GPGGA,080038.00,5927.47275,N,02446.29797,E,1,12,1.0,15.6,M,21.0,M,,*50
$GPRMC,080038.00,A,5927.47275,N,02446.29797,E,17.18,16.1,140625,,,A*6C
$GPVTG,16.1,T,,M,17.18,N,31.82,K,A*3C
$HEHDT,14.9,T*13
$VWVHW,14.9,T,,M,17.35,N,32.13,K*45
$GPGGA,080039.00,5927.47696,N,02446.30167,E,1,12,1.0,15.9,M,21.0,M,,*56
$GPRMC,080039.00,A,5927.47696,N,02446.30167,E,17.02,16.2,140625,,,A*6D
$GPVTG,16.2,T,,M,17.02,N,31.52,K,A*39
$HEHDT,14.9,T*13
$VWVHW,14.9,T,,M,17.18,N,31.81,K*42
$GPGGA,080040.00,5927.48188,N,02446.30334,E,1,12,1.0,15.2,M,21.0,M,,*50
$GPRMC,080040.00,A,5927.48188,N,02446.30334,E,17.12,16.3,140625,,,A*60
$GPVTG,16.3,T,,M,17.12,N,31.70,K,A*39
$HEHDT,14.8,T*12
$VWVHW,14.8,T,,M,17.29,N,32.01,K*4A
$GPGSV,2,1,08,03,62,040,50,08,40,095,46,11,24,150,39,14,50,205,46*7B
$GPGSV,2,2,08,17,68,262,48,22,21,310,41,28,07,350,35,31,55,120,49*76
$GAGSV,2,1,05,04,49,070,47,09,37,180,45,12,68,235,48,24,12,285,40*6D
$GAGSV,2,2,05,31,18,020,40*50
$GPZDA,080040.00,14,06,2025,00,00*6C
$GPGGA,080041.00,5927.48590,N,02446.30668,E,1,12,1.0,16.2,M,21.0,M,,*53
$GPRMC,080041.00,A,5927.48590,N,02446.30668,E,17.15,16.1,140625,,,A*65
$GPVTG,16.1,T,,M,17.15,N,31.76,K,A*3A
$HEHDT,14.9,T*13
$VWVHW,14.9,T,,M,17.41,N,32.24,K*42
$GPGGA,080042.00,5927.49073,N,02446.30959,E,1,12,1.0,15.9,M,21.0,M,,*5C
$GPRMC,080042.00,A,5927.49073,N,02446.30959,E,17.20,16.3,140625,,,A*66
$GPVTG,16.3,T,,M,17.20,N,31.85,K,A*32
$HEHDT,14.6,T*1C
$VWVHW,14.6,T,,M,17.38,N,32.19,K*4D
$GPGGA,080043.00,5927.49532,N,02446.31199,E,1,12,1.0,16.8,M,21.0,M,,*5A
$GPRMC,080043.00,A,5927.49532,N,02446.31199,E,17.01,16.1,140625,,,A*63
$GPVTG,16.1,T,,M,17.01,N,31.50,K,A*3B
$HEHDT,14.4,T*1E
$VWVHW,14.4,T,,M,17.18,N,31.82,K*4C
$GPGGA,080044.00,5927.49911,N,02446.31533,E,1,12,1.0,16.7,M,21.0,M,,*5B
$GPRMC,080044.00,A,5927.49911,N,02446.31533,E,17.37,16.3,140625,,,A*6A
$GPVTG,16.3,T,,M,17.37,N,32.17,K,A*3C
$HEHDT,14.7,T*1D
$VWVHW,14.7,T,,M,17.09,N,31.65,K*46
$GPGGA,080045.00,5927.50445,N,02446.31768,E,1,12,1.0,17.1,M,21.0,M,,*55
$GPRMC,080045.00,A,5927.50445,N,02446.31768,E,17.26,16.0,140625,,,A*60
$GPVTG,16.0,T,,M,17.26,N,31.96,K,A*35
$HEHDT,14.7,T*1D
$VWVHW,14.7,T,,M,17.33,N,32.09,K*46
$GPGSV,2,1,08,03,62,040,51,08,40,095,46,11,24,150,40,14,50,205,46*74
$GPGSV,2,2,08,17,68,262,49,22,21,310,42,28,07,350,36,31,55,120,49*77
$GAGSV,2,1,05,04,49,070,46,09,37,180,46,12,68,235,49,24,12,285,41*6F
$GAGSV,2,2,05,31,18,020,40*50
$GPZDA,080045.00,14,06,2025,00,00*69
$GPGGA,080046.00,5927.50895,N,02446.32054,E,1,12,1.0,17.2,M,21.0,M,,*5F
$GPRMC,080046.00,A,5927.50895,N,02446.32054,E,17.23,16.6,140625,,,A*6A
$GPVTG,16.6,T,,M,17.23,N,31.91,K,A*31
$HEHDT,14.7,T*1D
$VWVHW,14.7,T,,M,17.21,N,31.88,K*4F
$GPGGA,080047.00,5927.51304,N,02446.32349,E,1,12,1.0,17.0,M,21.0,M,,*51
$GPRMC,080047.00,A,5927.51304,N,02446.32349,E,17.09,16.3,140625,,,A*6B
$GPVTG,16.3,T,,M,17.09,N,31.65,K,A*37
$HEHDT,14.6,T*1C
$VWVHW,14.6,T,,M,17.17,N,31.80,K*43
$GPGGA,080048.00,5927.51744,N,02446.32641,E,1,12,1.0,17.4,M,21.0,M,,*57
$GPRMC,080048.00,A,5927.51744,N,02446.32641,E,17.20,15.5,140625,,,A*67
$GPVTG,15.5,T,,M,17.20,N,31.86,K,A*34
$HEHDT,14.7,T*1D
$VWVHW,14.7,T,,M,17.19,N,31.83,K*4F
$GPGGA,080049.00,5927.52254,N,02446.32798,E,1,12,1.0,16.7,M,21.0,M,,*56
$GPRMC,080049.00,A,5927.52254,N,02446.32798,E,17.25,16.5,140625,,,A*62
$GPVTG,16.5,T,,M,17.25,N,31.94,K,A*31
$HEHDT,14.9,T*13
$VWVHW,14.9,T,,M,17.13,N,31.72,K*45
$GPGGA,080050.00,5927.52689,N,02446.33074,E,1,12,1.0,16.8,M,21.0,M,,*51
$GPRMC,080050.00,A,5927.52689,N,02446.33074,E,17.27,16.2,140625,,,A*6F
$GPVTG,16.2,T,,M,17.27,N,31.98,K,A*38
$HEHDT,15.0,T*1B
$VWVHW,15.0,T,,M,17.20,N,31.86,K*46
$GPGSV,2,1,08,03,62,040,51,08,40,095,46,11,24,150,40,14,50,205,45*77
$GPGSV,2,2,08,17,68,262,49,22,21,310,41,28,07,350,38,31,55,120,49*7A
$GAGSV,2,1,05,04,49,070,46,09,37,180,45,12,68,235,49,24,12,285,40*6D
$GAGSV,2,2,05,31,18,020,42*52
$GPZDA,080050.00,14,06,2025,00,00*6D
$GPGGA,080051.00,5927.53182,N,02446.33327,E,1,12,1.0,17.1,M,21.0,M,,*50
$GPRMC,080051.00,A,5927.53182,N,02446.33327,E,17.10,16.9,140625,,,A*69
$GPVTG,16.9,T,,M,17.10,N,31.67,K,A*37
$HEHDT,14.8,T*12
$VWVHW,14.8,T,,M,17.16,N,31.78,K*4B
$GPGGA,080052.00,5927.53615,N,02446.33603,E,1,12,1.0,17.2,M,21.0,M,,*5A
$GPRMC,080052.00,A,5927.53615,N,02446.33603,E,17.12,16.3,140625,,,A*68
$GPVTG,16.3,T,,M,17.12,N,31.71,K,A*38
$HEHDT,14.6,T*1C
$VWVHW,14.6,T,,M,17.38,N,32.18,K*4C
$GPGGA,080053.00,5927.54089,N,02446.33835,E,1,12,1.0,17.1,M,21.0,M,,*57
$GPRMC,080053.00,A,5927.54089,N,02446.33835,E,17.16,16.4,140625,,,A*65
$GPVTG,16.4,T,,M,17.16,N,31.78,K,A*32
$HEHDT,14.5,T*1F
$VWVHW,14.5,T,,M,17.33,N,32.09,K*44
$GPGGA,080054.00,5927.54533,N,02446.34097,E,1,12,1.0,16.4,M,21.0,M,,*57
$GPRMC,080054.00,A,5927.54533,N,02446.34097,E,17.21,15.8,140625,,,A*6A
$GPVTG,15.8,T,,M,17.21,N,31.87,K,A*39
$HEHDT,15.0,T*1B
$VWVHW,15.0,T,,M,17.30,N,32.04,K*4E
$GPGGA,080055.00,5927.54998,N,02446.34418,E,1,12,1.0,16.3,M,21.0,M,,*5F
$GPRMC,080055.00,A,5927.54998,N,02446.34418,E,17.42,16.6,140625,,,A*6D
$GPVTG,16.6,T,,M,17.42,N,32.27,K,A*38
$HEHDT,14.3,T*19
$VWVHW,14.3,T,,M,17.29,N,32.03,K*43
$GPGSV,2,1,08,03,62,040,49,08,40,095,47,11,24,150,41,14,50,205,46*7D
$GPGSV,2,2,08,17,68,262,49,22,21,310,42,28,07,350,37,31,55,120,49*76
$GAGSV,2,1,05,04,49,070,47,09,37,180,46,12,68,235,49,24,12,285,41*6E
$GAGSV,2,2,05,31,18,020,41*51
$GPZDA,080055.00,14,06,2025,00,00*68
$GPGGA,080056.00,5927.55445,N,02446.34684,E,1,12,1.0,17.0,M,21.0,M,,*55
$GPRMC,080056.00,A,5927.55445,N,02446.34684,E,17.17,16.3,140625,,,A*60
$GPVTG,16.3,T,,M,17.17,N,31.79,K,A*35
$HEHDT,15.6,T*1D
$VWVHW,15.6,T,,M,17.29,N,32.02,K*46
$GPGGA,080057.00,5927.55914,N,02446.34852,E,1,12,1.0,16.4,M,21.0,M,,*5D
$GPRMC,080057.00,A,5927.55914,N,02446.34852,E,17.17,16.2,140625,,,A*6C
$GPVTG,16.2,T,,M,17.17,N,31.80,K,A*32
$HEHDT,14.9,T*13
$VWVHW,14.9,T,,M,17.28,N,32.01,K*4A
$GPGGA,080058.00,5927.56363,N,02446.35086,E,1,12,1.0,16.6,M,21.0,M,,*59
$GPRMC,080058.00,A,5927.56363,N,02446.35086,E,17.21,16.3,140625,,,A*6E
$GPVTG,16.3,T,,M,17.21,N,31.87,K,A*31
$HEHDT,15.0,T*1B
$VWVHW,15.0,T,,M,17.39,N,32.20,K*41
$GPGGA,080059.00,5927.56860,N,02446.35426,E,1,12,1.0,16.8,M,21.0,M,,*50
$GPRMC,080059.00,A,5927.56860,N,02446.35426,E,17.15,16.2,140625,,,A*6F
$GPVTG,16.2,T,,M,17.15,N,31.76,K,A*39
$HEHDT,14.8,T*12
$VWVHW,14.8,T,,M,17.21,N,31.87,K*4F
$GPGGA,080100.00,5927.57288,N,02446.35662,E,1,12,1.0,17.2,M,21.0,M,,*59
$GPRMC,080100.00,A,5927.57288,N,02446.35662,E,17.16,16.0,140625,,,A*6C
$GPVTG,16.0,T,,M,17.16,N,31.79,K,A*37
$HEHDT,14.8,T*12
$VWVHW,14.8,T,,M,17.24,N,31.94,K*48
$GPGSV,2,1,08,03,62,040,51,08,40,095,46,11,24,150,40,14,50,205,46*74
$GPGSV,2,2,08,17,68,262,48,22,21,310,42,28,07,350,37,31,55,120,49*77
$GAGSV,2,1,05,04,49,070,47,09,37,180,46,12,68,235,50,24,12,285,41*66
$GAGSV,2,2,05,31,18,020,40*50
$GPZDA,080100.00,14,06,2025,00,00*69
$GPGGA,080101.00,5927.57709,N,02446.35985,E,1,12,1.0,17.3,M,21.0,M,,*53
$GPRMC,080101.00,A,5927.57709,N,02446.35985,E,17.13,15.8,140625,,,A*69
$GPVTG,15.8,T,,M,17.13,N,31.73,K,A*33
$HEHDT,14.2,T*18
$VWVHW,14.2,T,,M,17.26,N,31.96,K*42
$GPGGA,080102.00,5927.58207,N,02446.36265,E,1,12,1.0,16.4,M,21.0,M,,*54
$GPRMC,080102.00,A,5927.58207,N,02446.36265,E,17.18,16.2,140625,,,A*6A
$GPVTG,16.2,T,,M,17.18,N,31.82,K,A*3F
$HEHDT,15.3,T*18
$VWVHW,15.3,T,,M,17.29,N,32.02,K*43
$GPGGA,080103.00,5927.58660,N,02446.36600,E,1,12,1.0,17.2,M,21.0,M,,*50
$GPRMC,080103.00,A,5927.58660,N,02446.36600,E,17.11,16.2,140625,,,A*60
$GPVTG,16.2,T,,M,17.11,N,31.69,K,A*33
$HEHDT,15.0,T*1B
$VWVHW,15.0,T,,M,17.31,N,32.07,K*4C
$GPGGA,080104.00,5927.59101,N,02446.36802,E,1,12,1.0,17.3,M,21.0,M,,*5B
$GPRMC,080104.00,A,5927.59101,N,02446.36802,E,17.22,16.1,140625,,,A*69
$GPVTG,16.1,T,,M,17.22,N,31.89,K,A*3E
$HEHDT,15.0,T*1B
$VWVHW,15.0,T,,M,17.27,N,31.98,K*4E
$GPGGA,080105.00,5927.59601,N,02446.37044,E,1,12,1.0,16.4,M,21.0,M,,*50
$GPRMC,080105.00,A,5927.59601,N,02446.37044,E,17.19,16.1,140625,,,A*6C
$GPVTG,16.1,T,,M,17.19,N,31.83,K,A*3C
$HEHDT,14.9,T*13
$VWVHW,14.9,T,,M,17.32,N,32.07,K*47
$GPGSV,2,1,08,03,62,040,50,08,40,095,46,11,24,150,41,14,50,205,45*77
$GPGSV,2,2,08,17,68,262,48,22,21,310,42,28,07,350,36,31,55,120,49*76
$GAGSV,2,1,05,04,49,070,48,09,37,180,45,12,68,235,50,24,12,285,41*6A
$GAGSV,2,2,05,31,18,020,40*50
$GPZDA,080105.00,14,06,2025,00,00*6C
$GPGGA,080106.00,5927.60042,N,02446.37186,E,1,12,1.0,17.8,M,21.0,M,,*5A
$GPRMC,080106.00,A,5927.60042,N,02446.37186,E,17.15,16.1,140625,,,A*67
$GPVTG,16.1,T,,M,17.15,N,31.77,K,A*3B
$HEHDT,14.7,T*1D
$VWVHW,14.7,T,,M,17.25,N,31.95,K*47
$GPGGA,080107.00,5927.60480,N,02446.37542,E,1,12,1.0,17.2,M,21.0,M,,*57
$GPRMC,080107.00,A,5927.60480,N,02446.37542,E,17.16,16.0,140625,,,A*62
$GPVTG,16.0,T,,M,17.16,N,31.79,K,A*37
$HEHDT,14.7,T*1D
$VWVHW,14.7,T,,M,17.23,N,31.91,K*45
$GPGGA,080108.00,5927.60927,N,02446.37757,E,1,12,1.0,16.9,M,21.0,M,,*54
$GPRMC,080108.00,A,5927.60927,N,02446.37757,E,17.15,16.1,140625,,,A*69
$GPVTG,16.1,T,,M,17.15,N,31.76,K,A*3A
$HEHDT,14.9,T*13
$VWVHW,14.9,T,,M,17.37,N,32.17,K*43
$GPGGA,080109.00,5927.61370,N,02446.38014,E,1,12,1.0,17.1,M,21.0,M,,*5A
$GPRMC,080109.00,A,5927.61370,N,02446.38014,E,17.14,16.3,140625,,,A*6D
$GPVTG,16.3,T,,M,17.14,N,31.74,K,A*3B
$HEHDT,14.5,T*1F
$VWVHW,14.5,T,,M,17.27,N,31.99,K*4B
$GPGGA,080110.00,5927.61824,N,02446.38204,E,1,12,1.0,16.8,M,21.0,M,,*53
$GPRMC,080110.00,A,5927.61824,N,02446.38204,E,17.03,16.3,140625,,,A*6A
$GPVTG,16.3,T,,M,17.03,N,31.54,K,A*3F
$HEHDT,14.8,T*12
$VWVHW,14.8,T,,M,17.22,N,31.88,K*43
$GPGSV,2,1,08,03,62,040,50,08,40,095,46,11,24,150,42,14,50,205,46*77
$GPGSV,2,2,08,17,68,262,48,22,21,310,42,28,07,350,37,31,55,120,49*77
$GAGSV,2,1,05,04,49,070,47,09,37,180,47,12,68,235,50,24,12,285,40*66
$GAGSV,2,2,05,31,18,020,42*52
$GPZDA,080110.00,14,06,2025,00,00*68
$GPGGA,080111.00,5927.62268,N,02446.38506,E,1,12,1.0,17.6,M,21.0,M,,*59
$GPRMC,080111.00,A,5927.62268,N,02446.38506,E,17.30,16.1,140625,,,A*6D
$GPVTG,16.1,T,,M,17.30,N,32.03,K,A*3C
$HEHDT,14.7,T*1D
$VWVHW,14.7,T,,M,17.53,N,32.46,K*4B
$GPGGA,080112.00,5927.62685,N,02446.38781,E,1,12,1.0,17.4,M,21.0,M,,*52
$GPRMC,080112.00,A,5927.62685,N,02446.38781,E,17.22,16.2,140625,,,A*64
$GPVTG,16.2,T,,M,17.22,N,31.90,K,A*35
$HEHDT,14.6,T*1C
$VWVHW,14.6,T,,M,17.31,N,32.05,K*49
$GPGGA,080113.00,5927.63204,N,02446.38986,E,1,12,1.0,17.6,M,21.0,M,,*54
$GPRMC,080113.00,A,5927.63204,N,02446.38986,E,17.29,16.0,140625,,,A*69
$GPVTG,16.0,T,,M,17.29,N,32.02,K,A*34
$HEHDT,14.7,T*1D
$VWVHW,14.7,T,,M,17.36,N,32.16,K*4D
$GPGGA,080114.00,5927.63624,N,02446.39276,E,1,12,1.0,17.1,M,21.0,M,,*57
$GPRMC,080114.00,A,5927.63624,N,02446.39276,E,17.22,16.3,140625,,,A*65
$GPVTG,16.3,T,,M,17.22,N,31.90,K,A*34
$HEHDT,15.0,T*1B
$VWVHW,15.0,T,,M,17.29,N,32.02,K*40
$GPGGA,080115.00,5927.64111,N,02446.39586,E,1,12,1.0,17.1,M,21.0,M,,*58
$GPRMC,080115.00,A,5927.64111,N,02446.39586,E,17.24,16.3,140625,,,A*6C
$GPVTG,16.3,T,,M,17.24,N,31.94,K,A*36
$HEHDT,14.6,T*1C
$VWVHW,14.6,T,,M,17.31,N,32.06,K*4A
$GPGSV,2,1,08,03,62,040,50,08,40,095,46,11,24,150,41,14,50,205,45*77
$GPGSV,2,2,08,17,68,262,49,22,21,310,42,28,07,350,36,31,55,120,49*77
$GAGSV,2,1,05,04,49,070,46,09,37,180,46,12,68,235,50,24,12,285,40*66
$GAGSV,2,2,05,31,18,020,42*52
$GPZDA,080115.00,14,06,2025,00,00*6D
$GPGGA,080116.00,5927.64572,N,02446.39854,E,1,12,1.0,17.1,M,21.0,M,,*58
$GPRMC,080116.00,A,5927.64572,N,02446.39854,E,17.28,15.7,140625,,,A*67
$GPVTG,15.7,T,,M,17.28,N,32.00,K,A*33
$HEHDT,14.1,T*1B
$VWVHW,14.1,T,,M,17.30,N,32.04,K*4E
$GPGGA,080117.00,5927.64960,N,02446.40178,E,1,12,1.0,17.5,M,21.0,M,,*5B
$GPRMC,080117.00,A,5927.64960,N,02446.40178,E,17.22,16.5,140625,,,A*6B
$GPVTG,16.5,T,,M,17.22,N,31.90,K,A*32
$HEHDT,14.6,T*1C
$VWVHW,14.6,T,,M,17.35,N,32.14,K*4D
$GPGGA,080118.00,5927.65468,N,02446.40331,E,1,12,1.0,17.5,M,21.0,M,,*5F
$GPRMC,080118.00,A,5927.65468,N,02446.40331,E,17.09,16.5,140625,,,A*66
$GPVTG,16.5,T,,M,17.09,N,31.65,K,A*31
$HEHDT,15.0,T*1B
$VWVHW,15.0,T,,M,17.20,N,31.85,K*45
$GPGGA,080119.00,5927.65917,N,02446.40663,E,1,12,1.0,17.5,M,21.0,M,,*59
$GPRMC,080119.00,A,5927.65917,N,02446.40663,E,17.05,16.3,140625,,,A*6A
$GPVTG,16.3,T,,M,17.05,N,31.58,K,A*35
$HEHDT,14.4,T*1E
$VWVHW,14.4,T,,M,17.29,N,32.02,K*45
$GPGGA,080120.00,5927.66323,N,02446.40890,E,1,12,1.0,17.2,M,21.0,M,,*58
$GPRMC,080120.00,A,5927.66323,N,02446.40890,E,17.17,16.5,140625,,,A*69
$GPVTG,16.5,T,,M,17.17,N,31.80,K,A*35
$HEHDT,15.1,T*1A
$VWVHW,15.1,T,,M,17.43,N,32.28,K*45
$GPGSV,2,1,08,03,62,040,50,08,40,095,47,11,24,150,42,14,50,205,45*75
$GPGSV,2,2,08,17,68,262,48,22,21,310,41,28,07,350,37,31,55,120,49*74
$GAGSV,2,1,05,04,49,070,46,09,37,180,46,12,68,235,50,24,12,285,40*66
$GAGSV,2,2,05,31,18,020,41*51
$GPZDA,080120.00,14,06,2025,00,00*6B
$GPGGA,080121.00,5927.66813,N,02446.41179,E,1,12,1.0,17.2,M,21.0,M,,*5E
$GPRMC,080121.00,A,5927.66813,N,02446.41179,E,17.15,16.6,140625,,,A*6E
$GPVTG,16.6,T,,M,17.15,N,31.76,K,A*3D
$HEHDT,14.8,T*12
$VWVHW,14.8,T,,M,17.31,N,32.06,K*44
$GPGGA,080122.00,5927.67288,N,02446.41465,E,1,12,1.0,18.0,M,21.0,M,,*51
$GPRMC,080122.00,A,5927.67288,N,02446.41465,E,17.04,16.1,140625,,,A*6B
$GPVTG,16.1,T,,M,17.04,N,31.56,K,A*38
$HEHDT,14.6,T*1C
$VWVHW,14.6,T,,M,17.24,N,31.94,K*46
$GPGGA,080123.00,5927.67754,N,02446.41711,E,1,12,1.0,17.4,M,21.0,M,,*5F
$GPRMC,080123.00,A,5927.67754,N,02446.41711,E,17.16,15.5,140625,,,A*6A
$GPVTG,15.5,T,,M,17.16,N,31.79,K,A*31
$HEHDT,14.6,T*1C
$VWVHW,14.6,T,,M,17.25,N,31.95,K*46
$GPGGA,080124.00,5927.68160,N,02446.42015,E,1,12,1.0,17.4,M,21.0,M,,*56
$GPRMC,080124.00,A,5927.68160,N,02446.42015,E,17.11,16.3,140625,,,A*61
$GPVTG,16.3,T,,M,17.11,N,31.69,K,A*32
$HEHDT,14.8,T*12
$VWVHW,14.8,T,,M,17.36,N,32.16,K*42
$GPGGA,080125.00,5927.68610,N,02446.42226,E,1,12,1.0,16.9,M,21.0,M,,*59
$GPRMC,080125.00,A,5927.68610,N,02446.42226,E,17.14,15.8,140625,,,A*6F
$GPVTG,15.8,T,,M,17.14,N,31.74,K,A*33
$HEHDT,14.6,T*1C
$VWVHW,14.6,T,,M,17.21,N,31.87,K*41
$GPGSV,2,1,08,03,62,040,49,08,40,095,46,11,24,150,41,14,50,205,46*7C
$GPGSV,2,2,08,17,68,262,48,22,21,310,42,28,08,350,36,31,55,120,50*71
$GAGSV,2,1,05,04,49,070,47,09,37,180,45,12,68,235,51,24,12,285,41*64
$GAGSV,2,2,05,31,18,020,41*51
$GPZDA,080125.00,14,06,2025,00,00*6E
$GPGGA,080126.00,5927.69076,N,02446.42533,E,1,12,1.0,18.0,M,21.0,M,,*59
$GPRMC,080126.00,A,5927.69076,N,02446.42533,E,17.29,16.2,140625,,,A*6F
$GPVTG,16.2,T,,M,17.29,N,32.01,K,A*35
$HEHDT,14.9,T*13
$VWVHW,14.9,T,,M,17.37,N,32.17,K*43
$GPGGA,080127.00,5927.69544,N,02446.42735,E,1,12,1.0,17.1,M,21.0,M,,*56
$GPRMC,080127.00,A,5927.69544,N,02446.42735,E,17.20,16.0,140625,,,A*65
$GPVTG,16.0,T,,M,17.20,N,31.86,K,A*32
$HEHDT,14.7,T*1D
$VWVHW,14.7,T,,M,17.18,N,31.81,K*4C
$GPGGA,080128.00,5927.69948,N,02446.42902,E,1,12,1.0,17.5,M,21.0,M,,*57
$GPRMC,080128.00,A,5927.69948,N,02446.42902,E,17.08,16.5,140625,,,A*6F
$GPVTG,16.5,T,,M,17.08,N,31.63,K,A*36
$HEHDT,14.5,T*1F
$VWVHW,14.5,T,,M,17.34,N,32.12,K*49
$GPGGA,080129.00,5927.70455,N,02446.43278,E,1,12,1.0,17.2,M,21.0,M,,*5F
$GPRMC,080129.00,A,5927.70455,N,02446.43278,E,17.34,16.1,140625,,,A*6B
$GPVTG,16.1,T,,M,17.34,N,32.11,K,A*3B
$HEHDT,14.9,T*13
$VWVHW,14.9,T,,M,17.32,N,32.08,K*48
$GPGGA,080130.00,5927.70862,N,02446.43556,E,1,12,1.0,17.1,M,21.0,M,,*57
$GPRMC,080130.00,A,5927.70862,N,02446.43556,E,17.26,16.1,140625,,,A*63
$GPVTG,16.1,T,,M,17.26,N,31.96,K,A*34
$HEHDT,15.2,T*19
$VWVHW,15.2,T,,M,17.30,N,32.05,K*4D
$GPGSV,2,1,08,03,62,040,49,08,40,095,45,11,24,150,42,14,50,205,46*7C
$GPGSV,2,2,08,17,68,262,48,22,21,310,42,28,08,350,36,31,55,120,50*71
$GAGSV,2,1,05,04,49,070,46,09,37,180,45,12,68,235,50,24,12,285,41*64
$GAGSV,2,2,05,31,18,020,40*50
$GPZDA,080130.00,14,06,2025,00,00*6A
$GPGGA,080131.00,5927.71371,N,02446.43806,E,1,12,1.0,17.5,M,21.0,M,,*52
$GPRMC,080131.00,A,5927.71371,N,02446.43806,E,17.31,16.2,140625,,,A*67
$GPVTG,16.2,T,,M,17.31,N,32.05,K,A*38
$HEHDT,14.7,T*1D
$VWVHW,14.7,T,,M,17.38,N,32.18,K*4D
$GPGGA,080132.00,5927.71729,N,02446.44067,E,1,12,1.0,17.9,M,21.0,M,,*5C
$GPRMC,080132.00,A,5927.71729,N,02446.44067,E,17.12,16.2,140625,,,A*64
$GPVTG,16.2,T,,M,17.12,N,31.70,K,A*38
$HEHDT,15.0,T*1B
$VWVHW,15.0,T,,M,17.20,N,31.86,K*46
$GPGGA,080133.00,5927.72239,N,02446.44443,E,1,12,1.0,17.3,M,21.0,M,,*52
$GPRMC,080133.00,A,5927.72239,N,02446.44443,E,17.29,16.0,140625,,,A*6A
$GPVTG,16.0,T,,M,17.29,N,32.01,K,A*37
$HEHDT,14.2,T*18
$VWVHW,14.2,T,,M,17.51,N,32.43,K*49
$GPGGA,080134.00,5927.72711,N,02446.44508,E,1,12,1.0,17.7,M,21.0,M,,*50
$GPRMC,080134.00,A,5927.72711,N,02446.44508,E,17.20,16.5,140625,,,A*60
$GPVTG,16.5,T,,M,17.20,N,31.85,K,A*34
$HEHDT,14.7,T*1D
$VWVHW,14.7,T,,M,17.25,N,31.94,K*46
$GPGGA,080135.00,5927.73122,N,02446.44863,E,1,12,1.1,18.1,M,21.0,M,,*5E
$GPRMC,080135.00,A,5927.73122,N,02446.44863,E,17.22,16.0,140625,,,A*61
$GPVTG,16.0,T,,M,17.22,N,31.89,K,A*3F
$HEHDT,14.7,T*1D
$VWVHW,14.7,T,,M,17.30,N,32.04,K*48
$GPGSV,2,1,08,03,62,040,49,08,40,095,46,11,24,150,42,14,50,205,46*7F
$GPGSV,2,2,08,17,68,262,47,22,21,310,42,28,08,350,37,31,55,120,49*77
$GAGSV,2,1,05,04,49,070,47,09,37,180,45,12,68,235,50,24,12,285,40*64
$GAGSV,2,2,05,31,18,020,40*50
$GPZDA,080135.00,14,06,2025,00,00*6F
$GPGGA,080136.00,5927.73546,N,02446.45076,E,1,12,1.1,18.0,M,21.0,M,,*57
$GPRMC,080136.00,A,5927.73546,N,02446.45076,E,17.35,15.9,140625,,,A*65
$GPVTG,15.9,T,,M,17.35,N,32.13,K,A*33
$HEHDT,15.1,T*1A
$VWVHW,15.1,T,,M,17.27,N,31.98,K*4F
$GPGGA,080137.00,5927.74070,N,02446.45441,E,1,12,1.1,17.3,M,21.0,M,,*5D
$GPRMC,080137.00,A,5927.74070,N,02446.45441,E,17.15,16.0,140625,,,A*6B
$GPVTG,16.0,T,,M,17.15,N,31.76,K,A*3B
$HEHDT,14.5,T*1F
$VWVHW,14.5,T,,M,17.38,N,32.19,K*4E
$GPGGA,080138.00,5927.74523,N,02446.45704,E,1,12,1.1,17.3,M,21.0,M,,*53
$GPRMC,080138.00,A,5927.74523,N,02446.45704,E,17.20,16.0,140625,,,A*63
$GPVTG,16.0,T,,M,17.20,N,31.86,K,A*32
$HEHDT,14.6,T*1C
$VWVHW,14.6,T,,M,17.11,N,31.69,K*42
$GPGGA,080139.00,5927.74971,N,02446.45931,E,1,12,1.1,17.2,M,21.0,M,,*50
$GPRMC,080139.00,A,5927.74971,N,02446.45931,E,17.21,16.4,140625,,,A*64
$GPVTG,16.4,T,,M,17.21,N,31.86,K,A*37
$HEHDT,14.9,T*13
$VWVHW,14.9,T,,M,17.21,N,31.88,K*41
$GPGGA,080140.00,5927.75465,N,02446.46193,E,1,12,1.1,17.3,M,21.0,M,,*55
$GPRMC,080140.00,A,5927.75465,N,02446.46193,E,17.13,16.3,140625,,,A*66
$GPVTG,16.3,T,,M,17.13,N,31.73,K,A*3B
$HEHDT,14.7,T*1D
$VWVHW,14.7,T,,M,17.33,N,32.10,K*4E
$GPGSV,2,1,08,03,62,040,49,08,40,095,46,11,24,150,41,14,50,205,48*72
$GPGSV,2,2,08,17,68,262,48,22,21,310,41,28,08,350,37,31,55,120,50*73
$GAGSV,2,1,05,04,49,070,46,09,37,180,46,12,68,235,49,24,12,285,40*6E
$GAGSV,2,2,05,31,18,020,41*51
$GPZDA,080140.00,14,06,2025,00,00*6D
$GPGGA,080141.00,5927.75926,N,02446.46411,E,1,12,1.1,17.5,M,21.0,M,,*57
$GPRMC,080141.00,A,5927.75926,N,02446.46411,E,17.20,16.5,140625,,,A*64
$GPVTG,16.5,T,,M,17.20,N,31.85,K,A*34
$HEHDT,14.2,T*18
$VWVHW,14.2,T,,M,17.18,N,31.82,K*4A
$GPGGA,080142.00,5927.76349,N,02446.46616,E,1,12,1.1,17.3,M,21.0,M,,*57
$GPRMC,080142.00,A,5927.76349,N,02446.46616,E,17.15,16.1,140625,,,A*60
$GPVTG,16.1,T,,M,17.15,N,31.77,K,A*3B
$HEHDT,15.0,T*1B
$VWVHW,15.0,T,,M,17.31,N,32.07,K*4C
$GPGGA,080143.00,5927.76797,N,02446.46900,E,1,12,1.1,17.3,M,21.0,M,,*59
$GPRMC,080143.00,A,5927.76797,N,02446.46900,E,17.25,16.2,140625,,,A*6E
$GPVTG,16.2,T,,M,17.25,N,31.95,K,A*37
$HEHDT,15.1,T*1A
$VWVHW,15.1,T,,M,17.39,N,32.20,K*40
$GPGGA,080144.00,5927.77279,N,02446.47163,E,1,12,1.1,17.3,M,21.0,M,,*56
$GPRMC,080144.00,A,5927.77279,N,02446.47163,E,17.12,16.2,140625,,,A*65
$GPVTG,16.2,T,,M,17.12,N,31.71,K,A*39
$HEHDT,15.1,T*1A
$VWVHW,15.1,T,,M,17.11,N,31.68,K*45
$GPGGA,080145.00,5927.77716,N,02446.47444,E,1,12,1.1,17.9,M,21.0,M,,*51
$GPRMC,080145.00,A,5927.77716,N,02446.47444,E,17.12,16.0,140625,,,A*6A
$GPVTG,16.0,T,,M,17.12,N,31.71,K,A*3B
$HEHDT,14.9,T*13
$VWVHW,14.9,T,,M,17.13,N,31.73,K*44
$GPGSV,2,1,08,03,62,040,49,08,40,095,45,11,24,150,40,14,50,205,47*7F
$GPGSV,2,2,08,17,68,262,48,22,21,310,41,28,08,350,37,31,55,120,49*7B
$GAGSV,2,1,05,04,49,070,45,09,37,180,45,12,68,235,49,24,12,285,41*6F
$GAGSV,2,2,05,31,18,020,40*50
$GPZDA,080145.00,14,06,2025,00,00*68
$GPGGA,080146.00,5927.78189,N,02446.47664,E,1,12,1.1,18.1,M,21.0,M,,*5A
$GPRMC,080146.00,A,5927.78189,N,02446.47664,E,17.13,16.1,140625,,,A*66
$GPVTG,16.1,T,,M,17.13,N,31.73,K,A*39
$HEHDT,14.7,T*1D
$VWVHW,14.7,T,,M,17.21,N,31.88,K*4F
$GPGGA,080147.00,5927.78631,N,02446.47935,E,1,12,1.1,17.1,M,21.0,M,,*5B
$GPRMC,080147.00,A,5927.78631,N,02446.47935,E,17.14,16.3,140625,,,A*6D
$GPVTG,16.3,T,,M,17.14,N,31.74,K,A*3B
$HEHDT,15.0,T*1B
$VWVHW,15.0,T,,M,17.33,N,32.10,K*48
$GPGGA,080148.00,5927.79059,N,02446.48234,E,1,12,1.1,17.6,M,21.0,M,,*5F
$GPRMC,080148.00,A,5927.79059,N,02446.48234,E,17.41,16.1,140625,,,A*6C
$GPVTG,16.1,T,,M,17.41,N,32.25,K,A*3E
$HEHDT,15.0,T*1B
$VWVHW,15.0,T,,M,17.31,N,32.06,K*4D
$GPGGA,080149.00,5927.79521,N,02446.48453,E,1,12,1.1,17.8,M,21.0,M,,*5D
$GPRMC,080149.00,A,5927.79521,N,02446.48453,E,17.29,15.9,140625,,,A*65
$GPVTG,15.9,T,,M,17.29,N,32.02,K,A*3E
$HEHDT,14.6,T*1C
$VWVHW,14.6,T,,M,17.11,N,31.69,K*42
$GPGGA,080150.00,5927.79968,N,02446.48756,E,1,12,1.1,18.1,M,21.0,M,,*54
$GPRMC,080150.00,A,5927.79968,N,02446.48756,E,17.15,16.0,140625,,,A*6F
$GPVTG,16.0,T,,M,17.15,N,31.77,K,A*3A
$HEHDT,14.6,T*1C
$VWVHW,14.6,T,,M,17.19,N,31.83,K*4E
$GPGSV,2,1,08,03,62,040,49,08,40,095,46,11,24,150,43,14,50,205,46*7E
$GPGSV,2,2,08,17,68,262,47,22,21,310,42,28,08,350,35,31,55,120,50*7D
$GAGSV,2,1,05,04,49,070,46,09,37,180,44,12,68,235,50,24,12,285,40*64
$GAGSV,2,2,05,31,18,020,41*51
$GPZDA,080150.00,14,06,2025,00,00*6C
$GPGGA,080151.00,5927.80429,N,02446.48997,E,1,12,1.1,17.4,M,21.0,M,,*52
$GPRMC,080151.00,A,5927.80429,N,02446.48997,E,17.20,15.8,140625,,,A*6E
$GPVTG,15.8,T,,M,17.20,N,31.86,K,A*39
$HEHDT,14.6,T*1C
$VWVHW,14.6,T,,M,17.21,N,31.87,K*41
$GPGGA,080152.00,5927.80942,N,02446.49275,E,1,12,1.1,17.9,M,21.0,M,,*5A
$GPRMC,080152.00,A,5927.80942,N,02446.49275,E,17.07,16.3,140625,,,A*66
$GPVTG,16.3,T,,M,17.07,N,31.61,K,A*3D
$HEHDT,14.8,T*12
$VWVHW,14.8,T,,M,17.25,N,31.95,K*48
$GPGGA,080153.00,5927.81348,N,02446.49525,E,1,12,1.1,17.9,M,21.0,M,,*58
$GPRMC,080153.00,A,5927.81348,N,02446.49525,E,17.00,16.5,140625,,,A*65
$GPVTG,16.5,T,,M,17.00,N,31.48,K,A*37
$HEHDT,15.0,T*1B
$VWVHW,15.0,T,,M,17.24,N,31.93,K*46
$GPGGA,080154.00,5927.81832,N,02446.49744,E,1,12,1.1,18.2,M,21.0,M,,*58
$GPRMC,080154.00,A,5927.81832,N,02446.49744,E,17.00,16.2,140625,,,A*66
$GPVTG,16.2,T,,M,17.00,N,31.48,K,A*30
$HEHDT,14.5,T*1F
$VWVHW,14.5,T,,M,17.23,N,31.91,K*47
$GPGGA,080155.00,5927.82299,N,02446.50043,E,1,12,1.1,17.8,M,21.0,M,,*5C
$GPRMC,080155.00,A,5927.82299,N,02446.50043,E,17.09,16.6,140625,,,A*6A
$GPVTG,16.6,T,,M,17.09,N,31.66,K,A*31
$HEHDT,14.7,T*1D
$VWVHW,14.7,T,,M,17.34,N,32.10,K*49
$GPGSV,2,1,08,03,62,040,49,08,40,095,46,11,24,150,42,14,50,205,47*7E
$GPGSV,2,2,08,17,68,262,48,22,21,310,41,28,08,350,37,31,55,120,49*7B
$GAGSV,2,1,05,04,49,070,45,09,37,180,45,12,68,235,50,24,12,285,39*68
$GAGSV,2,2,05,31,18,020,41*51
$GPZDA,080155.00,14,06,2025,00,00*69
$GPGGA,080156.00,5927.82727,N,02446.50260,E,1,12,1.1,18.2,M,21.0,M,,*59
$GPRMC,080156.00,A,5927.82727,N,02446.50260,E,17.32,16.0,140625,,,A*64
$GPVTG,16.0,T,,M,17.32,N,32.07,K,A*3B
$HEHDT,14.9,T*13
$VWVHW,14.9,T,,M,17.16,N,31.78,K*4A
$GPGGA,080157.00,5927.83242,N,02446.50547,E,1,12,1.1,18.2,M,21.0,M,,*5D
$GPRMC,080157.00,A,5927.83242,N,02446.50547,E,17.12,16.4,140625,,,A*66
$GPVTG,16.4,T,,M,17.12,N,31.70,K,A*3E
$HEHDT,14.9,T*13
$VWVHW,14.9,T,,M,17.37,N,32.17,K*43
$GPGGA,080158.00,5927.83688,N,02446.50800,E,1,12,1.1,18.3,M,21.0,M,,*5F
$GPRMC,080158.00,A,5927.83688,N,02446.50800,E,17.09,15.6,140625,,,A*6E
$GPVTG,15.6,T,,M,17.09,N,31.66,K,A*32
$HEHDT,14.7,T*1D
$VWVHW,14.7,T,,M,17.24,N,31.93,K*40
$GPGGA,080159.00,5927.84147,N,02446.51060,E,1,12,1.1,17.9,M,21.0,M,,*57
$GPRMC,080159.00,A,5927.84147,N,02446.51060,E,17.23,15.9,140625,,,A*64
$GPVTG,15.9,T,,M,17.23,N,31.92,K,A*3E
$HEHDT,14.8,T*12
$VWVHW,14.8,T,,M,17.16,N,31.78,K*4B
$GPGGA,080200.00,5927.84593,N,02446.51365,E,1,12,1.1,17.6,M,21.0,M,,*5C
$GPRMC,080200.00,A,5927.84593,N,02446.51365,E,17.10,16.1,140625,,,A*6B
$GPVTG,16.1,T,,M,17.10,N,31.67,K,A*3F
$HEHDT,14.8,T*12
$VWVHW,14.8,T,,M,17.25,N,31.96,K*4B
$GPGSV,2,1,08,03,62,040,49,08,40,095,46,11,24,150,41,14,50,205,47*7D
$GPGSV,2,2,08,17,68,262,47,22,21,310,42,28,08,350,36,31,55,120,49*76
$GAGSV,2,1,05,04,49,070,45,09,37,180,45,12,68,235,50,24,12,285,40*66
$GAGSV,2,2,05,31,18,020,41*51
$GPZDA,080200.00,14,06,2025,00,00*6A
$GPGGA,080201.00,5927.85085,N,02446.51599,E,1,12,1.1,18.2,M,21.0,M,,*50
$GPRMC,080201.00,A,5927.85085,N,02446.51599,E,17.06,16.7,140625,,,A*6D
$GPVTG,16.7,T,,M,17.06,N,31.60,K,A*39
$HEHDT,15.1,T*1A
$VWVHW,15.1,T,,M,17.22,N,31.88,K*4B
$GPGGA,080202.00,5927.85515,N,02446.51901,E,1,12,1.1,18.2,M,21.0,M,,*52
$GPRMC,080202.00,A,5927.85515,N,02446.51901,E,17.08,16.4,140625,,,A*62
$GPVTG,16.4,T,,M,17.08,N,31.62,K,A*36
$HEHDT,15.0,T*1B
$VWVHW,15.0,T,,M,17.21,N,31.86,K*47
$GPGGA,080203.00,5927.86035,N,02446.52138,E,1,12,1.1,18.2,M,21.0,M,,*56
$GPRMC,080203.00,A,5927.86035,N,02446.52138,E,17.06,16.2,140625,,,A*6E
$GPVTG,16.2,T,,M,17.06,N,31.60,K,A*3C
$HEHDT,14.9,T*13
$VWVHW,14.9,T,,M,17.16,N,31.78,K*4A
$GPGGA,080204.00,5927.86433,N,02446.52369,E,1,12,1.1,18.0,M,21.0,M,,*57
$GPRMC,080204.00,A,5927.86433,N,02446.52369,E,16.99,16.4,140625,,,A*6C
$GPVTG,16.4,T,,M,16.99,N,31.46,K,A*39
$HEHDT,14.6,T*1C
$VWVHW,14.6,T,,M,17.12,N,31.70,K*49
$GPGGA,080205.00,5927.86889,N,02446.52594,E,1,12,1.1,18.4,M,21.0,M,,*5B
$GPRMC,080205.00,A,5927.86889,N,02446.52594,E,17.22,15.8,140625,,,A*6A
$GPVTG,15.8,T,,M,17.22,N,31.89,K,A*34
$HEHDT,14.5,T*1F
$VWVHW,14.5,T,,M,17.19,N,31.83,K*4D
$GPGSV,2,1,08,03,62,040,50,08,40,096,46,11,24,150,41,14,50,206,46*74
$GPGSV,2,2,08,17,68,262,48,22,21,310,42,28,08,350,37,31,55,120,49*78
$GAGSV,2,1,05,04,49,070,47,09,37,180,45,12,68,236,49,24,12,286,40*6C
$GAGSV,2,2,05,31,18,020,40*50
$GPZDA,080205.00,14,06,2025,00,00*6F
$GPGGA,080206.00,5927.87364,N,02446.52918,E,1,12,1.1,18.4,M,21.0,M,,*59
$GPRMC,080206.00,A,5927.87364,N,02446.52918,E,17.11,16.4,140625,,,A*67
$GPVTG,16.4,T,,M,17.11,N,31.69,K,A*35
$HEHDT,15.0,T*1B
$VWVHW,15.0,T,,M,17.20,N,31.85,K*45
$GPGGA,080207.00,5927.87777,N,02446.53104,E,1,12,1.1,18.4,M,21.0,M,,*5A
$GPRMC,080207.00,A,5927.87777,N,02446.53104,E,17.20,15.9,140625,,,A*68
$GPVTG,15.9,T,,M,17.20,N,31.85,K,A*3B
$HEHDT,14.6,T*1C
$VWVHW,14.6,T,,M,17.16,N,31.78,K*45
$GPGGA,080208.00,5927.88273,N,02446.53448,E,1,12,1.1,18.4,M,21.0,M,,*56
$GPRMC,080208.00,A,5927.88273,N,02446.53448,E,17.02,16.2,140625,,,A*6C
$GPVTG,16.2,T,,M,17.02,N,31.53,K,A*38
$HEHDT,14.9,T*13
$VWVHW,14.9,T,,M,17.16,N,31.79,K*4B
$GPGGA,080209.00,5927.88747,N,02446.53600,E,1,12,1.1,18.5,M,21.0,M,,*5A
$GPRMC,080209.00,A,5927.88747,N,02446.53600,E,17.06,16.5,140625,,,A*62
$GPVTG,16.5,T,,M,17.06,N,31.60,K,A*3B
$HEHDT,14.6,T*1C
$VWVHW,14.6,T,,M,17.14,N,31.74,K*4B
$GPGGA,080210.00,5927.89201,N,02446.53986,E,1,12,1.1,18.9,M,21.0,M,,*59
$GPRMC,080210.00,A,5927.89201,N,02446.53986,E,17.27,15.7,140625,,,A*6F
$GPVTG,15.7,T,,M,17.27,N,31.98,K,A*3E
$HEHDT,15.0,T*1B
$VWVHW,15.0,T,,M,17.26,N,31.96,K*41
$GPGSV,2,1,08,03,62,041,49,08,40,096,46,11,24,151,40,14,50,206,47*7C
$GPGSV,2,2,08,17,68,263,48,22,21,311,42,28,08,351,37,31,55,121,50*70
$GAGSV,2,1,05,04,49,071,46,09,37,181,45,12,68,236,49,24,12,286,40*6D
$GAGSV,2,2,05,31,18,021,41*50
$GPZDA,080210.00,14,06,2025,00,00*6B
$GPGGA,080211.00,5927.89663,N,02446.54211,E,1,12,1.1,18.7,M,21.0,M,,*54
$GPRMC,080211.00,A,5927.89663,N,02446.54211,E,17.07,16.1,140625,,,A*6B
$GPVTG,16.1,T,,M,17.07,N,31.61,K,A*3F
$HEHDT,14.7,T*1D
$VWVHW,14.7,T,,M,17.11,N,31.68,K*42
$GPGGA,080212.00,5927.90086,N,02446.54502,E,1,12,1.1,18.7,M,21.0,M,,*57
$GPRMC,080212.00,A,5927.90086,N,02446.54502,E,17.09,16.6,140625,,,A*61
$GPVTG,16.6,T,,M,17.09,N,31.65,K,A*32
$HEHDT,14.7,T*1D
$VWVHW,14.7,T,,M,17.12,N,31.71,K*49
$GPGGA,080213.00,5927.90550,N,02446.54769,E,1,12,1.1,18.6,M,21.0,M,,*56
$GPRMC,080213.00,A,5927.90550,N,02446.54769,E,17.04,16.2,140625,,,A*68
$GPVTG,16.2,T,,M,17.04,N,31.55,K,A*38
$HEHDT,15.0,T*1B
$VWVHW,15.0,T,,M,17.20,N,31.85,K*45
$GPGGA,080214.00,5927.90943,N,02446.55082,E,1,12,1.1,18.7,M,21.0,M,,*5D
$GPRMC,080214.00,A,5927.90943,N,02446.55082,E,16.93,16.0,140625,,,A*6F
$GPVTG,16.0,T,,M,16.93,N,31.35,K,A*33
$HEHDT,15.2,T*19
$VWVHW,15.2,T,,M,17.13,N,31.73,K*4E
$GPGGA,080215.00,5927.91455,N,02446.55334,E,1,12,1.1,19.5,M,21.0,M,,*5A
$GPRMC,080215.00,A,5927.91455,N,02446.55334,E,17.00,16.3,140625,,,A*63
$GPVTG,16.3,T,,M,17.00,N,31.49,K,A*30
$HEHDT,14.8,T*12
$VWVHW,14.8,T,,M,17.20,N,31.85,K*4C
$GPGSV,2,1,08,03,62,041,49,08,40,096,45,11,24,151,41,14,50,206,46*7F
$GPGSV,2,2,08,17,68,263,48,22,21,311,43,28,08,351,36,31,55,121,49*78
$GAGSV,2,1,05,04,49,071,46,09,37,181,45,12,68,236,50,24,12,286,40*65
$GAGSV,2,2,05,31,18,021,41*50
$GPZDA,080215.00,14,06,2025,00,00*6E
$GPGGA,080216.00,5927.91890,N,02446.55470,E,1,12,1.1,19.3,M,21.0,M,,*5D
$GPRMC,080216.00,A,5927.91890,N,02446.55470,E,17.07,16.2,140625,,,A*64
$GPVTG,16.2,T,,M,17.07,N,31.61,K,A*3C
$HEHDT,14.6,T*1C
$VWVHW,14.6,T,,M,17.18,N,31.83,K*4F
$GPGGA,080217.00,5927.92334,N,02446.55670,E,1,12,1.1,19.3,M,21.0,M,,*58
$GPRMC,080217.00,A,5927.92334,N,02446.55670,E,16.97,15.9,140625,,,A*61
$GPVTG,15.9,T,,M,16.97,N,31.44,K,A*3B
$HEHDT,14.8,T*12
$VWVHW,14.8,T,,M,17.04,N,31.57,K*45
$GPGGA,080218.00,5927.92802,N,02446.56011,E,1,12,1.1,19.0,M,21.0,M,,*58
$GPRMC,080218.00,A,5927.92802,N,02446.56011,E,17.14,16.1,140625,,,A*63
$GPVTG,16.1,T,,M,17.14,N,31.74,K,A*39
$HEHDT,15.0,T*1B
$VWVHW,15.0,T,,M,17.18,N,31.82,K*49
$GPGGA,080219.00,5927.93253,N,02446.56256,E,1,12,1.1,18.9,M,21.0,M,,*5F
$GPRMC,080219.00,A,5927.93253,N,02446.56256,E,17.11,16.1,140625,,,A*69
$GPVTG,16.1,T,,M,17.11,N,31.69,K,A*30
$HEHDT,14.6,T*1C
$VWVHW,14.6,T,,M,17.22,N,31.89,K*4C
$GPGGA,080220.00,5927.93721,N,02446.56510,E,1,12,1.1,18.5,M,21.0,M,,*5C
$GPRMC,080220.00,A,5927.93721,N,02446.56510,E,17.02,16.4,140625,,,A*61
$GPVTG,16.4,T,,M,17.02,N,31.52,K,A*3F
$HEHDT,14.7,T*1D
$VWVHW,14.7,T,,M,17.09,N,31.65,K*46
$GPGSV,2,1,08,03,62,041,50,08,40,096,46,11,24,151,41,14,50,206,46*74
$GPGSV,2,2,08,17,68,263,47,22,21,311,42,28,08,351,37,31,55,121,48*76
$GAGSV,2,1,05,04,49,071,46,09,37,181,45,12,68,236,49,24,12,286,40*6D
$GAGSV,2,2,05,31,18,021,42*53
$GPZDA,080220.00,14,06,2025,00,00*68
$GPGGA,080221.00,5927.94200,N,02446.56762,E,1,12,1.1,19.1,M,21.0,M,,*5E
$GPRMC,080221.00,A,5927.94200,N,02446.56762,E,17.17,15.9,140625,,,A*6C
$GPVTG,15.9,T,,M,17.17,N,31.79,K,A*3C
$HEHDT,15.4,T*1F
$VWVHW,15.4,T,,M,17.15,N,31.75,K*48
$GPGGA,080222.00,5927.94643,N,02446.57020,E,1,12,1.1,19.4,M,21.0,M,,*5B
$GPRMC,080222.00,A,5927.94643,N,02446.57020,E,17.10,16.2,140625,,,A*63
$GPVTG,16.2,T,,M,17.10,N,31.67,K,A*3C
$HEHDT,14.4,T*1E
$VWVHW,14.4,T,,M,17.09,N,31.64,K*44
$GPGGA,080223.00,5927.95046,N,02446.57363,E,1,12,1.1,18.9,M,21.0,M,,*50
$GPRMC,080223.00,A,5927.95046,N,02446.57363,E,17.08,16.3,140625,,,A*6C
$GPVTG,16.3,T,,M,17.08,N,31.63,K,A*30
$HEHDT,14.6,T*1C
$VWVHW,14.6,T,,M,17.02,N,31.52,K*48
$GPGGA,080224.00,5927.95519,N,02446.57521,E,1,12,1.1,19.6,M,21.0,M,,*56
$GPRMC,080224.00,A,5927.95519,N,02446.57521,E,17.14,16.1,140625,,,A*6B
$GPVTG,16.1,T,,M,17.14,N,31.74,K,A*39
$HEHDT,15.0,T*1B
$VWVHW,15.0,T,,M,17.13,N,31.72,K*4D
$GPGGA,080225.00,5927.95946,N,02446.57894,E,1,12,1.1,19.6,M,21.0,M,,*52
$GPRMC,080225.00,A,5927.95946,N,02446.57894,E,16.97,16.4,140625,,,A*60
$GPVTG,16.4,T,,M,16.97,N,31.42,K,A*33
$HEHDT,15.1,T*1A
$VWVHW,15.1,T,,M,17.18,N,31.82,K*48
$GPGSV,2,1,08,03,62,041,50,08,40,096,46,11,24,151,42,14,50,206,46*77
$GPGSV,2,2,08,17,68,263,48,22,21,311,43,28,08,351,36,31,55,121,49*78
$GAGSV,2,1,05,04,49,071,46,09,37,181,45,12,68,236,49,24,12,286,39*63
$GAGSV,2,2,05,31,18,021,41*50
$GPZDA,080225.00,14,06,2025,00,00*6D
$GPGGA,080226.00,5927.96453,N,02446.58063,E,1,12,1.1,19.4,M,21.0,M,,*56
$GPRMC,080226.00,A,5927.96453,N,02446.58063,E,17.07,15.9,140625,,,A*60
$GPVTG,15.9,T,,M,17.07,N,31.61,K,A*34
$HEHDT,14.7,T*1D
$VWVHW,14.7,T,,M,16.92,N,31.34,K*41
$GPGGA,080227.00,5927.96868,N,02446.58421,E,1,12,1.1,19.8,M,21.0,M,,*5D
$GPRMC,080227.00,A,5927.96868,N,02446.58421,E,17.01,16.4,140625,,,A*6F
$GPVTG,16.4,T,,M,17.01,N,31.51,K,A*3F
$HEHDT,15.4,T*1F
$VWVHW,15.4,T,,M,17.13,N,31.73,K*48
$GPGGA,080228.00,5927.97358,N,02446.58520,E,1,12,1.1,19.7,M,21.0,M,,*54
$GPRMC,080228.00,A,5927.97358,N,02446.58520,E,16.97,16.3,140625,,,A*60
$GPVTG,16.3,T,,M,16.97,N,31.43,K,A*35
$HEHDT,14.5,T*1F
$VWVHW,14.5,T,,M,17.18,N,31.81,K*4E
$GPGGA,080229.00,5927.97801,N,02446.58852,E,1,12,1.1,19.3,M,21.0,M,,*5E
$GPRMC,080229.00,A,5927.97801,N,02446.58852,E,17.08,16.3,140625,,,A*69
$GPVTG,16.3,T,,M,17.08,N,31.64,K,A*37
$HEHDT,14.8,T*12
$VWVHW,14.8,T,,M,17.10,N,31.67,K*43
$GPGGA,080230.00,5927.98240,N,02446.59075,E,1,12,1.1,19.3,M,21.0,M,,*5A
$GPRMC,080230.00,A,5927.98240,N,02446.59075,E,17.07,16.5,140625,,,A*64
$GPVTG,16.5,T,,M,17.07,N,31.61,K,A*3B
$HEHDT,14.5,T*1F
$VWVHW,14.5,T,,M,17.11,N,31.69,K*41
$GPGSV,2,1,08,03,62,041,49,08,40,096,45,11,24,151,43,14,50,206,47*7C
$GPGSV,2,2,08,17,68,263,48,22,21,311,41,28,08,351,36,31,55,121,49*7A
$GAGSV,2,1,05,04,49,071,47,09,37,181,46,12,68,236,48,24,12,286,40*6E
$GAGSV,2,2,05,31,18,021,41*50
$GPZDA,080230.00,14,06,2025,00,00*69
$GPGGA,080231.00,5927.98692,N,02446.59385,E,1,12,1.1,18.7,M,21.0,M,,*59
$GPRMC,080231.00,A,5927.98692,N,02446.59385,E,17.05,16.1,140625,,,A*64
$GPVTG,16.1,T,,M,17.05,N,31.57,K,A*38
$HEHDT,14.8,T*12
$VWVHW,14.8,T,,M,17.14,N,31.74,K*45
$GPGGA,080232.00,5927.99130,N,02446.59594,E,1,12,1.1,18.9,M,21.0,M,,*5C
$GPRMC,080232.00,A,5927.99130,N,02446.59594,E,16.96,16.4,140625,,,A*61
$GPVTG,16.4,T,,M,16.96,N,31.40,K,A*30
$HEHDT,14.7,T*1D
$VWVHW,14.7,T,,M,16.98,N,31.45,K*4D
$GPGGA,080233.00,5927.99602,N,02446.59813,E,1,12,1.1,19.3,M,21.0,M,,*52
$GPRMC,080233.00,A,5927.99602,N,02446.59813,E,16.83,16.2,140625,,,A*66
$GPVTG,16.2,T,,M,16.83,N,31.16,K,A*31
$HEHDT,14.8,T*12
$VWVHW,14.8,T,,M,17.04,N,31.57,K*45
$GPGGA,080234.00,5928.00058,N,02446.60132,E,1,12,1.1,18.8,M,21.0,M,,*59
$GPRMC,080234.00,A,5928.00058,N,02446.60132,E,16.86,16.1,140625,,,A*61
$GPVTG,16.1,T,,M,16.86,N,31.22,K,A*30
$HEHDT,14.7,T*1D
$VWVHW,14.7,T,,M,17.01,N,31.50,K*48
$GPGGA,080235.00,5928.00500,N,02446.60398,E,1,12,1.1,19.0,M,21.0,M,,*5B
$GPRMC,080235.00,A,5928.00500,N,02446.60398,E,17.08,16.5,140625,,,A*69
$GPVTG,16.5,T,,M,17.08,N,31.63,K,A*36
$HEHDT,14.5,T*1F
$VWVHW,14.5,T,,M,17.15,N,31.76,K*4B
$GPGSV,2,1,08,03,62,041,50,08,40,096,45,11,24,151,42,14,50,206,47*75
$GPGSV,2,2,08,17,68,263,48,22,21,311,42,28,08,351,36,31,56,121,48*7B
$GAGSV,2,1,05,04,49,071,46,09,37,181,46,12,68,236,49,24,12,286,41*6F
$GAGSV,2,2,05,31,18,021,40*51
$GPZDA,080235.00,14,06,2025,00,00*6C
$GPGGA,080236.00,5928.00923,N,02446.60728,E,1,12,1.1,19.0,M,21.0,M,,*5A
$GPRMC,080236.00,A,5928.00923,N,02446.60728,E,16.91,15.8,140625,,,A*67
$GPVTG,15.8,T,,M,16.91,N,31.31,K,A*3E
$HEHDT,14.4,T*1E
$VWVHW,14.4,T,,M,16.93,N,31.35,K*42
$GPGGA,080237.00,5928.01356,N,02446.60941,E,1,12,1.1,18.5,M,21.0,M,,*57
$GPRMC,080237.00,A,5928.01356,N,02446.60941,E,17.00,16.4,140625,,,A*68
$GPVTG,16.4,T,,M,17.00,N,31.48,K,A*36
$HEHDT,15.0,T*1B
$VWVHW,15.0,T,,M,17.08,N,31.63,K*47
$GPGGA,080238.00,5928.01841,N,02446.61086,E,1,12,1.1,18.7,M,21.0,M,,*54
$GPRMC,080238.00,A,5928.01841,N,02446.61086,E,16.93,16.4,140625,,,A*62
$GPVTG,16.4,T,,M,16.93,N,31.36,K,A*34
$HEHDT,14.8,T*12
$VWVHW,14.8,T,,M,16.99,N,31.46,K*40
$GPGGA,080239.00,5928.02275,N,02446.61455,E,1,12,1.1,18.5,M,21.0,M,,*53
$GPRMC,080239.00,A,5928.02275,N,02446.61455,E,16.93,16.7,140625,,,A*64
$GPVTG,16.7,T,,M,16.93,N,31.35,K,A*34
$HEHDT,14.9,T*13
$VWVHW,14.9,T,,M,17.02,N,31.52,K*47
$GPGGA,080240.00,5928.02727,N,02446.61738,E,1,12,1.1,19.0,M,21.0,M,,*53
$GPRMC,080240.00,A,5928.02727,N,02446.61738,E,16.92,15.8,140625,,,A*6D
$GPVTG,15.8,T,,M,16.92,N,31.34,K,A*38
$HEHDT,15.2,T*19
$VWVHW,15.2,T,,M,17.08,N,31.63,K*45
$GPGSV,2,1,08,03,62,041,50,08,40,096,46,11,24,151,41,14,50,206,47*75
$GPGSV,2,2,08,17,68,263,49,22,21,311,42,28,08,351,36,31,56,121,50*73
$GAGSV,2,1,05,04,49,071,47,09,37,181,45,12,68,236,49,24,12,286,39*62
$GAGSV,2,2,05,31,18,021,40*51
$GPZDA,080240.00,14,06,2025,00,00*6E
$GPGGA,080241.00,5928.03216,N,02446.61985,E,1,12,1.1,18.3,M,21.0,M,,*5E
$GPRMC,080241.00,A,5928.03216,N,02446.61985,E,16.91,16.2,140625,,,A*68
$GPVTG,16.2,T,,M,16.91,N,31.32,K,A*34
$HEHDT,14.9,T*13
$VWVHW,14.9,T,,M,17.05,N,31.59,K*4B
$GPGGA,080242.00,5928.03689,N,02446.62203,E,1,12,1.1,18.8,M,21.0,M,,*52
$GPRMC,080242.00,A,5928.03689,N,02446.62203,E,16.78,16.4,140625,,,A*6E
$GPVTG,16.4,T,,M,16.78,N,31.08,K,A*3C
$HEHDT,15.0,T*1B
$VWVHW,15.0,T,,M,17.01,N,31.50,K*4E
$GPGGA,080243.00,5928.04107,N,02446.62545,E,1,12,1.1,19.1,M,21.0,M,,*58
$GPRMC,080243.00,A,5928.04107,N,02446.62545,E,16.91,16.8,140625,,,A*67
$GPVTG,16.8,T,,M,16.91,N,31.31,K,A*3D
$HEHDT,15.1,T*1A
$VWVHW,15.1,T,,M,17.00,N,31.48,K*47
$GPGGA,080244.00,5928.04598,N,02446.62774,E,1,12,1.1,19.4,M,21.0,M,,*58
$GPRMC,080244.00,A,5928.04598,N,02446.62774,E,16.81,16.2,140625,,,A*69
$GPVTG,16.2,T,,M,16.81,N,31.14,K,A*31
$HEHDT,14.9,T*13
$VWVHW,14.9,T,,M,16.95,N,31.39,K*45
$GPGGA,080245.00,5928.04993,N,02446.62929,E,1,12,1.1,19.2,M,21.0,M,,*5E
$GPRMC,080245.00,A,5928.04993,N,02446.62929,E,16.85,16.4,140625,,,A*6B
$GPVTG,16.4,T,,M,16.85,N,31.20,K,A*34
$HEHDT,14.6,T*1C
$VWVHW,14.6,T,,M,16.97,N,31.42,K*44
$GPGSV,2,1,08,03,62,041,50,08,40,096,46,11,24,151,42,14,50,206,47*76
$GPGSV,2,2,08,17,68,263,48,22,21,311,43,28,08,351,37,31,56,121,49*7A
$GAGSV,2,1,05,04,49,071,47,09,37,181,45,12,68,236,49,24,12,286,40*6C
$GAGSV,2,2,05,31,18,021,39*5F
$GPZDA,080245.00,14,06,2025,00,00*6B
$GPGGA,080246.00,5928.05405,N,02446.63278,E,1,12,1.1,19.1,M,21.0,M,,*53
$GPRMC,080246.00,A,5928.05405,N,02446.63278,E,17.00,16.3,140625,,,A*6E
$GPVTG,16.3,T,,M,17.00,N,31.49,K,A*30
$HEHDT,14.8,T*12
$VWVHW,14.8,T,,M,17.05,N,31.57,K*44
$GPGGA,080247.00,5928.05942,N,02446.63547,E,1,12,1.1,19.5,M,21.0,M,,*53
$GPRMC,080247.00,A,5928.05942,N,02446.63547,E,16.91,16.4,140625,,,A*64
$GPVTG,16.4,T,,M,16.91,N,31.33,K,A*33
$HEHDT,14.8,T*12
$VWVHW,14.8,T,,M,16.92,N,31.33,K*49
$GPGGA,080248.00,5928.06343,N,02446.63770,E,1,12,1.1,18.9,M,21.0,M,,*5F
$GPRMC,080248.00,A,5928.06343,N,02446.63770,E,16.94,16.2,140625,,,A*66
$GPVTG,16.2,T,,M,16.94,N,31.38,K,A*3B
$HEHDT,14.8,T*12
$VWVHW,14.8,T,,M,16.98,N,31.44,K*43
$GPGGA,080249.00,5928.06801,N,02446.64076,E,1,12,1.1,19.9,M,21.0,M,,*54
$GPRMC,080249.00,A,5928.06801,N,02446.64076,E,16.92,16.0,140625,,,A*68
$GPVTG,16.0,T,,M,16.92,N,31.33,K,A*34
$HEHDT,14.6,T*1C
$VWVHW,14.6,T,,M,17.01,N,31.51,K*48
$GPGGA,080250.00,5928.07238,N,02446.64316,E,1,12,1.1,19.6,M,21.0,M,,*57
$GPRMC,080250.00,A,5928.07238,N,02446.64316,E,16.93,16.0,140625,,,A*65
$GPVTG,16.0,T,,M,16.93,N,31.35,K,A*33
$HEHDT,14.9,T*13
$VWVHW,14.9,T,,M,16.95,N,31.40,K*4B
$GPGSV,2,1,08,03,62,041,49,08,40,096,46,11,24,151,42,14,50,206,46*7F
$GPGSV,2,2,08,17,68,263,49,22,21,311,42,28,08,351,37,31,56,121,49*7A
$GAGSV,2,1,05,04,49,071,46,09,37,181,46,12,68,236,48,24,12,286,39*61
$GAGSV,2,2,05,31,18,021,39*5F
$GPZDA,080250.00,14,06,2025,00,00*6F
$GPGGA,080251.00,5928.07648,N,02446.64514,E,1,12,1.1,19.3,M,21.0,M,,*54
$GPRMC,080251.00,A,5928.07648,N,02446.64514,E,16.88,16.3,140625,,,A*6A
$GPVTG,16.3,T,,M,16.88,N,31.25,K,A*3B
$HEHDT,14.7,T*1D
$VWVHW,14.7,T,,M,17.00,N,31.49,K*41
$GPGGA,080252.00,5928.08161,N,02446.64750,E,1,12,1.1,19.2,M,21.0,M,,*57
$GPRMC,080252.00,A,5928.08161,N,02446.64750,E,16.86,16.3,140625,,,A*66
$GPVTG,16.3,T,,M,16.86,N,31.23,K,A*33
$HEHDT,14.8,T*12
$VWVHW,14.8,T,,M,16.96,N,31.41,K*48
$GPGGA,080253.00,5928.08599,N,02446.65018,E,1,12,1.1,19.2,M,21.0,M,,*5F
$GPRMC,080253.00,A,5928.08599,N,02446.65018,E,16.79,16.1,140625,,,A*6C
$GPVTG,16.1,T,,M,16.79,N,31.09,K,A*39
$HEHDT,14.5,T*1F
$VWVHW,14.5,T,,M,16.94,N,31.37,K*46
$GPGGA,080254.00,5928.09013,N,02446.65307,E,1,12,1.1,19.3,M,21.0,M,,*52
$GPRMC,080254.00,A,5928.09013,N,02446.65307,E,17.00,16.0,140625,,,A*6E
$GPVTG,16.0,T,,M,17.00,N,31.49,K,A*33
$HEHDT,14.6,T*1C
$VWVHW,14.6,T,,M,16.98,N,31.44,K*4D
$GPGGA,080255.00,5928.09467,N,02446.65600,E,1,12,1.1,19.4,M,21.0,M,,*51
$GPRMC,080255.00,A,5928.09467,N,02446.65600,E,16.85,16.2,140625,,,A*64
$GPVTG,16.2,T,,M,16.85,N,31.21,K,A*33
$HEHDT,15.2,T*19
$VWVHW,15.2,T,,M,17.10,N,31.67,K*48
$GPGSV,2,1,08,03,62,041,51,08,40,096,44,11,24,151,42,14,50,206,46*74
$GPGSV,2,2,08,17,68,263,48,22,21,311,43,28,08,351,37,31,56,121,49*7A
$GAGSV,2,1,05,04,49,071,46,09,37,181,44,12,68,236,48,24,12,286,39*63
$GAGSV,2,2,05,31,18,021,39*5F
$GPZDA,080255.00,14,06,2025,00,00*6A
$GPGGA,080256.00,5928.09969,N,02446.65837,E,1,12,1.1,19.7,M,21.0,M,,*58
$GPRMC,080256.00,A,5928.09969,N,02446.65837,E,17.03,15.7,140625,,,A*67
$GPVTG,15.7,T,,M,17.03,N,31.53,K,A*3F
$HEHDT,15.0,T*1B
$VWVHW,15.0,T,,M,17.08,N,31.63,K*47
$GPGGA,080257.00,5928.10360,N,02446.66148,E,1,12,1.1,19.5,M,21.0,M,,*52
$GPRMC,080257.00,A,5928.10360,N,02446.66148,E,16.92,15.9,140625,,,A*68
$GPVTG,15.9,T,,M,16.92,N,31.33,K,A*3E
$HEHDT,14.9,T*13
$VWVHW,14.9,T,,M,16.95,N,31.39,K*45
$GPGGA,080258.00,5928.10846,N,02446.66356,E,1,12,1.1,19.6,M,21.0,M,,*5C
$GPRMC,080258.00,A,5928.10846,N,02446.66356,E,17.01,16.3,140625,,,A*67
$GPVTG,16.3,T,,M,17.01,N,31.51,K,A*38
$HEHDT,14.8,T*12
$VWVHW,14.8,T,,M,17.00,N,31.48,K*4F
$GPGGA,080259.00,5928.11332,N,02446.66647,E,1,12,1.1,19.8,M,21.0,M,,*5F
$GPRMC,080259.00,A,5928.11332,N,02446.66647,E,16.94,16.4,140625,,,A*60
$GPVTG,16.4,T,,M,16.94,N,31.38,K,A*3D
$HEHDT,14.6,T*1C
$VWVHW,14.6,T,,M,17.05,N,31.57,K*4A
$GPGGA,080300.00,5928.11795,N,02446.66886,E,1,12,1.1,18.8,M,21.0,M,,*59
$GPRMC,080300.00,A,5928.11795,N,02446.66886,E,16.84,16.0,140625,,,A*62
$GPVTG,16.0,T,,M,16.84,N,31.20,K,A*31
$HEHDT,14.7,T*1D
$VWVHW,14.7,T,,M,16.95,N,31.39,K*4B
$GPGSV,2,1,08,03,62,041,50,08,40,096,46,11,24,151,42,14,50,206,48*79
$GPGSV,2,2,08,17,68,263,48,22,21,311,42,28,08,351,37,31,56,121,49*7B
$GAGSV,2,1,05,04,49,071,46,09,37,181,45,12,68,236,49,24,12,286,38*62
$GAGSV,2,2,05,31,18,021,39*5F
$GPZDA,080300.00,14,06,2025,00,00*6B
$GPGGA,080301.00,5928.12188,N,02446.67230,E,1,12,1.1,19.2,M,21.0,M,,*5C
$GPRMC,080301.00,A,5928.12188,N,02446.67230,E,16.81,15.8,140625,,,A*62
$GPVTG,15.8,T,,M,16.81,N,31.13,K,A*3F
$HEHDT,15.0,T*1B
$VWVHW,15.0,T,,M,17.12,N,31.70,K*4E
$GPGGA,080302.00,5928.12659,N,02446.67523,E,1,12,1.1,18.8,M,21.0,M,,*5A
$GPRMC,080302.00,A,5928.12659,N,02446.67523,E,16.89,15.9,140625,,,A*66
$GPVTG,15.9,T,,M,16.89,N,31.27,K,A*31
$HEHDT,14.5,T*1F
$VWVHW,14.5,T,,M,16.89,N,31.27,K*4B
$GPGGA,080303.00,5928.13127,N,02446.67772,E,1,12,1.1,19.3,M,21.0,M,,*58
$GPRMC,080303.00,A,5928.13127,N,02446.67772,E,16.90,15.9,140625,,,A*66
$GPVTG,15.9,T,,M,16.90,N,31.30,K,A*3F
$HEHDT,14.9,T*13
$VWVHW,14.9,T,,M,16.95,N,31.40,K*4B
$GPGGA,080304.00,5928.13571,N,02446.68009,E,1,12,1.1,19.2,M,21.0,M,,*5D
$GPRMC,080304.00,A,5928.13571,N,02446.68009,E,16.82,16.3,140625,,,A*68
$GPVTG,16.3,T,,M,16.82,N,31.15,K,A*32
$HEHDT,14.6,T*1C
$VWVHW,14.6,T,,M,16.97,N,31.43,K*45
$GPGGA,080305.00,5928.14022,N,02446.68324,E,1,12,1.1,19.0,M,21.0,M,,*56
$GPRMC,080305.00,A,5928.14022,N,02446.68324,E,16.89,16.5,140625,,,A*6C
$GPVTG,16.5,T,,M,16.89,N,31.29,K,A*30
$HEHDT,14.2,T*18
$VWVHW,14.2,T,,M,16.88,N,31.27,K*4D
$GPGSV,2,1,08,03,62,041,49,08,40,096,45,11,24,151,42,14,50,206,47*7D
$GPGSV,2,2,08,17,68,263,47,22,21,311,42,28,08,351,37,31,56,121,48*75
$GAGSV,2,1,05,04,49,071,47,09,37,181,46,12,68,236,49,24,12,286,39*61
$GAGSV,2,2,05,31,18,021,40*51
$GPZDA,080305.00,14,06,2025,00,00*6E
$GPGGA,080306.00,5928.14500,N,02446.68505,E,1,12,1.1,19.3,M,21.0,M,,*56
$GPRMC,080306.00,A,5928.14500,N,02446.68505,E,16.89,15.8,140625,,,A*61
$GPVTG,15.8,T,,M,16.89,N,31.27,K,A*30
$HEHDT,14.9,T*13
$VWVHW,14.9,T,,M,17.01,N,31.50,K*46
$GPGGA,080307.00,5928.14927,N,02446.68693,E,1,12,1.1,19.4,M,21.0,M,,*55
$GPRMC,080307.00,A,5928.14927,N,02446.68693,E,16.82,15.9,140625,,,A*6F
$GPVTG,15.9,T,,M,16.82,N,31.16,K,A*38
$HEHDT,14.7,T*1D
$VWVHW,14.7,T,,M,16.92,N,31.34,K*41
$GPGGA,080308.00,5928.15411,N,02446.69083,E,1,12,1.1,18.7,M,21.0,M,,*57
$GPRMC,080308.00,A,5928.15411,N,02446.69083,E,16.82,16.1,140625,,,A*64
$GPVTG,16.1,T,,M,16.82,N,31.15,K,A*30
$HEHDT,14.6,T*1C
$VWVHW,14.6,T,,M,16.88,N,31.26,K*48
$GPGGA,080309.00,5928.15855,N,02446.69235,E,1,12,1.1,18.9,M,21.0,M,,*5B
$GPRMC,080309.00,A,5928.15855,N,02446.69235,E,17.00,15.9,140625,,,A*66
$GPVTG,15.9,T,,M,17.00,N,31.48,K,A*38
$HEHDT,14.3,T*19
$VWVHW,14.3,T,,M,16.85,N,31.20,K*46
$GPGGA,080310.00,5928.16289,N,02446.69526,E,1,12,1.1,18.7,M,21.0,M,,*50
$GPRMC,080310.00,A,5928.16289,N,02446.69526,E,16.85,16.3,140625,,,A*66
$GPVTG,16.3,T,,M,16.85,N,31.21,K,A*32
$HEHDT,14.6,T*1C
$VWVHW,14.6,T,,M,16.81,N,31.14,K*40
$GPGSV,2,1,08,03,62,041,49,08,40,096,46,11,24,151,42,14,50,206,47*7E
$GPGSV,2,2,08,17,68,263,48,22,21,311,42,28,08,351,37,31,56,121,49*7B
$GAGSV,2,1,05,04,49,071,46,09,37,181,44,12,68,236,49,24,12,286,39*62
$GAGSV,2,2,05,31,18,021,40*51
$GPZDA,080310.00,14,06,2025,00,00*6A
$GPGGA,080311.00,5928.16733,N,02446.69806,E,1,12,1.1,19.3,M,21.0,M,,*5F
$GPRMC,080311.00,A,5928.16733,N,02446.69806,E,16.84,16.2,140625,,,A*6C
$GPVTG,16.2,T,,M,16.84,N,31.19,K,A*39
$HEHDT,14.8,T*12
$VWVHW,14.8,T,,M,16.86,N,31.23,K*4D
$GPGGA,080312.00,5928.17191,N,02446.70010,E,1,12,1.1,19.2,M,21.0,M,,*55
$GPRMC,080312.00,A,5928.17191,N,02446.70010,E,16.75,16.1,140625,,,A*6A
$GPVTG,16.1,T,,M,16.75,N,31.03,K,A*3F
$HEHDT,14.6,T*1C
$VWVHW,14.6,T,,M,16.93,N,31.35,K*40
$GPGGA,080313.00,5928.17637,N,02446.70341,E,1,12,1.1,18.9,M,21.0,M,,*52
$GPRMC,080313.00,A,5928.17637,N,02446.70341,E,16.82,16.4,140625,,,A*6A
$GPVTG,16.4,T,,M,16.82,N,31.14,K,A*34
$HEHDT,15.4,T*1F
$VWVHW,15.4,T,,M,16.91,N,31.33,K*47
$GPGGA,080314.00,5928.18058,N,02446.70610,E,1,12,1.1,18.6,M,21.0,M,,*5B
$GPRMC,080314.00,A,5928.18058,N,02446.70610,E,16.76,16.1,140625,,,A*62
$GPVTG,16.1,T,,M,16.76,N,31.04,K,A*3B
$HEHDT,15.2,T*19
$VWVHW,15.2,T,,M,17.00,N,31.48,K*44
$GPGGA,080315.00,5928.18500,N,02446.70870,E,1,12,1.1,18.9,M,21.0,M,,*55
$GPRMC,080315.00,A,5928.18500,N,02446.70870,E,16.89,15.8,140625,,,A*69
$GPVTG,15.8,T,,M,16.89,N,31.27,K,A*30
$HEHDT,14.8,T*12
$VWVHW,14.8,T,,M,16.92,N,31.34,K*4E
$GPGSV,2,1,08,03,63,041,50,08,40,096,45,11,24,151,42,14,50,206,47*74
$GPGSV,2,2,08,17,68,263,48,22,21,311,43,28,08,351,37,31,56,121,47*74
$GAGSV,2,1,05,04,49,071,47,09,37,181,45,12,68,236,48,24,12,286,38*62
$GAGSV,2,2,05,31,18,021,40*51
$GPZDA,080315.00,14,06,2025,00,00*6F
$GPGGA,080316.00,5928.18958,N,02446.71142,E,1,12,1.1,18.3,M,21.0,M,,*54
$GPRMC,080316.00,A,5928.18958,N,02446.71142,E,16.92,15.9,140625,,,A*69
$GPVTG,15.9,T,,M,16.92,N,31.34,K,A*39
$HEHDT,14.8,T*12
$VWVHW,14.8,T,,M,16.96,N,31.41,K*48
$GPGGA,080317.00,5928.19429,N,02446.71310,E,1,12,1.1,18.1,M,21.0,M,,*58
$GPRMC,080317.00,A,5928.19429,N,02446.71310,E,16.88,16.2,140625,,,A*64
$GPVTG,16.2,T,,M,16.88,N,31.27,K,A*38
$HEHDT,14.8,T*12
$VWVHW,14.8,T,,M,16.92,N,31.33,K*49
$GPGGA,080318.00,5928.19843,N,02446.71655,E,1,12,1.1,18.5,M,21.0,M,,*57
$GPRMC,080318.00,A,5928.19843,N,02446.71655,E,16.79,16.3,140625,,,A*60
$GPVTG,16.3,T,,M,16.79,N,31.10,K,A*33
$HEHDT,14.9,T*13
$VWVHW,14.9,T,,M,16.87,N,31.23,K*4D
$GPGGA,080319.00,5928.20299,N,02446.71896,E,1,12,1.1,18.8,M,21.0,M,,*5D
$GPRMC,080319.00,A,5928.20299,N,02446.71896,E,16.73,15.9,140625,,,A*64
$GPVTG,15.9,T,,M,16.73,N,30.99,K,A*30
$HEHDT,14.7,T*1D
$VWVHW,14.7,T,,M,17.02,N,31.51,K*4A
$GPGGA,080320.00,5928.20740,N,02446.72188,E,1,12,1.1,18.8,M,21.0,M,,*53
$GPRMC,080320.00,A,5928.20740,N,02446.72188,E,17.01,15.8,140625,,,A*6F
$GPVTG,15.8,T,,M,17.01,N,31.51,K,A*30
$HEHDT,14.9,T*13
$VWVHW,14.9,T,,M,17.01,N,31.50,K*46
$GPGSV,2,1,08,03,63,041,48,08,40,096,46,11,24,151,42,14,50,206,47*7E
$GPGSV,2,2,08,17,68,263,47,22,21,311,43,28,08,351,38,31,56,121,48*7B
$GAGSV,2,1,05,04,49,071,47,09,37,181,46,12,68,236,47,24,12,286,39*6F
$GAGSV,2,2,05,31,18,021,40*51
$GPZDA,080320.00,14,06,2025,00,00*69
$GPGGA,080321.00,5928.21194,N,02446.72424,E,1,12,1.1,18.6,M,21.0,M,,*51
$GPRMC,080321.00,A,5928.21194,N,02446.72424,E,16.83,16.0,140625,,,A*63
$GPVTG,16.0,T,,M,16.83,N,31.18,K,A*3D
$HEHDT,14.3,T*19
$VWVHW,14.3,T,,M,16.86,N,31.22,K*47
$GPGGA,080322.00,5928.21645,N,02446.72645,E,1,12,1.1,17.9,M,21.0,M,,*5C
$GPRMC,080322.00,A,5928.21645,N,02446.72645,E,16.81,16.4,140625,,,A*68
$GPVTG,16.4,T,,M,16.81,N,31.13,K,A*30
$HEHDT,14.9,T*13
$VWVHW,14.9,T,,M,16.99,N,31.47,K*40
$GPGGA,080323.00,5928.22047,N,02446.72879,E,1,12,1.1,18.3,M,21.0,M,,*5E
$GPRMC,080323.00,A,5928.22047,N,02446.72879,E,16.85,16.2,140625,,,A*6D
$GPVTG,16.2,T,,M,16.85,N,31.21,K,A*33
$HEHDT,14.7,T*1D
$VWVHW,14.7,T,,M,16.95,N,31.39,K*4B
$GPGGA,080324.00,5928.22533,N,02446.73103,E,1,12,1.1,18.4,M,21.0,M,,*5D
$GPRMC,080324.00,A,5928.22533,N,02446.73103,E,16.88,16.4,140625,,,A*62
$GPVTG,16.4,T,,M,16.88,N,31.26,K,A*3F
$HEHDT,14.2,T*18
$VWVHW,14.2,T,,M,16.99,N,31.46,K*4A
$GPGGA,080325.00,5928.22963,N,02446.73263,E,1,12,1.1,17.6,M,21.0,M,,*5D
$GPRMC,080325.00,A,5928.22963,N,02446.73263,E,16.72,16.4,140625,,,A*6A
$GPVTG,16.4,T,,M,16.72,N,30.97,K,A*31
$HEHDT,14.9,T*13
$VWVHW,14.9,T,,M,16.82,N,31.16,K*4E
$GPGSV,2,1,08,03,63,041,48,08,40,096,46,11,24,151,42,14,50,206,46*7F
$GPGSV,2,2,08,17,68,263,46,22,21,311,43,28,08,351,38,31,56,121,48*7A
$GAGSV,2,1,05,04,49,071,47,09,37,181,46,12,68,236,49,24,12,286,37*6F
$GAGSV,2,2,05,31,18,021,39*5F
$GPZDA,080325.00,14,06,2025,00,00*6C
$GPGGA,080326.00,5928.23444,N,02446.73620,E,1,12,1.1,17.2,M,21.0,M,,*50
$GPRMC,080326.00,A,5928.23444,N,02446.73620,E,16.81,16.6,140625,,,A*6D
$GPVTG,16.6,T,,M,16.81,N,31.14,K,A*35
$HEHDT,14.9,T*13
$VWVHW,14.9,T,,M,16.90,N,31.29,K*41
$GPGGA,080327.00,5928.23880,N,02446.73899,E,1,12,1.1,17.8,M,21.0,M,,*53
$GPRMC,080327.00,A,5928.23880,N,02446.73899,E,16.82,15.9,140625,,,A*6B
$GPVTG,15.9,T,,M,16.82,N,31.15,K,A*3B
$HEHDT,14.6,T*1C
$VWVHW,14.6,T,,M,16.81,N,31.13,K*47
$GPGGA,080328.00,5928.24256,N,02446.74067,E,1,12,1.1,18.0,M,21.0,M,,*53
$GPRMC,080328.00,A,5928.24256,N,02446.74067,E,16.87,16.4,140625,,,A*67
$GPVTG,16.4,T,,M,16.87,N,31.25,K,A*33
$HEHDT,14.8,T*12
$VWVHW,14.8,T,,M,16.78,N,31.08,K*45
$GPGGA,080329.00,5928.24780,N,02446.74369,E,1,12,1.1,17.3,M,21.0,M,,*5D
$GPRMC,080329.00,A,5928.24780,N,02446.74369,E,16.80,16.1,140625,,,A*67
$GPVTG,16.1,T,,M,16.80,N,31.11,K,A*36
$HEHDT,15.0,T*1B
$VWVHW,15.0,T,,M,16.87,N,31.24,K*42
$GPGGA,080330.00,5928.25238,N,02446.74670,E,1,12,1.1,18.2,M,21.0,M,,*51
$GPRMC,080330.00,A,5928.25238,N,02446.74670,E,16.83,16.2,140625,,,A*65
$GPVTG,16.2,T,,M,16.83,N,31.17,K,A*30
$HEHDT,14.6,T*1C
$VWVHW,14.6,T,,M,16.93,N,31.36,K*43
$GPGSV,2,1,08,03,63,041,48,08,40,096,45,11,24,151,43,14,50,206,49*72
$GPGSV,2,2,08,17,68,263,48,22,21,311,43,28,08,351,37,31,56,121,49*7A
$GAGSV,2,1,05,04,49,071,47,09,37,181,46,12,68,236,49,24,12,286,37*6F
$GAGSV,2,2,05,31,18,021,38*5E
$GPZDA,080330.00,14,06,2025,00,00*68
$GPGGA,080331.00,5928.25672,N,02446.74901,E,1,12,1.1,18.1,M,21.0,M,,*50
$GPRMC,080331.00,A,5928.25672,N,02446.74901,E,16.89,15.6,140625,,,A*6A
$GPVTG,15.6,T,,M,16.89,N,31.28,K,A*31
$HEHDT,14.7,T*1D
$VWVHW,14.7,T,,M,16.87,N,31.25,K*45
$GPGGA,080332.00,5928.26116,N,02446.75115,E,1,12,1.1,18.0,M,21.0,M,,*58
$GPRMC,080332.00,A,5928.26116,N,02446.75115,E,16.64,16.3,140625,,,A*66
$GPVTG,16.3,T,,M,16.64,N,30.82,K,A*35
$HEHDT,14.6,T*1C
$VWVHW,14.6,T,,M,16.85,N,31.21,K*42
$GPGGA,080333.00,5928.26552,N,02446.75407,E,1,12,1.1,17.1,M,21.0,M,,*55
$GPRMC,080333.00,A,5928.26552,N,02446.75407,E,16.97,16.6,140625,,,A*6C
$GPVTG,16.6,T,,M,16.97,N,31.42,K,A*31
$HEHDT,14.8,T*12
$VWVHW,14.8,T,,M,16.99,N,31.47,K*41
$GPGGA,080334.00,5928.26992,N,02446.75654,E,1,12,1.1,17.9,M,21.0,M,,*5E
$GPRMC,080334.00,A,5928.26992,N,02446.75654,E,16.71,16.2,140625,,,A*63
$GPVTG,16.2,T,,M,16.71,N,30.94,K,A*37
$HEHDT,14.6,T*1C
$VWVHW,14.6,T,,M,16.92,N,31.33,K*47
$GPGGA,080335.00,5928.27440,N,02446.75886,E,1,12,1.1,17.8,M,21.0,M,,*5C
$GPRMC,080335.00,A,5928.27440,N,02446.75886,E,16.75,16.2,140625,,,A*64
$GPVTG,16.2,T,,M,16.75,N,31.03,K,A*3C
$HEHDT,15.0,T*1B
$VWVHW,15.0,T,,M,16.85,N,31.21,K*45
$GPGSV,2,1,08,03,63,041,48,08,40,096,46,11,24,151,42,14,50,206,49*70
$GPGSV,2,2,08,17,68,263,48,22,21,311,42,28,08,351,37,31,56,121,49*7B
$GAGSV,2,1,05,04,49,071,48,09,37,181,44,12,68,236,48,24,12,286,37*63
$GAGSV,2,2,05,31,18,021,40*51
$GPZDA,080335.00,14,06,2025,00,00*6D
$GPGGA,080336.00,5928.27907,N,02446.76118,E,1,12,1.1,17.6,M,21.0,M,,*52
$GPRMC,080336.00,A,5928.27907,N,02446.76118,E,16.78,15.9,140625,,,A*61
$GPVTG,15.9,T,,M,16.78,N,31.07,K,A*3D
$HEHDT,14.4,T*1E
$VWVHW,14.4,T,,M,16.94,N,31.38,K*48
$GPGGA,080337.00,5928.28278,N,02446.76423,E,1,12,1.1,18.0,M,21.0,M,,*5B
$GPRMC,080337.00,A,5928.28278,N,02446.76423,E,16.95,15.8,140625,,,A*63
$GPVTG,15.8,T,,M,16.95,N,31.39,K,A*32
$HEHDT,14.4,T*1E
$VWVHW,14.4,T,,M,16.93,N,31.36,K*41
$GPGGA,080338.00,5928.28783,N,02446.76685,E,1,12,1.1,17.2,M,21.0,M,,*56
$GPRMC,080338.00,A,5928.28783,N,02446.76685,E,16.80,16.4,140625,,,A*68
$GPVTG,16.4,T,,M,16.80,N,31.11,K,A*33
$HEHDT,14.7,T*1D
$VWVHW,14.7,T,,M,16.79,N,31.09,K*4A
$GPGGA,080339.00,5928.29224,N,02446.76948,E,1,12,1.1,17.4,M,21.0,M,,*56
$GPRMC,080339.00,A,5928.29224,N,02446.76948,E,16.72,16.0,140625,,,A*67
$GPVTG,16.0,T,,M,16.72,N,30.96,K,A*34
$HEHDT,14.6,T*1C
$VWVHW,14.6,T,,M,16.94,N,31.37,K*45
$GPGGA,080340.00,5928.29656,N,02446.77187,E,1,12,1.1,17.6,M,21.0,M,,*51
$GPRMC,080340.00,A,5928.29656,N,02446.77187,E,16.83,16.4,140625,,,A*68
$GPVTG,16.4,T,,M,16.83,N,31.17,K,A*36
$HEHDT,15.0,T*1B
$VWVHW,15.0,T,,M,16.91,N,31.32,K*42
$GPGSV,2,1,08,03,63,041,48,08,40,096,45,11,24,151,43,14,50,206,48*73
$GPGSV,2,2,08,17,68,263,48,22,21,311,42,28,08,351,37,31,56,121,48*7A
$GAGSV,2,1,05,04,49,071,47,09,37,181,45,12,68,236,48,24,12,286,37*6D
$GAGSV,2,2,05,31,18,021,40*51
$GPZDA,080340.00,14,06,2025,00,00*6F
$GPGGA,080341.00,5928.30119,N,02446.77435,E,1,12,1.1,18.0,M,21.0,M,,*51
$GPRMC,080341.00,A,5928.30119,N,02446.77435,E,16.76,15.9,140625,,,A*65
$GPVTG,15.9,T,,M,16.76,N,31.04,K,A*30
$HEHDT,14.6,T*1C
$VWVHW,14.6,T,,M,16.84,N,31.18,K*49
$GPGGA,080342.00,5928.30553,N,02446.77633,E,1,12,1.1,17.3,M,21.0,M,,*50
$GPRMC,080342.00,A,5928.30553,N,02446.77633,E,16.82,15.9,140625,,,A*63
$GPVTG,15.9,T,,M,16.82,N,31.16,K,A*38
$HEHDT,14.6,T*1C
$VWVHW,14.6,T,,M,16.93,N,31.35,K*40
$GPGGA,080343.00,5928.30962,N,02446.77843,E,1,12,1.1,18.0,M,21.0,M,,*5A
$GPRMC,080343.00,A,5928.30962,N,02446.77843,E,16.73,16.2,140625,,,A*63
$GPVTG,16.2,T,,M,16.73,N,30.98,K,A*39
$HEHDT,14.8,T*12
$VWVHW,14.8,T,,M,16.82,N,31.15,K*4C
$GPGGA,080344.00,5928.31444,N,02446.78198,E,1,12,1.1,18.5,M,21.0,M,,*50
$GPRMC,080344.00,A,5928.31444,N,02446.78198,E,16.82,16.4,140625,,,A*64
$GPVTG,16.4,T,,M,16.82,N,31.15,K,A*35
$HEHDT,14.9,T*13
$VWVHW,14.9,T,,M,16.81,N,31.13,K*48
$GPGGA,080345.00,5928.31870,N,02446.78597,E,1,12,1.1,18.3,M,21.0,M,,*57
$GPRMC,080345.00,A,5928.31870,N,02446.78597,E,16.66,16.6,140625,,,A*6D
$GPVTG,16.6,T,,M,16.66,N,30.86,K,A*36
$HEHDT,14.9,T*13
$VWVHW,14.9,T,,M,16.81,N,31.14,K*4F
$GPGSV,2,1,08,03,63,041,48,08,40,096,45,11,24,151,42,14,50,206,48*72
$GPGSV,2,2,08,17,68,263,49,22,21,311,43,28,08,351,37,31,56,121,48*7A
$GAGSV,2,1,05,04,49,071,48,09,37,181,45,12,68,236,48,24,12,286,37*62
$GAGSV,2,2,05,31,18,021,40*51
$GPZDA,080345.00,14,06,2025,00,00*6A
$GPGGA,080346.00,5928.32361,N,02446.78683,E,1,12,1.1,18.0,M,21.0,M,,*59
$GPRMC,080346.00,A,5928.32361,N,02446.78683,E,16.84,16.6,140625,,,A*6C
$GPVTG,16.6,T,,M,16.84,N,31.19,K,A*3D
$HEHDT,15.0,T*1B
$VWVHW,15.0,T,,M,17.00,N,31.48,K*46
$GPGGA,080347.00,5928.32790,N,02446.78909,E,1,12,1.1,18.2,M,21.0,M,,*5D
$GPRMC,080347.00,A,5928.32790,N,02446.78909,E,16.81,16.1,140625,,,A*68
$GPVTG,16.1,T,,M,16.81,N,31.12,K,A*34
$HEHDT,14.4,T*1E
$VWVHW,14.4,T,,M,16.70,N,30.93,K*42
$GPGGA,080348.00,5928.33215,N,02446.79248,E,1,12,1.1,18.2,M,21.0,M,,*54
$GPRMC,080348.00,A,5928.33215,N,02446.79248,E,16.86,16.0,140625,,,A*67
$GPVTG,16.0,T,,M,16.86,N,31.23,K,A*30
$HEHDT,14.8,T*12
$VWVHW,14.8,T,,M,16.81,N,31.13,K*49
$GPGGA,080349.00,5928.33601,N,02446.79418,E,1,12,1.1,18.6,M,21.0,M,,*53
$GPRMC,080349.00,A,5928.33601,N,02446.79418,E,16.89,16.1,140625,,,A*6A
$GPVTG,16.1,T,,M,16.89,N,31.29,K,A*34
$HEHDT,14.7,T*1D
$VWVHW,14.7,T,,M,16.89,N,31.29,K*47
$GPGGA,080350.00,5928.34121,N,02446.79698,E,1,12,1.1,18.3,M,21.0,M,,*56
$GPRMC,080350.00,A,5928.34121,N,02446.79698,E,16.88,16.4,140625,,,A*6E
$GPVTG,16.4,T,,M,16.88,N,31.26,K,A*3F
$HEHDT,14.6,T*1C
$VWVHW,14.6,T,,M,16.92,N,31.33,K*47
$GPGSV,2,1,08,03,63,041,49,08,40,096,46,11,24,151,42,14,50,206,47*7F
$GPGSV,2,2,08,17,68,263,48,22,21,311,42,28,08,351,37,31,56,121,47*75
$GAGSV,2,1,05,04,49,071,48,09,37,181,44,12,68,236,49,24,12,286,37*62
$GAGSV,2,2,05,31,18,021,38*5E
$GPZDA,080350.00,14,06,2025,00,00*6E
$GPGGA,080351.00,5928.34587,N,02446.79835,E,1,12,1.1,18.7,M,21.0,M,,*52
$GPRMC,080351.00,A,5928.34587,N,02446.79835,E,16.75,16.4,140625,,,A*6C
$GPVTG,16.4,T,,M,16.75,N,31.03,K,A*3A
$HEHDT,14.9,T*13
$VWVHW,14.9,T,,M,16.92,N,31.34,K*4F
$GPGGA,080352.00,5928.34997,N,02446.80134,E,1,12,1.1,18.0,M,21.0,M,,*55
$GPRMC,080352.00,A,5928.34997,N,02446.80134,E,16.83,16.6,140625,,,A*67
$GPVTG,16.6,T,,M,16.83,N,31.17,K,A*34
$HEHDT,15.1,T*1A
$VWVHW,15.1,T,,M,16.80,N,31.12,K*41
$GPGGA,080353.00,5928.35458,N,02446.80417,E,1,12,1.1,18.1,M,21.0,M,,*5E
$GPRMC,080353.00,A,5928.35458,N,02446.80417,E,16.86,16.2,140625,,,A*6C
$GPVTG,16.2,T,,M,16.86,N,31.22,K,A*33
$HEHDT,14.4,T*1E
$VWVHW,14.4,T,,M,16.84,N,31.18,K*4B
$GPGGA,080354.00,5928.35915,N,02446.80729,E,1,12,1.1,18.4,M,21.0,M,,*56
$GPRMC,080354.00,A,5928.35915,N,02446.80729,E,16.80,16.9,140625,,,A*6C
$GPVTG,16.9,T,,M,16.80,N,31.11,K,A*3E
$HEHDT,14.6,T*1C
$VWVHW,14.6,T,,M,17.03,N,31.53,K*48
$GPGGA,080355.00,5928.36311,N,02446.80939,E,1,12,1.1,17.4,M,21.0,M,,*5A
$GPRMC,080355.00,A,5928.36311,N,02446.80939,E,16.85,16.5,140625,,,A*66
$GPVTG,16.5,T,,M,16.85,N,31.21,K,A*34
$HEHDT,14.3,T*19
$VWVHW,14.3,T,,M,16.96,N,31.41,K*43
$GPGSV,2,1,08,03,63,041,49,08,40,096,46,11,24,151,42,14,50,206,48*70
$GPGSV,2,2,08,17,68,263,48,22,21,311,42,28,08,351,39,31,56,121,47*7B
$GAGSV,2,1,05,04,49,071,47,09,37,181,45,12,68,236,49,24,12,286,37*6C
$GAGSV,2,2,05,31,18,021,40*51
$GPZDA,080355.00,14,06,2025,00,00*6B
$GPGGA,080356.00,5928.36787,N,02446.81297,E,1,12,1.1,17.4,M,21.0,M,,*5C
$GPRMC,080356.00,A,5928.36787,N,02446.81297,E,16.77,16.4,140625,,,A*6C
$GPVTG,16.4,T,,M,16.77,N,31.06,K,A*3D
$HEHDT,14.4,T*1E
$VWVHW,14.4,T,,M,16.71,N,30.94,K*44
$GPGGA,080357.00,5928.37216,N,02446.81489,E,1,12,1.1,17.7,M,21.0,M,,*5B
$GPRMC,080357.00,A,5928.37216,N,02446.81489,E,16.87,16.1,140625,,,A*62
$GPVTG,16.1,T,,M,16.87,N,31.25,K,A*36
$HEHDT,14.9,T*13
$VWVHW,14.9,T,,M,17.02,N,31.53,K*46
$GPGGA,080358.00,5928.37711,N,02446.81650,E,1,12,1.1,17.3,M,21.0,M,,*54
$GPRMC,080358.00,A,5928.37711,N,02446.81650,E,16.84,15.9,140625,,,A*61
$GPVTG,15.9,T,,M,16.84,N,31.20,K,A*3B
$HEHDT,14.6,T*1C
$VWVHW,14.6,T,,M,17.05,N,31.57,K*4A
$GPGGA,080359.00,5928.38131,N,02446.81999,E,1,12,1.1,17.7,M,21.0,M,,*50
$GPRMC,080359.00,A,5928.38131,N,02446.81999,E,16.76,16.0,140625,,,A*66
$GPVTG,16.0,T,,M,16.76,N,31.04,K,A*3A
$HEHDT,14.2,T*18
$VWVHW,14.2,T,,M,16.97,N,31.44,K*46
$GPGGA,080400.00,5928.38532,N,02446.82242,E,1,12,1.1,17.8,M,21.0,M,,*5D
$GPRMC,080400.00,A,5928.38532,N,02446.82242,E,16.95,16.4,140625,,,A*6D
$GPVTG,16.4,T,,M,16.95,N,31.39,K,A*3D
$HEHDT,14.6,T*1C
$VWVHW,14.6,T,,M,16.73,N,30.99,K*49
$GPGSV,2,1,08,03,63,041,49,08,40,096,46,11,24,151,43,14,50,206,47*7E
$GPGSV,2,2,08,17,68,263,48,22,21,311,42,28,08,351,38,31,56,121,48*75
$GAGSV,2,1,05,04,49,071,47,09,37,181,44,12,68,236,48,24,12,286,37*6C
$GAGSV,2,2,05,31,18,021,40*51
$GPZDA,080400.00,14,06,2025,00,00*6C
$GPGGA,080401.00,5928.39019,N,02446.82535,E,1,12,1.1,17.0,M,21.0,M,,*5E
$GPRMC,080401.00,A,5928.39019,N,02446.82535,E,16.69,16.4,140625,,,A*65
$GPVTG,16.4,T,,M,16.69,N,30.91,K,A*3D
$HEHDT,14.7,T*1D
$VWVHW,14.7,T,,M,16.91,N,31.32,K*44
$GPGGA,080402.00,5928.39416,N,02446.82712,E,1,12,1.1,18.0,M,21.0,M,,*5E
$GPRMC,080402.00,A,5928.39416,N,02446.82712,E,16.81,16.1,140625,,,A*69
$GPVTG,16.1,T,,M,16.81,N,31.13,K,A*35
$HEHDT,15.0,T*1B
$VWVHW,15.0,T,,M,16.86,N,31.22,K*45
$GPGGA,080403.00,5928.39886,N,02446.82977,E,1,12,1.1,17.9,M,21.0,M,,*51
$GPRMC,080403.00,A,5928.39886,N,02446.82977,E,16.86,16.1,140625,,,A*67
$GPVTG,16.1,T,,M,16.86,N,31.23,K,A*31
$HEHDT,14.6,T*1C
$VWVHW,14.6,T,,M,16.77,N,31.06,K*4A
$GPGGA,080404.00,5928.40358,N,02446.83282,E,1,12,1.1,17.4,M,21.0,M,,*5D
$GPRMC,080404.00,A,5928.40358,N,02446.83282,E,16.88,16.0,140625,,,A*69
$GPVTG,16.0,T,,M,16.88,N,31.27,K,A*3A
$HEHDT,14.4,T*1E
$VWVHW,14.4,T,,M,16.76,N,31.03,K*4C
$GPGGA,080405.00,5928.40737,N,02446.83535,E,1,12,1.1,17.2,M,21.0,M,,*5C
$GPRMC,080405.00,A,5928.40737,N,02446.83535,E,16.69,15.5,140625,,,A*67
$GPVTG,15.5,T,,M,16.69,N,30.90,K,A*3E
$HEHDT,15.1,T*1A
$VWVHW,15.1,T,,M,17.00,N,31.48,K*47
$GPGSV,2,1,08,03,63,041,49,08,40,096,47,11,24,151,43,14,50,206,47*7F
$GPGSV,2,2,08,17,68,263,49,22,21,311,41,28,08,351,38,31,56,121,48*77
$GAGSV,2,1,05,04,49,071,48,09,37,181,44,12,68,236,48,24,12,286,37*63
$GAGSV,2,2,05,31,18,021,40*51
$GPZDA,080405.00,14,06,2025,00,00*69
$GPGGA,080406.00,5928.41279,N,02446.83676,E,1,12,1.1,18.5,M,21.0,M,,*5D
$GPRMC,080406.00,A,5928.41279,N,02446.83676,E,16.79,15.9,140625,,,A*63
$GPVTG,15.9,T,,M,16.79,N,31.10,K,A*3A
$HEHDT,14.8,T*12
$VWVHW,14.8,T,,M,16.82,N,31.16,K*4F
$GPGGA,080407.00,5928.41668,N,02446.83994,E,1,12,1.1,17.9,M,21.0,M,,*58
$GPRMC,080407.00,A,5928.41668,N,02446.83994,E,16.70,15.8,140625,,,A*6D
$GPVTG,15.8,T,,M,16.70,N,30.92,K,A*39
$HEHDT,15.0,T*1B
$VWVHW,15.0,T,,M,16.89,N,31.27,K*4F
$GPGGA,080408.00,5928.42144,N,02446.84228,E,1,12,1.1,18.0,M,21.0,M,,*50
$GPRMC,080408.00,A,5928.42144,N,02446.84228,E,16.68,16.3,140625,,,A*62
$GPVTG,16.3,T,,M,16.68,N,30.90,K,A*3A
$HEHDT,15.1,T*1A
$VWVHW,15.1,T,,M,16.91,N,31.31,K*40
$GPGGA,080409.00,5928.42584,N,02446.84460,E,1,12,1.1,17.9,M,21.0,M,,*55
$GPRMC,080409.00,A,5928.42584,N,02446.84460,E,16.80,16.2,140625,,,A*66
$GPVTG,16.2,T,,M,16.80,N,31.11,K,A*35
$HEHDT,14.9,T*13
$VWVHW,14.9,T,,M,16.93,N,31.35,K*4F
$GPGGA,080410.00,5928.43021,N,02446.84694,E,1,12,1.1,17.8,M,21.0,M,,*5E
$GPRMC,080410.00,A,5928.43021,N,02446.84694,E,16.79,16.9,140625,,,A*61
$GPVTG,16.9,T,,M,16.79,N,31.10,K,A*39
$HEHDT,15.1,T*1A
$VWVHW,15.1,T,,M,16.86,N,31.22,K*44
$GPGSV,2,1,08,03,63,041,48,08,40,096,46,11,24,151,42,14,50,206,47*7E
$GPGSV,2,2,08,17,68,263,49,22,21,311,43,28,08,351,37,31,56,121,48*7A
$GAGSV,2,1,05,04,49,071,48,09,37,181,45,12,68,236,48,24,12,286,37*62
$GAGSV,2,2,05,31,18,021,40*51
$GPZDA,080410.00,14,06,2025,00,00*6D
$GPGGA,080411.00,5928.43481,N,02446.84920,E,1,12,1.1,17.6,M,21.0,M,,*5F
$GPRMC,080411.00,A,5928.43481,N,02446.84920,E,16.89,16.2,140625,,,A*6A
$GPVTG,16.2,T,,M,16.89,N,31.27,K,A*39
$HEHDT,14.7,T*1D
$VWVHW,14.7,T,,M,16.90,N,31.29,K*4F
$GPGGA,080412.00,5928.43946,N,02446.85160,E,1,12,1.1,17.8,M,21.0,M,,*59
$GPRMC,080412.00,A,5928.43946,N,02446.85160,E,16.86,16.0,140625,,,A*6F
$GPVTG,16.0,T,,M,16.86,N,31.23,K,A*30
$HEHDT,15.2,T*19
$VWVHW,15.2,T,,M,16.88,N,31.27,K*4C
$GPGGA,080413.00,5928.44364,N,02446.85382,E,1,12,1.1,17.2,M,21.0,M,,*51
$GPRMC,080413.00,A,5928.44364,N,02446.85382,E,16.83,16.5,140625,,,A*6D
$GPVTG,16.5,T,,M,16.83,N,31.18,K,A*38
$HEHDT,14.8,T*12
$VWVHW,14.8,T,,M,16.89,N,31.27,K*46
$GPGGA,080414.00,5928.44841,N,02446.85616,E,1,12,1.1,17.4,M,21.0,M,,*54
$GPRMC,080414.00,A,5928.44841,N,02446.85616,E,16.90,16.1,140625,,,A*68
$GPVTG,16.1,T,,M,16.90,N,31.30,K,A*34
$HEHDT,14.6,T*1C
$VWVHW,14.6,T,,M,17.03,N,31.55,K*4E
$GPGGA,080415.00,5928.45283,N,02446.86011,E,1,12,1.1,17.1,M,21.0,M,,*57
$GPRMC,080415.00,A,5928.45283,N,02446.86011,E,16.91,16.3,140625,,,A*6D
$GPVTG,16.3,T,,M,16.91,N,31.32,K,A*35
$HEHDT,15.0,T*1B
$VWVHW,15.0,T,,M,16.72,N,30.97,K*41
$GPGSV,2,1,08,03,63,041,49,08,40,096,46,11,24,151,42,14,50,206,46*7E
$GPGSV,2,2,08,17,68,263,49,22,21,311,42,28,08,351,38,31,56,121,48*74
$GAGSV,2,1,05,04,49,071,48,09,37,181,44,12,68,236,48,24,12,286,37*63
$GAGSV,2,2,05,31,18,021,40*51
$GPZDA,080415.00,14,06,2025,00,00*68
$GPGGA,080416.00,5928.45747,N,02446.86300,E,1,12,1.0,17.5,M,21.0,M,,*5F
$GPRMC,080416.00,A,5928.45747,N,02446.86300,E,16.76,16.7,140625,,,A*6D
$GPVTG,16.7,T,,M,16.76,N,31.03,K,A*3A
$HEHDT,14.6,T*1C
$VWVHW,14.6,T,,M,17.17,N,31.80,K*43
$GPGGA,080417.00,5928.46176,N,02446.86508,E,1,12,1.0,17.5,M,21.0,M,,*57
$GPRMC,080417.00,A,5928.46176,N,02446.86508,E,16.84,16.3,140625,,,A*6C
$GPVTG,16.3,T,,M,16.84,N,31.18,K,A*39
$HEHDT,15.0,T*1B
$VWVHW,15.0,T,,M,16.88,N,31.26,K*4F
$GPGGA,080418.00,5928.46624,N,02446.86739,E,1,12,1.0,17.3,M,21.0,M,,*5E
$GPRMC,080418.00,A,5928.46624,N,02446.86739,E,16.80,16.2,140625,,,A*66
$GPVTG,16.2,T,,M,16.80,N,31.11,K,A*35
$HEHDT,15.2,T*19
$VWVHW,15.2,T,,M,16.99,N,31.47,K*4A
$GPGGA,080419.00,5928.47107,N,02446.86975,E,1,12,1.0,18.2,M,21.0,M,,*50
$GPRMC,080419.00,A,5928.47107,N,02446.86975,E,16.86,16.3,140625,,,A*61
$GPVTG,16.3,T,,M,16.86,N,31.22,K,A*32
$HEHDT,14.7,T*1D
$VWVHW,14.7,T,,M,16.90,N,31.29,K*4F
$GPGGA,080420.00,5928.47568,N,02446.87295,E,1,12,1.0,17.0,M,21.0,M,,*5E
$GPRMC,080420.00,A,5928.47568,N,02446.87295,E,16.77,15.9,140625,,,A*65
$GPVTG,15.9,T,,M,16.77,N,31.05,K,A*30
$HEHDT,14.2,T*18
$VWVHW,14.2,T,,M,16.88,N,31.26,K*4C
$GPGSV,2,1,08,03,63,041,49,08,40,096,47,11,24,151,42,14,50,206,46*7F
$GPGSV,2,2,08,17,68,263,48,22,21,311,42,28,08,351,38,31,56,121,48*75
$GAGSV,2,1,05,04,49,071,48,09,37,181,44,12,68,236,48,24,12,286,37*63
$GAGSV,2,2,05,31,18,021,41*50
$GPZDA,080420.00,14,06,2025,00,00*6E
$GPGGA,080421.00,5928.47965,N,02446.87476,E,1,12,1.0,17.9,M,21.0,M,,*5C
$GPRMC,080421.00,A,5928.47965,N,02446.87476,E,16.87,16.3,140625,,,A*68
$GPVTG,16.3,T,,M,16.87,N,31.24,K,A*35
$HEHDT,14.8,T*12
$VWVHW,14.8,T,,M,16.91,N,31.32,K*4B
$GPGGA,080422.00,5928.48424,N,02446.87819,E,1,12,1.0,17.9,M,21.0,M,,*5D
$GPRMC,080422.00,A,5928.48424,N,02446.87819,E,16.94,15.7,140625,,,A*6C
$GPVTG,15.7,T,,M,16.94,N,31.38,K,A*3D
$HEHDT,14.5,T*1F
$VWVHW,14.5,T,,M,16.84,N,31.19,K*4B
$GPGGA,080423.00,5928.48834,N,02446.88051,E,1,12,1.0,17.4,M,21.0,M,,*57
$GPRMC,080423.00,A,5928.48834,N,02446.88051,E,16.91,15.9,140625,,,A*60
$GPVTG,15.9,T,,M,16.91,N,31.31,K,A*3F
$HEHDT,14.5,T*1F
$VWVHW,14.5,T,,M,16.83,N,31.17,K*42
$GPGGA,080424.00,5928.49292,N,02446.88279,E,1,12,1.0,17.4,M,21.0,M,,*5F
$GPRMC,080424.00,A,5928.49292,N,02446.88279,E,16.87,16.2,140625,,,A*67
$GPVTG,16.2,T,,M,16.87,N,31.24,K,A*34
$HEHDT,14.8,T*12
$VWVHW,14.8,T,,M,16.93,N,31.35,K*4E
$GPGGA,080425.00,5928.49757,N,02446.88503,E,1,12,1.0,17.8,M,21.0,M,,*54
$GPRMC,080425.00,A,5928.49757,N,02446.88503,E,16.81,16.1,140625,,,A*65
$GPVTG,16.1,T,,M,16.81,N,31.14,K,A*32
$HEHDT,15.0,T*1B
$VWVHW,15.0,T,,M,16.92,N,31.33,K*40
$GPGSV,2,1,08,03,63,041,50,08,40,096,46,11,24,151,42,14,50,206,47*77
$GPGSV,2,2,08,17,68,263,48,22,21,311,43,28,08,351,38,31,56,121,48*74
$GAGSV,2,1,05,04,49,071,47,09,37,181,45,12,68,236,47,24,12,286,37*62
$GAGSV,2,2,05,31,18,021,39*5F
$GPZDA,080425.00,14,06,2025,00,00*6B
$GPGGA,080426.00,5928.50221,N,02446.88841,E,1,12,1.0,17.1,M,21.0,M,,*59
$GPRMC,080426.00,A,5928.50221,N,02446.88841,E,16.78,16.0,140625,,,A*66
$GPVTG,16.0,T,,M,16.78,N,31.08,K,A*38
$HEHDT,14.8,T*12
$VWVHW,14.8,T,,M,16.96,N,31.42,K*4B
$GPGGA,080427.00,5928.50648,N,02446.89153,E,1,12,1.0,17.1,M,21.0,M,,*58
$GPRMC,080427.00,A,5928.50648,N,02446.89153,E,16.80,16.2,140625,,,A*62
$GPVTG,16.2,T,,M,16.80,N,31.11,K,A*35
$HEHDT,14.9,T*13
$VWVHW,14.9,T,,M,16.98,N,31.44,K*42
$GPGGA,080428.00,5928.51140,N,02446.89375,E,1,12,1.0,17.6,M,21.0,M,,*58
$GPRMC,080428.00,A,5928.51140,N,02446.89375,E,16.98,16.6,140625,,,A*68
$GPVTG,16.6,T,,M,16.98,N,31.45,K,A*39
$HEHDT,14.4,T*1E
$VWVHW,14.4,T,,M,16.90,N,31.30,K*44
$GPGGA,080429.00,5928.51583,N,02446.89619,E,1,12,1.0,17.2,M,21.0,M,,*59
$GPRMC,080429.00,A,5928.51583,N,02446.89619,E,16.87,16.0,140625,,,A*65
$GPVTG,16.0,T,,M,16.87,N,31.24,K,A*36
$HEHDT,14.6,T*1C
$VWVHW,14.6,T,,M,16.83,N,31.16,K*40
$GPGGA,080430.00,5928.52041,N,02446.89885,E,1,12,1.0,17.8,M,21.0,M,,*58
$GPRMC,080430.00,A,5928.52041,N,02446.89885,E,16.80,16.0,140625,,,A*69
$GPVTG,16.0,T,,M,16.80,N,31.12,K,A*34
$HEHDT,14.5,T*1F
$VWVHW,14.5,T,,M,16.93,N,31.35,K*43
$GPGSV,2,1,08,03,63,041,50,08,40,096,46,11,24,151,42,14,50,206,46*76
$GPGSV,2,2,08,17,68,263,49,22,21,311,42,28,08,351,38,31,56,121,47*7B
$GAGSV,2,1,05,04,49,071,48,09,37,181,45,12,68,236,47,24,12,286,37*6D
$GAGSV,2,2,05,31,18,021,40*51
$GPZDA,080430.00,14,06,2025,00,00*6F
$GPGGA,080431.00,5928.52485,N,02446.90164,E,1,12,1.0,17.5,M,21.0,M,,*56
$GPRMC,080431.00,A,5928.52485,N,02446.90164,E,16.93,16.6,140625,,,A*6E
$GPVTG,16.6,T,,M,16.93,N,31.35,K,A*35
$HEHDT,14.3,T*19
$VWVHW,14.3,T,,M,16.98,N,31.45,K*49
$GPGGA,080432.00,5928.52901,N,02446.90402,E,1,12,1.0,17.8,M,21.0,M,,*5C
$GPRMC,080432.00,A,5928.52901,N,02446.90402,E,16.90,16.3,140625,,,A*6F
$GPVTG,16.3,T,,M,16.90,N,31.30,K,A*36
$HEHDT,14.5,T*1F
$VWVHW,14.5,T,,M,17.07,N,31.61,K*4E
$GPGGA,080433.00,5928.53357,N,02446.90721,E,1,12,1.0,18.1,M,21.0,M,,*51
$GPRMC,080433.00,A,5928.53357,N,02446.90721,E,16.91,16.4,140625,,,A*62
$GPVTG,16.4,T,,M,16.91,N,31.33,K,A*33
$HEHDT,14.2,T*18
$VWVHW,14.2,T,,M,17.05,N,31.58,K*41
$GPGGA,080434.00,5928.53809,N,02446.90916,E,1,12,1.0,18.3,M,21.0,M,,*5E
$GPRMC,080434.00,A,5928.53809,N,02446.90916,E,16.83,16.2,140625,,,A*6A
$GPVTG,16.2,T,,M,16.83,N,31.16,K,A*31
$HEHDT,14.7,T*1D
$VWVHW,14.7,T,,M,16.98,N,31.44,K*4C
$GPGGA,080435.00,5928.54189,N,02446.91141,E,1,12,1.0,18.3,M,21.0,M,,*52
$GPRMC,080435.00,A,5928.54189,N,02446.91141,E,16.87,15.7,140625,,,A*64
$GPVTG,15.7,T,,M,16.87,N,31.24,K,A*32
$HEHDT,14.9,T*13
$VWVHW,14.9,T,,M,16.91,N,31.32,K*4A
$GPGSV,2,1,08,03,63,041,49,08,40,096,46,11,24,151,42,14,50,206,47*7F
$GPGSV,2,2,08,17,68,263,49,22,21,311,43,28,08,351,38,31,56,121,48*75
$GAGSV,2,1,05,04,49,071,49,09,37,181,44,12,68,236,47,24,12,286,37*6D
$GAGSV,2,2,05,31,18,021,40*51
$GPZDA,080435.00,14,06,2025,00,00*6A
$GPGGA,080436.00,5928.54695,N,02446.91531,E,1,12,1.0,18.0,M,21.0,M,,*5B
$GPRMC,080436.00,A,5928.54695,N,02446.91531,E,16.95,16.0,140625,,,A*69
$GPVTG,16.0,T,,M,16.95,N,31.39,K,A*39
$HEHDT,14.8,T*12
$VWVHW,14.8,T,,M,17.04,N,31.55,K*47
$GPGGA,080437.00,5928.55128,N,02446.91705,E,1,12,1.0,18.8,M,21.0,M,,*57
$GPRMC,080437.00,A,5928.55128,N,02446.91705,E,16.98,16.1,140625,,,A*61
$GPVTG,16.1,T,,M,16.98,N,31.45,K,A*3E
$HEHDT,14.9,T*13
$VWVHW,14.9,T,,M,16.93,N,31.36,K*4C
$GPGGA,080438.00,5928.55606,N,02446.91978,E,1,12,1.0,18.4,M,21.0,M,,*5B
$GPRMC,080438.00,A,5928.55606,N,02446.91978,E,16.82,15.9,140625,,,A*61
$GPVTG,15.9,T,,M,16.82,N,31.16,K,A*38
$HEHDT,14.4,T*1E
$VWVHW,14.4,T,,M,16.95,N,31.39,K*48
$GPGGA,080439.00,5928.56032,N,02446.92187,E,1,12,1.0,18.9,M,21.0,M,,*5E
$GPRMC,080439.00,A,5928.56032,N,02446.92187,E,17.02,16.1,140625,,,A*6B
$GPVTG,16.1,T,,M,17.02,N,31.52,K,A*3A
$HEHDT,14.7,T*1D
$VWVHW,14.7,T,,M,16.96,N,31.40,K*46
$GPGGA,080440.00,5928.56489,N,02446.92568,E,1,12,1.0,18.7,M,21.0,M,,*5F
$GPRMC,080440.00,A,5928.56489,N,02446.92568,E,16.74,16.2,140625,,,A*67
$GPVTG,16.2,T,,M,16.74,N,31.00,K,A*3E
$HEHDT,14.8,T*12
$VWVHW,14.8,T,,M,17.06,N,31.60,K*43
$GPGSV,2,1,08,03,63,041,49,08,40,096,44,11,24,151,41,14,50,206,47*7E
$GPGSV,2,2,08,17,68,263,49,22,21,311,43,28,08,351,37,31,56,121,49*7B
$GAGSV,2,1,05,04,49,071,49,09,37,181,45,12,68,236,47,24,12,286,37*6C
$GAGSV,2,2,05,31,18,021,40*51
$GPZDA,080440.00,14,06,2025,00,00*68
$GPGGA,080441.00,5928.56903,N,02446.92696,E,1,12,1.0,19.5,M,21.0,M,,*50
$GPRMC,080441.00,A,5928.56903,N,02446.92696,E,17.03,16.2,140625,,,A*6A
$GPVTG,16.2,T,,M,17.03,N,31.54,K,A*3E
$HEHDT,14.6,T*1C
$VWVHW,14.6,T,,M,17.00,N,31.48,K*41
$GPGGA,080442.00,5928.57452,N,02446.93071,E,1,12,1.0,18.7,M,21.0,M,,*56
$GPRMC,080442.00,A,5928.57452,N,02446.93071,E,17.06,16.0,140625,,,A*68
$GPVTG,16.0,T,,M,17.06,N,31.59,K,A*34
$HEHDT,14.7,T*1D
$VWVHW,14.7,T,,M,17.14,N,31.74,K*4A
$GPGGA,080443.00,5928.57841,N,02446.93315,E,1,12,1.0,18.6,M,21.0,M,,*59
$GPRMC,080443.00,A,5928.57841,N,02446.93315,E,16.88,16.3,140625,,,A*62
$GPVTG,16.3,T,,M,16.88,N,31.26,K,A*38
$HEHDT,14.8,T*12
$VWVHW,14.8,T,,M,16.97,N,31.43,K*4B
$GPGGA,080444.00,5928.58237,N,02446.93573,E,1,12,1.0,18.6,M,21.0,M,,*5C
$GPRMC,080444.00,A,5928.58237,N,02446.93573,E,16.96,16.3,140625,,,A*68
$GPVTG,16.3,T,,M,16.96,N,31.41,K,A*36
$HEHDT,14.8,T*12
$VWVHW,14.8,T,,M,16.89,N,31.29,K*48
$GPGGA,080445.00,5928.58752,N,02446.93803,E,1,12,1.0,18.5,M,21.0,M,,*52
$GPRMC,080445.00,A,5928.58752,N,02446.93803,E,16.94,16.1,140625,,,A*65
$GPVTG,16.1,T,,M,16.94,N,31.38,K,A*38
$HEHDT,14.7,T*1D
$VWVHW,14.7,T,,M,16.95,N,31.40,K*45
$GPGSV,2,1,08,03,63,041,49,08,40,096,45,11,24,151,41,14,50,206,48*70
$GPGSV,2,2,08,17,68,263,49,22,21,311,42,28,08,351,37,31,56,121,48*7B
$GAGSV,2,1,05,04,49,071,48,09,37,181,46,12,68,236,47,24,12,286,37*6E
$GAGSV,2,2,05,31,18,021,40*51
$GPZDA,080445.00,14,06,2025,00,00*6D
$GPGGA,080446.00,5928.59220,N,02446.94113,E,1,12,1.0,17.5,M,21.0,M,,*50
$GPRMC,080446.00,A,5928.59220,N,02446.94113,E,16.95,16.0,140625,,,A*68
$GPVTG,16.0,T,,M,16.95,N,31.40,K,A*37
$HEHDT,14.6,T*1C
$VWVHW,14.6,T,,M,17.06,N,31.59,K*47
$GPGGA,080447.00,5928.59592,N,02446.94421,E,1,12,1.0,18.3,M,21.0,M,,*52
$GPRMC,080447.00,A,5928.59592,N,02446.94421,E,17.09,16.6,140625,,,A*61
$GPVTG,16.6,T,,M,17.09,N,31.65,K,A*32
$HEHDT,15.0,T*1B
$VWVHW,15.0,T,,M,16.95,N,31.40,K*43
$GPGGA,080448.00,5928.60063,N,02446.94624,E,1,12,1.0,18.1,M,21.0,M,,*59
$GPRMC,080448.00,A,5928.60063,N,02446.94624,E,17.02,15.5,140625,,,A*63
$GPVTG,15.5,T,,M,17.02,N,31.52,K,A*3D
$HEHDT,14.5,T*1F
$VWVHW,14.5,T,,M,16.87,N,31.24,K*46
$GPGGA,080449.00,5928.60577,N,02446.94910,E,1,12,1.0,18.6,M,21.0,M,,*57
$GPRMC,080449.00,A,5928.60577,N,02446.94910,E,16.97,15.9,140625,,,A*6B
$GPVTG,15.9,T,,M,16.97,N,31.43,K,A*3C
$HEHDT,15.1,T*1A
$VWVHW,15.1,T,,M,17.15,N,31.77,K*4F
$GPGGA,080450.00,5928.61000,N,02446.95156,E,1,12,1.0,18.4,M,21.0,M,,*52
$GPRMC,080450.00,A,5928.61000,N,02446.95156,E,16.96,16.1,140625,,,A*66
$GPVTG,16.1,T,,M,16.96,N,31.40,K,A*35
$HEHDT,14.6,T*1C
$VWVHW,14.6,T,,M,17.00,N,31.48,K*41
$GPGSV,2,1,08,03,63,041,49,08,40,096,46,11,24,151,40,14,50,206,49*73
$GPGSV,2,2,08,17,68,263,50,22,21,311,41,28,08,351,38,31,56,121,49*7E
$GAGSV,2,1,05,04,49,071,48,09,37,181,45,12,68,236,46,24,12,286,37*6C
$GAGSV,2,2,05,31,18,021,41*50
$GPZDA,080450.00,14,06,2025,00,00*69
$GPGGA,080451.00,5928.61482,N,02446.95446,E,1,12,1.0,18.5,M,21.0,M,,*58
$GPRMC,080451.00,A,5928.61482,N,02446.95446,E,16.97,16.3,140625,,,A*6E
$GPVTG,16.3,T,,M,16.97,N,31.43,K,A*35
$HEHDT,15.1,T*1A
$VWVHW,15.1,T,,M,17.01,N,31.50,K*4F
$GPGGA,080452.00,5928.61895,N,02446.95642,E,1,12,1.0,18.6,M,21.0,M,,*54
$GPRMC,080452.00,A,5928.61895,N,02446.95642,E,16.89,16.8,140625,,,A*65
$GPVTG,16.8,T,,M,16.89,N,31.28,K,A*3C
$HEHDT,14.6,T*1C
$VWVHW,14.6,T,,M,17.05,N,31.58,K*45
$GPGGA,080453.00,5928.62372,N,02446.95960,E,1,12,1.0,19.6,M,21.0,M,,*5A
$GPRMC,080453.00,A,5928.62372,N,02446.95960,E,16.93,16.0,140625,,,A*69
$GPVTG,16.0,T,,M,16.93,N,31.36,K,A*30
$HEHDT,14.5,T*1F
$VWVHW,14.5,T,,M,17.03,N,31.54,K*4C
$GPGGA,080454.00,5928.62808,N,02446.96087,E,1,12,1.0,19.3,M,21.0,M,,*5D
$GPRMC,080454.00,A,5928.62808,N,02446.96087,E,17.06,15.7,140625,,,A*62
$GPVTG,15.7,T,,M,17.06,N,31.59,K,A*30
$HEHDT,14.4,T*1E
$VWVHW,14.4,T,,M,17.12,N,31.71,K*4A
$GPGGA,080455.00,5928.63248,N,02446.96315,E,1,12,1.0,19.3,M,21.0,M,,*5B
$GPRMC,080455.00,A,5928.63248,N,02446.96315,E,16.76,16.1,140625,,,A*67
$GPVTG,16.1,T,,M,16.76,N,31.05,K,A*3A
$HEHDT,14.7,T*1D
$VWVHW,14.7,T,,M,17.08,N,31.64,K*46
$GPGSV,2,1,08,03,63,041,49,08,40,096,47,11,24,151,41,14,50,206,48*72
$GPGSV,2,2,08,17,68,263,49,22,21,311,42,28,08,351,38,31,56,121,48*74
$GAGSV,2,1,05,04,49,071,47,09,37,181,45,12,68,236,47,24,12,286,37*62
$GAGSV,2,2,05,31,18,021,42*53
$GPZDA,080455.00,14,06,2025,00,00*6C
$GPGGA,080456.00,5928.63714,N,02446.96676,E,1,12,1.0,18.8,M,21.0,M,,*5E
$GPRMC,080456.00,A,5928.63714,N,02446.96676,E,16.97,16.2,140625,,,A*64
$GPVTG,16.2,T,,M,16.97,N,31.43,K,A*34
$HEHDT,14.8,T*12
$VWVHW,14.8,T,,M,17.14,N,31.74,K*45
$GPGGA,080457.00,5928.64177,N,02446.96905,E,1,12,1.0,18.9,M,21.0,M,,*51
$GPRMC,080457.00,A,5928.64177,N,02446.96905,E,17.01,16.2,140625,,,A*64
$GPVTG,16.2,T,,M,17.01,N,31.50,K,A*38
$HEHDT,14.4,T*1E
$VWVHW,14.4,T,,M,17.06,N,31.60,K*4F
$GPGGA,080458.00,5928.64607,N,02446.97187,E,1,12,1.0,18.7,M,21.0,M,,*53
$GPRMC,080458.00,A,5928.64607,N,02446.97187,E,17.03,16.2,140625,,,A*6A
$GPVTG,16.2,T,,M,17.03,N,31.55,K,A*3F
$HEHDT,15.1,T*1A
$VWVHW,15.1,T,,M,17.06,N,31.60,K*4B
$GPGGA,080459.00,5928.65108,N,02446.97505,E,1,12,1.0,19.1,M,21.0,M,,*52
$GPRMC,080459.00,A,5928.65108,N,02446.97505,E,16.91,16.2,140625,,,A*66
$GPVTG,16.2,T,,M,16.91,N,31.33,K,A*35
$HEHDT,14.7,T*1D
$VWVHW,14.7,T,,M,17.03,N,31.53,K*49
$GPGGA,080500.00,5928.65578,N,02446.97648,E,1,12,1.0,18.8,M,21.0,M,,*5E
$GPRMC,080500.00,A,5928.65578,N,02446.97648,E,17.10,16.0,140625,,,A*68
$GPVTG,16.0,T,,M,17.10,N,31.66,K,A*3F
$HEHDT,14.7,T*1D
$VWVHW,14.7,T,,M,17.16,N,31.78,K*44
$GPGSV,2,1,08,03,63,041,49,08,40,096,46,11,24,151,41,14,50,206,49*72
$GPGSV,2,2,08,17,68,263,50,22,21,311,42,28,08,351,37,31,56,121,48*73
$GAGSV,2,1,05,04,49,071,48,09,37,181,46,12,68,236,48,24,12,286,37*61
$GAGSV,2,2,05,31,18,021,41*50
$GPZDA,080500.00,14,06,2025,00,00*6D
$GPGGA,080501.00,5928.65955,N,02446.97973,E,1,12,1.0,19.4,M,21.0,M,,*56
$GPRMC,080501.00,A,5928.65955,N,02446.97973,E,17.03,15.9,140625,,,A*65
$GPVTG,15.9,T,,M,17.03,N,31.54,K,A*36
$HEHDT,15.1,T*1A
$VWVHW,15.1,T,,M,17.06,N,31.60,K*4B
$GPGGA,080502.00,5928.66456,N,02446.98151,E,1,12,1.0,19.1,M,21.0,M,,*5A
$GPRMC,080502.00,A,5928.66456,N,02446.98151,E,16.95,16.0,140625,,,A*68
$GPVTG,16.0,T,,M,16.95,N,31.38,K,A*38
$HEHDT,14.9,T*13
$VWVHW,14.9,T,,M,17.20,N,31.86,K*4E
$GPGGA,080503.00,5928.66920,N,02446.98495,E,1,12,1.0,19.3,M,21.0,M,,*58
$GPRMC,080503.00,A,5928.66920,N,02446.98495,E,17.04,16.7,140625,,,A*66
$GPVTG,16.7,T,,M,17.04,N,31.56,K,A*3E
$HEHDT,14.9,T*13
$VWVHW,14.9,T,,M,17.08,N,31.64,K*48
$GPGGA,080504.00,5928.67365,N,02446.98745,E,1,12,1.0,19.3,M,21.0,M,,*5B
$GPRMC,080504.00,A,5928.67365,N,02446.98745,E,16.97,16.2,140625,,,A*6B
$GPVTG,16.2,T,,M,16.97,N,31.44,K,A*33
$HEHDT,15.4,T*1F
$VWVHW,15.4,T,,M,17.12,N,31.70,K*4A
$GPGGA,080505.00,5928.67823,N,02446.99015,E,1,12,1.0,18.5,M,21.0,M,,*57
$GPRMC,080505.00,A,5928.67823,N,02446.99015,E,16.97,16.5,140625,,,A*67
$GPVTG,16.5,T,,M,16.97,N,31.43,K,A*33
$HEHDT,14.3,T*19
$VWVHW,14.3,T,,M,17.13,N,31.72,K*4F
$GPGSV,2,1,08,03,63,041,49,08,40,096,47,11,24,151,41,14,50,206,48*72
$GPGSV,2,2,08,17,68,263,50,22,21,311,41,28,08,351,37,31,56,121,48*70
$GAGSV,2,1,05,04,49,071,48,09,37,181,46,12,68,236,47,24,12,286,38*61
$GAGSV,2,2,05,31,18,021,41*50
$GPZDA,080505.00,14,06,2025,00,00*68
$GPGGA,080506.00,5928.68310,N,02446.99218,E,1,12,1.0,18.3,M,21.0,M,,*59
$GPRMC,080506.00,A,5928.68310,N,02446.99218,E,17.17,16.5,140625,,,A*66
$GPVTG,16.5,T,,M,17.17,N,31.80,K,A*35
$HEHDT,14.7,T*1D
$VWVHW,14.7,T,,M,17.15,N,31.76,K*49
$GPGGA,080507.00,5928.68720,N,02446.99557,E,1,12,1.0,19.3,M,21.0,M,,*52
$GPRMC,080507.00,A,5928.68720,N,02446.99557,E,17.03,16.0,140625,,,A*6C
$GPVTG,16.0,T,,M,17.03,N,31.55,K,A*3D
$HEHDT,14.6,T*1C
$VWVHW,14.6,T,,M,17.02,N,31.53,K*49
$GPGGA,080508.00,5928.69127,N,02446.99788,E,1,12,1.0,18.8,M,21.0,M,,*57
$GPRMC,080508.00,A,5928.69127,N,02446.99788,E,16.97,16.0,140625,,,A*6F
$GPVTG,16.0,T,,M,16.97,N,31.43,K,A*36
$HEHDT,15.0,T*1B
$VWVHW,15.0,T,,M,17.05,N,31.58,K*42
$GPGGA,080509.00,5928.69636,N,02447.00071,E,1,12,1.0,18.2,M,21.0,M,,*5B
$GPRMC,080509.00,A,5928.69636,N,02447.00071,E,17.02,16.2,140625,,,A*66
$GPVTG,16.2,T,,M,17.02,N,31.52,K,A*39
$HEHDT,13.8,T*15
$VWVHW,13.8,T,,M,17.11,N,31.68,K*4A
$GPGGA,080510.00,5928.70050,N,02447.00306,E,1,12,1.0,18.2,M,21.0,M,,*5E
$GPRMC,080510.00,A,5928.70050,N,02447.00306,E,17.03,16.5,140625,,,A*65
$GPVTG,16.5,T,,M,17.03,N,31.55,K,A*38
$HEHDT,15.0,T*1B
$VWVHW,15.0,T,,M,17.00,N,31.48,K*46
$GPGSV,2,1,08,03,63,041,48,08,40,096,46,11,24,151,41,14,50,206,49*73
$GPGSV,2,2,08,17,68,263,51,22,21,311,41,28,08,351,37,31,56,121,48*71
$GAGSV,2,1,05,04,49,071,49,09,37,181,45,12,68,236,49,24,12,286,37*62
$GAGSV,2,2,05,31,18,021,41*50
$GPZDA,080510.00,14,06,2025,00,00*6C
$GPGGA,080511.00,5928.70524,N,02447.00620,E,1,12,1.0,18.4,M,21.0,M,,*5E
$GPRMC,080511.00,A,5928.70524,N,02447.00620,E,17.01,16.1,140625,,,A*65
$GPVTG,16.1,T,,M,17.01,N,31.50,K,A*3B
$HEHDT,14.5,T*1F
$VWVHW,14.5,T,,M,17.04,N,31.56,K*49
$GPGGA,080512.00,5928.70944,N,02447.00830,E,1,12,1.0,17.9,M,21.0,M,,*5A
$GPRMC,080512.00,A,5928.70944,N,02447.00830,E,17.06,16.1,140625,,,A*64
$GPVTG,16.1,T,,M,17.06,N,31.60,K,A*3F
$HEHDT,14.4,T*1E
$VWVHW,14.4,T,,M,17.10,N,31.68,K*40
$GPGGA,080513.00,5928.71453,N,02447.01077,E,1,12,1.0,18.5,M,21.0,M,,*58
$GPRMC,080513.00,A,5928.71453,N,02447.01077,E,16.98,16.4,140625,,,A*66
$GPVTG,16.4,T,,M,16.98,N,31.45,K,A*3B
$HEHDT,14.6,T*1C
$VWVHW,14.6,T,,M,17.24,N,31.93,K*41
$GPGGA,080514.00,5928.71905,N,02447.01327,E,1,12,1.0,17.8,M,21.0,M,,*55
$GPRMC,080514.00,A,5928.71905,N,02447.01327,E,17.17,16.1,140625,,,A*6A
$GPVTG,16.1,T,,M,17.17,N,31.80,K,A*31
$HEHDT,14.6,T*1C
$VWVHW,14.6,T,,M,17.03,N,31.53,K*48
$GPGGA,080515.00,5928.72377,N,02447.01552,E,1,12,1.0,17.8,M,21.0,M,,*5C
$GPRMC,080515.00,A,5928.72377,N,02447.01552,E,17.15,16.3,140625,,,A*63
$GPVTG,16.3,T,,M,17.15,N,31.76,K,A*38
$HEHDT,14.4,T*1E
$VWVHW,14.4,T,,M,17.16,N,31.78,K*47
$GPGSV,2,1,08,03,63,041,49,08,40,096,47,11,24,151,42,14,50,206,49*70
$GPGSV,2,2,08,17,68,263,50,22,21,311,42,28,08,351,37,31,56,121,48*73
$GAGSV,2,1,05,04,49,071,47,09,37,181,45,12,68,236,47,24,12,286,37*62
$GAGSV,2,2,05,31,18,021,41*50
$GPZDA,080515.00,14,06,2025,00,00*69
$GPGGA,080516.00,5928.72807,N,02447.01859,E,1,12,1.0,18.0,M,21.0,M,,*52
$GPRMC,080516.00,A,5928.72807,N,02447.01859,E,17.02,15.9,140625,,,A*65
$GPVTG,15.9,T,,M,17.02,N,31.52,K,A*31
$HEHDT,14.6,T*1C
$VWVHW,14.6,T,,M,17.08,N,31.64,K*47
$GPGGA,080517.00,5928.73257,N,02447.02074,E,1,12,1.0,17.8,M,21.0,M,,*5E
$GPRMC,080517.00,A,5928.73257,N,02447.02074,E,17.06,16.3,140625,,,A*63
$GPVTG,16.3,T,,M,17.06,N,31.60,K,A*3D
$HEHDT,14.9,T*13
$VWVHW,14.9,T,,M,16.95,N,31.39,K*45
$GPGGA,080518.00,5928.73737,N,02447.02333,E,1,12,1.0,18.2,M,21.0,M,,*57
$GPRMC,080518.00,A,5928.73737,N,02447.02333,E,17.18,16.0,140625,,,A*63
$GPVTG,16.0,T,,M,17.18,N,31.82,K,A*3D
$HEHDT,15.1,T*1A
$VWVHW,15.1,T,,M,16.99,N,31.47,K*49
$GPGGA,080519.00,5928.74252,N,02447.02607,E,1,12,1.0,18.0,M,21.0,M,,*57
$GPRMC,080519.00,A,5928.74252,N,02447.02607,E,16.98,16.1,140625,,,A*69
$GPVTG,16.1,T,,M,16.98,N,31.45,K,A*3E
$HEHDT,15.0,T*1B
$VWVHW,15.0,T,,M,16.94,N,31.37,K*42
$GPGGA,080520.00,5928.74696,N,02447.02891,E,1,12,1.0,18.2,M,21.0,M,,*52
$GPRMC,080520.00,A,5928.74696,N,02447.02891,E,17.02,16.2,140625,,,A*6F
$GPVTG,16.2,T,,M,17.02,N,31.52,K,A*39
$HEHDT,14.7,T*1D
$VWVHW,14.7,T,,M,17.32,N,32.09,K*47
$GPGSV,2,1,08,03,63,041,49,08,40,096,47,11,24,151,40,14,50,206,48*73
$GPGSV,2,2,08,17,68,263,49,22,21,311,42,28,08,351,37,31,56,121,50*72
$GAGSV,2,1,05,04,49,071,47,09,37,181,44,12,68,236,48,24,12,286,37*6C
$GAGSV,2,2,05,31,18,021,40*51
$GPZDA,080520.00,14,06,2025,00,00*6F
$GPGGA,080521.00,5928.75142,N,02447.03030,E,1,12,1.0,18.0,M,21.0,M,,*5C
$GPRMC,080521.00,A,5928.75142,N,02447.03030,E,17.04,16.6,140625,,,A*61
$GPVTG,16.6,T,,M,17.04,N,31.55,K,A*3C
$HEHDT,14.9,T*13
$VWVHW,14.9,T,,M,17.14,N,31.74,K*44
$GPGGA,080522.00,5928.75556,N,02447.03354,E,1,12,0.9,18.4,M,21.0,M,,*53
$GPRMC,080522.00,A,5928.75556,N,02447.03354,E,16.98,16.5,140625,,,A*65
$GPVTG,16.5,T,,M,16.98,N,31.44,K,A*3B
$HEHDT,15.1,T*1A
$VWVHW,15.1,T,,M,17.16,N,31.78,K*43
$GPGGA,080523.00,5928.76055,N,02447.03588,E,1,12,0.9,18.9,M,21.0,M,,*5D
$GPRMC,080523.00,A,5928.76055,N,02447.03588,E,16.98,16.3,140625,,,A*60
$GPVTG,16.3,T,,M,16.98,N,31.45,K,A*3C
$HEHDT,14.9,T*13
$VWVHW,14.9,T,,M,17.10,N,31.68,K*4D
$GPGGA,080524.00,5928.76484,N,02447.03809,E,1,12,0.9,18.9,M,21.0,M,,*56
$GPRMC,080524.00,A,5928.76484,N,02447.03809,E,17.09,16.2,140625,,,A*63
$GPVTG,16.2,T,,M,17.09,N,31.66,K,A*35
$HEHDT,14.9,T*13
$VWVHW,14.9,T,,M,17.14,N,31.75,K*45
$GPGGA,080525.00,5928.76938,N,02447.04128,E,1,12,0.9,18.5,M,21.0,M,,*5C
$GPRMC,080525.00,A,5928.76938,N,02447.04128,E,16.99,16.2,140625,,,A*6D
$GPVTG,16.2,T,,M,16.99,N,31.46,K,A*3F
$HEHDT,14.4,T*1E
$VWVHW,14.4,T,,M,17.20,N,31.85,K*40
$GPGSV,2,1,08,03,63,041,49,08,40,096,46,11,24,151,42,14,50,206,49*71
$GPGSV,2,2,08,17,68,263,49,22,21,311,42,28,08,351,38,31,56,121,49*75
$GAGSV,2,1,05,04,49,071,48,09,37,181,44,12,68,236,48,24,12,286,35*61
$GAGSV,2,2,05,31,18,021,40*51
$GPZDA,080525.00,14,06,2025,00,00*6A
$GPGGA,080526.00,5928.77434,N,02447.04397,E,1,12,0.9,17.8,M,21.0,M,,*5B
$GPRMC,080526.00,A,5928.77434,N,02447.04397,E,17.09,15.8,140625,,,A*69
$GPVTG,15.8,T,,M,17.09,N,31.65,K,A*3F
$HEHDT,14.8,T*12
$VWVHW,14.8,T,,M,17.31,N,32.06,K*44
$GPGGA,080527.00,5928.77882,N,02447.04670,E,1,12,0.9,18.5,M,21.0,M,,*55
$GPRMC,080527.00,A,5928.77882,N,02447.04670,E,17.15,16.4,140625,,,A*67
$GPVTG,16.4,T,,M,17.15,N,31.77,K,A*3E
$HEHDT,14.8,T*12
$VWVHW,14.8,T,,M,17.03,N,31.55,K*40
$GPGGA,080528.00,5928.78264,N,02447.04991,E,1,12,0.9,18.6,M,21.0,M,,*54
$GPRMC,080528.00,A,5928.78264,N,02447.04991,E,17.18,15.8,140625,,,A*67
$GPVTG,15.8,T,,M,17.18,N,31.82,K,A*36
$HEHDT,15.0,T*1B
$VWVHW,15.0,T,,M,17.16,N,31.78,K*42
$GPGGA,080529.00,5928.78755,N,02447.05112,E,1,12,0.9,19.2,M,21.0,M,,*55
$GPRMC,080529.00,A,5928.78755,N,02447.05112,E,17.12,16.5,140625,,,A*67
$GPVTG,16.5,T,,M,17.12,N,31.70,K,A*3F
$HEHDT,14.5,T*1F
$VWVHW,14.5,T,,M,17.33,N,32.09,K*44
$GPGGA,080530.00,5928.79207,N,02447.05512,E,1,12,0.9,18.8,M,21.0,M,,*51
$GPRMC,080530.00,A,5928.79207,N,02447.05512,E,16.89,15.9,140625,,,A*64
$GPVTG,15.9,T,,M,16.89,N,31.28,K,A*3E
$HEHDT,14.9,T*13
$VWVHW,14.9,T,,M,17.22,N,31.90,K*4B
$GPGSV,2,1,08,03,63,041,49,08,40,096,45,11,24,151,41,14,50,206,50*79
$GPGSV,2,2,08,17,68,263,49,22,21,311,42,28,08,351,36,31,56,121,48*7A
$GAGSV,2,1,05,04,49,071,46,09,37,181,44,12,68,236,49,24,12,286,38*63
$GAGSV,2,2,05,31,18,021,41*50
$GPZDA,080530.00,14,06,2025,00,00*6E
$GPGGA,080531.00,5928.79669,N,02447.05828,E,1,12,0.9,18.4,M,21.0,M,,*54
$GPRMC,080531.00,A,5928.79669,N,02447.05828,E,17.17,16.4,140625,,,A*65
$GPVTG,16.4,T,,M,17.17,N,31.80,K,A*34
$HEHDT,14.7,T*1D
$VWVHW,14.7,T,,M,17.08,N,31.63,K*41
$GPGGA,080532.00,5928.80126,N,02447.06091,E,1,12,0.9,18.5,M,21.0,M,,*55
$GPRMC,080532.00,A,5928.80126,N,02447.06091,E,17.04,16.3,140625,,,A*60
$GPVTG,16.3,T,,M,17.04,N,31.55,K,A*39
$HEHDT,14.8,T*12
$VWVHW,14.8,T,,M,17.25,N,31.94,K*49
$GPGGA,080533.00,5928.80602,N,02447.06211,E,1,12,0.9,18.5,M,21.0,M,,*5F
$GPRMC,080533.00,A,5928.80602,N,02447.06211,E,17.24,16.3,140625,,,A*68
$GPVTG,16.3,T,,M,17.24,N,31.92,K,A*30
$HEHDT,15.1,T*1A
$VWVHW,15.1,T,,M,17.31,N,32.06,K*4C
$GPGGA,080534.00,5928.81025,N,02447.06430,E,1,12,0.9,17.8,M,21.0,M,,*5D
$GPRMC,080534.00,A,5928.81025,N,02447.06430,E,17.15,16.3,140625,,,A*6A
$GPVTG,16.3,T,,M,17.15,N,31.77,K,A*39
$HEHDT,14.7,T*1D
$VWVHW,14.7,T,,M,17.11,N,31.68,K*42
$GPGGA,080535.00,5928.81461,N,02447.06806,E,1,12,0.9,18.3,M,21.0,M,,*55
$GPRMC,080535.00,A,5928.81461,N,02447.06806,E,17.15,16.0,140625,,,A*65
$GPVTG,16.0,T,,M,17.15,N,31.75,K,A*38
$HEHDT,14.6,T*1C
$VWVHW,14.6,T,,M,17.12,N,31.70,K*49
$GPGSV,2,1,08,03,63,041,49,08,40,096,45,11,24,151,41,14,50,206,49*71
$GPGSV,2,2,08,17,68,263,49,22,21,311,41,28,08,351,37,31,56,121,47*77
$GAGSV,2,1,05,04,49,071,47,09,37,181,44,12,68,236,48,24,12,286,37*6C
$GAGSV,2,2,05,31,18,021,41*50
$GPZDA,080535.00,14,06,2025,00,00*6B
$GPGGA,080536.00,5928.81961,N,02447.06996,E,1,12,0.9,17.7,M,21.0,M,,*58
$GPRMC,080536.00,A,5928.81961,N,02447.06996,E,17.20,16.0,140625,,,A*65
$GPVTG,16.0,T,,M,17.20,N,31.86,K,A*32
$HEHDT,14.7,T*1D
$VWVHW,14.7,T,,M,16.96,N,31.40,K*46
$GPGGA,080537.00,5928.82434,N,02447.07201,E,1,12,0.9,17.6,M,21.0,M,,*52
$GPRMC,080537.00,A,5928.82434,N,02447.07201,E,17.04,16.2,140625,,,A*6A
$GPVTG,16.2,T,,M,17.04,N,31.57,K,A*3A
$HEHDT,14.7,T*1D
$VWVHW,14.7,T,,M,17.29,N,32.03,K*47
$GPGGA,080538.00,5928.82875,N,02447.07484,E,1,12,0.9,18.1,M,21.0,M,,*57
$GPRMC,080538.00,A,5928.82875,N,02447.07484,E,17.15,16.6,140625,,,A*63
$GPVTG,16.6,T,,M,17.15,N,31.77,K,A*3C
$HEHDT,15.3,T*18
$VWVHW,15.3,T,,M,17.16,N,31.78,K*41
$GPGGA,080539.00,5928.83343,N,02447.07765,E,1,12,0.9,18.1,M,21.0,M,,*55
$GPRMC,080539.00,A,5928.83343,N,02447.07765,E,17.04,15.8,140625,,,A*6C
$GPVTG,15.8,T,,M,17.04,N,31.55,K,A*31
$HEHDT,14.5,T*1F
$VWVHW,14.5,T,,M,17.09,N,31.65,K*44
$GPGGA,080540.00,5928.83785,N,02447.08085,E,1,12,0.9,18.7,M,21.0,M,,*55
$GPRMC,080540.00,A,5928.83785,N,02447.08085,E,17.13,16.2,140625,,,A*65
$GPVTG,16.2,T,,M,17.13,N,31.72,K,A*3B
$HEHDT,14.9,T*13
$VWVHW,14.9,T,,M,17.21,N,31.87,K*4E
$GPGSV,2,1,08,03,63,041,49,08,40,096,45,11,24,151,41,14,50,206,50*79
$GPGSV,2,2,08,17,68,263,50,22,21,311,41,28,08,351,38,31,56,121,47*70
$GAGSV,2,1,05,04,49,071,46,09,37,181,43,12,68,236,47,24,11,286,36*67
$GAGSV,2,2,05,31,18,021,40*51
$GPZDA,080540.00,14,06,2025,00,00*69
$GPGGA,080541.00,5928.84223,N,02447.08321,E,1,12,0.9,17.6,M,21.0,M,,*59
$GPRMC,080541.00,A,5928.84223,N,02447.08321,E,17.11,16.6,140625,,,A*61
$GPVTG,16.6,T,,M,17.11,N,31.69,K,A*37
$HEHDT,14.9,T*13
$VWVHW,14.9,T,,M,17.23,N,31.91,K*4B
$GPGGA,080542.00,5928.84715,N,02447.08601,E,1,12,0.9,18.2,M,21.0,M,,*56
$GPRMC,080542.00,A,5928.84715,N,02447.08601,E,17.17,16.2,140625,,,A*67
$GPVTG,16.2,T,,M,17.17,N,31.80,K,A*32
$HEHDT,14.4,T*1E
$VWVHW,14.4,T,,M,17.31,N,32.05,K*4B
$GPGGA,080543.00,5928.85170,N,02447.08840,E,1,12,0.9,17.4,M,21.0,M,,*51
$GPRMC,080543.00,A,5928.85170,N,02447.08840,E,17.35,16.5,140625,,,A*6E
$GPVTG,16.5,T,,M,17.35,N,32.13,K,A*3C
$HEHDT,14.7,T*1D
$VWVHW,14.7,T,,M,17.32,N,32.08,K*46
$GPGGA,080544.00,5928.85593,N,02447.09121,E,1,12,0.9,18.0,M,21.0,M,,*5B
$GPRMC,080544.00,A,5928.85593,N,02447.09121,E,17.12,16.4,140625,,,A*6B
$GPVTG,16.4,T,,M,17.12,N,31.70,K,A*3E
$HEHDT,14.7,T*1D
$VWVHW,14.7,T,,M,17.19,N,31.83,K*4F
$GPGGA,080545.00,5928.86029,N,02447.09290,E,1,12,0.9,18.8,M,21.0,M,,*5C
$GPRMC,080545.00,A,5928.86029,N,02447.09290,E,17.06,16.4,140625,,,A*61
$GPVTG,16.4,T,,M,17.06,N,31.59,K,A*30
$HEHDT,15.0,T*1B
$VWVHW,15.0,T,,M,17.22,N,31.90,K*43
$GPGSV,2,1,08,03,63,041,49,08,40,096,45,11,24,151,41,14,50,206,48*70
$GPGSV,2,2,08,17,68,263,49,22,21,311,41,28,08,351,38,31,56,121,48*77
$GAGSV,2,1,05,04,49,071,48,09,37,181,45,12,68,236,48,24,11,286,38*6E
$GAGSV,2,2,05,31,18,021,40*51
$GPZDA,080545.00,14,06,2025,00,00*6C
$GPGGA,080546.00,5928.86468,N,02447.09621,E,1,12,0.9,18.6,M,21.0,M,,*5E
$GPRMC,080546.00,A,5928.86468,N,02447.09621,E,17.11,15.7,140625,,,A*6B
$GPVTG,15.7,T,,M,17.11,N,31.69,K,A*35
$HEHDT,14.2,T*18
$VWVHW,14.2,T,,M,17.29,N,32.02,K*43
$GPGGA,080547.00,5928.86972,N,02447.09923,E,1,12,0.9,18.4,M,21.0,M,,*56
$GPRMC,080547.00,A,5928.86972,N,02447.09923,E,17.17,16.3,140625,,,A*60
$GPVTG,16.3,T,,M,17.17,N,31.81,K,A*32
$HEHDT,14.9,T*13
$VWVHW,14.9,T,,M,17.33,N,32.10,K*40
$GPGGA,080548.00,5928.87427,N,02447.10191,E,1,12,0.9,18.8,M,21.0,M,,*50
$GPRMC,080548.00,A,5928.87427,N,02447.10191,E,17.22,16.1,140625,,,A*6E
$GPVTG,16.1,T,,M,17.22,N,31.89,K,A*3E
$HEHDT,14.5,T*1F
$VWVHW,14.5,T,,M,17.38,N,32.18,K*4F
$GPGGA,080549.00,5928.87873,N,02447.10368,E,1,12,0.9,18.4,M,21.0,M,,*54
$GPRMC,080549.00,A,5928.87873,N,02447.10368,E,17.01,16.4,140625,,,A*62
$GPVTG,16.4,T,,M,17.01,N,31.50,K,A*3E
$HEHDT,14.8,T*12
$VWVHW,14.8,T,,M,17.41,N,32.24,K*43
$GPGGA,080550.00,5928.88307,N,02447.10619,E,1,12,0.9,18.4,M,21.0,M,,*58
$GPRMC,080550.00,A,5928.88307,N,02447.10619,E,17.29,16.9,140625,,,A*69
$GPVTG,16.9,T,,M,17.29,N,32.02,K,A*3D
$HEHDT,14.9,T*13
$VWVHW,14.9,T,,M,17.25,N,31.94,K*48
$GPGSV,2,1,08,03,63,041,47,08,40,096,45,11,24,151,40,14,50,206,49*7E
$GPGSV,2,2,08,17,68,263,50,22,21,311,42,28,08,351,37,31,56,121,48*73
$GAGSV,2,1,05,04,49,071,47,09,37,181,46,12,68,236,49,24,11,286,38*63
$GAGSV,2,2,05,31,18,021,40*51
$GPZDA,080550.00,14,06,2025,00,00*68
$GPGGA,080551.00,5928.88766,N,02447.10872,E,1,12,0.9,18.5,M,21.0,M,,*58
$GPRMC,080551.00,A,5928.88766,N,02447.10872,E,17.21,16.7,140625,,,A*6E
$GPVTG,16.7,T,,M,17.21,N,31.87,K,A*35
$HEHDT,14.7,T*1D
$VWVHW,14.7,T,,M,17.34,N,32.12,K*4B
$GPGGA,080552.00,5928.89247,N,02447.11151,E,1,12,0.9,18.2,M,21.0,M,,*52
$GPRMC,080552.00,A,5928.89247,N,02447.11151,E,17.14,16.2,140625,,,A*60
$GPVTG,16.2,T,,M,17.14,N,31.74,K,A*3A
$HEHDT,15.0,T*1B
$VWVHW,15.0,T,,M,17.28,N,32.00,K*43
$GPGGA,080553.00,5928.89700,N,02447.11355,E,1,12,0.9,19.0,M,21.0,M,,*50
$GPRMC,080553.00,A,5928.89700,N,02447.11355,E,17.25,16.5,140625,,,A*64
$GPVTG,16.5,T,,M,17.25,N,31.95,K,A*30
$HEHDT,14.8,T*12
$VWVHW,14.8,T,,M,17.44,N,32.30,K*43
$GPGGA,080554.00,5928.90197,N,02447.11653,E,1,12,0.9,18.5,M,21.0,M,,*50
$GPRMC,080554.00,A,5928.90197,N,02447.11653,E,17.21,16.0,140625,,,A*61
$GPVTG,16.0,T,,M,17.21,N,31.88,K,A*3D
$HEHDT,15.0,T*1B
$VWVHW,15.0,T,,M,17.23,N,31.90,K*42
$GPGGA,080555.00,5928.90561,N,02447.11906,E,1,12,0.9,18.2,M,21.0,M,,*54
$GPRMC,080555.00,A,5928.90561,N,02447.11906,E,17.10,16.0,140625,,,A*60
$GPVTG,16.0,T,,M,17.10,N,31.67,K,A*3E
$HEHDT,15.2,T*19
$VWVHW,15.2,T,,M,17.29,N,32.02,K*42
$GPGSV,2,1,08,03,63,041,48,08,40,096,45,11,24,151,41,14,50,206,48*71
$GPGSV,2,2,08,17,68,263,50,22,21,311,41,28,08,351,38,31,56,121,48*7F
$GAGSV,2,1,05,04,49,071,47,09,37,181,45,12,68,236,48,24,11,286,38*61
$GAGSV,2,2,05,31,18,021,41*50
$GPZDA,080555.00,14,06,2025,00,00*6D
$GPGGA,080556.00,5928.91026,N,02447.12177,E,1,12,0.9,17.9,M,21.0,M,,*59
$GPRMC,080556.00,A,5928.91026,N,02447.12177,E,17.17,16.3,140625,,,A*6D
$GPVTG,16.3,T,,M,17.17,N,31.80,K,A*33
$HEHDT,14.8,T*12
$VWVHW,14.8,T,,M,17.39,N,32.20,K*48
$GPGGA,080557.00,5928.91489,N,02447.12356,E,1,12,0.9,18.3,M,21.0,M,,*5D
$GPRMC,080557.00,A,5928.91489,N,02447.12356,E,17.30,15.9,140625,,,A*60
$GPVTG,15.9,T,,M,17.30,N,32.03,K,A*37
$HEHDT,15.0,T*1B
$VWVHW,15.0,T,,M,17.39,N,32.21,K*40
$GPGGA,080558.00,5928.91933,N,02447.12581,E,1,12,0.9,18.0,M,21.0,M,,*51
$GPRMC,080558.00,A,5928.91933,N,02447.12581,E,17.15,16.2,140625,,,A*60
$GPVTG,16.2,T,,M,17.15,N,31.76,K,A*39
$HEHDT,15.0,T*1B
$VWVHW,15.0,T,,M,17.18,N,31.82,K*49
$GPGGA,080559.00,5928.92389,N,02447.12880,E,1,12,0.9,18.4,M,21.0,M,,*50
$GPRMC,080559.00,A,5928.92389,N,02447.12880,E,17.07,16.2,140625,,,A*66
$GPVTG,16.2,T,,M,17.07,N,31.62,K,A*3F
$HEHDT,14.6,T*1C
$VWVHW,14.6,T,,M,17.25,N,31.94,K*47
$GPGGA,080600.00,5928.92844,N,02447.13201,E,1,12,0.9,18.5,M,21.0,M,,*56
$GPRMC,080600.00,A,5928.92844,N,02447.13201,E,17.29,16.3,140625,,,A*6C
$GPVTG,16.3,T,,M,17.29,N,32.02,K,A*37
$HEHDT,14.6,T*1C
$VWVHW,14.6,T,,M,17.33,N,32.09,K*47
$GPGSV,2,1,08,03,63,041,49,08,40,096,46,11,24,151,40,14,50,206,49*73
$GPGSV,2,2,08,17,68,263,51,22,21,311,42,28,08,351,37,31,56,121,48*72
$GAGSV,2,1,05,04,49,071,47,09,37,181,45,12,68,236,48,24,11,286,40*6E
$GAGSV,2,2,05,31,18,021,40*51
$GPZDA,080600.00,14,06,2025,00,00*6E
$GPGGA,080601.00,5928.93262,N,02447.13397,E,1,12,0.9,18.5,M,21.0,M,,*56
$GPRMC,080601.00,A,5928.93262,N,02447.13397,E,17.43,16.6,140625,,,A*65
$GPVTG,16.6,T,,M,17.43,N,32.28,K,A*36
$HEHDT,15.0,T*1B
$VWVHW,15.0,T,,M,17.16,N,31.78,K*42
$GPGGA,080602.00,5928.93702,N,02447.13582,E,1,12,0.9,18.6,M,21.0,M,,*57
$GPRMC,080602.00,A,5928.93702,N,02447.13582,E,17.20,16.8,140625,,,A*6C
$GPVTG,16.8,T,,M,17.20,N,31.85,K,A*39
$HEHDT,14.9,T*13
$VWVHW,14.9,T,,M,17.32,N,32.08,K*48
$GPGGA,080603.00,5928.94238,N,02447.13934,E,1,12,0.9,18.8,M,21.0,M,,*52
$GPRMC,080603.00,A,5928.94238,N,02447.13934,E,17.11,16.4,140625,,,A*69
$GPVTG,16.4,T,,M,17.11,N,31.69,K,A*35
$HEHDT,15.3,T*18
$VWVHW,15.3,T,,M,17.25,N,31.94,K*43
$GPGGA,080604.00,5928.94722,N,02447.14205,E,1,12,0.9,18.9,M,21.0,M,,*54
$GPRMC,080604.00,A,5928.94722,N,02447.14205,E,17.25,15.8,140625,,,A*66
$GPVTG,15.8,T,,M,17.25,N,31.94,K,A*3F
$HEHDT,15.0,T*1B
$VWVHW,15.0,T,,M,17.18,N,31.81,K*4A
$GPGGA,080605.00,5928.95171,N,02447.14465,E,1,12,0.9,18.6,M,21.0,M,,*5B
$GPRMC,080605.00,A,5928.95171,N,02447.14465,E,17.19,16.2,140625,,,A*60
$GPVTG,16.2,T,,M,17.19,N,31.83,K,A*3F
$HEHDT,14.9,T*13
$VWVHW,14.9,T,,M,17.20,N,31.85,K*4D
$GPGSV,2,1,08,03,63,041,48,08,40,096,46,11,24,151,40,14,50,206,48*73
$GPGSV,2,2,08,17,68,263,50,22,21,311,41,28,08,351,37,31,56,121,48*70
$GAGSV,2,1,05,04,49,071,47,09,37,181,44,12,68,236,48,24,11,286,39*61
$GAGSV,2,2,05,31,18,021,41*50
$GPZDA,080605.00,14,06,2025,00,00*6B
$GPGGA,080606.00,5928.95627,N,02447.14716,E,1,12,0.9,19.4,M,21.0,M,,*58
$GPRMC,080606.00,A,5928.95627,N,02447.14716,E,17.16,16.2,140625,,,A*6F
$GPVTG,16.2,T,,M,17.16,N,31.78,K,A*34
$HEHDT,14.7,T*1D
$VWVHW,14.7,T,,M,17.40,N,32.23,K*4A
$GPGGA,080607.00,5928.96094,N,02447.14968,E,1,12,0.9,18.8,M,21.0,M,,*5E
$GPRMC,080607.00,A,5928.96094,N,02447.14968,E,17.26,16.2,140625,,,A*67
$GPVTG,16.2,T,,M,17.26,N,31.96,K,A*37
$HEHDT,14.7,T*1D
$VWVHW,14.7,T,,M,17.32,N,32.07,K*49
$GPGGA,080608.00,5928.96582,N,02447.15254,E,1,12,0.9,19.2,M,21.0,M,,*5D
$GPRMC,080608.00,A,5928.96582,N,02447.15254,E,17.26,16.2,140625,,,A*6F
$GPVTG,16.2,T,,M,17.26,N,31.97,K,A*36
$HEHDT,14.9,T*13
$VWVHW,14.9,T,,M,17.53,N,32.46,K*45
$GPGGA,080609.00,5928.96990,N,02447.15447,E,1,12,0.9,18.9,M,21.0,M,,*5D
$GPRMC,080609.00,A,5928.96990,N,02447.15447,E,17.05,16.6,140625,,,A*60
$GPVTG,16.6,T,,M,17.05,N,31.58,K,A*30
$HEHDT,15.1,T*1A
$VWVHW,15.1,T,,M,17.26,N,31.96,K*40
$GPGGA,080610.00,5928.97426,N,02447.15723,E,1,12,0.9,18.2,M,21.0,M,,*5E
$GPRMC,080610.00,A,5928.97426,N,02447.15723,E,17.27,16.3,140625,,,A*6D
$GPVTG,16.3,T,,M,17.27,N,31.99,K,A*38
$HEHDT,14.5,T*1F
$VWVHW,14.5,T,,M,17.26,N,31.97,K*44
$GPGSV,2,1,08,03,63,041,50,08,40,096,47,11,24,151,41,14,50,206,47*75
$GPGSV,2,2,08,17,68,263,50,22,21,311,42,28,08,351,37,31,56,121,48*73
$GAGSV,2,1,05,04,49,071,48,09,37,181,45,12,68,236,48,24,11,286,38*6E
$GAGSV,2,2,05,31,18,021,41*50
$GPZDA,080610.00,14,06,2025,00,00*6F
$GPGGA,080611.00,5928.97896,N,02447.16030,E,1,12,0.9,18.8,M,21.0,M,,*54
$GPRMC,080611.00,A,5928.97896,N,02447.16030,E,17.14,15.7,140625,,,A*6A
$GPVTG,15.7,T,,M,17.14,N,31.75,K,A*3D
$HEHDT,14.3,T*19
$VWVHW,14.3,T,,M,17.31,N,32.07,K*4E
$GPGGA,080612.00,5928.98382,N,02447.16286,E,1,12,0.9,18.8,M,21.0,M,,*59
$GPRMC,080612.00,A,5928.98382,N,02447.16286,E,17.14,16.0,140625,,,A*63
$GPVTG,16.0,T,,M,17.14,N,31.75,K,A*39
$HEHDT,14.7,T*1D
$VWVHW,14.7,T,,M,17.41,N,32.24,K*4C
$GPGGA,080613.00,5928.98826,N,02447.16613,E,1,12,0.9,19.1,M,21.0,M,,*5D
$GPRMC,080613.00,A,5928.98826,N,02447.16613,E,17.13,16.5,140625,,,A*6D
$GPVTG,16.5,T,,M,17.13,N,31.72,K,A*3C
$HEHDT,14.7,T*1D
$VWVHW,14.7,T,,M,17.04,N,31.56,K*4B
$GPGGA,080614.00,5928.99255,N,02447.16704,E,1,12,0.9,19.3,M,21.0,M,,*50
$GPRMC,080614.00,A,5928.99255,N,02447.16704,E,17.25,16.2,140625,,,A*60
$GPVTG,16.2,T,,M,17.25,N,31.94,K,A*36
$HEHDT,14.8,T*12
$VWVHW,14.8,T,,M,17.26,N,31.97,K*49
$GPGGA,080615.00,5928.99733,N,02447.17032,E,1,12,0.9,18.9,M,21.0,M,,*5C
$GPRMC,080615.00,A,5928.99733,N,02447.17032,E,17.11,16.5,140625,,,A*67
$GPVTG,16.5,T,,M,17.11,N,31.69,K,A*34
$HEHDT,14.7,T*1D
$VWVHW,14.7,T,,M,17.39,N,32.21,K*46
$GPGSV,2,1,08,03,63,042,50,08,40,096,46,11,24,152,42,14,50,206,49*79
$GPGSV,2,2,08,17,68,264,50,22,21,312,42,28,08,352,36,31,56,122,48*76
$GAGSV,2,1,05,04,49,072,48,09,37,182,45,12,68,236,49,24,11,286,38*6F
$GAGSV,2,2,05,31,18,022,40*52
$GPZDA,080615.00,14,06,2025,00,00*6A
$GPGGA,080616.00,5929.00238,N,02447.17273,E,1,12,0.9,19.0,M,21.0,M,,*5F
$GPRMC,080616.00,A,5929.00238,N,02447.17273,E,17.25,16.6,140625,,,A*68
$GPVTG,16.6,T,,M,17.25,N,31.95,K,A*33
$HEHDT,14.5,T*1F
$VWVHW,14.5,T,,M,17.30,N,32.03,K*4D
$GPGGA,080617.00,5929.00681,N,02447.17591,E,1,12,0.9,18.7,M,21.0,M,,*55
$GPRMC,080617.00,A,5929.00681,N,02447.17591,E,17.23,16.1,140625,,,A*65
$GPVTG,16.1,T,,M,17.23,N,31.91,K,A*36
$HEHDT,14.8,T*12
$VWVHW,14.8,T,,M,17.21,N,31.88,K*40
$GPGGA,080618.00,5929.01123,N,02447.17808,E,1,12,0.9,19.3,M,21.0,M,,*5C
$GPRMC,080618.00,A,5929.01123,N,02447.17808,E,17.17,15.5,140625,,,A*69
$GPVTG,15.5,T,,M,17.17,N,31.79,K,A*30
$HEHDT,14.9,T*13
$VWVHW,14.9,T,,M,17.19,N,31.85,K*47
$GPGGA,080619.00,5929.01639,N,02447.18053,E,1,12,1.0,19.2,M,21.0,M,,*51
$GPRMC,080619.00,A,5929.01639,N,02447.18053,E,17.33,16.4,140625,,,A*69
$GPVTG,16.4,T,,M,17.33,N,32.09,K,A*30
$HEHDT,15.2,T*19
$VWVHW,15.2,T,,M,17.31,N,32.06,K*4F
$GPGGA,080620.00,5929.02035,N,02447.18410,E,1,12,1.0,19.4,M,21.0,M,,*57
$GPRMC,080620.00,A,5929.02035,N,02447.18410,E,17.22,16.6,140625,,,A*6B
$GPVTG,16.6,T,,M,17.22,N,31.90,K,A*31
$HEHDT,14.4,T*1E
$VWVHW,14.4,T,,M,17.31,N,32.06,K*48
$GPGSV,2,1,08,03,63,042,49,08,40,097,46,11,24,152,41,14,50,207,47*7C
$GPGSV,2,2,08,17,67,264,51,22,21,312,42,28,08,352,39,31,56,122,48*77
$GAGSV,2,1,05,04,49,072,47,09,36,182,45,12,68,237,48,24,11,287,38*60
$GAGSV,2,2,05,31,18,022,39*5C
$GPZDA,080620.00,14,06,2025,00,00*6C
$GPGGA,080621.00,5929.02515,N,02447.18616,E,1,12,1.0,18.9,M,21.0,M,,*59
$GPRMC,080621.00,A,5929.02515,N,02447.18616,E,17.38,15.8,140625,,,A*6F
$GPVTG,15.8,T,,M,17.38,N,32.20,K,A*3F
$HEHDT,14.9,T*13
$VWVHW,14.9,T,,M,17.27,N,31.99,K*47
$GPGGA,080622.00,5929.03004,N,02447.18895,E,1,12,1.0,19.0,M,21.0,M,,*53
$GPRMC,080622.00,A,5929.03004,N,02447.18895,E,17.06,16.4,140625,,,A*6F
$GPVTG,16.4,T,,M,17.06,N,31.59,K,A*30
$HEHDT,14.4,T*1E
$VWVHW,14.4,T,,M,17.35,N,32.13,K*48
$GPGGA,080623.00,5929.03465,N,02447.19065,E,1,12,1.0,18.9,M,21.0,M,,*5F
$GPRMC,080623.00,A,5929.03465,N,02447.19065,E,17.12,16.1,140625,,,A*6B
$GPVTG,16.1,T,,M,17.12,N,31.70,K,A*3B
$HEHDT,15.2,T*19
$VWVHW,15.2,T,,M,17.33,N,32.09,K*42
$GPGGA,080624.00,5929.03874,N,02447.19416,E,1,12,1.0,18.8,M,21.0,M,,*55
$GPRMC,080624.00,A,5929.03874,N,02447.19416,E,17.16,15.9,140625,,,A*6F
$GPVTG,15.9,T,,M,17.16,N,31.79,K,A*3D
$HEHDT,14.6,T*1C
$VWVHW,14.6,T,,M,17.14,N,31.74,K*4B
$GPGGA,080625.00,5929.04367,N,02447.19673,E,1,12,1.0,18.2,M,21.0,M,,*51
$GPRMC,080625.00,A,5929.04367,N,02447.19673,E,17.44,16.5,140625,,,A*69
$GPVTG,16.5,T,,M,17.44,N,32.30,K,A*3B
$HEHDT,14.9,T*13
$VWVHW,14.9,T,,M,17.29,N,32.03,K*49
$GPGSV,2,1,08,03,63,042,49,08,40,097,47,11,24,152,41,14,50,207,47*7D
$GPGSV,2,2,08,17,67,264,50,22,21,312,42,28,08,352,37,31,56,122,48*78
$GAGSV,2,1,05,04,49,072,47,09,36,182,45,12,68,237,48,24,11,287,39*61
$GAGSV,2,2,05,31,18,022,41*53
$GPZDA,080625.00,14,06,2025,00,00*69
$GPGGA,080626.00,5929.04814,N,02447.19946,E,1,12,1.0,18.0,M,21.0,M,,*56
$GPRMC,080626.00,A,5929.04814,N,02447.19946,E,17.15,15.5,140625,,,A*6B
$GPVTG,15.5,T,,M,17.15,N,31.75,K,A*3E
$HEHDT,14.7,T*1D
$VWVHW,14.7,T,,M,17.39,N,32.20,K*47
$GPGGA,080627.00,5929.05270,N,02447.20282,E,1,12,1.0,18.4,M,21.0,M,,*53
$GPRMC,080627.00,A,5929.05270,N,02447.20282,E,17.15,15.8,140625,,,A*67
$GPVTG,15.8,T,,M,17.15,N,31.76,K,A*30
$HEHDT,14.5,T*1F
$VWVHW,14.5,T,,M,17.34,N,32.12,K*49
$GPGGA,080628.00,5929.05761,N,02447.20474,E,1,12,1.0,18.4,M,21.0,M,,*56
$GPRMC,080628.00,A,5929.05761,N,02447.20474,E,17.32,16.2,140625,,,A*6E
$GPVTG,16.2,T,,M,17.32,N,32.07,K,A*39
$HEHDT,14.3,T*19
$VWVHW,14.3,T,,M,17.30,N,32.04,K*4C
$GPGGA,080629.00,5929.06222,N,02447.20841,E,1,12,1.0,18.6,M,21.0,M,,*5E
$GPRMC,080629.00,A,5929.06222,N,02447.20841,E,17.19,16.1,140625,,,A*6E
$GPVTG,16.1,T,,M,17.19,N,31.84,K,A*3B
$HEHDT,14.6,T*1C
$VWVHW,14.6,T,,M,17.34,N,32.12,K*4A
$GPGGA,080630.00,5929.06683,N,02447.21004,E,1,12,1.0,18.5,M,21.0,M,,*52
$GPRMC,080630.00,A,5929.06683,N,02447.21004,E,17.20,16.2,140625,,,A*68
$GPVTG,16.2,T,,M,17.20,N,31.86,K,A*30
$HEHDT,14.5,T*1F
$VWVHW,14.5,T,,M,17.18,N,31.82,K*4D
$GPGSV,2,1,08,03,63,042,50,08,40,097,46,11,24,152,41,14,50,207,48*7B
$GPGSV,2,2,08,17,67,264,49,22,21,312,43,28,08,352,37,31,56,122,48*71
$GAGSV,2,1,05,04,49,072,47,09,36,182,44,12,68,237,48,24,11,287,39*60
$GAGSV,2,2,05,31,18,022,40*52
$GPZDA,080630.00,14,06,2025,00,00*6D
$GPGGA,080631.00,5929.07184,N,02447.21220,E,1,12,1.0,18.6,M,21.0,M,,*55
$GPRMC,080631.00,A,5929.07184,N,02447.21220,E,17.21,15.7,140625,,,A*6B
$GPVTG,15.7,T,,M,17.21,N,31.87,K,A*36
$HEHDT,15.0,T*1B
$VWVHW,15.0,T,,M,17.34,N,32.12,K*4D
$GPGGA,080632.00,5929.07573,N,02447.21508,E,1,12,1.0,18.2,M,21.0,M,,*53
$GPRMC,080632.00,A,5929.07573,N,02447.21508,E,17.17,16.3,140625,,,A*6B
$GPVTG,16.3,T,,M,17.17,N,31.80,K,A*33
$HEHDT,15.4,T*1F
$VWVHW,15.4,T,,M,17.28,N,32.01,K*46
$GPGGA,080633.00,5929.08050,N,02447.21760,E,1,12,1.0,18.2,M,21.0,M,,*55
$GPRMC,080633.00,A,5929.08050,N,02447.21760,E,17.15,16.3,140625,,,A*6F
$GPVTG,16.3,T,,M,17.15,N,31.76,K,A*38
$HEHDT,15.1,T*1A
$VWVHW,15.1,T,,M,17.27,N,31.98,K*4F
$GPGGA,080634.00,5929.08498,N,02447.22026,E,1,12,1.0,18.3,M,21.0,M,,*55
$GPRMC,080634.00,A,5929.08498,N,02447.22026,E,17.27,16.1,140625,,,A*6D
$GPVTG,16.1,T,,M,17.27,N,31.98,K,A*3B
$HEHDT,14.9,T*13
$VWVHW,14.9,T,,M,17.29,N,32.02,K*48
$GPGGA,080635.00,5929.08998,N,02447.22385,E,1,12,1.0,18.1,M,21.0,M,,*51
$GPRMC,080635.00,A,5929.08998,N,02447.22385,E,17.09,16.1,140625,,,A*67
$GPVTG,16.1,T,,M,17.09,N,31.65,K,A*35
$HEHDT,14.9,T*13
$VWVHW,14.9,T,,M,17.17,N,31.79,K*4A
$GPGSV,2,1,08,03,63,042,48,08,40,097,46,11,24,152,41,14,50,207,47*7D
$GPGSV,2,2,08,17,67,264,51,22,21,312,42,28,08,352,37,31,56,122,48*79
$GAGSV,2,1,05,04,49,072,48,09,36,182,43,12,67,237,48,24,11,287,38*66
$GAGSV,2,2,05,31,18,022,40*52
$GPZDA,080635.00,14,06,2025,00,00*68
$GPGGA,080636.00,5929.09419,N,02447.22502,E,1,12,1.0,18.0,M,21.0,M,,*5F
$GPRMC,080636.00,A,5929.09419,N,02447.22502,E,17.05,15.9,140625,,,A*6F
$GPVTG,15.9,T,,M,17.05,N,31.58,K,A*3C
$HEHDT,14.8,T*12
$VWVHW,14.8,T,,M,17.19,N,31.83,K*40
$GPGGA,080637.00,5929.09882,N,02447.22871,E,1,12,1.0,18.5,M,21.0,M,,*5C
$GPRMC,080637.00,A,5929.09882,N,02447.22871,E,17.24,16.3,140625,,,A*63
$GPVTG,16.3,T,,M,17.24,N,31.93,K,A*31
$HEHDT,14.6,T*1C
$VWVHW,14.6,T,,M,17.37,N,32.16,K*4D
$GPGGA,080638.00,5929.10342,N,02447.23145,E,1,12,1.0,17.7,M,21.0,M,,*5E
$GPRMC,080638.00,A,5929.10342,N,02447.23145,E,17.30,15.9,140625,,,A*60
$GPVTG,15.9,T,,M,17.30,N,32.04,K,A*30
$HEHDT,14.8,T*12
$VWVHW,14.8,T,,M,17.16,N,31.79,K*4A
$GPGGA,080639.00,5929.10820,N,02447.23328,E,1,12,1.0,18.7,M,21.0,M,,*56
$GPRMC,080639.00,A,5929.10820,N,02447.23328,E,17.23,16.1,140625,,,A*6E
$GPVTG,16.1,T,,M,17.23,N,31.92,K,A*35
$HEHDT,14.4,T*1E
$VWVHW,14.4,T,,M,17.20,N,31.86,K*43
$GPGGA,080640.00,5929.11282,N,02447.23579,E,1,12,1.0,18.1,M,21.0,M,,*5F
$GPRMC,080640.00,A,5929.11282,N,02447.23579,E,17.17,16.4,140625,,,A*63
$GPVTG,16.4,T,,M,17.17,N,31.81,K,A*35
$HEHDT,14.9,T*13
$VWVHW,14.9,T,,M,17.19,N,31.84,K*46
$GPGSV,2,1,08,03,63,042,49,08,40,097,46,11,24,152,41,14,50,207,49*72
$GPGSV,2,2,08,17,67,264,51,22,21,312,42,28,08,352,38,31,56,122,48*76
$GAGSV,2,1,05,04,49,072,47,09,36,182,44,12,67,237,48,24,11,287,38*6E
$GAGSV,2,2,05,31,18,022,40*52
$GPZDA,080640.00,14,06,2025,00,00*6A
$GPGGA,080641.00,5929.11724,N,02447.23834,E,1,12,1.0,18.6,M,21.0,M,,*54
$GPRMC,080641.00,A,5929.11724,N,02447.23834,E,17.24,16.1,140625,,,A*6A
$GPVTG,16.1,T,,M,17.24,N,31.93,K,A*33
$HEHDT,14.6,T*1C
$VWVHW,14.6,T,,M,17.20,N,31.85,K*42
$GPGGA,080642.00,5929.12173,N,02447.23995,E,1,12,1.0,18.7,M,21.0,M,,*5B
$GPRMC,080642.00,A,5929.12173,N,02447.23995,E,17.12,16.3,140625,,,A*63
$GPVTG,16.3,T,,M,17.12,N,31.71,K,A*38
$HEHDT,14.9,T*13
$VWVHW,14.9,T,,M,17.24,N,31.93,K*4E
$GPGGA,080643.00,5929.12627,N,02447.24342,E,1,12,1.0,17.9,M,21.0,M,,*5A
$GPRMC,080643.00,A,5929.12627,N,02447.24342,E,17.12,16.7,140625,,,A*67
$GPVTG,16.7,T,,M,17.12,N,31.71,K,A*3C
$HEHDT,15.1,T*1A
$VWVHW,15.1,T,,M,17.30,N,32.03,K*48
$GPGGA,080644.00,5929.13126,N,02447.24661,E,1,12,1.0,18.2,M,21.0,M,,*5A
$GPRMC,080644.00,A,5929.13126,N,02447.24661,E,17.25,16.0,140625,,,A*60
$GPVTG,16.0,T,,M,17.25,N,31.95,K,A*35
$HEHDT,14.7,T*1D
$VWVHW,14.7,T,,M,17.17,N,31.81,K*43
$GPGGA,080645.00,5929.13600,N,02447.24967,E,1,12,1.0,17.4,M,21.0,M,,*58
$GPRMC,080645.00,A,5929.13600,N,02447.24967,E,17.12,15.8,140625,,,A*64
$GPVTG,15.8,T,,M,17.12,N,31.71,K,A*30
$HEHDT,14.9,T*13
$VWVHW,14.9,T,,M,17.23,N,31.91,K*4B
$GPGSV,2,1,08,03,63,042,49,08,40,097,46,11,24,152,41,14,50,207,48*73
$GPGSV,2,2,08,17,67,264,51,22,21,312,42,28,08,352,37,31,56,122,48*79
$GAGSV,2,1,05,04,49,072,48,09,36,182,45,12,67,237,48,24,11,287,39*61
$GAGSV,2,2,05,31,18,022,41*53
$GPZDA,080645.00,14,06,2025,00,00*6F
$GPGGA,080646.00,5929.14019,N,02447.25234,E,1,12,1.0,18.3,M,21.0,M,,*56
$GPRMC,080646.00,A,5929.14019,N,02447.25234,E,17.28,16.0,140625,,,A*60
$GPVTG,16.0,T,,M,17.28,N,32.00,K,A*37
$HEHDT,15.0,T*1B
$VWVHW,15.0,T,,M,17.13,N,31.72,K*4D
$GPGGA,080647.00,5929.14456,N,02447.25505,E,1,12,1.0,17.9,M,21.0,M,,*58
$GPRMC,080647.00,A,5929.14456,N,02447.25505,E,17.09,16.0,140625,,,A*68
$GPVTG,16.0,T,,M,17.09,N,31.66,K,A*37
$HEHDT,15.0,T*1B
$VWVHW,15.0,T,,M,17.30,N,32.05,K*4F
$GPGGA,080648.00,5929.14906,N,02447.25733,E,1,12,1.0,18.1,M,21.0,M,,*5F
$GPRMC,080648.00,A,5929.14906,N,02447.25733,E,17.05,16.2,140625,,,A*66
$GPVTG,16.2,T,,M,17.05,N,31.58,K,A*34
$HEHDT,15.1,T*1A
$VWVHW,15.1,T,,M,17.06,N,31.59,K*41
$GPGGA,080649.00,5929.15360,N,02447.26065,E,1,12,1.0,17.8,M,21.0,M,,*54
$GPRMC,080649.00,A,5929.15360,N,02447.26065,E,17.12,16.7,140625,,,A*68
$GPVTG,16.7,T,,M,17.12,N,31.70,K,A*3D
$HEHDT,14.9,T*13
$VWVHW,14.9,T,,M,17.19,N,31.84,K*46
$GPGGA,080650.00,5929.15818,N,02447.26247,E,1,12,1.0,17.7,M,21.0,M,,*55
$GPRMC,080650.00,A,5929.15818,N,02447.26247,E,17.24,16.2,140625,,,A*66
$GPVTG,16.2,T,,M,17.24,N,31.92,K,A*31
$HEHDT,15.3,T*18
$VWVHW,15.3,T,,M,17.19,N,31.84,K*4D
$GPGSV,2,1,08,03,63,042,49,08,40,097,46,11,24,152,41,14,50,207,47*7C
$GPGSV,2,2,08,17,67,264,51,22,21,312,43,28,08,352,38,31,56,122,48*77
$GAGSV,2,1,05,04,49,072,49,09,36,182,45,12,67,237,47,24,11,287,38*6E
$GAGSV,2,2,05,31,18,022,41*53
$GPZDA,080650.00,14,06,2025,00,00*6B
$GPGGA,080651.00,5929.16269,N,02447.26556,E,1,12,1.0,17.6,M,21.0,M,,*5D
$GPRMC,080651.00,A,5929.16269,N,02447.26556,E,17.12,16.2,140625,,,A*6A
$GPVTG,16.2,T,,M,17.12,N,31.71,K,A*39
$HEHDT,15.0,T*1B
$VWVHW,15.0,T,,M,17.17,N,31.80,K*44
$GPGGA,080652.00,5929.16744,N,02447.26802,E,1,12,1.0,18.0,M,21.0,M,,*51
$GPRMC,080652.00,A,5929.16744,N,02447.26802,E,17.04,16.5,140625,,,A*6F
$GPVTG,16.5,T,,M,17.04,N,31.55,K,A*3F
$HEHDT,14.9,T*13
$VWVHW,14.9,T,,M,17.21,N,31.87,K*4E
$GPGGA,080653.00,5929.17170,N,02447.27028,E,1,12,1.0,17.4,M,21.0,M,,*5A
$GPRMC,080653.00,A,5929.17170,N,02447.27028,E,17.30,16.1,140625,,,A*6C
$GPVTG,16.1,T,,M,17.30,N,32.05,K,A*3A
$HEHDT,14.5,T*1F
$VWVHW,14.5,T,,M,17.12,N,31.71,K*4B
$GPGGA,080654.00,5929.17593,N,02447.27294,E,1,12,1.0,17.7,M,21.0,M,,*52
$GPRMC,080654.00,A,5929.17593,N,02447.27294,E,17.16,16.0,140625,,,A*62
$GPVTG,16.0,T,,M,17.16,N,31.78,K,A*36
$HEHDT,14.2,T*18
$VWVHW,14.2,T,,M,17.18,N,31.81,K*49
$GPGGA,080655.00,5929.18108,N,02447.27600,E,1,12,1.0,17.8,M,21.0,M,,*5C
$GPRMC,080655.00,A,5929.18108,N,02447.27600,E,17.23,16.6,140625,,,A*63
$GPVTG,16.6,T,,M,17.23,N,31.90,K,A*30
$HEHDT,14.7,T*1D
$VWVHW,14.7,T,,M,17.23,N,31.90,K*44
$GPGSV,2,1,08,03,63,042,49,08,40,097,45,11,24,152,41,14,50,207,48*70
$GPGSV,2,2,08,17,67,264,50,22,21,312,42,28,08,352,38,31,56,122,48*77
$GAGSV,2,1,05,04,49,072,48,09,36,182,44,12,67,237,47,24,11,287,37*61
$GAGSV,2,2,05,31,18,022,41*53
$GPZDA,080655.00,14,06,2025,00,00*6E
$GPGGA,080656.00,5929.18529,N,02447.27898,E,1,12,1.0,17.4,M,21.0,M,,*5B
$GPRMC,080656.00,A,5929.18529,N,02447.27898,E,17.11,16.3,140625,,,A*6C
$GPVTG,16.3,T,,M,17.11,N,31.68,K,A*33
$HEHDT,14.8,T*12
$VWVHW,14.8,T,,M,17.19,N,31.84,K*47
$GPGGA,080657.00,5929.19000,N,02447.28154,E,1,12,1.0,17.5,M,21.0,M,,*52
$GPRMC,080657.00,A,5929.19000,N,02447.28154,E,17.27,16.4,140625,,,A*66
$GPVTG,16.4,T,,M,17.27,N,31.99,K,A*3F
$HEHDT,14.5,T*1F
$VWVHW,14.5,T,,M,17.22,N,31.88,K*4E
$GPGGA,080658.00,5929.19442,N,02447.28374,E,1,12,1.0,18.4,M,21.0,M,,*51
$GPRMC,080658.00,A,5929.19442,N,02447.28374,E,17.22,15.9,140625,,,A*60
$GPVTG,15.9,T,,M,17.22,N,31.89,K,A*35
$HEHDT,15.1,T*1A
$VWVHW,15.1,T,,M,17.37,N,32.16,K*4B
$GPGGA,080659.00,5929.19926,N,02447.28603,E,1,12,1.0,17.9,M,21.0,M,,*58
$GPRMC,080659.00,A,5929.19926,N,02447.28603,E,17.11,16.3,140625,,,A*62
$GPVTG,16.3,T,,M,17.11,N,31.68,K,A*33
$HEHDT,14.8,T*12
$VWVHW,14.8,T,,M,17.23,N,31.91,K*4A
$GPGGA,080700.00,5929.20354,N,02447.28946,E,1,12,1.0,17.5,M,21.0,M,,*52
$GPRMC,080700.00,A,5929.20354,N,02447.28946,E,17.02,16.7,140625,,,A*62
$GPVTG,16.7,T,,M,17.02,N,31.52,K,A*3C
$HEHDT,15.0,T*1B
$VWVHW,15.0,T,,M,17.21,N,31.87,K*46
$GPGSV,2,1,08,03,63,042,49,08,40,097,44,11,23,152,41,14,50,207,48*76
$GPGSV,2,2,08,17,67,264,51,22,21,312,42,28,08,352,38,31,56,122,48*76
$GAGSV,2,1,05,04,49,072,48,09,36,182,44,12,67,237,48,24,11,287,37*6E
$GAGSV,2,2,05,31,18,022,41*53
$GPZDA,080700.00,14,06,2025,00,00*6F
$GPGGA,080701.00,5929.20788,N,02447.29171,E,1,12,1.0,18.1,M,21.0,M,,*50
$GPRMC,080701.00,A,5929.20788,N,02447.29171,E,17.13,16.7,140625,,,A*6B
$GPVTG,16.7,T,,M,17.13,N,31.73,K,A*3F
$HEHDT,14.5,T*1F
$VWVHW,14.5,T,,M,17.23,N,31.92,K*44
$GPGGA,080702.00,5929.21280,N,02447.29462,E,1,12,1.0,17.7,M,21.0,M,,*51
$GPRMC,080702.00,A,5929.21280,N,02447.29462,E,17.07,15.7,140625,,,A*65
$GPVTG,15.7,T,,M,17.07,N,31.61,K,A*3A
$HEHDT,15.0,T*1B
$VWVHW,15.0,T,,M,17.24,N,31.93,K*46
$GPGGA,080703.00,5929.21708,N,02447.29697,E,1,12,1.0,17.3,M,21.0,M,,*59
$GPRMC,080703.00,A,5929.21708,N,02447.29697,E,17.03,16.3,140625,,,A*6A
$GPVTG,16.3,T,,M,17.03,N,31.55,K,A*3E
$HEHDT,14.8,T*12
$VWVHW,14.8,T,,M,17.25,N,31.95,K*48
$GPGGA,080704.00,5929.22205,N,02447.29942,E,1,12,1.0,17.5,M,21.0,M,,*54
$GPRMC,080704.00,A,5929.22205,N,02447.29942,E,17.10,16.3,140625,,,A*63
$GPVTG,16.3,T,,M,17.10,N,31.67,K,A*3D
$HEHDT,15.2,T*19
$VWVHW,15.2,T,,M,17.30,N,32.05,K*4D
$GPGGA,080705.00,5929.22565,N,02447.30092,E,1,12,1.0,17.0,M,21.0,M,,*5D
$GPRMC,080705.00,A,5929.22565,N,02447.30092,E,17.22,16.0,140625,,,A*6D
$GPVTG,16.0,T,,M,17.22,N,31.90,K,A*37
$HEHDT,14.9,T*13
$VWVHW,14.9,T,,M,17.29,N,32.02,K*48
$GPGSV,2,1,08,03,63,042,49,08,40,097,45,11,23,152,40,14,50,207,49*77
$GPGSV,2,2,08,17,67,264,50,22,21,312,43,28,08,352,38,31,56,122,47*79
$GAGSV,2,1,05,04,49,072,48,09,36,182,44,12,67,237,46,24,11,287,38*6F
$GAGSV,2,2,05,31,18,022,41*53
$GPZDA,080705.00,14,06,2025,00,00*6A
$GPGGA,080706.00,5929.23111,N,02447.30480,E,1,12,1.0,17.5,M,21.0,M,,*5A
$GPRMC,080706.00,A,5929.23111,N,02447.30480,E,17.18,15.9,140625,,,A*6C
$GPVTG,15.9,T,,M,17.18,N,31.81,K,A*34
$HEHDT,14.4,T*1E
$VWVHW,14.4,T,,M,17.12,N,31.71,K*4A
$GPGGA,080707.00,5929.23507,N,02447.30720,E,1,12,1.0,17.5,M,21.0,M,,*51
$GPRMC,080707.00,A,5929.23507,N,02447.30720,E,17.00,15.8,140625,,,A*6F
$GPVTG,15.8,T,,M,17.00,N,31.49,K,A*38
$HEHDT,14.6,T*1C
$VWVHW,14.6,T,,M,17.26,N,31.97,K*47
$GPGGA,080708.00,5929.23998,N,02447.30988,E,1,12,1.0,17.3,M,21.0,M,,*5E
$GPRMC,080708.00,A,5929.23998,N,02447.30988,E,17.22,15.9,140625,,,A*67
$GPVTG,15.9,T,,M,17.22,N,31.89,K,A*35
$HEHDT,15.1,T*1A
$VWVHW,15.1,T,,M,17.20,N,31.86,K*47
$GPGGA,080709.00,5929.24398,N,02447.31232,E,1,12,1.0,16.7,M,21.0,M,,*5C
$GPRMC,080709.00,A,5929.24398,N,02447.31232,E,17.03,16.1,140625,,,A*68
$GPVTG,16.1,T,,M,17.03,N,31.54,K,A*3D
$HEHDT,15.0,T*1B
$VWVHW,15.0,T,,M,17.25,N,31.94,K*40
$GPGGA,080710.00,5929.24912,N,02447.31515,E,1,12,1.0,16.5,M,21.0,M,,*5C
$GPRMC,080710.00,A,5929.24912,N,02447.31515,E,17.10,16.3,140625,,,A*6A
$GPVTG,16.3,T,,M,17.10,N,31.68,K,A*32
$HEHDT,14.9,T*13
$VWVHW,14.9,T,,M,17.21,N,31.88,K*41
$GPGSV,2,1,08,03,63,042,49,08,40,097,44,11,23,152,40,14,50,207,47*78
$GPGSV,2,2,08,17,67,264,50,22,21,312,42,28,08,352,38,31,56,122,48*77
$GAGSV,2,1,05,04,49,072,46,09,36,182,45,12,67,237,48,24,11,287,37*61
$GAGSV,2,2,05,31,18,022,40*52
$GPZDA,080710.00,14,06,2025,00,00*6E
$GPGGA,080711.00,5929.25336,N,02447.31703,E,1,12,1.0,16.6,M,21.0,M,,*56
$GPRMC,080711.00,A,5929.25336,N,02447.31703,E,17.07,16.1,140625,,,A*67
$GPVTG,16.1,T,,M,17.07,N,31.61,K,A*3F
$HEHDT,14.7,T*1D
$VWVHW,14.7,T,,M,16.95,N,31.38,K*4A
$GPGGA,080712.00,5929.25829,N,02447.31939,E,1,12,1.0,16.9,M,21.0,M,,*58
$GPRMC,080712.00,A,5929.25829,N,02447.31939,E,17.06,16.4,140625,,,A*62
$GPVTG,16.4,T,,M,17.06,N,31.60,K,A*3A
$HEHDT,14.7,T*1D
$VWVHW,14.7,T,,M,17.14,N,31.73,K*4D
$GPGGA,080713.00,5929.26211,N,02447.32206,E,1,12,1.0,17.0,M,21.0,M,,*57
$GPRMC,080713.00,A,5929.26211,N,02447.32206,E,17.10,16.5,140625,,,A*63
$GPVTG,16.5,T,,M,17.10,N,31.67,K,A*3B
$HEHDT,14.8,T*12
$VWVHW,14.8,T,,M,17.23,N,31.92,K*49
$GPGGA,080714.00,5929.26675,N,02447.32366,E,1,12,1.0,16.3,M,21.0,M,,*53
$GPRMC,080714.00,A,5929.26675,N,02447.32366,E,16.92,16.1,140625,,,A*6A
$GPVTG,16.1,T,,M,16.92,N,31.33,K,A*35
$HEHDT,14.6,T*1C
$VWVHW,14.6,T,,M,17.31,N,32.06,K*4A
$GPGGA,080715.00,5929.27139,N,02447.32754,E,1,12,1.0,17.1,M,21.0,M,,*5A
$GPRMC,080715.00,A,5929.27139,N,02447.32754,E,16.95,16.2,140625,,,A*64
$GPVTG,16.2,T,,M,16.95,N,31.39,K,A*3B
$HEHDT,14.6,T*1C
$VWVHW,14.6,T,,M,17.19,N,31.84,K*49
$GPGSV,2,1,08,03,63,042,50,08,40,097,46,11,23,152,41,14,49,207,48*74
$GPGSV,2,2,08,17,67,264,50,22,21,312,42,28,08,352,38,31,56,122,47*78
$GAGSV,2,1,05,04,49,072,46,09,36,182,46,12,67,237,48,24,11,287,37*62
$GAGSV,2,2,05,31,18,022,41*53
$GPZDA,080715.00,14,06,2025,00,00*6B
$GPGGA,080716.00,5929.27623,N,02447.32980,E,1,12,1.0,17.3,M,21.0,M,,*50
$GPRMC,080716.00,A,5929.27623,N,02447.32980,E,16.98,16.1,140625,,,A*62
$GPVTG,16.1,T,,M,16.98,N,31.46,K,A*3D
$HEHDT,14.6,T*1C
$VWVHW,14.6,T,,M,17.18,N,31.82,K*4E
$GPGGA,080717.00,5929.28047,N,02447.33238,E,1,12,1.0,16.6,M,21.0,M,,*57
$GPRMC,080717.00,A,5929.28047,N,02447.33238,E,16.99,16.3,140625,,,A*62
$GPVTG,16.3,T,,M,16.99,N,31.46,K,A*3E
$HEHDT,14.8,T*12
$VWVHW,14.8,T,,M,17.10,N,31.67,K*43
$GPGGA,080718.00,5929.28552,N,02447.33431,E,1,12,1.0,16.9,M,21.0,M,,*59
$GPRMC,080718.00,A,5929.28552,N,02447.33431,E,17.09,16.5,140625,,,A*6D
$GPVTG,16.5,T,,M,17.09,N,31.66,K,A*32
$HEHDT,14.4,T*1E
$VWVHW,14.4,T,,M,17.15,N,31.75,K*49
$GPGGA,080719.00,5929.28994,N,02447.33776,E,1,12,1.0,17.8,M,21.0,M,,*5E
$GPRMC,080719.00,A,5929.28994,N,02447.33776,E,17.04,16.3,140625,,,A*61
$GPVTG,16.3,T,,M,17.04,N,31.56,K,A*3A
$HEHDT,14.9,T*13
$VWVHW,14.9,T,,M,17.13,N,31.73,K*44
$GPGGA,080720.00,5929.29393,N,02447.34018,E,1,12,1.0,16.9,M,21.0,M,,*50
$GPRMC,080720.00,A,5929.29393,N,02447.34018,E,17.12,15.9,140625,,,A*61
$GPVTG,15.9,T,,M,17.12,N,31.71,K,A*31
$HEHDT,15.2,T*19
$VWVHW,15.2,T,,M,17.01,N,31.50,K*4C
$GPGSV,2,1,08,03,63,042,49,08,40,097,45,11,23,152,41,14,49,207,49*7E
$GPGSV,2,2,08,17,67,264,50,22,21,312,41,28,08,352,38,31,56,122,46*7A
$GAGSV,2,1,05,04,49,072,47,09,36,182,45,12,67,237,48,24,11,287,38*6F
$GAGSV,2,2,05,31,18,022,41*53
$GPZDA,080720.00,14,06,2025,00,00*6D
$GPGGA,080721.00,5929.29872,N,02447.34216,E,1,12,1.0,16.9,M,21.0,M,,*59
$GPRMC,080721.00,A,5929.29872,N,02447.34216,E,17.17,16.2,140625,,,A*65
$GPVTG,16.2,T,,M,17.17,N,31.81,K,A*33
$HEHDT,14.8,T*12
$VWVHW,14.8,T,,M,17.30,N,32.03,K*40
$GPGGA,080722.00,5929.30348,N,02447.34486,E,1,12,1.0,17.1,M,21.0,M,,*56
$GPRMC,080722.00,A,5929.30348,N,02447.34486,E,17.03,15.8,140625,,,A*6F
$GPVTG,15.8,T,,M,17.03,N,31.54,K,A*37
$HEHDT,14.8,T*12
$VWVHW,14.8,T,,M,17.02,N,31.53,K*47
$GPGGA,080723.00,5929.30776,N,02447.34736,E,1,12,1.0,16.9,M,21.0,M,,*5F
$GPRMC,080723.00,A,5929.30776,N,02447.34736,E,17.04,15.7,140625,,,A*67
$GPVTG,15.7,T,,M,17.04,N,31.56,K,A*3D
$HEHDT,14.7,T*1D
$VWVHW,14.7,T,,M,16.97,N,31.43,K*44
$GPGGA,080724.00,5929.31235,N,02447.35028,E,1,12,1.0,17.9,M,21.0,M,,*53
$GPRMC,080724.00,A,5929.31235,N,02447.35028,E,17.01,16.3,140625,,,A*68
$GPVTG,16.3,T,,M,17.01,N,31.50,K,A*39
$HEHDT,15.0,T*1B
$VWVHW,15.0,T,,M,17.16,N,31.77,K*4D
$GPGGA,080725.00,5929.31730,N,02447.35324,E,1,12,1.1,17.4,M,21.0,M,,*51
$GPRMC,080725.00,A,5929.31730,N,02447.35324,E,17.04,16.2,140625,,,A*62
$GPVTG,16.2,T,,M,17.04,N,31.56,K,A*3B
$HEHDT,15.2,T*19
$VWVHW,15.2,T,,M,17.25,N,31.94,K*42
$GPGSV,2,1,08,03,63,042,49,08,40,097,45,11,23,152,41,14,49,207,49*7E
$GPGSV,2,2,08,17,67,264,49,22,21,312,42,28,08,352,39,31,56,122,47*71
$GAGSV,2,1,05,04,49,072,47,09,36,182,45,12,67,237,47,24,11,287,38*60
$GAGSV,2,2,05,31,18,022,41*53
$GPZDA,080725.00,14,06,2025,00,00*68
$GPGGA,080726.00,5929.32176,N,02447.35618,E,1,12,1.1,17.5,M,21.0,M,,*5E
$GPRMC,080726.00,A,5929.32176,N,02447.35618,E,17.01,16.8,140625,,,A*63
$GPVTG,16.8,T,,M,17.01,N,31.49,K,A*3A
$HEHDT,14.5,T*1F
$VWVHW,14.5,T,,M,17.08,N,31.63,K*43
$GPGGA,080727.00,5929.32635,N,02447.35748,E,1,12,1.1,16.6,M,21.0,M,,*59
$GPRMC,080727.00,A,5929.32635,N,02447.35748,E,16.89,16.7,140625,,,A*68
$GPVTG,16.7,T,,M,16.89,N,31.28,K,A*33
$HEHDT,14.7,T*1D
$VWVHW,14.7,T,,M,17.00,N,31.49,K*41
$GPGGA,080728.00,5929.33027,N,02447.36035,E,1,12,1.1,17.7,M,21.0,M,,*5C
$GPRMC,080728.00,A,5929.33027,N,02447.36035,E,17.15,16.5,140625,,,A*6B
$GPVTG,16.5,T,,M,17.15,N,31.75,K,A*3D
$HEHDT,14.9,T*13
$VWVHW,14.9,T,,M,17.02,N,31.53,K*46
$GPGGA,080729.00,5929.33512,N,02447.36274,E,1,12,1.1,17.5,M,21.0,M,,*5B
$GPRMC,080729.00,A,5929.33512,N,02447.36274,E,17.02,16.2,140625,,,A*6F
$GPVTG,16.2,T,,M,17.02,N,31.53,K,A*38
$HEHDT,14.7,T*1D
$VWVHW,14.7,T,,M,17.12,N,31.72,K*4A
$GPGGA,080730.00,5929.33918,N,02447.36486,E,1,12,1.1,16.8,M,21.0,M,,*52
$GPRMC,080730.00,A,5929.33918,N,02447.36486,E,16.90,16.1,140625,,,A*63
$GPVTG,16.1,T,,M,16.90,N,31.31,K,A*35
$HEHDT,14.9,T*13
$VWVHW,14.9,T,,M,17.18,N,31.81,K*42
$GPGSV,2,1,08,03,63,042,48,08,40,097,45,11,23,152,41,14,49,207,49*7F
$GPGSV,2,2,08,17,67,264,50,22,21,312,42,28,08,352,37,31,56,122,47*77
$GAGSV,2,1,05,04,49,072,46,09,36,182,46,12,67,237,48,24,11,287,39*6C
$GAGSV,2,2,05,31,18,022,41*53
$GPZDA,080730.00,14,06,2025,00,00*6C
$GPGGA,080731.00,5929.34378,N,02447.36834,E,1,12,1.1,17.6,M,21.0,M,,*52
$GPRMC,080731.00,A,5929.34378,N,02447.36834,E,16.94,15.8,140625,,,A*62
$GPVTG,15.8,T,,M,16.94,N,31.38,K,A*32
$HEHDT,15.0,T*1B
$VWVHW,15.0,T,,M,17.24,N,31.93,K*46
$GPGGA,080732.00,5929.34816,N,02447.36967,E,1,12,1.1,17.0,M,21.0,M,,*53
$GPRMC,080732.00,A,5929.34816,N,02447.36967,E,16.99,16.3,140625,,,A*60
$GPVTG,16.3,T,,M,16.99,N,31.46,K,A*3E
$HEHDT,14.6,T*1C
$VWVHW,14.6,T,,M,16.94,N,31.38,K*4A
$GPGGA,080733.00,5929.35253,N,02447.37297,E,1,12,1.1,17.4,M,21.0,M,,*59
$GPRMC,080733.00,A,5929.35253,N,02447.37297,E,17.02,16.4,140625,,,A*6A
$GPVTG,16.4,T,,M,17.02,N,31.53,K,A*3E
$HEHDT,15.0,T*1B
$VWVHW,15.0,T,,M,17.16,N,31.78,K*42
$GPGGA,080734.00,5929.35722,N,02447.37575,E,1,12,1.1,17.4,M,21.0,M,,*56
$GPRMC,080734.00,A,5929.35722,N,02447.37575,E,16.93,16.0,140625,,,A*68
$GPVTG,16.0,T,,M,16.93,N,31.36,K,A*30
$HEHDT,14.9,T*13
$VWVHW,14.9,T,,M,17.14,N,31.73,K*43
$GPGGA,080735.00,5929.36193,N,02447.37804,E,1,12,1.1,17.5,M,21.0,M,,*52
$GPRMC,080735.00,A,5929.36193,N,02447.37804,E,16.96,16.2,140625,,,A*6A
$GPVTG,16.2,T,,M,16.96,N,31.40,K,A*36
$HEHDT,15.0,T*1B
$VWVHW,15.0,T,,M,17.14,N,31.74,K*4C
$GPGSV,2,1,08,03,63,042,49,08,40,097,45,11,23,152,42,14,49,207,48*7C
$GPGSV,2,2,08,17,67,264,49,22,21,312,41,28,08,352,38,31,56,122,47*73
$GAGSV,2,1,05,04,49,072,46,09,36,182,46,12,67,237,47,24,11,287,39*63
$GAGSV,2,2,05,31,18,022,41*53
$GPZDA,080735.00,14,06,2025,00,00*69
$GPGGA,080736.00,5929.36658,N,02447.38052,E,1,12,1.1,17.7,M,21.0,M,,*57
$GPRMC,080736.00,A,5929.36658,N,02447.38052,E,17.06,16.3,140625,,,A*64
$GPVTG,16.3,T,,M,17.06,N,31.60,K,A*3D
$HEHDT,14.5,T*1F
$VWVHW,14.5,T,,M,17.03,N,31.53,K*4B
$GPGGA,080737.00,5929.37094,N,02447.38372,E,1,12,1.1,18.1,M,21.0,M,,*59
$GPRMC,080737.00,A,5929.37094,N,02447.38372,E,17.05,16.1,140625,,,A*62
$GPVTG,16.1,T,,M,17.05,N,31.57,K,A*38
$HEHDT,14.8,T*12
$VWVHW,14.8,T,,M,16.87,N,31.24,K*4B
$GPGGA,080738.00,5929.37541,N,02447.38597,E,1,12,1.1,18.0,M,21.0,M,,*57
$GPRMC,080738.00,A,5929.37541,N,02447.38597,E,16.93,16.0,140625,,,A*62
$GPVTG,16.0,T,,M,16.93,N,31.35,K,A*33
$HEHDT,14.8,T*12
$VWVHW,14.8,T,,M,17.20,N,31.85,K*4C
$GPGGA,080739.00,5929.37973,N,02447.38943,E,1,12,1.1,17.9,M,21.0,M,,*58
$GPRMC,080739.00,A,5929.37973,N,02447.38943,E,16.91,16.4,140625,,,A*6D
$GPVTG,16.4,T,,M,16.91,N,31.32,K,A*32
$HEHDT,14.3,T*19
$VWVHW,14.3,T,,M,17.02,N,31.52,K*4D
$GPGGA,080740.00,5929.38415,N,02447.39115,E,1,12,1.1,18.2,M,21.0,M,,*5A
$GPRMC,080740.00,A,5929.38415,N,02447.39115,E,16.97,16.2,140625,,,A*6B
$GPVTG,16.2,T,,M,16.97,N,31.43,K,A*34
$HEHDT,14.4,T*1E
$VWVHW,14.4,T,,M,17.21,N,31.87,K*43
$GPGSV,2,1,08,03,63,042,49,08,40,097,44,11,23,152,43,14,49,207,48*7C
$GPGSV,2,2,08,17,67,264,48,22,21,312,41,28,08,352,38,31,56,122,47*72
$GAGSV,2,1,05,04,49,072,47,09,36,182,46,12,67,237,48,24,11,287,38*6C
$GAGSV,2,2,05,31,18,022,41*53
$GPZDA,080740.00,14,06,2025,00,00*6B
$GPGGA,080741.00,5929.38917,N,02447.39418,E,1,12,1.1,18.1,M,21.0,M,,*5F
$GPRMC,080741.00,A,5929.38917,N,02447.39418,E,17.08,16.6,140625,,,A*6E
$GPVTG,16.6,T,,M,17.08,N,31.64,K,A*32
$HEHDT,14.7,T*1D
$VWVHW,14.7,T,,M,16.97,N,31.42,K*45
$GPGGA,080742.00,5929.39283,N,02447.39683,E,1,12,1.1,17.9,M,21.0,M,,*5C
$GPRMC,080742.00,A,5929.39283,N,02447.39683,E,17.05,16.2,140625,,,A*63
$GPVTG,16.2,T,,M,17.05,N,31.57,K,A*3B
$HEHDT,14.5,T*1F
$VWVHW,14.5,T,,M,16.98,N,31.44,K*4E
$GPGGA,080743.00,5929.39732,N,02447.39855,E,1,12,1.1,17.5,M,21.0,M,,*5B
$GPRMC,080743.00,A,5929.39732,N,02447.39855,E,16.96,15.9,140625,,,A*6B
$GPVTG,15.9,T,,M,16.96,N,31.41,K,A*3F
$HEHDT,14.8,T*12
$VWVHW,14.8,T,,M,17.08,N,31.64,K*49
$GPGGA,080744.00,5929.40206,N,02447.40036,E,1,12,1.1,17.8,M,21.0,M,,*5E
$GPRMC,080744.00,A,5929.40206,N,02447.40036,E,16.83,16.5,140625,,,A*68
$GPVTG,16.5,T,,M,16.83,N,31.18,K,A*38
$HEHDT,14.3,T*19
$VWVHW,14.3,T,,M,17.11,N,31.69,K*47
$GPGGA,080745.00,5929.40662,N,02447.40350,E,1,12,1.1,18.3,M,21.0,M,,*5E
$GPRMC,080745.00,A,5929.40662,N,02447.40350,E,16.99,15.7,140625,,,A*66
$GPVTG,15.7,T,,M,16.99,N,31.46,K,A*39
$HEHDT,14.7,T*1D
$VWVHW,14.7,T,,M,16.96,N,31.41,K*47
$GPGSV,2,1,08,03,63,042,49,08,40,097,44,11,23,152,43,14,49,207,49*7D
$GPGSV,2,2,08,17,67,264,49,22,21,312,43,28,08,352,38,31,56,122,46*70
$GAGSV,2,1,05,04,49,072,47,09,36,182,47,12,67,237,47,24,11,287,38*62
$GAGSV,2,2,05,31,18,022,42*50
$GPZDA,080745.00,14,06,2025,00,00*6E
$GPGGA,080746.00,5929.41065,N,02447.40622,E,1,12,1.1,17.4,M,21.0,M,,*55
$GPRMC,080746.00,A,5929.41065,N,02447.40622,E,16.86,16.1,140625,,,A*6E
$GPVTG,16.1,T,,M,16.86,N,31.23,K,A*31
$HEHDT,14.7,T*1D
$VWVHW,14.7,T,,M,17.13,N,31.72,K*4B
$GPGGA,080747.00,5929.41594,N,02447.40919,E,1,12,1.1,17.7,M,21.0,M,,*5B
$GPRMC,080747.00,A,5929.41594,N,02447.40919,E,16.95,15.8,140625,,,A*6B
$GPVTG,15.8,T,,M,16.95,N,31.40,K,A*3C
$HEHDT,15.4,T*1F
$VWVHW,15.4,T,,M,16.99,N,31.46,K*4D
$GPGGA,080748.00,5929.42021,N,02447.41206,E,1,12,1.1,17.1,M,21.0,M,,*5E
$GPRMC,080748.00,A,5929.42021,N,02447.41206,E,16.96,16.1,140625,,,A*61
$GPVTG,16.1,T,,M,16.96,N,31.41,K,A*34
$HEHDT,14.5,T*1F
$VWVHW,14.5,T,,M,17.00,N,31.48,K*42
$GPGGA,080749.00,5929.42456,N,02447.41460,E,1,12,1.1,16.7,M,21.0,M,,*5A
$GPRMC,080749.00,A,5929.42456,N,02447.41460,E,17.10,16.1,140625,,,A*6D
$GPVTG,16.1,T,,M,17.10,N,31.68,K,A*30
$HEHDT,14.7,T*1D
$VWVHW,14.7,T,,M,17.01,N,31.50,K*48
$GPGGA,080750.00,5929.42954,N,02447.41714,E,1,12,1.1,17.6,M,21.0,M,,*5D
$GPRMC,080750.00,A,5929.42954,N,02447.41714,E,16.90,15.8,140625,,,A*69
$GPVTG,15.8,T,,M,16.90,N,31.29,K,A*36
$HEHDT,15.0,T*1B
$VWVHW,15.0,T,,M,17.04,N,31.55,K*4E
$GPGSV,2,1,08,03,63,042,49,08,40,097,45,11,23,152,42,14,49,207,48*7C
$GPGSV,2,2,08,17,67,264,49,22,21,312,42,28,08,352,37,31,56,122,48*70
$GAGSV,2,1,05,04,49,072,47,09,36,182,47,12,67,237,47,24,11,287,38*62
$GAGSV,2,2,05,31,18,022,42*50
$GPZDA,080750.00,14,06,2025,00,00*6A
$GPGGA,080751.00,5929.43397,N,02447.41979,E,1,12,1.1,17.7,M,21.0,M,,*5C
$GPRMC,080751.00,A,5929.43397,N,02447.41979,E,16.97,16.4,140625,,,A*61
$GPVTG,16.4,T,,M,16.97,N,31.43,K,A*32
$HEHDT,14.4,T*1E
$VWVHW,14.4,T,,M,16.95,N,31.40,K*46
$GPGGA,080752.00,5929.43829,N,02447.42276,E,1,12,1.1,17.8,M,21.0,M,,*59
$GPRMC,080752.00,A,5929.43829,N,02447.42276,E,16.97,16.2,140625,,,A*6D
$GPVTG,16.2,T,,M,16.97,N,31.42,K,A*35
$HEHDT,14.8,T*12
$VWVHW,14.8,T,,M,16.93,N,31.36,K*4D
$GPGGA,080753.00,5929.44294,N,02447.42521,E,1,12,1.1,17.1,M,21.0,M,,*5F
$GPRMC,080753.00,A,5929.44294,N,02447.42521,E,16.88,15.8,140625,,,A*65
$GPVTG,15.8,T,,M,16.88,N,31.26,K,A*30
$HEHDT,14.5,T*1F
$VWVHW,14.5,T,,M,17.01,N,31.49,K*42
$GPGGA,080754.00,5929.44743,N,02447.42811,E,1,12,1.1,18.0,M,21.0,M,,*57
$GPRMC,080754.00,A,5929.44743,N,02447.42811,E,16.96,16.2,140625,,,A*65
$GPVTG,16.2,T,,M,16.96,N,31.42,K,A*34
$HEHDT,14.9,T*13
$VWVHW,14.9,T,,M,16.95,N,31.39,K*45
$GPGGA,080755.00,5929.45189,N,02447.43016,E,1,12,1.1,17.9,M,21.0,M,,*5F
$GPRMC,080755.00,A,5929.45189,N,02447.43016,E,16.88,16.4,140625,,,A*62
$GPVTG,16.4,T,,M,16.88,N,31.25,K,A*3C
$HEHDT,14.9,T*13
$VWVHW,14.9,T,,M,16.95,N,31.38,K*44
$GPGSV,2,1,08,03,63,042,48,08,40,097,44,11,23,152,42,14,49,207,49*7D
$GPGSV,2,2,08,17,67,264,51,22,21,312,42,28,08,352,37,31,56,122,46*77
$GAGSV,2,1,05,04,49,072,46,09,36,182,47,12,67,237,47,24,11,287,39*62
$GAGSV,2,2,05,31,18,022,42*50
$GPZDA,080755.00,14,06,2025,00,00*6F
$GPGGA,080756.00,5929.45657,N,02447.43242,E,1,12,1.1,17.6,M,21.0,M,,*54
$GPRMC,080756.00,A,5929.45657,N,02447.43242,E,16.79,16.3,140625,,,A*6F
$GPVTG,16.3,T,,M,16.79,N,31.10,K,A*33
$HEHDT,14.5,T*1F
$VWVHW,14.5,T,,M,16.87,N,31.25,K*47
$GPGGA,080757.00,5929.46068,N,02447.43525,E,1,12,1.1,17.4,M,21.0,M,,*58
$GPRMC,080757.00,A,5929.46068,N,02447.43525,E,16.84,16.3,140625,,,A*63
$GPVTG,16.3,T,,M,16.84,N,31.19,K,A*38
$HEHDT,14.8,T*12
$VWVHW,14.8,T,,M,16.82,N,31.15,K*4C
$GPGGA,080758.00,5929.46556,N,02447.43810,E,1,12,1.1,18.2,M,21.0,M,,*5D
$GPRMC,080758.00,A,5929.46556,N,02447.43810,E,16.82,16.4,140625,,,A*6E
$GPVTG,16.4,T,,M,16.82,N,31.15,K,A*35
$HEHDT,14.7,T*1D
$VWVHW,14.7,T,,M,16.92,N,31.34,K*41
$GPGGA,080759.00,5929.47035,N,02447.44056,E,1,12,1.1,18.1,M,21.0,M,,*53
$GPRMC,080759.00,A,5929.47035,N,02447.44056,E,16.90,16.4,140625,,,A*60
$GPVTG,16.4,T,,M,16.90,N,31.29,K,A*39
$HEHDT,14.8,T*12
$VWVHW,14.8,T,,M,16.90,N,31.29,K*40
$GPGGA,080800.00,5929.47448,N,02447.44252,E,1,12,1.1,17.8,M,21.0,M,,*5E
$GPRMC,080800.00,A,5929.47448,N,02447.44252,E,16.84,15.9,140625,,,A*60
$GPVTG,15.9,T,,M,16.84,N,31.19,K,A*31
$HEHDT,15.0,T*1B
$VWVHW,15.0,T,,M,16.99,N,31.46,K*49
$GPGSV,2,1,08,03,63,042,48,08,40,097,45,11,23,152,41,14,49,207,49*7F
$GPGSV,2,2,08,17,67,264,49,22,21,312,43,28,08,352,37,31,56,122,48*71
$GAGSV,2,1,05,04,49,072,46,09,36,182,47,12,67,237,48,24,11,287,39*6D
$GAGSV,2,2,05,31,18,022,41*53
$GPZDA,080800.00,14,06,2025,00,00*60
$GPGGA,080801.00,5929.47942,N,02447.44502,E,1,12,1.1,18.0,M,21.0,M,,*5D
$GPRMC,080801.00,A,5929.47942,N,02447.44502,E,16.88,16.1,140625,,,A*63
$GPVTG,16.1,T,,M,16.88,N,31.26,K,A*3A
$HEHDT,14.4,T*1E
$VWVHW,14.4,T,,M,16.93,N,31.36,K*41
$GPGGA,080802.00,5929.48362,N,02447.44782,E,1,12,1.1,17.4,M,21.0,M,,*58
$GPRMC,080802.00,A,5929.48362,N,02447.44782,E,16.90,16.2,140625,,,A*67
$GPVTG,16.2,T,,M,16.90,N,31.29,K,A*3F
$HEHDT,15.1,T*1A
$VWVHW,15.1,T,,M,16.86,N,31.23,K*45
$GPGGA,080803.00,5929.48789,N,02447.45065,E,1,12,1.1,17.9,M,21.0,M,,*5A
$GPRMC,080803.00,A,5929.48789,N,02447.45065,E,16.79,16.2,140625,,,A*6F
$GPVTG,16.2,T,,M,16.79,N,31.09,K,A*3A
$HEHDT,15.2,T*19
$VWVHW,15.2,T,,M,17.05,N,31.58,K*40
$GPGGA,080804.00,5929.49249,N,02447.45274,E,1,12,1.1,17.3,M,21.0,M,,*5D
$GPRMC,080804.00,A,5929.49249,N,02447.45274,E,16.90,16.4,140625,,,A*63
$GPVTG,16.4,T,,M,16.90,N,31.29,K,A*39
$HEHDT,14.8,T*12
$VWVHW,14.8,T,,M,17.06,N,31.60,K*43
$GPGGA,080805.00,5929.49676,N,02447.45588,E,1,12,1.1,17.6,M,21.0,M,,*55
$GPRMC,080805.00,A,5929.49676,N,02447.45588,E,16.77,16.0,140625,,,A*63
$GPVTG,16.0,T,,M,16.77,N,31.07,K,A*38
$HEHDT,14.7,T*1D
$VWVHW,14.7,T,,M,16.90,N,31.30,K*47
$GPGSV,2,1,08,03,63,042,49,08,40,097,44,11,23,152,43,14,49,207,49*7D
$GPGSV,2,2,08,17,67,264,49,22,21,312,41,28,08,352,37,31,56,122,47*7C
$GAGSV,2,1,05,04,49,072,46,09,36,182,47,12,67,237,47,24,11,287,39*62
$GAGSV,2,2,05,31,18,022,42*50
$GPZDA,080805.00,14,06,2025,00,00*65
$GPGGA,080806.00,5929.50175,N,02447.45817,E,1,12,1.1,17.8,M,21.0,M,,*5F
$GPRMC,080806.00,A,5929.50175,N,02447.45817,E,16.74,16.4,140625,,,A*60
$GPVTG,16.4,T,,M,16.74,N,31.01,K,A*39
$HEHDT,14.7,T*1D
$VWVHW,14.7,T,,M,16.96,N,31.41,K*47
$GPGGA,080807.00,5929.50574,N,02447.46231,E,1,12,1.1,17.2,M,21.0,M,,*5C
$GPRMC,080807.00,A,5929.50574,N,02447.46231,E,16.96,16.3,140625,,,A*62
$GPVTG,16.3,T,,M,16.96,N,31.41,K,A*36
$HEHDT,14.6,T*1C
$VWVHW,14.6,T,,M,16.98,N,31.45,K*4C
$GPGGA,080808.00,5929.51056,N,02447.46383,E,1,12,1.1,17.3,M,21.0,M,,*5E
$GPRMC,080808.00,A,5929.51056,N,02447.46383,E,16.89,15.9,140625,,,A*66
$GPVTG,15.9,T,,M,16.89,N,31.28,K,A*3E
$HEHDT,14.8,T*12
$VWVHW,14.8,T,,M,16.80,N,31.11,K*4A
$GPGGA,080809.00,5929.51488,N,02447.46555,E,1,12,1.1,17.7,M,21.0,M,,*51
$GPRMC,080809.00,A,5929.51488,N,02447.46555,E,16.89,15.9,140625,,,A*6D
$GPVTG,15.9,T,,M,16.89,N,31.28,K,A*3E
$HEHDT,15.0,T*1B
$VWVHW,15.0,T,,M,16.95,N,31.39,K*4D
$GPGGA,080810.00,5929.51900,N,02447.46858,E,1,12,1.1,17.1,M,21.0,M,,*52
$GPRMC,080810.00,A,5929.51900,N,02447.46858,E,16.80,16.0,140625,,,A*6B
$GPVTG,16.0,T,,M,16.80,N,31.10,K,A*36
$HEHDT,14.7,T*1D
$VWVHW,14.7,T,,M,17.00,N,31.48,K*40
$GPGSV,2,1,08,03,63,042,48,08,40,097,45,11,23,152,42,14,49,207,49*7C
$GPGSV,2,2,08,17,67,264,50,22,21,312,41,28,08,352,38,31,56,122,47*7B
$GAGSV,2,1,05,04,49,072,46,09,36,182,46,12,67,237,47,24,11,287,40*6D
$GAGSV,2,2,05,31,18,022,42*50
$GPZDA,080810.00,14,06,2025,00,00*61
$GPGGA,080811.00,5929.52404,N,02447.47099,E,1,12,1.1,18.0,M,21.0,M,,*53
$GPRMC,080811.00,A,5929.52404,N,02447.47099,E,16.90,16.6,140625,,,A*63
$GPVTG,16.6,T,,M,16.90,N,31.30,K,A*33
$HEHDT,14.4,T*1E
$VWVHW,14.4,T,,M,16.88,N,31.26,K*4A
$GPGGA,080812.00,5929.52783,N,02447.47335,E,1,12,1.1,17.1,M,21.0,M,,*57
$GPRMC,080812.00,A,5929.52783,N,02447.47335,E,16.83,15.8,140625,,,A*66
$GPVTG,15.8,T,,M,16.83,N,31.17,K,A*39
$HEHDT,15.2,T*19
$VWVHW,15.2,T,,M,16.97,N,31.42,K*41
$GPGGA,080813.00,5929.53248,N,02447.47572,E,1,12,1.1,17.8,M,21.0,M,,*59
$GPRMC,080813.00,A,5929.53248,N,02447.47572,E,16.86,16.5,140625,,,A*6A
$GPVTG,16.5,T,,M,16.86,N,31.23,K,A*35
$HEHDT,14.7,T*1D
$VWVHW,14.7,T,,M,16.85,N,31.21,K*43
$GPGGA,080814.00,5929.53721,N,02447.47912,E,1,12,1.1,17.8,M,21.0,M,,*5E
$GPRMC,080814.00,A,5929.53721,N,02447.47912,E,16.81,16.0,140625,,,A*6F
$GPVTG,16.0,T,,M,16.81,N,31.13,K,A*34
$HEHDT,14.6,T*1C
$VWVHW,14.6,T,,M,17.10,N,31.67,K*4D
$GPGGA,080815.00,5929.54107,N,02447.48195,E,1,12,1.1,17.7,M,21.0,M,,*5D
$GPRMC,080815.00,A,5929.54107,N,02447.48195,E,16.90,16.4,140625,,,A*67
$GPVTG,16.4,T,,M,16.90,N,31.30,K,A*31
$HEHDT,14.5,T*1F
$VWVHW,14.5,T,,M,16.96,N,31.41,K*45
$GPGSV,2,1,08,03,63,042,48,08,40,097,45,11,23,152,41,14,49,207,47*71
$GPGSV,2,2,08,17,67,264,48,22,21,312,41,28,08,352,38,31,56,122,47*72
$GAGSV,2,1,05,04,49,072,46,09,36,182,47,12,67,237,48,24,11,287,39*6D
$GAGSV,2,2,05,31,18,022,41*53
$GPZDA,080815.00,14,06,2025,00,00*64
$GPGGA,080816.00,5929.54614,N,02447.48440,E,1,12,1.1,17.2,M,21.0,M,,*53
$GPRMC,080816.00,A,5929.54614,N,02447.48440,E,16.77,16.2,140625,,,A*63
$GPVTG,16.2,T,,M,16.77,N,31.06,K,A*3B
$HEHDT,14.8,T*12
$VWVHW,14.8,T,,M,16.69,N,30.91,K*44
$GPGGA,080817.00,5929.55040,N,02447.48670,E,1,12,1.1,18.0,M,21.0,M,,*58
$GPRMC,080817.00,A,5929.55040,N,02447.48670,E,16.78,16.7,140625,,,A*6F
$GPVTG,16.7,T,,M,16.78,N,31.08,K,A*3F
$HEHDT,15.0,T*1B
$VWVHW,15.0,T,,M,16.96,N,31.41,K*41
$GPGGA,080818.00,5929.55477,N,02447.48874,E,1,12,1.1,18.3,M,21.0,M,,*5E
$GPRMC,080818.00,A,5929.55477,N,02447.48874,E,16.88,16.1,140625,,,A*63
$GPVTG,16.1,T,,M,16.88,N,31.25,K,A*39
$HEHDT,14.7,T*1D
$VWVHW,14.7,T,,M,16.84,N,31.18,K*48
$GPGGA,080819.00,5929.55890,N,02447.49192,E,1,12,1.1,18.1,M,21.0,M,,*58
$GPRMC,080819.00,A,5929.55890,N,02447.49192,E,16.85,15.8,140625,,,A*60
$GPVTG,15.8,T,,M,16.85,N,31.21,K,A*3A
$HEHDT,14.8,T*12
$VWVHW,14.8,T,,M,16.78,N,31.08,K*45
$GPGGA,080820.00,5929.56409,N,02447.49453,E,1,12,1.1,18.2,M,21.0,M,,*56
$GPRMC,080820.00,A,5929.56409,N,02447.49453,E,16.90,16.4,140625,,,A*66
$GPVTG,16.4,T,,M,16.90,N,31.30,K,A*31
$HEHDT,14.7,T*1D
$VWVHW,14.7,T,,M,16.85,N,31.21,K*43
$GPGSV,2,1,08,03,63,042,49,08,40,097,45,11,23,152,42,14,49,207,49*7D
$GPGSV,2,2,08,17,67,264,50,22,21,312,41,28,08,352,37,31,56,122,47*74
$GAGSV,2,1,05,04,49,072,46,09,36,182,46,12,67,237,48,24,11,287,39*6C
$GAGSV,2,2,05,31,18,022,41*53
$GPZDA,080820.00,14,06,2025,00,00*62
$GPGGA,080821.00,5929.56858,N,02447.49618,E,1,12,1.1,18.2,M,21.0,M,,*52
$GPRMC,080821.00,A,5929.56858,N,02447.49618,E,16.83,16.4,140625,,,A*60
$GPVTG,16.4,T,,M,16.83,N,31.17,K,A*36
$HEHDT,14.4,T*1E
$VWVHW,14.4,T,,M,16.98,N,31.46,K*4D
$GPGGA,080822.00,5929.57314,N,02447.49991,E,1,12,1.1,17.7,M,21.0,M,,*57
$GPRMC,080822.00,A,5929.57314,N,02447.49991,E,16.89,16.5,140625,,,A*64
$GPVTG,16.5,T,,M,16.89,N,31.27,K,A*3E
$HEHDT,14.4,T*1E
$VWVHW,14.4,T,,M,16.84,N,31.19,K*4A
$GPGGA,080823.00,5929.57714,N,02447.50106,E,1,12,1.1,17.6,M,21.0,M,,*5D
$GPRMC,080823.00,A,5929.57714,N,02447.50106,E,16.83,16.3,140625,,,A*63
$GPVTG,16.3,T,,M,16.83,N,31.17,K,A*31
$HEHDT,14.6,T*1C
$VWVHW,14.6,T,,M,16.87,N,31.25,K*44
$GPGGA,080824.00,5929.58203,N,02447.50361,E,1,12,1.1,18.2,M,21.0,M,,*5E
$GPRMC,080824.00,A,5929.58203,N,02447.50361,E,16.82,16.4,140625,,,A*6D
$GPVTG,16.4,T,,M,16.82,N,31.15,K,A*35
$HEHDT,14.8,T*12
$VWVHW,14.8,T,,M,16.81,N,31.13,K*49
$GPGGA,080825.00,5929.58693,N,02447.50732,E,1,12,1.1,18.2,M,21.0,M,,*50
$GPRMC,080825.00,A,5929.58693,N,02447.50732,E,16.81,16.3,140625,,,A*67
$GPVTG,16.3,T,,M,16.81,N,31.13,K,A*37
$HEHDT,14.4,T*1E
$VWVHW,14.4,T,,M,17.08,N,31.63,K*42
$GPGSV,2,1,08,03,63,042,48,08,40,097,44,11,23,152,42,14,49,207,48*7C
$GPGSV,2,2,08,17,67,264,49,22,21,312,41,28,08,352,36,31,56,122,49*73
$GAGSV,2,1,05,04,49,072,45,09,36,182,47,12,67,237,48,24,11,287,39*6E
$GAGSV,2,2,05,31,18,022,40*52
$GPZDA,080825.00,14,06,2025,00,00*67
$GPGGA,080826.00,5929.59138,N,02447.50982,E,1,12,1.1,18.7,M,21.0,M,,*54
$GPRMC,080826.00,A,5929.59138,N,02447.50982,E,16.78,16.0,140625,,,A*63
$GPVTG,16.0,T,,M,16.78,N,31.09,K,A*39
$HEHDT,14.7,T*1D
$VWVHW,14.7,T,,M,17.02,N,31.52,K*49
$GPGGA,080827.00,5929.59523,N,02447.51188,E,1,12,1.1,18.3,M,21.0,M,,*5C
$GPRMC,080827.00,A,5929.59523,N,02447.51188,E,17.01,16.4,140625,,,A*64
$GPVTG,16.4,T,,M,17.01,N,31.50,K,A*3E
$HEHDT,14.2,T*18
$VWVHW,14.2,T,,M,17.00,N,31.49,K*44
$GPGGA,080828.00,5929.60018,N,02447.51406,E,1,12,1.1,18.1,M,21.0,M,,*55
$GPRMC,080828.00,A,5929.60018,N,02447.51406,E,16.80,16.0,140625,,,A*63
$GPVTG,16.0,T,,M,16.80,N,31.11,K,A*37
$HEHDT,14.5,T*1F
$VWVHW,14.5,T,,M,17.06,N,31.59,K*44
$GPGGA,080829.00,5929.60454,N,02447.51710,E,1,12,1.1,18.1,M,21.0,M,,*5C
$GPRMC,080829.00,A,5929.60454,N,02447.51710,E,16.84,16.2,140625,,,A*6C
$GPVTG,16.2,T,,M,16.84,N,31.19,K,A*39
$HEHDT,14.7,T*1D
$VWVHW,14.7,T,,M,16.92,N,31.33,K*46
$GPGGA,080830.00,5929.60892,N,02447.51993,E,1,12,1.1,17.6,M,21.0,M,,*5F
$GPRMC,080830.00,A,5929.60892,N,02447.51993,E,16.90,16.3,140625,,,A*63
$GPVTG,16.3,T,,M,16.90,N,31.30,K,A*36
$HEHDT,14.5,T*1F
$VWVHW,14.5,T,,M,16.84,N,31.18,K*4A
$GPGSV,2,1,08,03,63,042,48,08,40,097,47,11,23,152,41,14,49,207,48*7C
$GPGSV,2,2,08,17,67,264,50,22,21,312,39,28,08,352,37,31,56,122,47*7B
$GAGSV,2,1,05,04,49,072,46,09,36,182,45,12,67,237,47,24,11,287,39*60
$GAGSV,2,2,05,31,18,022,40*52
$GPZDA,080830.00,14,06,2025,00,00*63
$GPGGA,080831.00,5929.61373,N,02447.52237,E,1,12,1.1,17.5,M,21.0,M,,*5E
$GPRMC,080831.00,A,5929.61373,N,02447.52237,E,16.91,15.9,140625,,,A*69
$GPVTG,15.9,T,,M,16.91,N,31.31,K,A*3F
$HEHDT,14.8,T*12
$VWVHW,14.8,T,,M,16.78,N,31.08,K*45
$GPGGA,080832.00,5929.61801,N,02447.52425,E,1,12,1.1,17.8,M,21.0,M,,*5B
$GPRMC,080832.00,A,5929.61801,N,02447.52425,E,16.90,16.4,140625,,,A*6E
$GPVTG,16.4,T,,M,16.90,N,31.31,K,A*30
$HEHDT,14.8,T*12
$VWVHW,14.8,T,,M,16.84,N,31.19,K*46
$GPGGA,080833.00,5929.62230,N,02447.52786,E,1,12,1.1,18.0,M,21.0,M,,*5C
$GPRMC,080833.00,A,5929.62230,N,02447.52786,E,16.74,16.1,140625,,,A*61
$GPVTG,16.1,T,,M,16.74,N,31.00,K,A*3D
$HEHDT,14.4,T*1E
$VWVHW,14.4,T,,M,16.95,N,31.39,K*48
$GPGGA,080834.00,5929.62733,N,02447.52923,E,1,12,1.1,18.2,M,21.0,M,,*5E
$GPRMC,080834.00,A,5929.62733,N,02447.52923,E,16.59,15.7,140625,,,A*6B
$GPVTG,15.7,T,,M,16.59,N,30.73,K,A*32
$HEHDT,14.8,T*12
$VWVHW,14.8,T,,M,16.88,N,31.26,K*46
$GPGGA,080835.00,5929.63096,N,02447.53244,E,1,12,1.1,18.4,M,21.0,M,,*5B
$GPRMC,080835.00,A,5929.63096,N,02447.53244,E,16.82,16.3,140625,,,A*69
$GPVTG,16.3,T,,M,16.82,N,31.16,K,A*31
$HEHDT,15.0,T*1B
$VWVHW,15.0,T,,M,16.88,N,31.26,K*4F
$GPGSV,2,1,08,03,63,042,48,08,40,097,46,11,23,152,41,14,49,207,48*7D
$GPGSV,2,2,08,17,67,264,50,22,21,312,41,28,08,352,37,31,56,122,47*74
$GAGSV,2,1,05,04,49,072,46,09,36,182,47,12,67,237,48,24,11,287,39*6D
$GAGSV,2,2,05,31,18,022,40*52
$GPZDA,080835.00,14,06,2025,00,00*66
$GPGGA,080836.00,5929.63594,N,02447.53478,E,1,12,1.1,18.8,M,21.0,M,,*5A
$GPRMC,080836.00,A,5929.63594,N,02447.53478,E,16.79,15.9,140625,,,A*69
$GPVTG,15.9,T,,M,16.79,N,31.09,K,A*32
$HEHDT,14.6,T*1C
$VWVHW,14.6,T,,M,16.75,N,31.03,K*4D
$GPGGA,080837.00,5929.64042,N,02447.53774,E,1,12,1.1,17.5,M,21.0,M,,*5F
$GPRMC,080837.00,A,5929.64042,N,02447.53774,E,16.74,16.5,140625,,,A*6C
$GPVTG,16.5,T,,M,16.74,N,31.00,K,A*39
$HEHDT,14.4,T*1E
$VWVHW,14.4,T,,M,16.86,N,31.23,K*41
$GPGGA,080838.00,5929.64460,N,02447.54103,E,1,12,1.1,18.3,M,21.0,M,,*5C
$GPRMC,080838.00,A,5929.64460,N,02447.54103,E,16.78,16.1,140625,,,A*6E
$GPVTG,16.1,T,,M,16.78,N,31.08,K,A*39
$HEHDT,15.2,T*19
$VWVHW,15.2,T,,M,16.79,N,31.09,K*4E
$GPGGA,080839.00,5929.64936,N,02447.54339,E,1,12,1.1,18.5,M,21.0,M,,*5E
$GPRMC,080839.00,A,5929.64936,N,02447.54339,E,16.67,15.9,140625,,,A*6F
$GPVTG,15.9,T,,M,16.67,N,30.87,K,A*3A
$HEHDT,14.7,T*1D
$VWVHW,14.7,T,,M,16.96,N,31.40,K*46
$GPGGA,080840.00,5929.65360,N,02447.54619,E,1,12,1.1,18.4,M,21.0,M,,*5E
$GPRMC,080840.00,A,5929.65360,N,02447.54619,E,16.82,16.1,140625,,,A*6E
$GPVTG,16.1,T,,M,16.82,N,31.15,K,A*30
$HEHDT,14.7,T*1D
$VWVHW,14.7,T,,M,16.82,N,31.15,K*43
$GPGSV,2,1,08,03,63,042,48,08,40,097,47,11,23,152,41,14,49,207,47*73
$GPGSV,2,2,08,17,67,264,50,22,21,312,40,28,08,352,37,31,56,122,47*75
$GAGSV,2,1,05,04,49,072,46,09,36,182,47,12,67,237,47,24,11,287,39*62
$GAGSV,2,2,05,31,18,022,42*50
$GPZDA,080840.00,14,06,2025,00,00*64
$GPGGA,080841.00,5929.65817,N,02447.54841,E,1,12,1.1,18.5,M,21.0,M,,*56
$GPRMC,080841.00,A,5929.65817,N,02447.54841,E,16.77,16.2,140625,,,A*6E
$GPVTG,16.2,T,,M,16.77,N,31.06,K,A*3B
$HEHDT,14.7,T*1D
$VWVHW,14.7,T,,M,16.89,N,31.28,K*46
$GPGGA,080842.00,5929.66308,N,02447.55055,E,1,12,1.1,18.8,M,21.0,M,,*52
$GPRMC,080842.00,A,5929.66308,N,02447.55055,E,16.78,16.4,140625,,,A*6E
$GPVTG,16.4,T,,M,16.78,N,31.08,K,A*3C
$HEHDT,14.7,T*1D
$VWVHW,14.7,T,,M,16.86,N,31.23,K*42
$GPGGA,080843.00,5929.66745,N,02447.55303,E,1,12,1.1,18.1,M,21.0,M,,*57
$GPRMC,080843.00,A,5929.66745,N,02447.55303,E,16.85,16.5,140625,,,A*61
$GPVTG,16.5,T,,M,16.85,N,31.21,K,A*34
$HEHDT,14.8,T*12
$VWVHW,14.8,T,,M,16.89,N,31.27,K*46
$GPGGA,080844.00,5929.67181,N,02447.55539,E,1,12,1.1,18.0,M,21.0,M,,*51
$GPRMC,080844.00,A,5929.67181,N,02447.55539,E,16.73,16.1,140625,,,A*6B
$GPVTG,16.1,T,,M,16.73,N,30.98,K,A*3A
$HEHDT,14.8,T*12
$VWVHW,14.8,T,,M,16.66,N,30.85,K*4E
$GPGGA,080845.00,5929.67581,N,02447.55806,E,1,12,1.1,18.5,M,21.0,M,,*50
$GPRMC,080845.00,A,5929.67581,N,02447.55806,E,16.77,16.4,140625,,,A*6E
$GPVTG,16.4,T,,M,16.77,N,31.06,K,A*3D
$HEHDT,14.7,T*1D
$VWVHW,14.7,T,,M,16.84,N,31.19,K*49
$GPGSV,2,1,08,03,63,042,49,08,40,097,46,11,23,152,42,14,49,207,48*7F
$GPGSV,2,2,08,17,67,264,50,22,21,312,41,28,08,352,38,31,56,122,46*7A
$GAGSV,2,1,05,04,49,072,46,09,36,182,46,12,67,237,48,24,11,287,38*6D
$GAGSV,2,2,05,31,18,022,40*52
$GPZDA,080845.00,14,06,2025,00,00*61
$GPGGA,080846.00,5929.68085,N,02447.56063,E,1,12,1.1,18.1,M,21.0,M,,*51
$GPRMC,080846.00,A,5929.68085,N,02447.56063,E,16.75,16.3,140625,,,A*6E
$GPVTG,16.3,T,,M,16.75,N,31.03,K,A*3D
$HEHDT,14.8,T*12
$VWVHW,14.8,T,,M,16.84,N,31.19,K*46
$GPGGA,080847.00,5929.68518,N,02447.56305,E,1,12,1.1,18.3,M,21.0,M,,*50
$GPRMC,080847.00,A,5929.68518,N,02447.56305,E,16.84,16.4,140625,,,A*64
$GPVTG,16.4,T,,M,16.84,N,31.20,K,A*35
$HEHDT,14.3,T*19
$VWVHW,14.3,T,,M,16.91,N,31.32,K*40
$GPGGA,080848.00,5929.68962,N,02447.56508,E,1,12,1.1,18.2,M,21.0,M,,*54
$GPRMC,080848.00,A,5929.68962,N,02447.56508,E,16.76,16.3,140625,,,A*6B
$GPVTG,16.3,T,,M,16.76,N,31.04,K,A*39
$HEHDT,14.5,T*1F
$VWVHW,14.5,T,,M,16.84,N,31.18,K*4A
$GPGGA,080849.00,5929.69425,N,02447.56803,E,1,12,1.1,17.7,M,21.0,M,,*56
$GPRMC,080849.00,A,5929.69425,N,02447.56803,E,16.85,16.5,140625,,,A*69
$GPVTG,16.5,T,,M,16.85,N,31.21,K,A*34
$HEHDT,14.5,T*1F
$VWVHW,14.5,T,,M,16.92,N,31.34,K*43
$GPGGA,080850.00,5929.69881,N,02447.57032,E,1,12,1.1,17.7,M,21.0,M,,*57
$GPRMC,080850.00,A,5929.69881,N,02447.57032,E,16.76,15.9,140625,,,A*6B
$GPVTG,15.9,T,,M,16.76,N,31.03,K,A*37
$HEHDT,14.7,T*1D
$VWVHW,14.7,T,,M,16.91,N,31.32,K*44
$GPGSV,2,1,08,03,63,042,47,08,40,097,47,11,23,152,41,14,49,207,48*73
$GPGSV,2,2,08,17,67,264,51,22,21,312,39,28,08,352,38,31,56,122,47*75
$GAGSV,2,1,05,04,49,072,46,09,36,182,47,12,67,237,47,24,11,287,38*63
$GAGSV,2,2,05,31,18,022,41*53
$GPZDA,080850.00,14,06,2025,00,00*65
$GPGGA,080851.00,5929.70319,N,02447.57358,E,1,12,1.1,17.6,M,21.0,M,,*5A
$GPRMC,080851.00,A,5929.70319,N,02447.57358,E,16.82,16.4,140625,,,A*62
$GPVTG,16.4,T,,M,16.82,N,31.15,K,A*35
$HEHDT,15.2,T*19
$VWVHW,15.2,T,,M,16.99,N,31.46,K*4B
$GPGGA,080852.00,5929.70769,N,02447.57504,E,1,12,1.1,18.1,M,21.0,M,,*5D
$GPRMC,080852.00,A,5929.70769,N,02447.57504,E,16.77,16.7,140625,,,A*64
$GPVTG,16.7,T,,M,16.77,N,31.07,K,A*3F
$HEHDT,14.7,T*1D
$VWVHW,14.7,T,,M,16.87,N,31.24,K*44
$GPGGA,080853.00,5929.71230,N,02447.57699,E,1,12,1.1,17.9,M,21.0,M,,*54
$GPRMC,080853.00,A,5929.71230,N,02447.57699,E,16.81,16.8,140625,,,A*6C
$GPVTG,16.8,T,,M,16.81,N,31.13,K,A*3C
$HEHDT,14.7,T*1D
$VWVHW,14.7,T,,M,16.95,N,31.39,K*4B
$GPGGA,080854.00,5929.71649,N,02447.57961,E,1,12,1.1,17.3,M,21.0,M,,*5B
$GPRMC,080854.00,A,5929.71649,N,02447.57961,E,16.77,16.4,140625,,,A*6C
$GPVTG,16.4,T,,M,16.77,N,31.05,K,A*3E
$HEHDT,14.3,T*19
$VWVHW,14.3,T,,M,16.92,N,31.34,K*45
$GPGGA,080855.00,5929.72120,N,02447.58229,E,1,12,1.1,18.7,M,21.0,M,,*52
$GPRMC,080855.00,A,5929.72120,N,02447.58229,E,16.86,15.9,140625,,,A*6E
$GPVTG,15.9,T,,M,16.86,N,31.22,K,A*3B
$HEHDT,14.8,T*12
$VWVHW,14.8,T,,M,16.92,N,31.34,K*4E
$GPGSV,2,1,08,03,63,042,49,08,40,097,46,11,23,152,42,14,49,207,48*7F
$GPGSV,2,2,08,17,67,264,50,22,21,312,40,28,08,352,37,31,56,122,48*7A
$GAGSV,2,1,05,04,49,072,46,09,36,182,46,12,67,237,49,24,11,287,38*6C
$GAGSV,2,2,05,31,18,022,40*52
$GPZDA,080855.00,14,06,2025,00,00*60
$GPGGA,080856.00,5929.72595,N,02447.58477,E,1,12,1.1,18.6,M,21.0,M,,*57
$GPRMC,080856.00,A,5929.72595,N,02447.58477,E,16.85,15.8,140625,,,A*68
$GPVTG,15.8,T,,M,16.85,N,31.20,K,A*3B
$HEHDT,15.0,T*1B
$VWVHW,15.0,T,,M,16.94,N,31.37,K*42
$GPGGA,080857.00,5929.73045,N,02447.58827,E,1,12,1.1,18.9,M,21.0,M,,*59
$GPRMC,080857.00,A,5929.73045,N,02447.58827,E,16.81,16.4,140625,,,A*62
$GPVTG,16.4,T,,M,16.81,N,31.13,K,A*30
$HEHDT,14.7,T*1D
$VWVHW,14.7,T,,M,16.92,N,31.33,K*46
$GPGGA,080858.00,5929.73470,N,02447.59073,E,1,12,1.1,18.9,M,21.0,M,,*5C
$GPRMC,080858.00,A,5929.73470,N,02447.59073,E,16.84,16.3,140625,,,A*65
$GPVTG,16.3,T,,M,16.84,N,31.19,K,A*38
$HEHDT,14.7,T*1D
$VWVHW,14.7,T,,M,16.89,N,31.28,K*46
$GPGGA,080859.00,5929.73882,N,02447.59318,E,1,12,1.1,18.7,M,21.0,M,,*5C
$GPRMC,080859.00,A,5929.73882,N,02447.59318,E,16.82,16.0,140625,,,A*6E
$GPVTG,16.0,T,,M,16.82,N,31.15,K,A*31
$HEHDT,14.9,T*13
$VWVHW,14.9,T,,M,16.86,N,31.22,K*4D
$GPGGA,080900.00,5929.74385,N,02447.59574,E,1,12,1.1,18.5,M,21.0,M,,*54
$GPRMC,080900.00,A,5929.74385,N,02447.59574,E,16.87,16.2,140625,,,A*63
$GPVTG,16.2,T,,M,16.87,N,31.25,K,A*35
$HEHDT,14.7,T*1D
$VWVHW,14.7,T,,M,16.89,N,31.28,K*46
$GPGSV,2,1,08,03,63,042,48,08,40,097,46,11,23,152,43,14,49,207,49*7E
$GPGSV,2,2,08,17,67,264,49,22,21,312,41,28,08,352,38,31,56,122,48*7C
$GAGSV,2,1,05,04,49,072,47,09,36,182,46,12,67,237,48,24,11,287,38*6C
$GAGSV,2,2,05,31,18,022,39*5C
$GPZDA,080900.00,14,06,2025,00,00*61
$GPGGA,080901.00,5929.74798,N,02447.59786,E,1,12,1.1,18.8,M,21.0,M,,*5F
$GPRMC,080901.00,A,5929.74798,N,02447.59786,E,16.89,16.3,140625,,,A*6A
$GPVTG,16.3,T,,M,16.89,N,31.28,K,A*37
$HEHDT,14.6,T*1C
$VWVHW,14.6,T,,M,17.03,N,31.55,K*4E
$GPGGA,080902.00,5929.75245,N,02447.60012,E,1,12,1.1,19.2,M,21.0,M,,*53
$GPRMC,080902.00,A,5929.75245,N,02447.60012,E,16.85,16.2,140625,,,A*60
$GPVTG,16.2,T,,M,16.85,N,31.20,K,A*32
$HEHDT,14.6,T*1C
$VWVHW,14.6,T,,M,16.96,N,31.41,K*46
$GPGGA,080903.00,5929.75726,N,02447.60409,E,1,12,1.1,19.1,M,21.0,M,,*5F
$GPRMC,080903.00,A,5929.75726,N,02447.60409,E,16.79,16.4,140625,,,A*6A
$GPVTG,16.4,T,,M,16.79,N,31.09,K,A*3C
$HEHDT,15.1,T*1A
$VWVHW,15.1,T,,M,16.79,N,31.10,K*45
$GPGGA,080904.00,5929.76144,N,02447.60598,E,1,12,1.1,18.9,M,21.0,M,,*59
$GPRMC,080904.00,A,5929.76144,N,02447.60598,E,16.78,16.1,140625,,,A*61
$GPVTG,16.1,T,,M,16.78,N,31.07,K,A*36
$HEHDT,14.9,T*13
$VWVHW,14.9,T,,M,16.95,N,31.39,K*45
$GPGGA,080905.00,5929.76613,N,02447.60873,E,1,12,1.1,19.1,M,21.0,M,,*5C
$GPRMC,080905.00,A,5929.76613,N,02447.60873,E,16.96,16.2,140625,,,A*6E
$GPVTG,16.2,T,,M,16.96,N,31.42,K,A*34
$HEHDT,14.9,T*13
$VWVHW,14.9,T,,M,17.00,N,31.49,K*4F
$GPGSV,2,1,08,03,63,042,49,08,40,097,47,11,23,152,42,14,49,207,48*7E
$GPGSV,2,2,08,17,67,264,51,22,21,312,40,28,08,352,37,31,57,122,48*7A
$GAGSV,2,1,05,04,49,072,47,09,36,182,45,12,67,237,49,24,11,287,38*6E
$GAGSV,2,2,05,31,18,022,41*53
$GPZDA,080905.00,14,06,2025,00,00*64
$GPGGA,080906.00,5929.77012,N,02447.61135,E,1,12,1.1,19.3,M,21.0,M,,*51
$GPRMC,080906.00,A,5929.77012,N,02447.61135,E,16.82,15.9,140625,,,A*6C
$GPVTG,15.9,T,,M,16.82,N,31.16,K,A*38
$HEHDT,15.0,T*1B
$VWVHW,15.0,T,,M,16.82,N,31.15,K*45
$GPGGA,080907.00,5929.77493,N,02447.61416,E,1,12,1.1,19.3,M,21.0,M,,*59
$GPRMC,080907.00,A,5929.77493,N,02447.61416,E,16.79,16.7,140625,,,A*6D
$GPVTG,16.7,T,,M,16.79,N,31.09,K,A*3F
$HEHDT,14.8,T*12
$VWVHW,14.8,T,,M,16.85,N,31.21,K*4C
$GPGGA,080908.00,5929.77974,N,02447.61671,E,1,12,1.1,20.0,M,21.0,M,,*58
$GPRMC,080908.00,A,5929.77974,N,02447.61671,E,16.82,15.9,140625,,,A*6C
$GPVTG,15.9,T,,M,16.82,N,31.15,K,A*3B
$HEHDT,14.8,T*12
$VWVHW,14.8,T,,M,16.87,N,31.24,K*4B
$GPGGA,080909.00,5929.78381,N,02447.61874,E,1,12,1.1,19.5,M,21.0,M,,*52
$GPRMC,080909.00,A,5929.78381,N,02447.61874,E,16.73,16.3,140625,,,A*6E
$GPVTG,16.3,T,,M,16.73,N,30.99,K,A*39
$HEHDT,15.0,T*1B
$VWVHW,15.0,T,,M,16.82,N,31.15,K*45
$GPGGA,080910.00,5929.78870,N,02447.62187,E,1,12,1.1,19.3,M,21.0,M,,*5F
$GPRMC,080910.00,A,5929.78870,N,02447.62187,E,16.93,15.8,140625,,,A*63
$GPVTG,15.8,T,,M,16.93,N,31.36,K,A*3B
$HEHDT,14.7,T*1D
$VWVHW,14.7,T,,M,17.00,N,31.49,K*41
$GPGSV,2,1,08,03,63,042,47,08,40,097,46,11,23,152,41,14,49,207,49*73
$GPGSV,2,2,08,17,67,264,50,22,21,312,41,28,08,352,37,31,57,122,48*7A
$GAGSV,2,1,05,04,49,072,47,09,36,182,45,12,67,237,48,24,11,287,37*60
$GAGSV,2,2,05,31,18,022,39*5C
$GPZDA,080910.00,14,06,2025,00,00*60
$GPGGA,080911.00,5929.79287,N,02447.62480,E,1,12,1.1,18.8,M,21.0,M,,*55
$GPRMC,080911.00,A,5929.79287,N,02447.62480,E,16.84,16.2,140625,,,A*6C
$GPVTG,16.2,T,,M,16.84,N,31.19,K,A*39
$HEHDT,14.9,T*13
$VWVHW,14.9,T,,M,16.96,N,31.41,K*49
$GPGGA,080912.00,5929.79729,N,02447.62623,E,1,12,1.1,19.7,M,21.0,M,,*52
$GPRMC,080912.00,A,5929.79729,N,02447.62623,E,16.85,16.4,140625,,,A*62
$GPVTG,16.4,T,,M,16.85,N,31.21,K,A*35
$HEHDT,15.0,T*1B
$VWVHW,15.0,T,,M,17.02,N,31.52,K*4F
$GPGGA,080913.00,5929.80196,N,02447.62914,E,1,12,1.1,18.9,M,21.0,M,,*53
$GPRMC,080913.00,A,5929.80196,N,02447.62914,E,16.86,16.5,140625,,,A*6E
$GPVTG,16.5,T,,M,16.86,N,31.23,K,A*35
$HEHDT,14.6,T*1C
$VWVHW,14.6,T,,M,16.86,N,31.22,K*42
$GPGGA,080914.00,5929.80646,N,02447.63113,E,1,12,1.1,19.2,M,21.0,M,,*5A
$GPRMC,080914.00,A,5929.80646,N,02447.63113,E,16.87,16.0,140625,,,A*69
$GPVTG,16.0,T,,M,16.87,N,31.24,K,A*36
$HEHDT,15.0,T*1B
$VWVHW,15.0,T,,M,17.01,N,31.50,K*4E
$GPGGA,080915.00,5929.81095,N,02447.63446,E,1,12,1.1,19.1,M,21.0,M,,*54
$GPRMC,080915.00,A,5929.81095,N,02447.63446,E,16.86,16.2,140625,,,A*67
$GPVTG,16.2,T,,M,16.86,N,31.22,K,A*33
$HEHDT,15.1,T*1A
$VWVHW,15.1,T,,M,17.00,N,31.48,K*47
$GPGSV,2,1,08,03,63,042,48,08,40,097,48,11,23,152,42,14,49,207,48*70
$GPGSV,2,2,08,17,67,264,49,22,21,312,41,28,08,352,38,31,57,122,48*7D
$GAGSV,2,1,05,04,49,072,47,09,36,182,45,12,67,237,49,24,11,287,37*61
$GAGSV,2,2,05,31,18,022,41*53
$GPZDA,080915.00,14,06,2025,00,00*65
$GPGGA,080916.00,5929.81539,N,02447.63657,E,1,12,1.1,19.2,M,21.0,M,,*55
$GPRMC,080916.00,A,5929.81539,N,02447.63657,E,16.77,16.2,140625,,,A*6B
$GPVTG,16.2,T,,M,16.77,N,31.07,K,A*3A
$HEHDT,14.7,T*1D
$VWVHW,14.7,T,,M,16.79,N,31.10,K*42
$GPGGA,080917.00,5929.81974,N,02447.63863,E,1,12,1.1,20.0,M,21.0,M,,*50
$GPRMC,080917.00,A,5929.81974,N,02447.63863,E,16.82,15.8,140625,,,A*65
$GPVTG,15.8,T,,M,16.82,N,31.15,K,A*3A
$HEHDT,14.8,T*12
$VWVHW,14.8,T,,M,17.02,N,31.52,K*46
$GPGGA,080918.00,5929.82416,N,02447.64125,E,1,12,1.1,20.0,M,21.0,M,,*59
$GPRMC,080918.00,A,5929.82416,N,02447.64125,E,16.79,16.0,140625,,,A*63
$GPVTG,16.0,T,,M,16.79,N,31.10,K,A*30
$HEHDT,14.5,T*1F
$VWVHW,14.5,T,,M,16.81,N,31.13,K*44
$GPGGA,080919.00,5929.82870,N,02447.64327,E,1,12,1.1,19.6,M,21.0,M,,*58
$GPRMC,080919.00,A,5929.82870,N,02447.64327,E,16.81,16.2,140625,,,A*6B
$GPVTG,16.2,T,,M,16.81,N,31.13,K,A*36
$HEHDT,14.5,T*1F
$VWVHW,14.5,T,,M,16.77,N,31.05,K*4A
$GPGGA,080920.00,5929.83338,N,02447.64627,E,1,12,1.1,19.8,M,21.0,M,,*5F
$GPRMC,080920.00,A,5929.83338,N,02447.64627,E,16.87,16.1,140625,,,A*67
$GPVTG,16.1,T,,M,16.87,N,31.24,K,A*37
$HEHDT,14.6,T*1C
$VWVHW,14.6,T,,M,16.98,N,31.45,K*4C
$GPGSV,2,1,08,03,63,042,48,08,40,097,46,11,23,152,41,14,49,207,48*7D
$GPGSV,2,2,08,17,67,264,48,22,21,312,41,28,08,352,37,31,57,122,49*72
$GAGSV,2,1,05,04,50,072,47,09,36,182,44,12,67,237,48,24,11,287,36*68
$GAGSV,2,2,05,31,18,022,40*52
$GPZDA,080920.00,14,06,2025,00,00*63
$GPGGA,080921.00,5929.83753,N,02447.64838,E,1,12,1.1,19.9,M,21.0,M,,*56
$GPRMC,080921.00,A,5929.83753,N,02447.64838,E,16.73,16.0,140625,,,A*65
$GPVTG,16.0,T,,M,16.73,N,30.99,K,A*3A
$HEHDT,14.9,T*13
$VWVHW,14.9,T,,M,16.95,N,31.40,K*4B
$GPGGA,080922.00,5929.84201,N,02447.65121,E,1,12,1.1,19.8,M,21.0,M,,*51
$GPRMC,080922.00,A,5929.84201,N,02447.65121,E,16.77,16.2,140625,,,A*65
$GPVTG,16.2,T,,M,16.77,N,31.06,K,A*3B
$HEHDT,14.3,T*19
$VWVHW,14.3,T,,M,16.99,N,31.46,K*4B
$GPGGA,080923.00,5929.84652,N,02447.65333,E,1,12,1.1,20.3,M,21.0,M,,*52
$GPRMC,080923.00,A,5929.84652,N,02447.65333,E,16.85,16.0,140625,,,A*68
$GPVTG,16.0,T,,M,16.85,N,31.21,K,A*31
$HEHDT,15.0,T*1B
$VWVHW,15.0,T,,M,16.99,N,31.47,K*48
$GPGGA,080924.00,5929.85155,N,02447.65605,E,1,12,1.1,20.0,M,21.0,M,,*57
$GPRMC,080924.00,A,5929.85155,N,02447.65605,E,16.77,16.2,140625,,,A*61
$GPVTG,16.2,T,,M,16.77,N,31.06,K,A*3B
$HEHDT,14.6,T*1C
$VWVHW,14.6,T,,M,17.04,N,31.56,K*4A
$GPGGA,080925.00,5929.85593,N,02447.65877,E,1,12,1.1,20.2,M,21.0,M,,*51
$GPRMC,080925.00,A,5929.85593,N,02447.65877,E,16.87,15.8,140625,,,A*63
$GPVTG,15.8,T,,M,16.87,N,31.24,K,A*3D
$HEHDT,14.4,T*1E
$VWVHW,14.4,T,,M,16.86,N,31.22,K*40
$GPGSV,2,1,08,03,63,042,48,08,40,097,46,11,23,152,41,14,49,207,48*7D
$GPGSV,2,2,08,17,67,264,49,22,21,312,41,28,08,352,38,31,57,122,48*7D
$GAGSV,2,1,05,04,50,072,46,09,36,182,44,12,67,237,49,24,11,287,37*69
$GAGSV,2,2,05,31,18,022,40*52
$GPZDA,080925.00,14,06,2025,00,00*66
$GPGGA,080926.00,5929.85992,N,02447.66143,E,1,12,1.1,19.5,M,21.0,M,,*5F
$GPRMC,080926.00,A,5929.85992,N,02447.66143,E,16.96,16.2,140625,,,A*69
$GPVTG,16.2,T,,M,16.96,N,31.41,K,A*37
$HEHDT,15.0,T*1B
$VWVHW,15.0,T,,M,16.94,N,31.38,K*4D
$GPGGA,080927.00,5929.86423,N,02447.66296,E,1,12,1.1,19.2,M,21.0,M,,*56
$GPRMC,080927.00,A,5929.86423,N,02447.66296,E,16.83,16.2,140625,,,A*63
$GPVTG,16.2,T,,M,16.83,N,31.17,K,A*30
$HEHDT,14.5,T*1F
$VWVHW,14.5,T,,M,16.97,N,31.43,K*46
$GPGGA,080928.00,5929.86897,N,02447.66638,E,1,12,1.1,19.3,M,21.0,M,,*5B
$GPRMC,080928.00,A,5929.86897,N,02447.66638,E,16.87,15.8,140625,,,A*62
$GPVTG,15.8,T,,M,16.87,N,31.25,K,A*3C
$HEHDT,14.8,T*12
$VWVHW,14.8,T,,M,16.93,N,31.35,K*4E
$GPGGA,080929.00,5929.87364,N,02447.66887,E,1,12,1.1,19.5,M,21.0,M,,*50
$GPRMC,080929.00,A,5929.87364,N,02447.66887,E,16.74,16.2,140625,,,A*6A
$GPVTG,16.2,T,,M,16.74,N,31.00,K,A*3E
$HEHDT,14.5,T*1F
$VWVHW,14.5,T,,M,16.98,N,31.44,K*4E
$GPGGA,080930.00,5929.87794,N,02447.67161,E,1,12,1.1,19.3,M,21.0,M,,*55
$GPRMC,080930.00,A,5929.87794,N,02447.67161,E,16.94,16.2,140625,,,A*67
$GPVTG,16.2,T,,M,16.94,N,31.38,K,A*3B
$HEHDT,14.8,T*12
$VWVHW,14.8,T,,M,17.08,N,31.63,K*4E
$GPGSV,2,1,08,03,63,042,48,08,40,097,45,11,23,152,42,14,49,207,49*7C
$GPGSV,2,2,08,17,67,264,48,22,21,312,41,28,08,352,37,31,57,122,48*73
$GAGSV,2,1,05,04,50,072,47,09,36,182,44,12,67,237,49,24,11,287,38*67
$GAGSV,2,2,05,31,18,022,40*52
$GPZDA,080930.00,14,06,2025,00,00*62
$GPGGA,080931.00,5929.88239,N,02447.67302,E,1,12,1.1,18.7,M,21.0,M,,*5B
$GPRMC,080931.00,A,5929.88239,N,02447.67302,E,17.01,16.0,140625,,,A*63
$GPVTG,16.0,T,,M,17.01,N,31.51,K,A*3B
$HEHDT,14.9,T*13
$VWVHW,14.9,T,,M,17.02,N,31.52,K*47
$GPGGA,080932.00,5929.88716,N,02447.67603,E,1,12,1.1,19.2,M,21.0,M,,*50
$GPRMC,080932.00,A,5929.88716,N,02447.67603,E,16.88,16.3,140625,,,A*6F
$GPVTG,16.3,T,,M,16.88,N,31.27,K,A*39
$HEHDT,15.2,T*19
$VWVHW,15.2,T,,M,16.93,N,31.36,K*46
$GPGGA,080933.00,5929.89177,N,02447.67807,E,1,12,1.1,19.1,M,21.0,M,,*58
$GPRMC,080933.00,A,5929.89177,N,02447.67807,E,16.80,16.0,140625,,,A*6F
$GPVTG,16.0,T,,M,16.80,N,31.11,K,A*37
$HEHDT,14.7,T*1D
$VWVHW,14.7,T,,M,16.95,N,31.38,K*4A
$GPGGA,080934.00,5929.89601,N,02447.68065,E,1,12,1.1,19.3,M,21.0,M,,*58
$GPRMC,080934.00,A,5929.89601,N,02447.68065,E,16.84,16.3,140625,,,A*6A
$GPVTG,16.3,T,,M,16.84,N,31.18,K,A*39
$HEHDT,15.2,T*19
$VWVHW,15.2,T,,M,17.07,N,31.61,K*48
$GPGGA,080935.00,5929.90053,N,02447.68350,E,1,12,1.1,19.1,M,21.0,M,,*57
$GPRMC,080935.00,A,5929.90053,N,02447.68350,E,16.86,16.3,140625,,,A*65
$GPVTG,16.3,T,,M,16.86,N,31.22,K,A*32
$HEHDT,15.2,T*19
$VWVHW,15.2,T,,M,17.08,N,31.62,K*44
$GPGSV,2,1,08,03,63,042,48,08,40,097,46,11,23,152,41,14,49,207,48*7D
$GPGSV,2,2,08,17,67,264,49,22,21,312,41,28,08,352,38,31,57,122,48*7D
$GAGSV,2,1,05,04,50,072,47,09,36,182,44,12,67,237,49,24,11,287,37*68
$GAGSV,2,2,05,31,18,022,40*52
$GPZDA,080935.00,14,06,2025,00,00*67
$GPGGA,080936.00,5929.90536,N,02447.68675,E,1,12,1.1,20.1,M,21.0,M,,*5A
$GPRMC,080936.00,A,5929.90536,N,02447.68675,E,16.90,16.1,140625,,,A*67
$GPVTG,16.1,T,,M,16.90,N,31.30,K,A*34
$HEHDT,14.6,T*1C
$VWVHW,14.6,T,,M,17.03,N,31.54,K*4F
$GPGGA,080937.00,5929.90964,N,02447.68871,E,1,12,1.1,19.1,M,21.0,M,,*50
$GPRMC,080937.00,A,5929.90964,N,02447.68871,E,17.07,16.2,140625,,,A*6B
$GPVTG,16.2,T,,M,17.07,N,31.61,K,A*3C
$HEHDT,15.1,T*1A
$VWVHW,15.1,T,,M,16.93,N,31.35,K*46
$GPGGA,080938.00,5929.91409,N,02447.69090,E,1,12,1.1,19.9,M,21.0,M,,*56
$GPRMC,080938.00,A,5929.91409,N,02447.69090,E,16.84,15.9,140625,,,A*67
$GPVTG,15.9,T,,M,16.84,N,31.18,K,A*30
$HEHDT,14.6,T*1C
$VWVHW,14.6,T,,M,16.96,N,31.41,K*46
$GPGGA,080939.00,5929.91865,N,02447.69469,E,1,12,1.1,20.1,M,21.0,M,,*51
$GPRMC,080939.00,A,5929.91865,N,02447.69469,E,17.00,16.1,140625,,,A*64
$GPVTG,16.1,T,,M,17.00,N,31.48,K,A*33
$HEHDT,15.0,T*1B
$VWVHW,15.0,T,,M,16.95,N,31.39,K*4D
$GPGGA,080940.00,5929.92400,N,02447.69640,E,1,12,1.1,20.3,M,21.0,M,,*58
$GPRMC,080940.00,A,5929.92400,N,02447.69640,E,16.73,15.9,140625,,,A*61
$GPVTG,15.9,T,,M,16.73,N,30.99,K,A*30
$HEHDT,15.0,T*1B
$VWVHW,15.0,T,,M,17.00,N,31.49,K*47
$GPGSV,2,1,08,03,64,042,48,08,40,097,44,11,23,152,41,14,49,207,49*79
$GPGSV,2,2,08,17,67,264,50,22,21,312,41,28,08,352,39,31,57,122,48*74
$GAGSV,2,1,05,04,50,072,45,09,36,182,44,12,67,237,49,24,11,287,38*65
$GAGSV,2,2,05,31,18,022,42*50
$GPZDA,080940.00,14,06,2025,00,00*65
$GPGGA,080941.00,5929.92752,N,02447.69904,E,1,12,1.1,20.1,M,21.0,M,,*50
$GPRMC,080941.00,A,5929.92752,N,02447.69904,E,16.80,16.0,140625,,,A*6D
$GPVTG,16.0,T,,M,16.80,N,31.12,K,A*34
$HEHDT,14.8,T*12
$VWVHW,14.8,T,,M,17.05,N,31.58,K*4B
$GPGGA,080942.00,5929.93158,N,02447.70251,E,1,12,1.1,19.7,M,21.0,M,,*51
$GPRMC,080942.00,A,5929.93158,N,02447.70251,E,16.85,16.2,140625,,,A*67
$GPVTG,16.2,T,,M,16.85,N,31.20,K,A*32
$HEHDT,14.7,T*1D
$VWVHW,14.7,T,,M,16.85,N,31.21,K*43
$GPGGA,080943.00,5929.93590,N,02447.70496,E,1,12,1.1,19.4,M,21.0,M,,*5E
$GPRMC,080943.00,A,5929.93590,N,02447.70496,E,16.78,16.3,140625,,,A*68
$GPVTG,16.3,T,,M,16.78,N,31.08,K,A*3B
$HEHDT,14.4,T*1E
$VWVHW,14.4,T,,M,16.94,N,31.37,K*47
$GPGGA,080944.00,5929.94096,N,02447.70796,E,1,12,1.1,20.0,M,21.0,M,,*50
$GPRMC,080944.00,A,5929.94096,N,02447.70796,E,16.86,16.0,140625,,,A*6A
$GPVTG,16.0,T,,M,16.86,N,31.22,K,A*31
$HEHDT,14.1,T*1B
$VWVHW,14.1,T,,M,17.02,N,31.53,K*4E
$GPGGA,080945.00,5929.94539,N,02447.71065,E,1,12,1.1,19.1,M,21.0,M,,*50
$GPRMC,080945.00,A,5929.94539,N,02447.71065,E,16.98,15.7,140625,,,A*6A
$GPVTG,15.7,T,,M,16.98,N,31.45,K,A*3B
$HEHDT,14.9,T*13
$VWVHW,14.9,T,,M,16.90,N,31.30,K*49
$GPGSV,2,1,08,03,64,042,47,08,40,097,43,11,23,152,41,14,49,207,49*71
$GPGSV,2,2,08,17,67,264,49,22,21,312,41,28,08,352,38,31,57,122,49*7C
$GAGSV,2,1,05,04,50,072,47,09,36,182,44,12,67,237,49,24,11,287,38*67
$GAGSV,2,2,05,31,18,022,41*53
$GPZDA,080945.00,14,06,2025,00,00*60
$GPGGA,080946.00,5929.94995,N,02447.71299,E,1,12,1.1,19.3,M,21.0,M,,*5A
$GPRMC,080946.00,A,5929.94995,N,02447.71299,E,17.15,16.2,140625,,,A*60
$GPVTG,16.2,T,,M,17.15,N,31.76,K,A*39
$HEHDT,15.4,T*1F
$VWVHW,15.4,T,,M,16.99,N,31.46,K*4D
$GPGGA,080947.00,5929.95450,N,02447.71544,E,1,12,1.1,20.0,M,21.0,M,,*50
$GPRMC,080947.00,A,5929.95450,N,02447.71544,E,16.97,16.2,140625,,,A*68
$GPVTG,16.2,T,,M,16.97,N,31.42,K,A*35
$HEHDT,14.6,T*1C
$VWVHW,14.6,T,,M,17.01,N,31.51,K*48
$GPGGA,080948.00,5929.95893,N,02447.71828,E,1,12,1.1,20.0,M,21.0,M,,*5B
$GPRMC,080948.00,A,5929.95893,N,02447.71828,E,16.84,16.0,140625,,,A*63
$GPVTG,16.0,T,,M,16.84,N,31.18,K,A*3A
$HEHDT,14.9,T*13
$VWVHW,14.9,T,,M,17.07,N,31.61,K*42
$GPGGA,080949.00,5929.96340,N,02447.72143,E,1,12,1.1,19.2,M,21.0,M,,*53
$GPRMC,080949.00,A,5929.96340,N,02447.72143,E,17.01,16.3,140625,,,A*6C
$GPVTG,16.3,T,,M,17.01,N,31.51,K,A*38
$HEHDT,14.6,T*1C
$VWVHW,14.6,T,,M,16.88,N,31.25,K*4B
$GPGGA,080950.00,5929.96829,N,02447.72380,E,1,12,1.1,19.6,M,21.0,M,,*56
$GPRMC,080950.00,A,5929.96829,N,02447.72380,E,17.09,16.2,140625,,,A*64
$GPVTG,16.2,T,,M,17.09,N,31.66,K,A*35
$HEHDT,14.9,T*13
$VWVHW,14.9,T,,M,17.17,N,31.80,K*4C
$GPGSV,2,1,08,03,64,042,47,08,40,097,44,11,23,152,41,14,49,207,49*76
$GPGSV,2,2,08,17,67,264,50,22,21,312,42,28,08,352,39,31,57,122,47*78
$GAGSV,2,1,05,04,50,072,47,09,36,182,44,12,67,237,49,24,11,287,39*66
$GAGSV,2,2,05,31,18,022,40*52
$GPZDA,080950.00,14,06,2025,00,00*64
$GPGGA,080951.00,5929.97243,N,02447.72522,E,1,12,1.1,19.7,M,21.0,M,,*5F
$GPRMC,080951.00,A,5929.97243,N,02447.72522,E,16.98,16.4,140625,,,A*63
$GPVTG,16.4,T,,M,16.98,N,31.44,K,A*3A
$HEHDT,15.3,T*18
$VWVHW,15.3,T,,M,17.18,N,31.81,K*49
$GPGGA,080952.00,5929.97713,N,02447.72775,E,1,12,1.1,20.0,M,21.0,M,,*51
$GPRMC,080952.00,A,5929.97713,N,02447.72775,E,16.99,16.0,140625,,,A*65
$GPVTG,16.0,T,,M,16.99,N,31.47,K,A*3C
$HEHDT,14.9,T*13
$VWVHW,14.9,T,,M,17.10,N,31.68,K*4D
$GPGGA,080953.00,5929.98179,N,02447.73018,E,1,12,1.1,19.9,M,21.0,M,,*5B
$GPRMC,080953.00,A,5929.98179,N,02447.73018,E,16.95,16.3,140625,,,A*63
$GPVTG,16.3,T,,M,16.95,N,31.40,K,A*34
$HEHDT,14.7,T*1D
$VWVHW,14.7,T,,M,16.95,N,31.39,K*4B
$GPGGA,080954.00,5929.98622,N,02447.73267,E,1,12,1.1,19.3,M,21.0,M,,*55
$GPRMC,080954.00,A,5929.98622,N,02447.73267,E,16.99,16.6,140625,,,A*6E
$GPVTG,16.6,T,,M,16.99,N,31.46,K,A*3B
$HEHDT,14.8,T*12
$VWVHW,14.8,T,,M,17.02,N,31.53,K*47
$GPGGA,080955.00,5929.99046,N,02447.73501,E,1,12,1.1,19.8,M,21.0,M,,*5D
$GPRMC,080955.00,A,5929.99046,N,02447.73501,E,17.00,16.4,140625,,,A*6E
$GPVTG,16.4,T,,M,17.00,N,31.49,K,A*37
$HEHDT,14.8,T*12
$VWVHW,14.8,T,,M,17.07,N,31.62,K*40
$GPGSV,2,1,08,03,64,042,48,08,40,097,46,11,23,152,41,14,49,207,48*7A
$GPGSV,2,2,08,17,67,264,48,22,21,312,41,28,08,352,37,31,57,122,48*73
$GAGSV,2,1,05,04,50,072,47,09,36,182,44,12,67,237,50,24,11,287,39*6E
$GAGSV,2,2,05,31,18,022,41*53
$GPZDA,080955.00,14,06,2025,00,00*61
$GPGGA,080956.00,5929.99554,N,02447.73771,E,1,12,1.1,19.3,M,21.0,M,,*56
$GPRMC,080956.00,A,5929.99554,N,02447.73771,E,17.01,16.0,140625,,,A*6B
$GPVTG,16.0,T,,M,17.01,N,31.50,K,A*3A
$HEHDT,14.6,T*1C
$VWVHW,14.6,T,,M,17.15,N,31.76,K*48
$GPGGA,080957.00,5930.00018,N,02447.74108,E,1,12,1.1,18.8,M,21.0,M,,*57
$GPRMC,080957.00,A,5930.00018,N,02447.74108,E,16.96,16.3,140625,,,A*6C
$GPVTG,16.3,T,,M,16.96,N,31.42,K,A*35
$HEHDT,15.2,T*19
$VWVHW,15.2,T,,M,17.10,N,31.66,K*49
$GPGGA,080958.00,5930.00464,N,02447.74377,E,1,12,1.1,19.1,M,21.0,M,,*55
$GPRMC,080958.00,A,5930.00464,N,02447.74377,E,17.08,16.1,140625,,,A*62
$GPVTG,16.1,T,,M,17.08,N,31.63,K,A*32
$HEHDT,14.8,T*12
$VWVHW,14.8,T,,M,17.30,N,32.04,K*47
$GPGGA,080959.00,5930.00958,N,02447.74613,E,1,12,1.1,19.8,M,21.0,M,,*58
$GPRMC,080959.00,A,5930.00958,N,02447.74613,E,16.95,16.1,140625,,,A*63
$GPVTG,16.1,T,,M,16.95,N,31.39,K,A*38
$HEHDT,14.5,T*1F
$VWVHW,14.5,T,,M,17.01,N,31.50,K*4A
$GPGGA,081000.00,5930.01388,N,02447.74864,E,1,12,1.1,19.6,M,21.0,M,,*5A
$GPRMC,081000.00,A,5930.01388,N,02447.74864,E,16.96,16.0,140625,,,A*6D
$GPVTG,16.0,T,,M,16.96,N,31.42,K,A*36
$HEHDT,14.4,T*1E
$VWVHW,14.4,T,,M,16.98,N,31.44,K*4F
$GPGSV,2,1,08,03,64,042,48,08,41,097,45,11,23,152,41,14,49,207,49*79
$GPGSV,2,2,08,17,67,264,49,22,21,312,41,28,09,352,37,31,57,122,47*7C
$GAGSV,2,1,05,04,50,072,46,09,36,182,45,12,67,237,51,24,11,287,38*6E
$GAGSV,2,2,05,31,18,022,41*53
$GPZDA,081000.00,14,06,2025,00,00*69
$GPGGA,081001.00,5930.01779,N,02447.75105,E,1,12,1.1,18.8,M,21.0,M,,*51
$GPRMC,081001.00,A,5930.01779,N,02447.75105,E,17.14,16.7,140625,,,A*65
$GPVTG,16.7,T,,M,17.14,N,31.73,K,A*38
$HEHDT,14.9,T*13
$VWVHW,14.9,T,,M,17.21,N,31.86,K*4F
$GPGGA,081002.00,5930.02305,N,02447.75456,E,1,12,1.1,19.7,M,21.0,M,,*53
$GPRMC,081002.00,A,5930.02305,N,02447.75456,E,16.99,16.6,140625,,,A*6C
$GPVTG,16.6,T,,M,16.99,N,31.47,K,A*3A
$HEHDT,14.7,T*1D
$VWVHW,14.7,T,,M,16.97,N,31.43,K*44
$GPGGA,081003.00,5930.02725,N,02447.75658,E,1,12,1.1,18.6,M,21.0,M,,*58
$GPRMC,081003.00,A,5930.02725,N,02447.75658,E,17.03,16.0,140625,,,A*63
$GPVTG,16.0,T,,M,17.03,N,31.53,K,A*3B
$HEHDT,15.1,T*1A
$VWVHW,15.1,T,,M,17.03,N,31.54,K*49
$GPGGA,081004.00,5930.03172,N,02447.75977,E,1,12,1.1,19.1,M,21.0,M,,*5E
$GPRMC,081004.00,A,5930.03172,N,02447.75977,E,17.14,16.1,140625,,,A*64
$GPVTG,16.1,T,,M,17.14,N,31.74,K,A*39
$HEHDT,14.4,T*1E
$VWVHW,14.4,T,,M,17.16,N,31.78,K*47
$GPGGA,081005.00,5930.03595,N,02447.76215,E,1,12,1.1,19.1,M,21.0,M,,*5E
$GPRMC,081005.00,A,5930.03595,N,02447.76215,E,16.95,16.5,140625,,,A*68
$GPVTG,16.5,T,,M,16.95,N,31.39,K,A*3C
$HEHDT,14.9,T*13
$VWVHW,14.9,T,,M,17.05,N,31.58,K*4A
$GPGSV,2,1,08,03,64,042,49,08,41,097,44,11,23,152,42,14,49,207,49*7A
$GPGSV,2,2,08,17,67,264,49,22,21,312,39,28,09,352,38,31,57,122,47*7C
$GAGSV,2,1,05,04,50,072,46,09,36,182,45,12,67,237,49,24,11,287,38*67
$GAGSV,2,2,05,31,18,022,40*52
$GPZDA,081005.00,14,06,2025,00,00*6C
$GPGGA,081006.00,5930.04022,N,02447.76446,E,1,12,1.0,19.5,M,21.0,M,,*56
$GPRMC,081006.00,A,5930.04022,N,02447.76446,E,16.96,16.5,140625,,,A*66
$GPVTG,16.5,T,,M,16.96,N,31.42,K,A*33
$HEHDT,14.7,T*1D
$VWVHW,14.7,T,,M,17.15,N,31.76,K*49
$GPGGA,081007.00,5930.04496,N,02447.76641,E,1,12,1.0,19.7,M,21.0,M,,*5B
$GPRMC,081007.00,A,5930.04496,N,02447.76641,E,17.07,16.6,140625,,,A*63
$GPVTG,16.6,T,,M,17.07,N,31.62,K,A*3B
$HEHDT,14.4,T*1E
$VWVHW,14.4,T,,M,17.13,N,31.73,K*49
$GPGGA,081008.00,5930.04970,N,02447.76925,E,1,12,1.0,19.8,M,21.0,M,,*53
$GPRMC,081008.00,A,5930.04970,N,02447.76925,E,16.91,16.5,140625,,,A*69
$GPVTG,16.5,T,,M,16.91,N,31.32,K,A*33
$HEHDT,14.6,T*1C
$VWVHW,14.6,T,,M,17.11,N,31.69,K*42
$GPGGA,081009.00,5930.05386,N,02447.77285,E,1,12,1.0,19.5,M,21.0,M,,*5D
$GPRMC,081009.00,A,5930.05386,N,02447.77285,E,17.03,15.8,140625,,,A*6E
$GPVTG,15.8,T,,M,17.03,N,31.55,K,A*36
$HEHDT,14.5,T*1F
$VWVHW,14.5,T,,M,17.18,N,31.82,K*4D
$GPGGA,081010.00,5930.05894,N,02447.77466,E,1,12,1.0,19.9,M,21.0,M,,*5A
$GPRMC,081010.00,A,5930.05894,N,02447.77466,E,17.00,16.0,140625,,,A*6D
$GPVTG,16.0,T,,M,17.00,N,31.48,K,A*32
$HEHDT,14.5,T*1F
$VWVHW,14.5,T,,M,17.29,N,32.02,K*44
$GPGSV,2,1,08,03,64,042,49,08,41,097,44,11,23,152,41,14,49,207,48*78
$GPGSV,2,2,08,17,67,264,49,22,21,312,41,28,09,352,38,31,57,122,49*7D
$GAGSV,2,1,05,04,50,072,47,09,36,182,44,12,67,237,48,24,11,287,37*69
$GAGSV,2,2,05,31,18,022,41*53
$GPZDA,081010.00,14,06,2025,00,00*68
$GPGGA,081011.00,5930.06320,N,02447.77761,E,1,12,1.0,19.8,M,21.0,M,,*59
$GPRMC,081011.00,A,5930.06320,N,02447.77761,E,17.14,16.7,140625,,,A*6D
$GPVTG,16.7,T,,M,17.14,N,31.75,K,A*3E
$HEHDT,14.8,T*12
$VWVHW,14.8,T,,M,17.12,N,31.72,K*45
$GPGGA,081012.00,5930.06762,N,02447.78032,E,1,12,1.0,20.6,M,21.0,M,,*52
$GPRMC,081012.00,A,5930.06762,N,02447.78032,E,16.98,15.8,140625,,,A*6B
$GPVTG,15.8,T,,M,16.98,N,31.45,K,A*34
$HEHDT,14.8,T*12
$VWVHW,14.8,T,,M,17.21,N,31.88,K*40
$GPGGA,081013.00,5930.07228,N,02447.78292,E,1,12,1.0,20.3,M,21.0,M,,*54
$GPRMC,081013.00,A,5930.07228,N,02447.78292,E,17.13,16.6,140625,,,A*67
$GPVTG,16.6,T,,M,17.13,N,31.72,K,A*3F
$HEHDT,14.8,T*12
$VWVHW,14.8,T,,M,17.12,N,31.71,K*46
$GPGGA,081014.00,5930.07675,N,02447.78539,E,1,12,1.0,20.3,M,21.0,M,,*59
$GPRMC,081014.00,A,5930.07675,N,02447.78539,E,17.12,16.2,140625,,,A*6F
$GPVTG,16.2,T,,M,17.12,N,31.71,K,A*39
$HEHDT,15.0,T*1B
$VWVHW,15.0,T,,M,17.20,N,31.85,K*45
$GPGGA,081015.00,5930.08121,N,02447.78699,E,1,12,1.0,19.8,M,21.0,M,,*59
$GPRMC,081015.00,A,5930.08121,N,02447.78699,E,17.23,15.9,140625,,,A*64
$GPVTG,15.9,T,,M,17.23,N,31.91,K,A*3D
$HEHDT,14.9,T*13
$VWVHW,14.9,T,,M,17.22,N,31.90,K*4B
$GPGSV,2,1,08,03,64,042,48,08,41,097,46,11,23,152,41,14,49,207,48*7B
$GPGSV,2,2,08,17,67,264,49,22,21,312,40,28,09,352,38,31,57,122,48*7D
$GAGSV,2,1,05,04,50,072,47,09,36,182,46,12,67,237,49,24,11,287,38*65
$GAGSV,2,2,05,31,18,022,41*53
$GPZDA,081015.00,14,06,2025,00,00*6D
$GPGGA,081016.00,5930.08562,N,02447.78952,E,1,12,1.0,20.4,M,21.0,M,,*57
$GPRMC,081016.00,A,5930.08562,N,02447.78952,E,17.01,16.3,140625,,,A*65
$GPVTG,16.3,T,,M,17.01,N,31.50,K,A*39
$HEHDT,14.5,T*1F
$VWVHW,14.5,T,,M,17.13,N,31.72,K*49
$GPGGA,081017.00,5930.09031,N,02447.79302,E,1,12,1.0,20.4,M,21.0,M,,*5A
$GPRMC,081017.00,A,5930.09031,N,02447.79302,E,17.07,16.3,140625,,,A*6E
$GPVTG,16.3,T,,M,17.07,N,31.61,K,A*3D
$HEHDT,14.8,T*12
$VWVHW,14.8,T,,M,17.03,N,31.53,K*46
$GPGGA,081018.00,5930.09500,N,02447.79499,E,1,12,1.0,20.0,M,21.0,M,,*53
$GPRMC,081018.00,A,5930.09500,N,02447.79499,E,17.18,16.1,140625,,,A*6F
$GPVTG,16.1,T,,M,17.18,N,31.82,K,A*3C
$HEHDT,15.0,T*1B
$VWVHW,15.0,T,,M,17.07,N,31.62,K*49
$GPGGA,081019.00,5930.09947,N,02447.79847,E,1,12,1.0,20.4,M,21.0,M,,*56
$GPRMC,081019.00,A,5930.09947,N,02447.79847,E,17.04,16.4,140625,,,A*66
$GPVTG,16.4,T,,M,17.04,N,31.55,K,A*3E
$HEHDT,14.8,T*12
$VWVHW,14.8,T,,M,17.19,N,31.84,K*47
$GPGGA,081020.00,5930.10420,N,02447.80020,E,1,12,1.0,19.4,M,21.0,M,,*5D
$GPRMC,081020.00,A,5930.10420,N,02447.80020,E,17.01,16.7,140625,,,A*61
$GPVTG,16.7,T,,M,17.01,N,31.49,K,A*35
$HEHDT,14.9,T*13
$VWVHW,14.9,T,,M,17.11,N,31.69,K*4D
$GPGSV,2,1,08,03,64,042,49,08,41,097,46,11,23,152,41,14,49,207,48*7A
$GPGSV,2,2,08,17,67,264,50,22,21,312,41,28,09,352,37,31,57,122,47*74
$GAGSV,2,1,05,04,50,072,46,09,36,182,45,12,67,237,49,24,11,287,39*66
$GAGSV,2,2,05,31,18,022,40*52
$GPZDA,081020.00,14,06,2025,00,00*6B
$GPGGA,081021.00,5930.10861,N,02447.80302,E,1,12,1.0,19.6,M,21.0,M,,*54
$GPRMC,081021.00,A,5930.10861,N,02447.80302,E,17.06,16.1,140625,,,A*6B
$GPVTG,16.1,T,,M,17.06,N,31.59,K,A*35
$HEHDT,14.7,T*1D
$VWVHW,14.7,T,,M,17.19,N,31.83,K*4F
$GPGGA,081022.00,5930.11289,N,02447.80549,E,1,12,1.0,19.6,M,21.0,M,,*53
$GPRMC,081022.00,A,5930.11289,N,02447.80549,E,17.17,16.0,140625,,,A*6D
$GPVTG,16.0,T,,M,17.17,N,31.79,K,A*36
$HEHDT,15.1,T*1A
$VWVHW,15.1,T,,M,17.25,N,31.95,K*40
$GPGGA,081023.00,5930.11792,N,02447.80751,E,1,12,1.0,19.7,M,21.0,M,,*57
$GPRMC,081023.00,A,5930.11792,N,02447.80751,E,16.98,15.7,140625,,,A*6A
$GPVTG,15.7,T,,M,16.98,N,31.44,K,A*3A
$HEHDT,14.7,T*1D
$VWVHW,14.7,T,,M,17.09,N,31.66,K*45
$GPGGA,081024.00,5930.12209,N,02447.81152,E,1,12,1.0,20.2,M,21.0,M,,*5F
$GPRMC,081024.00,A,5930.12209,N,02447.81152,E,17.02,16.3,140625,,,A*68
$GPVTG,16.3,T,,M,17.02,N,31.52,K,A*38
$HEHDT,14.8,T*12
$VWVHW,14.8,T,,M,17.16,N,31.78,K*4B
$GPGGA,081025.00,5930.12654,N,02447.81355,E,1,12,1.0,19.9,M,21.0,M,,*56
$GPRMC,081025.00,A,5930.12654,N,02447.81355,E,17.02,15.6,140625,,,A*66
$GPVTG,15.6,T,,M,17.02,N,31.51,K,A*3D
$HEHDT,14.6,T*1C
$VWVHW,14.6,T,,M,17.20,N,31.85,K*42
$GPGSV,2,1,08,03,64,042,49,08,41,098,46,11,23,152,40,14,49,208,47*74
$GPGSV,2,2,08,17,67,264,48,22,21,312,41,28,09,352,38,31,57,122,47*72
$GAGSV,2,1,05,04,50,072,47,09,36,182,45,12,67,238,49,24,11,288,38*66
$GAGSV,2,2,05,31,18,022,41*53
$GPZDA,081025.00,14,06,2025,00,00*6E
$GPGGA,081026.00,5930.13103,N,02447.81608,E,1,12,1.0,19.7,M,21.0,M,,*52
$GPRMC,081026.00,A,5930.13103,N,02447.81608,E,17.08,16.4,140625,,,A*67
$GPVTG,16.4,T,,M,17.08,N,31.62,K,A*36
$HEHDT,14.7,T*1D
$VWVHW,14.7,T,,M,17.10,N,31.66,K*4D
$GPGGA,081027.00,5930.13567,N,02447.81968,E,1,12,1.0,19.4,M,21.0,M,,*5F
$GPRMC,081027.00,A,5930.13567,N,02447.81968,E,17.13,16.1,140625,,,A*66
$GPVTG,16.1,T,,M,17.13,N,31.73,K,A*39
$HEHDT,14.8,T*12
$VWVHW,14.8,T,,M,17.17,N,31.80,K*4D
$GPGGA,081028.00,5930.14035,N,02447.82136,E,1,12,1.0,20.3,M,21.0,M,,*58
$GPRMC,081028.00,A,5930.14035,N,02447.82136,E,17.16,16.6,140625,,,A*6E
$GPVTG,16.6,T,,M,17.16,N,31.78,K,A*30
$HEHDT,14.9,T*13
$VWVHW,14.9,T,,M,17.25,N,31.94,K*48
$GPGGA,081029.00,5930.14495,N,02447.82360,E,1,12,1.0,20.1,M,21.0,M,,*54
$GPRMC,081029.00,A,5930.14495,N,02447.82360,E,17.09,16.3,140625,,,A*6B
$GPVTG,16.3,T,,M,17.09,N,31.65,K,A*37
$HEHDT,15.1,T*1A
$VWVHW,15.1,T,,M,17.28,N,32.00,K*42
$GPGGA,081030.00,5930.14915,N,02447.82617,E,1,12,1.0,19.9,M,21.0,M,,*5E
$GPRMC,081030.00,A,5930.14915,N,02447.82617,E,17.25,15.6,140625,,,A*6B
$GPVTG,15.6,T,,M,17.25,N,31.95,K,A*30
$HEHDT,15.1,T*1A
$VWVHW,15.1,T,,M,17.12,N,31.70,K*4F
$GPGSV,2,1,08,03,64,043,49,08,41,098,47,11,23,153,41,14,49,208,47*74
$GPGSV,2,2,08,17,67,265,49,22,21,313,41,28,09,353,37,31,57,123,47*7C
$GAGSV,2,1,05,04,50,073,46,09,36,183,45,12,67,238,48,24,11,288,39*67
$GAGSV,2,2,05,31,18,023,41*52
$GPZDA,081030.00,14,06,2025,00,00*6A
$GPGGA,081031.00,5930.15374,N,02447.82958,E,1,12,1.0,20.7,M,21.0,M,,*53
$GPRMC,081031.00,A,5930.15374,N,02447.82958,E,17.18,15.9,140625,,,A*63
$GPVTG,15.9,T,,M,17.18,N,31.82,K,A*37
$HEHDT,15.0,T*1B
$VWVHW,15.0,T,,M,17.04,N,31.55,K*4E
$GPGGA,081032.00,5930.15847,N,02447.83222,E,1,12,1.0,19.9,M,21.0,M,,*58
$GPRMC,081032.00,A,5930.15847,N,02447.83222,E,17.15,16.1,140625,,,A*6A
$GPVTG,16.1,T,,M,17.15,N,31.76,K,A*3A
$HEHDT,14.9,T*13
$VWVHW,14.9,T,,M,17.21,N,31.88,K*41
$GPGGA,081033.00,5930.16282,N,02447.83393,E,1,12,1.0,20.0,M,21.0,M,,*51
$GPRMC,081033.00,A,5930.16282,N,02447.83393,E,17.09,16.0,140625,,,A*6C
$GPVTG,16.0,T,,M,17.09,N,31.66,K,A*37
$HEHDT,15.0,T*1B
$VWVHW,15.0,T,,M,17.18,N,31.82,K*49
$GPGGA,081034.00,5930.16729,N,02447.83703,E,1,12,1.0,20.2,M,21.0,M,,*5D
$GPRMC,081034.00,A,5930.16729,N,02447.83703,E,16.97,16.4,140625,,,A*60
$GPVTG,16.4,T,,M,16.97,N,31.44,K,A*35
$HEHDT,15.1,T*1A
$VWVHW,15.1,T,,M,17.21,N,31.88,K*48
$GPGGA,081035.00,5930.17197,N,02447.84011,E,1,12,1.0,19.6,M,21.0,M,,*53
$GPRMC,081035.00,A,5930.17197,N,02447.84011,E,17.17,16.2,140625,,,A*6F
$GPVTG,16.2,T,,M,17.17,N,31.81,K,A*33
$HEHDT,14.5,T*1F
$VWVHW,14.5,T,,M,17.18,N,31.82,K*4D
$GPGSV,2,1,08,03,64,043,48,08,41,098,46,11,23,153,41,14,49,208,47*74
$GPGSV,2,2,08,17,67,265,48,22,21,313,40,28,09,353,37,31,57,123,47*7C
$GAGSV,2,1,05,04,50,073,48,09,36,183,45,12,67,238,49,24,11,288,39*68
$GAGSV,2,2,05,31,18,023,41*52
$GPZDA,081035.00,14,06,2025,00,00*6F
$GPGGA,081036.00,5930.17665,N,02447.84237,E,1,12,1.0,20.4,M,21.0,M,,*54
$GPRMC,081036.00,A,5930.17665,N,02447.84237,E,17.03,16.2,140625,,,A*65
$GPVTG,16.2,T,,M,17.03,N,31.54,K,A*3E
$HEHDT,15.2,T*19
$VWVHW,15.2,T,,M,17.16,N,31.78,K*40
$GPGGA,081037.00,5930.18113,N,02447.84490,E,1,12,1.0,20.3,M,21.0,M,,*50
$GPRMC,081037.00,A,5930.18113,N,02447.84490,E,17.22,16.0,140625,,,A*67
$GPVTG,16.0,T,,M,17.22,N,31.89,K,A*3F
$HEHDT,14.8,T*12
$VWVHW,14.8,T,,M,17.23,N,31.91,K*4A
$GPGGA,081038.00,5930.18550,N,02447.84760,E,1,12,1.0,20.6,M,21.0,M,,*55
$GPRMC,081038.00,A,5930.18550,N,02447.84760,E,17.14,16.1,140625,,,A*63
$GPVTG,16.1,T,,M,17.14,N,31.74,K,A*39
$HEHDT,14.9,T*13
$VWVHW,14.9,T,,M,17.19,N,31.84,K*46
$GPGGA,081039.00,5930.19044,N,02447.84918,E,1,12,1.0,20.4,M,21.0,M,,*56
$GPRMC,081039.00,A,5930.19044,N,02447.84918,E,17.11,16.3,140625,,,A*65
$GPVTG,16.3,T,,M,17.11,N,31.69,K,A*32
$HEHDT,14.7,T*1D
$VWVHW,14.7,T,,M,17.40,N,32.23,K*4A
$GPGGA,081040.00,5930.19481,N,02447.85216,E,1,12,1.0,20.3,M,21.0,M,,*56
$GPRMC,081040.00,A,5930.19481,N,02447.85216,E,17.21,16.7,140625,,,A*65
$GPVTG,16.7,T,,M,17.21,N,31.88,K,A*3A
$HEHDT,15.1,T*1A
$VWVHW,15.1,T,,M,17.25,N,31.95,K*40
$GPGSV,2,1,08,03,64,043,49,08,41,098,46,11,23,153,40,14,49,208,47*74
$GPGSV,2,2,08,17,67,265,49,22,21,313,41,28,09,353,38,31,57,123,47*73
$GAGSV,2,1,05,04,50,073,47,09,36,183,46,12,67,238,48,24,11,288,39*65
$GAGSV,2,2,05,31,18,023,41*52
$GPZDA,081040.00,14,06,2025,00,00*6D
$GPGGA,081041.00,5930.19906,N,02447.85491,E,1,12,1.0,19.9,M,21.0,M,,*5C
$GPRMC,081041.00,A,5930.19906,N,02447.85491,E,17.25,16.5,140625,,,A*69
$GPVTG,16.5,T,,M,17.25,N,31.94,K,A*31
$HEHDT,14.9,T*13
$VWVHW,14.9,T,,M,17.26,N,31.96,K*49
$GPGGA,081042.00,5930.20402,N,02447.85780,E,1,12,1.0,19.9,M,21.0,M,,*5F
$GPRMC,081042.00,A,5930.20402,N,02447.85780,E,17.24,16.4,140625,,,A*6A
$GPVTG,16.4,T,,M,17.24,N,31.94,K,A*31
$HEHDT,15.0,T*1B
$VWVHW,15.0,T,,M,17.30,N,32.04,K*4E
$GPGGA,081043.00,5930.20849,N,02447.86080,E,1,12,1.0,20.6,M,21.0,M,,*5C
$GPRMC,081043.00,A,5930.20849,N,02447.86080,E,17.00,16.0,140625,,,A*6E
$GPVTG,16.0,T,,M,17.00,N,31.49,K,A*33
$HEHDT,14.9,T*13
$VWVHW,14.9,T,,M,17.33,N,32.09,K*48
$GPGGA,081044.00,5930.21306,N,02447.86296,E,1,12,1.0,20.0,M,21.0,M,,*59
$GPRMC,081044.00,A,5930.21306,N,02447.86296,E,17.17,16.4,140625,,,A*6F
$GPVTG,16.4,T,,M,17.17,N,31.80,K,A*34
$HEHDT,14.4,T*1E
$VWVHW,14.4,T,,M,17.42,N,32.27,K*4F
$GPGGA,081045.00,5930.21755,N,02447.86623,E,1,12,1.0,20.9,M,21.0,M,,*59
$GPRMC,081045.00,A,5930.21755,N,02447.86623,E,17.15,15.9,140625,,,A*6A
$GPVTG,15.9,T,,M,17.15,N,31.76,K,A*31
$HEHDT,14.7,T*1D
$VWVHW,14.7,T,,M,17.26,N,31.96,K*47
$GPGSV,2,1,08,03,64,043,48,08,41,098,46,11,23,153,40,14,49,208,47*75
$GPGSV,2,2,08,17,67,265,48,22,21,313,42,28,09,353,37,31,57,123,47*7E
$GAGSV,2,1,05,04,50,073,47,09,36,183,45,12,67,238,49,24,11,288,39*67
$GAGSV,2,2,05,31,18,023,42*51
$GPZDA,081045.00,14,06,2025,00,00*68
$GPGGA,081046.00,5930.22183,N,02447.86855,E,1,12,1.0,21.1,M,21.0,M,,*52
$GPRMC,081046.00,A,5930.22183,N,02447.86855,E,17.00,16.1,140625,,,A*67
$GPVTG,16.1,T,,M,17.00,N,31.49,K,A*32
$HEHDT,15.2,T*19
$VWVHW,15.2,T,,M,17.24,N,31.92,K*45
$GPGGA,081047.00,5930.22695,N,02447.87063,E,1,12,1.0,20.5,M,21.0,M,,*5A
$GPRMC,081047.00,A,5930.22695,N,02447.87063,E,17.11,16.4,140625,,,A*6F
$GPVTG,16.4,T,,M,17.11,N,31.69,K,A*35
$HEHDT,14.8,T*12
$VWVHW,14.8,T,,M,17.25,N,31.96,K*4B
$GPGGA,081048.00,5930.23166,N,02447.87371,E,1,12,1.0,20.4,M,21.0,M,,*5E
$GPRMC,081048.00,A,5930.23166,N,02447.87371,E,17.29,16.9,140625,,,A*6C
$GPVTG,16.9,T,,M,17.29,N,32.03,K,A*3C
$HEHDT,14.3,T*19
$VWVHW,14.3,T,,M,17.30,N,32.04,K*4C
$GPGGA,081049.00,5930.23586,N,02447.87702,E,1,12,1.0,20.4,M,21.0,M,,*55
$GPRMC,081049.00,A,5930.23586,N,02447.87702,E,17.14,16.7,140625,,,A*67
$GPVTG,16.7,T,,M,17.14,N,31.75,K,A*3E
$HEHDT,14.8,T*12
$VWVHW,14.8,T,,M,17.28,N,32.00,K*4A
$GPGGA,081050.00,5930.24052,N,02447.87876,E,1,12,1.0,20.6,M,21.0,M,,*58
$GPRMC,081050.00,A,5930.24052,N,02447.87876,E,17.25,16.6,140625,,,A*6B
$GPVTG,16.6,T,,M,17.25,N,31.94,K,A*32
$HEHDT,14.6,T*1C
$VWVHW,14.6,T,,M,17.29,N,32.02,K*47
$GPGSV,2,1,08,03,64,043,48,08,41,098,46,11,23,153,41,14,49,208,46*75
$GPGSV,2,2,08,17,67,265,48,22,21,313,41,28,09,353,37,31,57,123,49*73
$GAGSV,2,1,05,04,50,073,46,09,36,183,46,12,67,238,50,24,11,288,39*6D
$GAGSV,2,2,05,31,18,023,40*53
$GPZDA,081050.00,14,06,2025,00,00*6C
$GPGGA,081051.00,5930.24493,N,02447.88068,E,1,12,1.0,20.7,M,21.0,M,,*59
$GPRMC,081051.00,A,5930.24493,N,02447.88068,E,17.32,15.9,140625,,,A*61
$GPVTG,15.9,T,,M,17.32,N,32.08,K,A*3E
$HEHDT,14.6,T*1C
$VWVHW,14.6,T,,M,17.39,N,32.21,K*47
$GPGGA,081052.00,5930.24974,N,02447.88350,E,1,12,1.0,20.6,M,21.0,M,,*57
$GPRMC,081052.00,A,5930.24974,N,02447.88350,E,17.10,16.4,140625,,,A*60
$GPVTG,16.4,T,,M,17.10,N,31.66,K,A*3B
$HEHDT,14.5,T*1F
$VWVHW,14.5,T,,M,17.25,N,31.95,K*45
$GPGGA,081053.00,5930.25408,N,02447.88627,E,1,12,1.0,20.4,M,21.0,M,,*56
$GPRMC,081053.00,A,5930.25408,N,02447.88627,E,17.18,16.2,140625,,,A*6D
$GPVTG,16.2,T,,M,17.18,N,31.82,K,A*3F
$HEHDT,15.1,T*1A
$VWVHW,15.1,T,,M,17.14,N,31.74,K*4D
$GPGGA,081054.00,5930.25862,N,02447.88817,E,1,12,1.0,21.0,M,21.0,M,,*59
$GPRMC,081054.00,A,5930.25862,N,02447.88817,E,17.20,16.3,140625,,,A*6D
$GPVTG,16.3,T,,M,17.20,N,31.86,K,A*31
$HEHDT,14.6,T*1C
$VWVHW,14.6,T,,M,17.31,N,32.06,K*4A
$GPGGA,081055.00,5930.26338,N,02447.89091,E,1,12,1.0,20.8,M,21.0,M,,*51
$GPRMC,081055.00,A,5930.26338,N,02447.89091,E,17.16,16.3,140625,,,A*69
$GPVTG,16.3,T,,M,17.16,N,31.79,K,A*34
$HEHDT,14.6,T*1C
$VWVHW,14.6,T,,M,17.32,N,32.08,K*47
$GPGSV,2,1,08,03,64,043,49,08,41,098,46,11,23,153,40,14,49,208,46*75
$GPGSV,2,2,08,17,67,265,48,22,21,313,41,28,09,353,37,31,57,123,47*7D
$GAGSV,2,1,05,04,50,073,47,09,36,183,44,12,67,238,49,24,11,288,40*68
$GAGSV,2,2,05,31,18,023,42*51
$GPZDA,081055.00,14,06,2025,00,00*69
$GPGGA,081056.00,5930.26770,N,02447.89320,E,1,12,1.0,20.6,M,21.0,M,,*5D
$GPRMC,081056.00,A,5930.26770,N,02447.89320,E,17.10,16.2,140625,,,A*6C
$GPVTG,16.2,T,,M,17.10,N,31.66,K,A*3D
$HEHDT,14.4,T*1E
$VWVHW,14.4,T,,M,17.37,N,32.17,K*4E
$GPGGA,081057.00,5930.27269,N,02447.89591,E,1,12,1.0,20.0,M,21.0,M,,*5A
$GPRMC,081057.00,A,5930.27269,N,02447.89591,E,17.05,16.1,140625,,,A*6A
$GPVTG,16.1,T,,M,17.05,N,31.57,K,A*38
$HEHDT,15.2,T*19
$VWVHW,15.2,T,,M,17.23,N,31.91,K*41
$GPGGA,081058.00,5930.27680,N,02447.89923,E,1,12,1.0,19.9,M,21.0,M,,*50
$GPRMC,081058.00,A,5930.27680,N,02447.89923,E,17.17,16.7,140625,,,A*66
$GPVTG,16.7,T,,M,17.17,N,31.80,K,A*37
$HEHDT,15.3,T*18
$VWVHW,15.3,T,,M,17.21,N,31.87,K*45
$GPGGA,081059.00,5930.28227,N,02447.90153,E,1,12,1.0,20.0,M,21.0,M,,*53
$GPRMC,081059.00,A,5930.28227,N,02447.90153,E,17.24,16.4,140625,,,A*65
$GPVTG,16.4,T,,M,17.24,N,31.93,K,A*36
$HEHDT,14.7,T*1D
$VWVHW,14.7,T,,M,17.37,N,32.17,K*4D
$GPGGA,081100.00,5930.28604,N,02447.90417,E,1,12,1.0,20.2,M,21.0,M,,*5C
$GPRMC,081100.00,A,5930.28604,N,02447.90417,E,17.43,16.3,140625,,,A*6E
$GPVTG,16.3,T,,M,17.43,N,32.27,K,A*3C
$HEHDT,14.5,T*1F
$VWVHW,14.5,T,,M,17.27,N,31.99,K*4B
$GPGSV,2,1,08,03,64,043,49,08,41,098,47,11,23,153,40,14,49,208,46*74
$GPGSV,2,2,08,17,67,265,48,22,21,313,42,28,09,353,38,31,57,123,47*71
$GAGSV,2,1,05,04,50,073,46,09,36,183,44,12,67,238,49,24,11,288,40*69
$GAGSV,2,2,05,31,18,023,41*52
$GPZDA,081100.00,14,06,2025,00,00*68
$GPGGA,081101.00,5930.29074,N,02447.90803,E,1,12,1.0,20.3,M,21.0,M,,*55
$GPRMC,081101.00,A,5930.29074,N,02447.90803,E,17.25,16.3,140625,,,A*66
$GPVTG,16.3,T,,M,17.25,N,31.95,K,A*36
$HEHDT,14.8,T*12
$VWVHW,14.8,T,,M,17.30,N,32.04,K*47
$GPGGA,081102.00,5930.29536,N,02447.91005,E,1,12,1.0,19.8,M,21.0,M,,*5B
$GPRMC,081102.00,A,5930.29536,N,02447.91005,E,17.21,16.5,140625,,,A*6B
$GPVTG,16.5,T,,M,17.21,N,31.87,K,A*37
$HEHDT,14.7,T*1D
$VWVHW,14.7,T,,M,17.09,N,31.65,K*46
$GPGGA,081103.00,5930.29994,N,02447.91186,E,1,12,1.0,20.0,M,21.0,M,,*56
$GPRMC,081103.00,A,5930.29994,N,02447.91186,E,17.10,16.6,140625,,,A*65
$GPVTG,16.6,T,,M,17.10,N,31.68,K,A*37
$HEHDT,14.7,T*1D
$VWVHW,14.7,T,,M,17.28,N,32.00,K*45
$GPGGA,081104.00,5930.30482,N,02447.91408,E,1,12,1.0,20.4,M,21.0,M,,*54
$GPRMC,081104.00,A,5930.30482,N,02447.91408,E,17.25,16.4,140625,,,A*67
$GPVTG,16.4,T,,M,17.25,N,31.94,K,A*30
$HEHDT,14.8,T*12
$VWVHW,14.8,T,,M,17.33,N,32.09,K*49
$GPGGA,081105.00,5930.30922,N,02447.91642,E,1,12,1.0,20.3,M,21.0,M,,*59
$GPRMC,081105.00,A,5930.30922,N,02447.91642,E,17.05,16.5,140625,,,A*6E
$GPVTG,16.5,T,,M,17.05,N,31.59,K,A*32
$HEHDT,14.6,T*1C
$VWVHW,14.6,T,,M,17.31,N,32.06,K*4A
$GPGSV,2,1,08,03,64,043,50,08,41,098,46,11,23,153,41,14,49,208,45*7F
$GPGSV,2,2,08,17,67,265,48,22,21,313,40,28,09,353,39,31,57,123,47*72
$GAGSV,2,1,05,04,50,073,47,09,36,183,44,12,67,238,47,24,11,288,39*68
$GAGSV,2,2,05,31,18,023,41*52
$GPZDA,081105.00,14,06,2025,00,00*6D
$GPGGA,081106.00,5930.31367,N,02447.91987,E,1,12,1.0,20.6,M,21.0,M,,*53
$GPRMC,081106.00,A,5930.31367,N,02447.91987,E,17.14,16.1,140625,,,A*65
$GPVTG,16.1,T,,M,17.14,N,31.74,K,A*39
$HEHDT,14.7,T*1D
$VWVHW,14.7,T,,M,17.27,N,31.99,K*49
$GPGGA,081107.00,5930.31830,N,02447.92159,E,1,12,1.0,20.4,M,21.0,M,,*51
$GPRMC,081107.00,A,5930.31830,N,02447.92159,E,17.35,15.8,140625,,,A*6C
$GPVTG,15.8,T,,M,17.35,N,32.13,K,A*32
$HEHDT,15.3,T*18
$VWVHW,15.3,T,,M,17.40,N,32.23,K*4F
$GPGGA,081108.00,5930.32277,N,02447.92527,E,1,12,1.0,20.6,M,21.0,M,,*5B
$GPRMC,081108.00,A,5930.32277,N,02447.92527,E,17.24,16.3,140625,,,A*6C
$GPVTG,16.3,T,,M,17.24,N,31.93,K,A*31
$HEHDT,14.4,T*1E
$VWVHW,14.4,T,,M,17.28,N,32.00,K*46
$GPGGA,081109.00,5930.32725,N,02447.92786,E,1,12,1.0,20.5,M,21.0,M,,*52
$GPRMC,081109.00,A,5930.32725,N,02447.92786,E,17.00,16.0,140625,,,A*63
$GPVTG,16.0,T,,M,17.00,N,31.49,K,A*33
$HEHDT,14.6,T*1C
$VWVHW,14.6,T,,M,17.35,N,32.13,K*4A
$GPGGA,081110.00,5930.33210,N,02447.93038,E,1,12,1.0,19.5,M,21.0,M,,*51
$GPRMC,081110.00,A,5930.33210,N,02447.93038,E,17.18,16.6,140625,,,A*65
$GPVTG,16.6,T,,M,17.18,N,31.81,K,A*38
$HEHDT,14.8,T*12
$VWVHW,14.8,T,,M,17.16,N,31.78,K*4B
$GPGSV,2,1,08,03,64,043,49,08,41,098,46,11,23,153,41,14,49,208,46*74
$GPGSV,2,2,08,17,67,265,48,22,21,313,41,28,09,353,37,31,57,123,48*72
$GAGSV,2,1,05,04,50,073,46,09,36,183,45,12,67,238,49,24,11,288,40*68
$GAGSV,2,2,05,31,18,023,40*53
$GPZDA,081110.00,14,06,2025,00,00*69
$GPGGA,081111.00,5930.33663,N,02447.93237,E,1,12,1.0,20.1,M,21.0,M,,*53
$GPRMC,081111.00,A,5930.33663,N,02447.93237,E,17.16,16.6,140625,,,A*67
$GPVTG,16.6,T,,M,17.16,N,31.79,K,A*31
$HEHDT,14.6,T*1C
$VWVHW,14.6,T,,M,17.35,N,32.13,K*4A
$GPGGA,081112.00,5930.34142,N,02447.93454,E,1,12,0.9,20.2,M,21.0,M,,*5B
$GPRMC,081112.00,A,5930.34142,N,02447.93454,E,17.33,16.0,140625,,,A*65
$GPVTG,16.0,T,,M,17.33,N,32.10,K,A*3C
$HEHDT,14.3,T*19
$VWVHW,14.3,T,,M,17.34,N,32.10,K*4D
$GPGGA,081113.00,5930.34579,N,02447.93625,E,1,12,0.9,19.6,M,21.0,M,,*5C
$GPRMC,081113.00,A,5930.34579,N,02447.93625,E,17.08,16.2,140625,,,A*66
$GPVTG,16.2,T,,M,17.08,N,31.64,K,A*36
$HEHDT,14.9,T*13
$VWVHW,14.9,T,,M,17.22,N,31.90,K*4B
$GPGGA,081114.00,5930.35039,N,02447.93957,E,1,12,0.9,19.7,M,21.0,M,,*50
$GPRMC,081114.00,A,5930.35039,N,02447.93957,E,17.19,15.8,140625,,,A*62
$GPVTG,15.8,T,,M,17.19,N,31.84,K,A*31
$HEHDT,15.1,T*1A
$VWVHW,15.1,T,,M,17.34,N,32.12,K*4C
$GPGGA,081115.00,5930.35518,N,02447.94250,E,1,12,0.9,19.5,M,21.0,M,,*5E
$GPRMC,081115.00,A,5930.35518,N,02447.94250,E,17.18,16.1,140625,,,A*65
$GPVTG,16.1,T,,M,17.18,N,31.82,K,A*3C
$HEHDT,14.9,T*13
$VWVHW,14.9,T,,M,17.21,N,31.88,K*41
$GPGSV,2,1,08,03,64,043,49,08,41,098,46,11,23,153,42,14,49,208,46*77
$GPGSV,2,2,08,17,67,265,48,22,21,313,41,28,09,353,37,31,57,123,48*72
$GAGSV,2,1,05,04,50,073,46,09,36,183,45,12,67,238,49,24,11,288,40*68
$GAGSV,2,2,05,31,18,023,42*51
$GPZDA,081115.00,14,06,2025,00,00*6C
$GPGGA,081116.00,5930.35924,N,02447.94524,E,1,12,0.9,20.0,M,21.0,M,,*55
$GPRMC,081116.00,A,5930.35924,N,02447.94524,E,17.33,16.2,140625,,,A*6B
$GPVTG,16.2,T,,M,17.33,N,32.09,K,A*36
$HEHDT,15.0,T*1B
$VWVHW,15.0,T,,M,17.28,N,32.00,K*43
$GPGGA,081117.00,5930.36382,N,02447.94733,E,1,12,0.9,19.5,M,21.0,M,,*5A
$GPRMC,081117.00,A,5930.36382,N,02447.94733,E,17.25,15.7,140625,,,A*6A
$GPVTG,15.7,T,,M,17.25,N,31.95,K,A*31
$HEHDT,14.7,T*1D
$VWVHW,14.7,T,,M,17.24,N,31.92,K*41
$GPGGA,081118.00,5930.36905,N,02447.94971,E,1,12,0.9,19.1,M,21.0,M,,*5C
$GPRMC,081118.00,A,5930.36905,N,02447.94971,E,17.20,16.0,140625,,,A*69
$GPVTG,16.0,T,,M,17.20,N,31.85,K,A*31
$HEHDT,15.1,T*1A
$VWVHW,15.1,T,,M,17.20,N,31.86,K*47
$GPGGA,081119.00,5930.37340,N,02447.95298,E,1,12,0.9,19.7,M,21.0,M,,*5C
$GPRMC,081119.00,A,5930.37340,N,02447.95298,E,17.09,16.5,140625,,,A*61
$GPVTG,16.5,T,,M,17.09,N,31.65,K,A*31
$HEHDT,15.0,T*1B
$VWVHW,15.0,T,,M,17.24,N,31.93,K*46
$GPGGA,081120.00,5930.37756,N,02447.95522,E,1,12,0.9,20.1,M,21.0,M,,*5F
$GPRMC,081120.00,A,5930.37756,N,02447.95522,E,17.17,16.1,140625,,,A*65
$GPVTG,16.1,T,,M,17.17,N,31.79,K,A*37
$HEHDT,15.0,T*1B
$VWVHW,15.0,T,,M,17.34,N,32.10,K*4F
$GPGSV,2,1,08,03,64,043,49,08,41,098,45,11,23,153,42,14,49,208,46*74
$GPGSV,2,2,08,17,67,265,47,22,21,313,41,28,09,353,36,31,57,123,48*7C
$GAGSV,2,1,05,04,50,073,46,09,36,183,44,12,67,238,47,24,11,288,40*67
$GAGSV,2,2,05,31,18,023,41*52
$GPZDA,081120.00,14,06,2025,00,00*6A
$GPGGA,081121.00,5930.38248,N,02447.95711,E,1,12,0.9,19.5,M,21.0,M,,*57
$GPRMC,081121.00,A,5930.38248,N,02447.95711,E,17.15,16.3,140625,,,A*63
$GPVTG,16.3,T,,M,17.15,N,31.76,K,A*38
$HEHDT,14.5,T*1F
$VWVHW,14.5,T,,M,17.27,N,31.98,K*4A
$GPGGA,081122.00,5930.38686,N,02447.96072,E,1,12,0.9,20.4,M,21.0,M,,*58
$GPRMC,081122.00,A,5930.38686,N,02447.96072,E,17.34,16.3,140625,,,A*64
$GPVTG,16.3,T,,M,17.34,N,32.11,K,A*39
$HEHDT,14.5,T*1F
$VWVHW,14.5,T,,M,17.26,N,31.96,K*45
$GPGGA,081123.00,5930.39186,N,02447.96305,E,1,12,0.9,19.8,M,21.0,M,,*5A
$GPRMC,081123.00,A,5930.39186,N,02447.96305,E,17.23,15.9,140625,,,A*6F
$GPVTG,15.9,T,,M,17.23,N,31.92,K,A*3E
$HEHDT,14.9,T*13
$VWVHW,14.9,T,,M,17.15,N,31.77,K*46
$GPGGA,081124.00,5930.39640,N,02447.96682,E,1,12,0.9,20.1,M,21.0,M,,*59
$GPRMC,081124.00,A,5930.39640,N,02447.96682,E,17.16,16.0,140625,,,A*63
$GPVTG,16.0,T,,M,17.16,N,31.77,K,A*39
$HEHDT,15.2,T*19
$VWVHW,15.2,T,,M,17.23,N,31.91,K*41
$GPGGA,081125.00,5930.40043,N,02447.96828,E,1,12,0.9,20.5,M,21.0,M,,*59
$GPRMC,081125.00,A,5930.40043,N,02447.96828,E,17.21,16.1,140625,,,A*62
$GPVTG,16.1,T,,M,17.21,N,31.87,K,A*33
$HEHDT,14.4,T*1E
$VWVHW,14.4,T,,M,17.21,N,31.88,K*4C
$GPGSV,2,1,08,03,64,043,48,08,41,098,47,11,23,153,43,14,49,208,47*77
$GPGSV,2,2,08,17,67,265,49,22,21,313,41,28,09,353,37,31,57,123,48*73
$GAGSV,2,1,05,04,50,073,46,09,36,183,44,12,67,238,48,24,11,288,39*66
$GAGSV,2,2,05,31,18,023,40*53
$GPZDA,081125.00,14,06,2025,00,00*6F
$GPGGA,081126.00,5930.40498,N,02447.97207,E,1,12,0.9,20.1,M,21.0,M,,*5A
$GPRMC,081126.00,A,5930.40498,N,02447.97207,E,17.22,16.0,140625,,,A*67
$GPVTG,16.0,T,,M,17.22,N,31.89,K,A*3F
$HEHDT,14.6,T*1C
$VWVHW,14.6,T,,M,17.32,N,32.07,K*48
$GPGGA,081127.00,5930.40972,N,02447.97455,E,1,12,0.9,20.3,M,21.0,M,,*51
$GPRMC,081127.00,A,5930.40972,N,02447.97455,E,17.28,16.3,140625,,,A*67
$GPVTG,16.3,T,,M,17.28,N,32.01,K,A*35
$HEHDT,15.0,T*1B
$VWVHW,15.0,T,,M,17.34,N,32.12,K*4D
$GPGGA,081128.00,5930.41439,N,02447.97768,E,1,12,0.9,20.1,M,21.0,M,,*52
$GPRMC,081128.00,A,5930.41439,N,02447.97768,E,17.17,16.6,140625,,,A*6F
$GPVTG,16.6,T,,M,17.17,N,31.79,K,A*30
$HEHDT,14.8,T*12
$VWVHW,14.8,T,,M,17.26,N,31.96,K*48
$GPGGA,081129.00,5930.41854,N,02447.97981,E,1,12,0.9,20.6,M,21.0,M,,*5A
$GPRMC,081129.00,A,5930.41854,N,02447.97981,E,17.12,16.2,140625,,,A*61
$GPVTG,16.2,T,,M,17.12,N,31.71,K,A*39
$HEHDT,15.0,T*1B
$VWVHW,15.0,T,,M,17.32,N,32.07,K*4F
$GPGGA,081130.00,5930.42327,N,02447.98188,E,1,12,0.9,20.5,M,21.0,M,,*53
$GPRMC,081130.00,A,5930.42327,N,02447.98188,E,17.39,16.0,140625,,,A*60
$GPVTG,16.0,T,,M,17.39,N,32.20,K,A*35
$HEHDT,14.9,T*13
$VWVHW,14.9,T,,M,17.24,N,31.92,K*4F
$GPGSV,2,1,08,03,64,043,48,08,41,098,48,11,23,153,42,14,49,208,46*78
$GPGSV,2,2,08,17,67,265,49,22,21,313,41,28,09,353,37,31,57,123,48*73
$GAGSV,2,1,05,04,50,073,47,09,36,183,44,12,67,238,48,24,11,288,39*67
$GAGSV,2,2,05,31,18,023,40*53
$GPZDA,081130.00,14,06,2025,00,00*6B
$GPGGA,081131.00,5930.42749,N,02447.98445,E,1,12,0.9,20.5,M,21.0,M,,*5A
$GPRMC,081131.00,A,5930.42749,N,02447.98445,E,17.10,16.1,140625,,,A*63
$GPVTG,16.1,T,,M,17.10,N,31.68,K,A*30
$HEHDT,15.2,T*19
$VWVHW,15.2,T,,M,17.33,N,32.09,K*42
$GPGGA,081132.00,5930.43215,N,02447.98867,E,1,12,0.9,19.5,M,21.0,M,,*52
$GPRMC,081132.00,A,5930.43215,N,02447.98867,E,17.09,16.6,140625,,,A*6E
$GPVTG,16.6,T,,M,17.09,N,31.65,K,A*32
$HEHDT,15.6,T*1D
$VWVHW,15.6,T,,M,17.26,N,31.97,K*46
$GPGGA,081133.00,5930.43688,N,02447.99030,E,1,12,0.9,20.2,M,21.0,M,,*55
$GPRMC,081133.00,A,5930.43688,N,02447.99030,E,17.21,16.4,140625,,,A*6C
$GPVTG,16.4,T,,M,17.21,N,31.87,K,A*36
$HEHDT,14.8,T*12
$VWVHW,14.8,T,,M,17.14,N,31.75,K*44
$GPGGA,081134.00,5930.44126,N,02447.99269,E,1,12,0.9,20.0,M,21.0,M,,*5A
$GPRMC,081134.00,A,5930.44126,N,02447.99269,E,17.13,16.2,140625,,,A*66
$GPVTG,16.2,T,,M,17.13,N,31.73,K,A*3A
$HEHDT,14.6,T*1C
$VWVHW,14.6,T,,M,17.30,N,32.05,K*48
$GPGGA,081135.00,5930.44613,N,02447.99568,E,1,12,0.9,19.8,M,21.0,M,,*5E
$GPRMC,081135.00,A,5930.44613,N,02447.99568,E,17.22,16.2,140625,,,A*62
$GPVTG,16.2,T,,M,17.22,N,31.89,K,A*3D
$HEHDT,14.7,T*1D
$VWVHW,14.7,T,,M,17.28,N,32.01,K*44
$GPGSV,2,1,08,03,64,043,49,08,41,098,47,11,23,153,41,14,49,208,46*75
$GPGSV,2,2,08,17,67,265,49,22,21,313,42,28,09,353,37,31,57,123,47*7F
$GAGSV,2,1,05,04,50,073,46,09,36,183,44,12,67,238,48,24,11,288,38*67
$GAGSV,2,2,05,31,18,023,39*5D
$GPZDA,081135.00,14,06,2025,00,00*6E
$GPGGA,081136.00,5930.45032,N,02447.99900,E,1,12,0.9,19.6,M,21.0,M,,*55
$GPRMC,081136.00,A,5930.45032,N,02447.99900,E,17.20,16.6,140625,,,A*61
$GPVTG,16.6,T,,M,17.20,N,31.86,K,A*34
$HEHDT,15.2,T*19
$VWVHW,15.2,T,,M,17.23,N,31.91,K*41
$GPGGA,081137.00,5930.45469,N,02448.00117,E,1,12,0.9,20.3,M,21.0,M,,*50
$GPRMC,081137.00,A,5930.45469,N,02448.00117,E,17.31,16.7,140625,,,A*6A
$GPVTG,16.7,T,,M,17.31,N,32.06,K,A*3E
$HEHDT,14.8,T*12
$VWVHW,14.8,T,,M,17.36,N,32.15,K*41
$GPGGA,081138.00,5930.45997,N,02448.00436,E,1,12,0.9,20.3,M,21.0,M,,*55
$GPRMC,081138.00,A,5930.45997,N,02448.00436,E,17.34,16.4,140625,,,A*69
$GPVTG,16.4,T,,M,17.34,N,32.11,K,A*3E
$HEHDT,15.0,T*1B
$VWVHW,15.0,T,,M,17.17,N,31.80,K*44
$GPGGA,081139.00,5930.46429,N,02448.00662,E,1,12,0.9,20.1,M,21.0,M,,*5E
$GPRMC,081139.00,A,5930.46429,N,02448.00662,E,17.25,16.4,140625,,,A*60
$GPVTG,16.4,T,,M,17.25,N,31.94,K,A*30
$HEHDT,14.5,T*1F
$VWVHW,14.5,T,,M,17.08,N,31.64,K*44
$GPGGA,081140.00,5930.46884,N,02448.00870,E,1,12,0.9,20.4,M,21.0,M,,*53
$GPRMC,081140.00,A,5930.46884,N,02448.00870,E,17.23,16.4,140625,,,A*6E
$GPVTG,16.4,T,,M,17.23,N,31.91,K,A*33
$HEHDT,14.5,T*1F
$VWVHW,14.5,T,,M,17.29,N,32.03,K*45
$GPGSV,2,1,08,03,64,043,49,08,41,098,47,11,23,153,42,14,49,208,45*75
$GPGSV,2,2,08,17,67,265,50,22,21,313,42,28,09,353,36,31,57,123,48*79
$GAGSV,2,1,05,04,50,073,46,09,36,183,44,12,67,238,48,24,11,288,38*67
$GAGSV,2,2,05,31,18,023,40*53
$GPZDA,081140.00,14,06,2025,00,00*6C
$GPGGA,081141.00,5930.47381,N,02448.01198,E,1,12,0.9,20.5,M,21.0,M,,*52
$GPRMC,081141.00,A,5930.47381,N,02448.01198,E,17.15,16.1,140625,,,A*6E
$GPVTG,16.1,T,,M,17.15,N,31.75,K,A*39
$HEHDT,14.6,T*1C
$VWVHW,14.6,T,,M,17.33,N,32.10,K*4F
$GPGGA,081142.00,5930.47800,N,02448.01495,E,1,12,0.9,20.0,M,21.0,M,,*5E
$GPRMC,081142.00,A,5930.47800,N,02448.01495,E,17.27,16.2,140625,,,A*65
$GPVTG,16.2,T,,M,17.27,N,31.99,K,A*39
$HEHDT,15.0,T*1B
$VWVHW,15.0,T,,M,17.32,N,32.07,K*4F
$GPGGA,081143.00,5930.48275,N,02448.01724,E,1,12,0.9,19.9,M,21.0,M,,*52
$GPRMC,081143.00,A,5930.48275,N,02448.01724,E,17.20,16.6,140625,,,A*69
$GPVTG,16.6,T,,M,17.20,N,31.85,K,A*37
$HEHDT,15.0,T*1B
$VWVHW,15.0,T,,M,17.23,N,31.91,K*43
$GPGGA,081144.00,5930.48686,N,02448.01965,E,1,12,0.9,19.8,M,21.0,M,,*57
$GPRMC,081144.00,A,5930.48686,N,02448.01965,E,17.16,15.9,140625,,,A*64
$GPVTG,15.9,T,,M,17.16,N,31.77,K,A*33
$HEHDT,14.6,T*1C
$VWVHW,14.6,T,,M,17.23,N,31.90,K*45
$GPGGA,081145.00,5930.49163,N,02448.02353,E,1,12,0.9,20.4,M,21.0,M,,*51
$GPRMC,081145.00,A,5930.49163,N,02448.02353,E,17.26,15.8,140625,,,A*66
$GPVTG,15.8,T,,M,17.26,N,31.97,K,A*3F
$HEHDT,14.7,T*1D
$VWVHW,14.7,T,,M,17.30,N,32.04,K*48
$GPGSV,2,1,08,03,64,043,49,08,41,098,47,11,23,153,42,14,49,208,45*75
$GPGSV,2,2,08,17,67,265,48,22,21,313,43,28,09,353,37,31,57,123,47*7F
$GAGSV,2,1,05,04,50,073,45,09,36,183,44,12,67,238,47,24,11,288,38*6B
$GAGSV,2,2,05,31,18,023,40*53
$GPZDA,081145.00,14,06,2025,00,00*69
$GPGGA,081146.00,5930.49558,N,02448.02502,E,1,12,0.9,19.6,M,21.0,M,,*54
$GPRMC,081146.00,A,5930.49558,N,02448.02502,E,17.03,16.1,140625,,,A*66
$GPVTG,16.1,T,,M,17.03,N,31.55,K,A*3C
$HEHDT,14.4,T*1E
$VWVHW,14.4,T,,M,17.14,N,31.75,K*48
$GPGGA,081147.00,5930.50054,N,02448.02719,E,1,12,0.9,20.1,M,21.0,M,,*51
$GPRMC,081147.00,A,5930.50054,N,02448.02719,E,17.27,16.0,140625,,,A*69
$GPVTG,16.0,T,,M,17.27,N,31.99,K,A*3B
$HEHDT,14.8,T*12
$VWVHW,14.8,T,,M,17.22,N,31.90,K*4A
$GPGGA,081148.00,5930.50544,N,02448.03023,E,1,12,0.9,19.7,M,21.0,M,,*59
$GPRMC,081148.00,A,5930.50544,N,02448.03023,E,17.07,16.1,140625,,,A*6E
$GPVTG,16.1,T,,M,17.07,N,31.62,K,A*3C
$HEHDT,15.0,T*1B
$VWVHW,15.0,T,,M,17.29,N,32.02,K*40
$GPGGA,081149.00,5930.50975,N,02448.03244,E,1,12,0.9,20.2,M,21.0,M,,*5A
$GPRMC,081149.00,A,5930.50975,N,02448.03244,E,17.00,16.0,140625,,,A*64
$GPVTG,16.0,T,,M,17.00,N,31.49,K,A*33
$HEHDT,14.9,T*13
$VWVHW,14.9,T,,M,17.21,N,31.87,K*4E
$GPGGA,081150.00,5930.51475,N,02448.03532,E,1,12,0.9,20.5,M,21.0,M,,*5F
$GPRMC,081150.00,A,5930.51475,N,02448.03532,E,17.10,16.4,140625,,,A*63
$GPVTG,16.4,T,,M,17.10,N,31.68,K,A*35
$HEHDT,14.7,T*1D
$VWVHW,14.7,T,,M,17.23,N,31.91,K*45
$GPGSV,2,1,08,03,64,043,50,08,41,098,46,11,23,153,41,14,49,208,45*7F
$GPGSV,2,2,08,17,67,265,50,22,21,313,42,28,09,353,37,31,57,123,46*76
$GAGSV,2,1,05,04,50,073,45,09,36,183,44,12,67,238,48,24,11,288,37*6B
$GAGSV,2,2,05,31,18,023,39*5D
$GPZDA,081150.00,14,06,2025,00,00*6D
$GPGGA,081151.00,5930.51869,N,02448.03857,E,1,12,0.9,19.5,M,21.0,M,,*5B
$GPRMC,081151.00,A,5930.51869,N,02448.03857,E,17.29,16.2,140625,,,A*61
$GPVTG,16.2,T,,M,17.29,N,32.03,K,A*37
$HEHDT,15.0,T*1B
$VWVHW,15.0,T,,M,17.23,N,31.91,K*43
$GPGGA,081152.00,5930.52309,N,02448.04050,E,1,12,0.9,20.4,M,21.0,M,,*55
$GPRMC,081152.00,A,5930.52309,N,02448.04050,E,17.17,16.3,140625,,,A*68
$GPVTG,16.3,T,,M,17.17,N,31.79,K,A*35
$HEHDT,14.5,T*1F
$VWVHW,14.5,T,,M,17.20,N,31.85,K*41
$GPGGA,081153.00,5930.52782,N,02448.04359,E,1,12,0.9,20.1,M,21.0,M,,*5C
$GPRMC,081153.00,A,5930.52782,N,02448.04359,E,17.18,15.7,140625,,,A*6C
$GPVTG,15.7,T,,M,17.18,N,31.82,K,A*39
$HEHDT,14.6,T*1C
$VWVHW,14.6,T,,M,17.20,N,31.85,K*42
$GPGGA,081154.00,5930.53256,N,02448.04630,E,1,12,0.9,20.3,M,21.0,M,,*5E
$GPRMC,081154.00,A,5930.53256,N,02448.04630,E,16.97,16.1,140625,,,A*6F
$GPVTG,16.1,T,,M,16.97,N,31.43,K,A*37
$HEHDT,15.3,T*18
$VWVHW,15.3,T,,M,17.25,N,31.95,K*42
$GPGGA,081155.00,5930.53641,N,02448.04796,E,1,12,0.9,20.1,M,21.0,M,,*52
$GPRMC,081155.00,A,5930.53641,N,02448.04796,E,17.03,16.3,140625,,,A*6F
$GPVTG,16.3,T,,M,17.03,N,31.54,K,A*3F
$HEHDT,14.5,T*1F
$VWVHW,14.5,T,,M,17.19,N,31.83,K*4D
$GPGSV,2,1,08,03,64,043,49,08,41,098,47,11,23,153,41,14,49,208,46*75
$GPGSV,2,2,08,17,67,265,50,22,21,313,41,28,09,353,37,31,57,123,47*74
$GAGSV,2,1,05,04,50,073,45,09,36,183,44,12,67,238,48,24,11,288,38*64
$GAGSV,2,2,05,31,18,023,40*53
$GPZDA,081155.00,14,06,2025,00,00*68
$GPGGA,081156.00,5930.54100,N,02448.05153,E,1,12,0.9,20.5,M,21.0,M,,*5E
$GPRMC,081156.00,A,5930.54100,N,02448.05153,E,17.18,16.3,140625,,,A*6D
$GPVTG,16.3,T,,M,17.18,N,31.82,K,A*3E
$HEHDT,14.8,T*12
$VWVHW,14.8,T,,M,17.25,N,31.95,K*48
$GPGGA,081157.00,5930.54565,N,02448.05359,E,1,12,0.9,19.7,M,21.0,M,,*58
$GPRMC,081157.00,A,5930.54565,N,02448.05359,E,17.07,15.7,140625,,,A*6A
$GPVTG,15.7,T,,M,17.07,N,31.62,K,A*39
$HEHDT,15.3,T*18
$VWVHW,15.3,T,,M,17.20,N,31.85,K*46
$GPGGA,081158.00,5930.55021,N,02448.05601,E,1,12,0.9,19.8,M,21.0,M,,*54
$GPRMC,081158.00,A,5930.55021,N,02448.05601,E,16.92,16.5,140625,,,A*65
$GPVTG,16.5,T,,M,16.92,N,31.34,K,A*36
$HEHDT,14.9,T*13
$VWVHW,14.9,T,,M,17.19,N,31.84,K*46
$GPGGA,081159.00,5930.55521,N,02448.05844,E,1,12,0.9,20.1,M,21.0,M,,*5C
$GPRMC,081159.00,A,5930.55521,N,02448.05844,E,17.04,15.6,140625,,,A*60
$GPVTG,15.6,T,,M,17.04,N,31.57,K,A*3D
$HEHDT,15.0,T*1B
$VWVHW,15.0,T,,M,17.14,N,31.75,K*4D
$GPGGA,081200.00,5930.55958,N,02448.06058,E,1,12,0.9,20.5,M,21.0,M,,*53
$GPRMC,081200.00,A,5930.55958,N,02448.06058,E,17.24,15.9,140625,,,A*66
$GPVTG,15.9,T,,M,17.24,N,31.93,K,A*38
$HEHDT,14.9,T*13
$VWVHW,14.9,T,,M,17.18,N,31.83,K*40
$GPGSV,2,1,08,03,64,043,49,08,41,098,47,11,23,153,40,14,49,208,46*74
$GPGSV,2,2,08,17,67,265,49,22,21,313,42,28,09,353,37,31,57,123,46*7E
$GAGSV,2,1,05,04,50,073,46,09,36,183,44,12,67,238,48,24,11,288,38*67
$GAGSV,2,2,05,31,18,023,40*53
$GPZDA,081200.00,14,06,2025,00,00*6B
$GPGGA,081201.00,5930.56360,N,02448.06358,E,1,12,0.9,20.4,M,21.0,M,,*52
$GPRMC,081201.00,A,5930.56360,N,02448.06358,E,17.19,16.4,140625,,,A*66
$GPVTG,16.4,T,,M,17.19,N,31.84,K,A*3E
$HEHDT,14.7,T*1D
$VWVHW,14.7,T,,M,17.13,N,31.72,K*4B
$GPGGA,081202.00,5930.56855,N,02448.06624,E,1,12,0.9,20.0,M,21.0,M,,*56
$GPRMC,081202.00,A,5930.56855,N,02448.06624,E,17.26,16.1,140625,,,A*6F
$GPVTG,16.1,T,,M,17.26,N,31.96,K,A*34
$HEHDT,15.2,T*19
$VWVHW,15.2,T,,M,17.33,N,32.09,K*42
$GPGGA,081203.00,5930.57293,N,02448.06865,E,1,12,0.9,20.6,M,21.0,M,,*5B
$GPRMC,081203.00,A,5930.57293,N,02448.06865,E,17.37,16.2,140625,,,A*67
$GPVTG,16.2,T,,M,17.37,N,32.17,K,A*3D
$HEHDT,14.8,T*12
$VWVHW,14.8,T,,M,17.29,N,32.02,K*49
$GPGGA,081204.00,5930.57764,N,02448.07189,E,1,12,0.9,19.8,M,21.0,M,,*5F
$GPRMC,081204.00,A,5930.57764,N,02448.07189,E,17.19,16.4,140625,,,A*6D
$GPVTG,16.4,T,,M,17.19,N,31.83,K,A*39
$HEHDT,14.8,T*12
$VWVHW,14.8,T,,M,17.13,N,31.72,K*44
$GPGGA,081205.00,5930.58221,N,02448.07469,E,1,12,0.9,20.0,M,21.0,M,,*5C
$GPRMC,081205.00,A,5930.58221,N,02448.07469,E,17.25,16.1,140625,,,A*66
$GPVTG,16.1,T,,M,17.25,N,31.95,K,A*34
$HEHDT,15.2,T*19
$VWVHW,15.2,T,,M,17.12,N,31.70,K*4C
$GPGSV,2,1,08,03,64,043,49,08,41,098,47,11,23,153,41,14,49,208,46*75
$GPGSV,2,2,08,17,67,265,50,22,21,313,41,28,09,353,37,31,57,123,47*74
$GAGSV,2,1,05,04,50,073,44,09,36,183,45,12,67,238,48,24,11,288,39*65
$GAGSV,2,2,05,31,18,023,40*53
$GPZDA,081205.00,14,06,2025,00,00*6E
$GPGGA,081206.00,5930.58707,N,02448.07666,E,1,12,0.9,20.4,M,21.0,M,,*57
$GPRMC,081206.00,A,5930.58707,N,02448.07666,E,17.09,15.9,140625,,,A*6C
$GPVTG,15.9,T,,M,17.09,N,31.65,K,A*3E
$HEHDT,14.8,T*12
$VWVHW,14.8,T,,M,17.35,N,32.14,K*43
$GPGGA,081207.00,5930.59117,N,02448.07993,E,1,12,0.9,20.6,M,21.0,M,,*57
$GPRMC,081207.00,A,5930.59117,N,02448.07993,E,17.01,16.4,140625,,,A*68
$GPVTG,16.4,T,,M,17.01,N,31.50,K,A*3E
$HEHDT,14.7,T*1D
$VWVHW,14.7,T,,M,17.22,N,31.88,K*4C
$GPGGA,081208.00,5930.59587,N,02448.08183,E,1,12,0.9,20.1,M,21.0,M,,*54
$GPRMC,081208.00,A,5930.59587,N,02448.08183,E,17.12,15.6,140625,,,A*6F
$GPVTG,15.6,T,,M,17.12,N,31.70,K,A*3F
$HEHDT,15.1,T*1A
$VWVHW,15.1,T,,M,17.20,N,31.85,K*44
$GPGGA,081209.00,5930.60022,N,02448.08445,E,1,12,1.0,19.8,M,21.0,M,,*51
$GPRMC,081209.00,A,5930.60022,N,02448.08445,E,17.10,16.2,140625,,,A*64
$GPVTG,16.2,T,,M,17.10,N,31.67,K,A*3C
$HEHDT,14.6,T*1C
$VWVHW,14.6,T,,M,17.18,N,31.82,K*4E
$GPGGA,081210.00,5930.60507,N,02448.08681,E,1,12,1.0,19.6,M,21.0,M,,*5F
$GPRMC,081210.00,A,5930.60507,N,02448.08681,E,17.16,16.0,140625,,,A*60
$GPVTG,16.0,T,,M,17.16,N,31.78,K,A*36
$HEHDT,14.7,T*1D
$VWVHW,14.7,T,,M,17.09,N,31.65,K*46
$GPGSV,2,1,08,03,64,043,49,08,41,098,46,11,23,153,41,14,49,208,46*74
$GPGSV,2,2,08,17,67,265,49,22,21,313,41,28,09,353,37,31,57,123,47*7C
$GAGSV,2,1,05,04,50,073,45,09,36,183,43,12,67,238,47,24,11,288,38*6C
$GAGSV,2,2,05,31,18,023,40*53
$GPZDA,081210.00,14,06,2025,00,00*6A
$GPGGA,081211.00,5930.60946,N,02448.09017,E,1,12,1.0,19.1,M,21.0,M,,*58
$GPRMC,081211.00,A,5930.60946,N,02448.09017,E,17.09,16.1,140625,,,A*6F
$GPVTG,16.1,T,,M,17.09,N,31.66,K,A*36
$HEHDT,15.1,T*1A
$VWVHW,15.1,T,,M,17.03,N,31.55,K*48
$GPGGA,081212.00,5930.61400,N,02448.09179,E,1,12,1.0,20.2,M,21.0,M,,*55
$GPRMC,081212.00,A,5930.61400,N,02448.09179,E,17.01,16.1,140625,,,A*63
$GPVTG,16.1,T,,M,17.01,N,31.51,K,A*3A
$HEHDT,14.8,T*12
$VWVHW,14.8,T,,M,17.12,N,31.71,K*46
$GPGGA,081213.00,5930.61882,N,02448.09456,E,1,12,1.0,19.4,M,21.0,M,,*56
$GPRMC,081213.00,A,5930.61882,N,02448.09456,E,16.97,16.3,140625,,,A*60
$GPVTG,16.3,T,,M,16.97,N,31.43,K,A*35
$HEHDT,14.9,T*13
$VWVHW,14.9,T,,M,17.31,N,32.05,K*46
$GPGGA,081214.00,5930.62308,N,02448.09656,E,1,12,1.0,20.1,M,21.0,M,,*56
$GPRMC,081214.00,A,5930.62308,N,02448.09656,E,17.04,15.9,140625,,,A*6D
$GPVTG,15.9,T,,M,17.04,N,31.56,K,A*33
$HEHDT,15.2,T*19
$VWVHW,15.2,T,,M,17.24,N,31.92,K*45
$GPGGA,081215.00,5930.62775,N,02448.09992,E,1,12,1.0,19.4,M,21.0,M,,*51
$GPRMC,081215.00,A,5930.62775,N,02448.09992,E,16.99,16.7,140625,,,A*6D
$GPVTG,16.7,T,,M,16.99,N,31.47,K,A*3B
$HEHDT,15.3,T*18
$VWVHW,15.3,T,,M,17.33,N,32.10,K*4B
$GPGSV,2,1,08,03,64,043,48,08,41,098,47,11,23,153,40,14,49,208,46*75
$GPGSV,2,2,08,17,67,265,50,22,21,313,41,28,09,353,37,31,57,123,47*74
$GAGSV,2,1,05,04,50,073,46,09,36,183,43,12,67,238,48,24,11,288,39*61
$GAGSV,2,2,05,31,18,023,40*53
$GPZDA,081215.00,14,06,2025,00,00*6F
$GPGGA,081216.00,5930.63159,N,02448.10212,E,1,12,1.0,19.7,M,21.0,M,,*53
$GPRMC,081216.00,A,5930.63159,N,02448.10212,E,17.08,16.0,140625,,,A*62
$GPVTG,16.0,T,,M,17.08,N,31.63,K,A*33
$HEHDT,14.7,T*1D
$VWVHW,14.7,T,,M,16.95,N,31.39,K*4B
$GPGGA,081217.00,5930.63684,N,02448.10505,E,1,12,1.0,19.6,M,21.0,M,,*55
$GPRMC,081217.00,A,5930.63684,N,02448.10505,E,17.11,16.2,140625,,,A*6F
$GPVTG,16.2,T,,M,17.11,N,31.70,K,A*3B
$HEHDT,15.2,T*19
$VWVHW,15.2,T,,M,17.05,N,31.57,K*4F
$GPGGA,081218.00,5930.64154,N,02448.10713,E,1,12,1.0,19.3,M,21.0,M,,*57
$GPRMC,081218.00,A,5930.64154,N,02448.10713,E,17.11,16.2,140625,,,A*68
$GPVTG,16.2,T,,M,17.11,N,31.70,K,A*3B
$HEHDT,15.1,T*1A
$VWVHW,15.1,T,,M,17.32,N,32.08,K*41
$GPGGA,081219.00,5930.64568,N,02448.11057,E,1,12,1.0,20.3,M,21.0,M,,*51
$GPRMC,081219.00,A,5930.64568,N,02448.11057,E,16.90,15.8,140625,,,A*65
$GPVTG,15.8,T,,M,16.90,N,31.30,K,A*3E
$HEHDT,14.8,T*12
$VWVHW,14.8,T,,M,17.13,N,31.72,K*44
$GPGGA,081220.00,5930.65020,N,02448.11337,E,1,12,1.0,20.0,M,21.0,M,,*55
$GPRMC,081220.00,A,5930.65020,N,02448.11337,E,16.99,15.9,140625,,,A*6A
$GPVTG,15.9,T,,M,16.99,N,31.47,K,A*36
$HEHDT,15.0,T*1B
$VWVHW,15.0,T,,M,17.16,N,31.78,K*42
$GPGSV,2,1,08,03,64,043,50,08,41,098,47,11,23,153,41,14,49,208,46*7D
$GPGSV,2,2,08,17,67,265,50,22,21,313,42,28,09,353,37,31,57,123,47*77
$GAGSV,2,1,05,04,50,073,47,09,36,183,44,12,67,238,49,24,11,288,38*67
$GAGSV,2,2,05,31,18,023,40*53
$GPZDA,081220.00,14,06,2025,00,00*69
$GPGGA,081221.00,5930.65470,N,02448.11567,E,1,12,1.0,19.9,M,21.0,M,,*55
$GPRMC,081221.00,A,5930.65470,N,02448.11567,E,17.03,15.8,140625,,,A*6A
$GPVTG,15.8,T,,M,17.03,N,31.54,K,A*37
$HEHDT,15.0,T*1B
$VWVHW,15.0,T,,M,17.14,N,31.74,K*4C
$GPGGA,081222.00,5930.65922,N,02448.11842,E,1,12,1.0,19.4,M,21.0,M,,*5B
$GPRMC,081222.00,A,5930.65922,N,02448.11842,E,17.12,16.5,140625,,,A*67
$GPVTG,16.5,T,,M,17.12,N,31.71,K,A*3E
$HEHDT,14.7,T*1D
$VWVHW,14.7,T,,M,17.17,N,31.80,K*42
$GPGGA,081223.00,5930.66384,N,02448.12128,E,1,12,1.0,19.6,M,21.0,M,,*5B
$GPRMC,081223.00,A,5930.66384,N,02448.12128,E,17.01,15.8,140625,,,A*69
$GPVTG,15.8,T,,M,17.01,N,31.50,K,A*31
$HEHDT,15.0,T*1B
$VWVHW,15.0,T,,M,17.12,N,31.71,K*4F
$GPGGA,081224.00,5930.66846,N,02448.12388,E,1,12,1.0,19.6,M,21.0,M,,*51
$GPRMC,081224.00,A,5930.66846,N,02448.12388,E,17.15,16.5,140625,,,A*68
$GPVTG,16.5,T,,M,17.15,N,31.77,K,A*3F
$HEHDT,15.2,T*19
$VWVHW,15.2,T,,M,17.21,N,31.88,K*4B
$GPGGA,081225.00,5930.67290,N,02448.12538,E,1,12,1.0,19.9,M,21.0,M,,*52
$GPRMC,081225.00,A,5930.67290,N,02448.12538,E,17.00,16.1,140625,,,A*64
$GPVTG,16.1,T,,M,17.00,N,31.48,K,A*33
$HEHDT,15.2,T*19
$VWVHW,15.2,T,,M,17.03,N,31.54,K*4A
$GPGSV,2,1,08,03,64,043,49,08,41,098,46,11,23,153,42,14,49,208,46*77
$GPGSV,2,2,08,17,67,265,50,22,21,313,41,28,09,353,38,31,57,123,47*7B
$GAGSV,2,1,05,04,50,073,46,09,36,183,44,12,67,238,49,24,11,288,38*66
$GAGSV,2,2,05,31,18,023,40*53
$GPZDA,081225.00,14,06,2025,00,00*6C
$GPGGA,081226.00,5930.67728,N,02448.12874,E,1,12,1.0,19.6,M,21.0,M,,*5D
$GPRMC,081226.00,A,5930.67728,N,02448.12874,E,16.97,15.8,140625,,,A*61
$GPVTG,15.8,T,,M,16.97,N,31.43,K,A*3D
$HEHDT,15.1,T*1A
$VWVHW,15.1,T,,M,17.03,N,31.54,K*49
$GPGGA,081227.00,5930.68192,N,02448.13103,E,1,12,1.0,19.8,M,21.0,M,,*52
$GPRMC,081227.00,A,5930.68192,N,02448.13103,E,17.02,16.1,140625,,,A*67
$GPVTG,16.1,T,,M,17.02,N,31.52,K,A*3A
$HEHDT,14.8,T*12
$VWVHW,14.8,T,,M,17.20,N,31.85,K*4C
$GPGGA,081228.00,5930.68640,N,02448.13398,E,1,12,1.0,20.6,M,21.0,M,,*51
$GPRMC,081228.00,A,5930.68640,N,02448.13398,E,16.96,16.0,140625,,,A*6D
$GPVTG,16.0,T,,M,16.96,N,31.41,K,A*35
$HEHDT,14.5,T*1F
$VWVHW,14.5,T,,M,16.98,N,31.45,K*4F
$GPGGA,081229.00,5930.69105,N,02448.13646,E,1,12,1.0,20.2,M,21.0,M,,*55
$GPRMC,081229.00,A,5930.69105,N,02448.13646,E,17.08,16.2,140625,,,A*69
$GPVTG,16.2,T,,M,17.08,N,31.63,K,A*31
$HEHDT,14.6,T*1C
$VWVHW,14.6,T,,M,16.98,N,31.45,K*4C
$GPGGA,081230.00,5930.69539,N,02448.13968,E,1,12,1.0,20.4,M,21.0,M,,*53
$GPRMC,081230.00,A,5930.69539,N,02448.13968,E,17.10,16.5,140625,,,A*67
$GPVTG,16.5,T,,M,17.10,N,31.68,K,A*34
$HEHDT,15.0,T*1B
$VWVHW,15.0,T,,M,17.10,N,31.68,K*45
$GPGSV,2,1,08,03,64,043,50,08,41,098,47,11,23,153,41,14,49,208,45*7E
$GPGSV,2,2,08,17,67,265,49,22,21,313,41,28,09,353,38,31,57,123,48*7C
$GAGSV,2,1,05,04,50,073,45,09,36,183,44,12,67,238,48,24,11,288,38*64
$GAGSV,2,2,05,31,18,023,40*53
$GPZDA,081230.00,14,06,2025,00,00*68
$GPGGA,081231.00,5930.69962,N,02448.14246,E,1,12,1.0,20.4,M,21.0,M,,*50
$GPRMC,081231.00,A,5930.69962,N,02448.14246,E,17.09,15.9,140625,,,A*63
$GPVTG,15.9,T,,M,17.09,N,31.65,K,A*3E
$HEHDT,15.0,T*1B
$VWVHW,15.0,T,,M,17.06,N,31.59,K*40
$GPGGA,081232.00,5930.70386,N,02448.14455,E,1,12,1.0,20.2,M,21.0,M,,*59
$GPRMC,081232.00,A,5930.70386,N,02448.14455,E,17.08,16.2,140625,,,A*65
$GPVTG,16.2,T,,M,17.08,N,31.63,K,A*31
$HEHDT,14.6,T*1C
$VWVHW,14.6,T,,M,17.19,N,31.83,K*4E
$GPGGA,081233.00,5930.70874,N,02448.14605,E,1,12,1.0,20.4,M,21.0,M,,*5F
$GPRMC,081233.00,A,5930.70874,N,02448.14605,E,16.93,16.3,140625,,,A*67
$GPVTG,16.3,T,,M,16.93,N,31.35,K,A*30
$HEHDT,14.4,T*1E
$VWVHW,14.4,T,,M,17.04,N,31.55,K*4B
$GPGGA,081234.00,5930.71351,N,02448.14904,E,1,12,1.0,20.3,M,21.0,M,,*5C
$GPRMC,081234.00,A,5930.71351,N,02448.14904,E,16.90,16.3,140625,,,A*60
$GPVTG,16.3,T,,M,16.90,N,31.30,K,A*36
$HEHDT,14.9,T*13
$VWVHW,14.9,T,,M,17.07,N,31.61,K*42
$GPGGA,081235.00,5930.71816,N,02448.15213,E,1,12,1.0,20.5,M,21.0,M,,*5F
$GPRMC,081235.00,A,5930.71816,N,02448.15213,E,17.02,16.1,140625,,,A*6D
$GPVTG,16.1,T,,M,17.02,N,31.52,K,A*3A
$HEHDT,14.7,T*1D
$VWVHW,14.7,T,,M,17.00,N,31.48,K*40
$GPGSV,2,1,08,03,64,043,49,08,41,098,46,11,23,153,41,14,49,208,45*77
$GPGSV,2,2,08,17,67,265,48,22,21,313,42,28,09,353,38,31,57,123,49*7F
$GAGSV,2,1,05,04,50,073,45,09,36,183,44,12,67,238,49,24,11,288,38*65
$GAGSV,2,2,05,31,18,023,40*53
$GPZDA,081235.00,14,06,2025,00,00*6D
$GPGGA,081236.00,5930.72238,N,02448.15486,E,1,12,1.0,20.8,M,21.0,M,,*5E
$GPRMC,081236.00,A,5930.72238,N,02448.15486,E,16.90,16.4,140625,,,A*6E
$GPVTG,16.4,T,,M,16.90,N,31.30,K,A*31
$HEHDT,14.8,T*12
$VWVHW,14.8,T,,M,17.06,N,31.60,K*43
$GPGGA,081237.00,5930.72678,N,02448.15719,E,1,12,1.0,20.5,M,21.0,M,,*57
$GPRMC,081237.00,A,5930.72678,N,02448.15719,E,16.79,16.4,140625,,,A*6D
$GPVTG,16.4,T,,M,16.79,N,31.10,K,A*34
$HEHDT,14.6,T*1C
$VWVHW,14.6,T,,M,16.91,N,31.32,K*45
$GPGGA,081238.00,5930.73154,N,02448.15981,E,1,12,1.0,20.9,M,21.0,M,,*53
$GPRMC,081238.00,A,5930.73154,N,02448.15981,E,17.04,16.0,140625,,,A*6A
$GPVTG,16.0,T,,M,17.04,N,31.55,K,A*3A
$HEHDT,14.8,T*12
$VWVHW,14.8,T,,M,16.91,N,31.32,K*4B
$GPGGA,081239.00,5930.73605,N,02448.16348,E,1,12,1.0,19.7,M,21.0,M,,*59
$GPRMC,081239.00,A,5930.73605,N,02448.16348,E,17.06,16.3,140625,,,A*65
$GPVTG,16.3,T,,M,17.06,N,31.59,K,A*37
$HEHDT,14.8,T*12
$VWVHW,14.8,T,,M,17.00,N,31.48,K*4F
$GPGGA,081240.00,5930.74053,N,02448.16509,E,1,12,1.0,20.6,M,21.0,M,,*5D
$GPRMC,081240.00,A,5930.74053,N,02448.16509,E,17.04,16.4,140625,,,A*6F
$GPVTG,16.4,T,,M,17.04,N,31.57,K,A*3C
$HEHDT,14.5,T*1F
$VWVHW,14.5,T,,M,17.18,N,31.81,K*4E
$GPGSV,2,1,08,03,64,043,49,08,41,098,46,11,23,153,41,14,49,208,46*74
$GPGSV,2,2,08,17,67,265,50,22,21,313,42,28,09,353,37,31,57,123,47*77
$GAGSV,2,1,05,04,50,073,45,09,36,183,43,12,67,238,49,24,11,288,37*6D
$GAGSV,2,2,05,31,18,023,40*53
$GPZDA,081240.00,14,06,2025,00,00*6F
$GPGGA,081241.00,5930.74530,N,02448.16787,E,1,12,1.0,20.8,M,21.0,M,,*56
$GPRMC,081241.00,A,5930.74530,N,02448.16787,E,16.96,16.4,140625,,,A*60
$GPVTG,16.4,T,,M,16.96,N,31.41,K,A*31
$HEHDT,14.9,T*13
$VWVHW,14.9,T,,M,16.98,N,31.44,K*42
$GPGGA,081242.00,5930.74950,N,02448.17086,E,1,12,1.0,20.8,M,21.0,M,,*58
$GPRMC,081242.00,A,5930.74950,N,02448.17086,E,16.92,16.0,140625,,,A*6E
$GPVTG,16.0,T,,M,16.92,N,31.33,K,A*34
$HEHDT,15.0,T*1B
$VWVHW,15.0,T,,M,16.86,N,31.23,K*44
$GPGGA,081243.00,5930.75392,N,02448.17406,E,1,12,1.0,20.1,M,21.0,M,,*59
$GPRMC,081243.00,A,5930.75392,N,02448.17406,E,16.89,16.0,140625,,,A*6C
$GPVTG,16.0,T,,M,16.89,N,31.28,K,A*34
$HEHDT,14.3,T*19
$VWVHW,14.3,T,,M,17.09,N,31.65,K*42
$GPGGA,081244.00,5930.75922,N,02448.17608,E,1,12,1.0,20.4,M,21.0,M,,*56
$GPRMC,081244.00,A,5930.75922,N,02448.17608,E,16.94,16.5,140625,,,A*6F
$GPVTG,16.5,T,,M,16.94,N,31.38,K,A*3C
$HEHDT,14.5,T*1F
$VWVHW,14.5,T,,M,16.97,N,31.43,K*46
$GPGGA,081245.00,5930.76339,N,02448.17746,E,1,12,1.0,20.3,M,21.0,M,,*58
$GPRMC,081245.00,A,5930.76339,N,02448.17746,E,16.88,16.2,140625,,,A*6C
$GPVTG,16.2,T,,M,16.88,N,31.27,K,A*38
$HEHDT,15.0,T*1B
$VWVHW,15.0,T,,M,16.86,N,31.22,K*45
$GPGSV,2,1,08,03,64,043,49,08,41,098,47,11,23,153,41,14,49,208,46*75
$GPGSV,2,2,08,17,67,265,49,22,21,313,42,28,09,353,37,31,57,123,47*7F
$GAGSV,2,1,05,04,50,073,45,09,36,183,44,12,67,238,47,24,11,288,38*6B
$GAGSV,2,2,05,31,18,023,40*53
$GPZDA,081245.00,14,06,2025,00,00*6A
$GPGGA,081246.00,5930.76791,N,02448.18088,E,1,12,1.0,20.3,M,21.0,M,,*57
$GPRMC,081246.00,A,5930.76791,N,02448.18088,E,16.84,16.3,140625,,,A*6E
$GPVTG,16.3,T,,M,16.84,N,31.19,K,A*38
$HEHDT,15.1,T*1A
$VWVHW,15.1,T,,M,16.93,N,31.36,K*45
$GPGGA,081247.00,5930.77256,N,02448.18292,E,1,12,1.0,20.5,M,21.0,M,,*56
$GPRMC,081247.00,A,5930.77256,N,02448.18292,E,16.97,16.4,140625,,,A*6C
$GPVTG,16.4,T,,M,16.97,N,31.43,K,A*32
$HEHDT,14.8,T*12
$VWVHW,14.8,T,,M,16.93,N,31.35,K*4E
$GPGGA,081248.00,5930.77630,N,02448.18558,E,1,12,1.0,20.7,M,21.0,M,,*5E
$GPRMC,081248.00,A,5930.77630,N,02448.18558,E,16.84,16.7,140625,,,A*67
$GPVTG,16.7,T,,M,16.84,N,31.18,K,A*3D
$HEHDT,14.9,T*13
$VWVHW,14.9,T,,M,17.00,N,31.48,K*4E
$GPGGA,081249.00,5930.78147,N,02448.18804,E,1,12,1.0,19.7,M,21.0,M,,*59
$GPRMC,081249.00,A,5930.78147,N,02448.18804,E,16.98,16.1,140625,,,A*61
$GPVTG,16.1,T,,M,16.98,N,31.45,K,A*3E
$HEHDT,15.1,T*1A
$VWVHW,15.1,T,,M,16.96,N,31.41,K*40
$GPGGA,081250.00,5930.78566,N,02448.19114,E,1,12,1.0,19.7,M,21.0,M,,*5F
$GPRMC,081250.00,A,5930.78566,N,02448.19114,E,16.94,16.2,140625,,,A*68
$GPVTG,16.2,T,,M,16.94,N,31.38,K,A*3B
$HEHDT,15.1,T*1A
$VWVHW,15.1,T,,M,16.87,N,31.24,K*43
$GPGSV,2,1,08,03,64,043,48,08,41,098,46,11,23,153,41,14,49,208,47*74
$GPGSV,2,2,08,17,67,265,50,22,21,313,42,28,09,353,38,31,57,123,48*77
$GAGSV,2,1,05,04,50,073,46,09,36,183,44,12,67,238,47,24,11,288,37*67
$GAGSV,2,2,05,31,18,023,42*51
$GPZDA,081250.00,14,06,2025,00,00*6E
$GPGGA,081251.00,5930.79021,N,02448.19323,E,1,12,1.0,19.9,M,21.0,M,,*51
$GPRMC,081251.00,A,5930.79021,N,02448.19323,E,17.03,16.1,140625,,,A*64
$GPVTG,16.1,T,,M,17.03,N,31.54,K,A*3D
$HEHDT,14.8,T*12
$VWVHW,14.8,T,,M,17.08,N,31.63,K*4E
$GPGGA,081252.00,5930.79453,N,02448.19649,E,1,12,1.0,20.1,M,21.0,M,,*58
$GPRMC,081252.00,A,5930.79453,N,02448.19649,E,16.99,15.9,140625,,,A*66
$GPVTG,15.9,T,,M,16.99,N,31.46,K,A*37
$HEHDT,14.4,T*1E
$VWVHW,14.4,T,,M,17.10,N,31.67,K*4F
$GPGGA,081253.00,5930.79933,N,02448.19913,E,1,12,1.0,19.6,M,21.0,M,,*5F
$GPRMC,081253.00,A,5930.79933,N,02448.19913,E,16.96,16.2,140625,,,A*6B
$GPVTG,16.2,T,,M,16.96,N,31.41,K,A*37
$HEHDT,14.5,T*1F
$VWVHW,14.5,T,,M,17.06,N,31.59,K*44
$GPGGA,081254.00,5930.80374,N,02448.20138,E,1,12,1.0,19.9,M,21.0,M,,*53
$GPRMC,081254.00,A,5930.80374,N,02448.20138,E,16.80,16.1,140625,,,A*6C
$GPVTG,16.1,T,,M,16.80,N,31.12,K,A*35
$HEHDT,14.6,T*1C
$VWVHW,14.6,T,,M,17.01,N,31.51,K*48
$GPGGA,081255.00,5930.80827,N,02448.20417,E,1,12,1.0,19.4,M,21.0,M,,*5A
$GPRMC,081255.00,A,5930.80827,N,02448.20417,E,16.81,16.3,140625,,,A*6B
$GPVTG,16.3,T,,M,16.81,N,31.12,K,A*36
$HEHDT,15.0,T*1B
$VWVHW,15.0,T,,M,17.07,N,31.60,K*4B
$GPGSV,2,1,08,03,64,043,49,08,41,098,46,11,23,153,41,14,49,208,46*74
$GPGSV,2,2,08,17,67,265,51,22,21,313,41,28,09,353,38,31,57,123,47*7A
$GAGSV,2,1,05,04,50,073,47,09,36,183,43,12,67,238,47,24,11,288,36*60
$GAGSV,2,2,05,31,18,023,40*53
$GPZDA,081255.00,14,06,2025,00,00*6B
$GPGGA,081256.00,5930.81265,N,02448.20627,E,1,12,1.0,20.0,M,21.0,M,,*5B
$GPRMC,081256.00,A,5930.81265,N,02448.20627,E,16.84,16.6,140625,,,A*64
$GPVTG,16.6,T,,M,16.84,N,31.18,K,A*3C
$HEHDT,15.0,T*1B
$VWVHW,15.0,T,,M,16.89,N,31.28,K*40
$GPGGA,081257.00,5930.81668,N,02448.20914,E,1,12,1.0,19.7,M,21.0,M,,*51
$GPRMC,081257.00,A,5930.81668,N,02448.20914,E,16.83,15.8,140625,,,A*69
$GPVTG,15.8,T,,M,16.83,N,31.17,K,A*39
$HEHDT,14.9,T*13
$VWVHW,14.9,T,,M,16.88,N,31.26,K*47
$GPGGA,081258.00,5930.82123,N,02448.21097,E,1,12,1.0,19.7,M,21.0,M,,*56
$GPRMC,081258.00,A,5930.82123,N,02448.21097,E,16.94,15.7,140625,,,A*67
$GPVTG,15.7,T,,M,16.94,N,31.37,K,A*32
$HEHDT,14.9,T*13
$VWVHW,14.9,T,,M,17.03,N,31.54,K*40
$GPGGA,081259.00,5930.82596,N,02448.21330,E,1,12,1.0,20.3,M,21.0,M,,*5D
$GPRMC,081259.00,A,5930.82596,N,02448.21330,E,16.84,16.4,140625,,,A*63
$GPVTG,16.4,T,,M,16.84,N,31.18,K,A*3E
$HEHDT,14.5,T*1F
$VWVHW,14.5,T,,M,17.06,N,31.60,K*4E
$GPGGA,081300.00,5930.83091,N,02448.21656,E,1,12,1.0,19.6,M,21.0,M,,*59
$GPRMC,081300.00,A,5930.83091,N,02448.21656,E,16.85,16.2,140625,,,A*6F
$GPVTG,16.2,T,,M,16.85,N,31.20,K,A*32
$HEHDT,14.6,T*1C
$VWVHW,14.6,T,,M,16.95,N,31.39,K*4A
$GPGSV,2,1,08,03,64,043,48,08,41,098,46,11,23,153,42,14,49,208,46*76
$GPGSV,2,2,08,17,67,265,51,22,21,313,42,28,09,353,37,31,57,123,48*79
$GAGSV,2,1,05,04,50,073,46,09,36,183,44,12,67,238,47,24,11,288,38*68
$GAGSV,2,2,05,31,18,023,41*52
$GPZDA,081300.00,14,06,2025,00,00*6A
$GPGGA,081301.00,5930.83501,N,02448.21887,E,1,12,1.0,19.1,M,21.0,M,,*51
$GPRMC,081301.00,A,5930.83501,N,02448.21887,E,16.91,16.3,140625,,,A*64
$GPVTG,16.3,T,,M,16.91,N,31.32,K,A*35
$HEHDT,14.7,T*1D
$VWVHW,14.7,T,,M,17.08,N,31.64,K*46
$GPGGA,081302.00,5930.83996,N,02448.22168,E,1,12,1.0,19.2,M,21.0,M,,*58
$GPRMC,081302.00,A,5930.83996,N,02448.22168,E,16.89,15.8,140625,,,A*6F
$GPVTG,15.8,T,,M,16.89,N,31.29,K,A*3E
$HEHDT,14.8,T*12
$VWVHW,14.8,T,,M,16.98,N,31.44,K*43
$GPGGA,081303.00,5930.84436,N,02448.22563,E,1,12,1.0,19.5,M,21.0,M,,*51
$GPRMC,081303.00,A,5930.84436,N,02448.22563,E,17.00,16.4,140625,,,A*6E
$GPVTG,16.4,T,,M,17.00,N,31.49,K,A*37
$HEHDT,14.8,T*12
$VWVHW,14.8,T,,M,17.03,N,31.54,K*41
$GPGGA,081304.00,5930.84893,N,02448.22695,E,1,12,1.0,18.8,M,21.0,M,,*53
$GPRMC,081304.00,A,5930.84893,N,02448.22695,E,16.91,16.0,140625,,,A*6D
$GPVTG,16.0,T,,M,16.91,N,31.32,K,A*36
$HEHDT,14.7,T*1D
$VWVHW,14.7,T,,M,16.90,N,31.30,K*47
$GPGGA,081305.00,5930.85371,N,02448.23012,E,1,12,1.0,19.0,M,21.0,M,,*55
$GPRMC,081305.00,A,5930.85371,N,02448.23012,E,16.93,15.9,140625,,,A*6A
$GPVTG,15.9,T,,M,16.93,N,31.35,K,A*39
$HEHDT,15.2,T*19
$VWVHW,15.2,T,,M,16.99,N,31.47,K*4A
$GPGSV,2,1,08,03,64,043,48,08,41,098,45,11,23,153,41,14,49,208,47*77
$GPGSV,2,2,08,17,67,265,50,22,21,313,42,28,09,353,37,31,57,123,48*78
$GAGSV,2,1,05,04,50,073,45,09,36,183,44,12,66,238,48,24,11,288,38*65
$GAGSV,2,2,05,31,18,023,42*51
$GPZDA,081305.00,14,06,2025,00,00*6F
$GPGGA,081306.00,5930.85813,N,02448.23230,E,1,12,1.0,19.1,M,21.0,M,,*5A
$GPRMC,081306.00,A,5930.85813,N,02448.23230,E,16.78,16.5,140625,,,A*6E
$GPVTG,16.5,T,,M,16.78,N,31.08,K,A*3D
$HEHDT,14.8,T*12
$VWVHW,14.8,T,,M,16.95,N,31.39,K*44
$GPGGA,081307.00,5930.86250,N,02448.23533,E,1,12,1.0,19.3,M,21.0,M,,*53
$GPRMC,081307.00,A,5930.86250,N,02448.23533,E,16.82,16.2,140625,,,A*67
$GPVTG,16.2,T,,M,16.82,N,31.16,K,A*30
$HEHDT,14.6,T*1C
$VWVHW,14.6,T,,M,16.98,N,31.45,K*4C
$GPGGA,081308.00,5930.86689,N,02448.23715,E,1,12,1.0,19.3,M,21.0,M,,*5A
$GPRMC,081308.00,A,5930.86689,N,02448.23715,E,16.88,16.1,140625,,,A*67
$GPVTG,16.1,T,,M,16.88,N,31.27,K,A*3B
$HEHDT,14.9,T*13
$VWVHW,14.9,T,,M,16.92,N,31.33,K*48
$GPGGA,081309.00,5930.87109,N,02448.23982,E,1,12,1.0,19.4,M,21.0,M,,*52
$GPRMC,081309.00,A,5930.87109,N,02448.23982,E,16.83,15.9,140625,,,A*68
$GPVTG,15.9,T,,M,16.83,N,31.16,K,A*39
$HEHDT,15.0,T*1B
$VWVHW,15.0,T,,M,16.89,N,31.28,K*40
$GPGGA,081310.00,5930.87603,N,02448.24291,E,1,12,1.0,19.9,M,21.0,M,,*54
$GPRMC,081310.00,A,5930.87603,N,02448.24291,E,16.73,16.5,140625,,,A*63
$GPVTG,16.5,T,,M,16.73,N,30.99,K,A*3F
$HEHDT,15.1,T*1A
$VWVHW,15.1,T,,M,16.80,N,31.11,K*42
$GPGSV,2,1,08,03,64,043,49,08,41,098,46,11,23,153,40,14,49,208,47*74
$GPGSV,2,2,08,17,67,265,50,22,21,313,41,28,09,353,38,31,57,123,49*75
$GAGSV,2,1,05,04,50,073,45,09,36,183,44,12,66,238,48,24,11,288,37*6A
$GAGSV,2,2,05,31,18,023,41*52
$GPZDA,081310.00,14,06,2025,00,00*6B
$GPGGA,081311.00,5930.88034,N,02448.24592,E,1,12,1.0,20.1,M,21.0,M,,*5E
$GPRMC,081311.00,A,5930.88034,N,02448.24592,E,16.85,16.2,140625,,,A*65
$GPVTG,16.2,T,,M,16.85,N,31.20,K,A*32
$HEHDT,14.5,T*1F
$VWVHW,14.5,T,,M,17.10,N,31.67,K*4E
$GPGGA,081312.00,5930.88426,N,02448.24777,E,1,12,1.0,19.4,M,21.0,M,,*5C
$GPRMC,081312.00,A,5930.88426,N,02448.24777,E,16.92,15.7,140625,,,A*68
$GPVTG,15.7,T,,M,16.92,N,31.33,K,A*30
$HEHDT,14.8,T*12
$VWVHW,14.8,T,,M,16.85,N,31.21,K*4C
$GPGGA,081313.00,5930.88925,N,02448.25088,E,1,12,1.0,19.1,M,21.0,M,,*50
$GPRMC,081313.00,A,5930.88925,N,02448.25088,E,16.97,16.4,140625,,,A*64
$GPVTG,16.4,T,,M,16.97,N,31.43,K,A*32
$HEHDT,14.3,T*19
$VWVHW,14.3,T,,M,16.97,N,31.42,K*41
$GPGGA,081314.00,5930.89325,N,02448.25323,E,1,12,1.0,19.2,M,21.0,M,,*5D
$GPRMC,081314.00,A,5930.89325,N,02448.25323,E,16.92,16.2,140625,,,A*69
$GPVTG,16.2,T,,M,16.92,N,31.33,K,A*36
$HEHDT,15.0,T*1B
$VWVHW,15.0,T,,M,16.77,N,31.05,K*4E
$GPGGA,081315.00,5930.89849,N,02448.25571,E,1,12,1.1,19.4,M,21.0,M,,*5B
$GPRMC,081315.00,A,5930.89849,N,02448.25571,E,16.82,16.8,140625,,,A*63
$GPVTG,16.8,T,,M,16.82,N,31.15,K,A*39
$HEHDT,15.0,T*1B
$VWVHW,15.0,T,,M,16.94,N,31.38,K*4D
$GPGSV,2,1,08,03,64,043,48,08,41,098,46,11,23,153,40,14,49,208,46*74
$GPGSV,2,2,08,17,67,265,50,22,21,313,42,28,09,353,37,31,57,123,49*79
$GAGSV,2,1,05,04,50,073,47,09,36,183,45,12,66,238,49,24,11,288,37*68
$GAGSV,2,2,05,31,18,023,42*51
$GPZDA,081315.00,14,06,2025,00,00*6E
$GPGGA,081316.00,5930.90264,N,02448.25909,E,1,12,1.1,19.5,M,21.0,M,,*57
$GPRMC,081316.00,A,5930.90264,N,02448.25909,E,16.81,16.3,140625,,,A*66
$GPVTG,16.3,T,,M,16.81,N,31.14,K,A*30
$HEHDT,14.9,T*13
$VWVHW,14.9,T,,M,16.96,N,31.41,K*49
$GPGGA,081317.00,5930.90733,N,02448.26114,E,1,12,1.1,19.1,M,21.0,M,,*52
$GPRMC,081317.00,A,5930.90733,N,02448.26114,E,16.81,16.3,140625,,,A*67
$GPVTG,16.3,T,,M,16.81,N,31.13,K,A*37
$HEHDT,14.8,T*12
$VWVHW,14.8,T,,M,16.93,N,31.35,K*4E
$GPGGA,081318.00,5930.91162,N,02448.26288,E,1,12,1.1,19.1,M,21.0,M,,*58
$GPRMC,081318.00,A,5930.91162,N,02448.26288,E,16.87,15.8,140625,,,A*63
$GPVTG,15.8,T,,M,16.87,N,31.24,K,A*3D
$HEHDT,15.1,T*1A
$VWVHW,15.1,T,,M,17.02,N,31.53,K*4F
$GPGGA,081319.00,5930.91630,N,02448.26622,E,1,12,1.1,19.3,M,21.0,M,,*5F
$GPRMC,081319.00,A,5930.91630,N,02448.26622,E,16.90,16.2,140625,,,A*69
$GPVTG,16.2,T,,M,16.90,N,31.29,K,A*3F
$HEHDT,14.9,T*13
$VWVHW,14.9,T,,M,16.86,N,31.22,K*4D
$GPGGA,081320.00,5930.92006,N,02448.26943,E,1,12,1.1,18.5,M,21.0,M,,*5A
$GPRMC,081320.00,A,5930.92006,N,02448.26943,E,16.83,16.0,140625,,,A*6B
$GPVTG,16.0,T,,M,16.83,N,31.16,K,A*33
$HEHDT,14.6,T*1C
$VWVHW,14.6,T,,M,16.95,N,31.39,K*4A
$GPGSV,2,1,08,03,64,043,48,08,41,098,46,11,23,153,40,14,49,208,46*74
$GPGSV,2,2,08,17,67,265,50,22,21,313,42,28,09,353,38,31,57,123,48*77
$GAGSV,2,1,05,04,50,073,46,09,36,183,45,12,66,238,49,24,11,288,38*66
$GAGSV,2,2,05,31,18,023,42*51
$GPZDA,081320.00,14,06,2025,00,00*68
$GPGGA,081321.00,5930.92497,N,02448.27177,E,1,12,1.1,19.1,M,21.0,M,,*5C
$GPRMC,081321.00,A,5930.92497,N,02448.27177,E,16.70,16.7,140625,,,A*63
$GPVTG,16.7,T,,M,16.70,N,30.93,K,A*34
$HEHDT,14.6,T*1C
$VWVHW,14.6,T,,M,16.93,N,31.36,K*43
$GPGGA,081322.00,5930.92923,N,02448.27442,E,1,12,1.1,19.1,M,21.0,M,,*5E
$GPRMC,081322.00,A,5930.92923,N,02448.27442,E,16.80,15.6,140625,,,A*6C
$GPVTG,15.6,T,,M,16.80,N,31.12,K,A*31
$HEHDT,15.2,T*19
$VWVHW,15.2,T,,M,16.89,N,31.29,K*43
$GPGGA,081323.00,5930.93412,N,02448.27696,E,1,12,1.1,18.7,M,21.0,M,,*5D
$GPRMC,081323.00,A,5930.93412,N,02448.27696,E,16.82,16.9,140625,,,A*66
$GPVTG,16.9,T,,M,16.82,N,31.14,K,A*39
$HEHDT,14.8,T*12
$VWVHW,14.8,T,,M,17.02,N,31.51,K*45
$GPGGA,081324.00,5930.93863,N,02448.28008,E,1,12,1.1,19.1,M,21.0,M,,*59
$GPRMC,081324.00,A,5930.93863,N,02448.28008,E,16.74,16.1,140625,,,A*64
$GPVTG,16.1,T,,M,16.74,N,31.01,K,A*3C
$HEHDT,14.9,T*13
$VWVHW,14.9,T,,M,16.85,N,31.21,K*4D
$GPGGA,081325.00,5930.94302,N,02448.28196,E,1,12,1.1,19.2,M,21.0,M,,*56
$GPRMC,081325.00,A,5930.94302,N,02448.28196,E,16.82,15.9,140625,,,A*6A
$GPVTG,15.9,T,,M,16.82,N,31.15,K,A*3B
$HEHDT,14.9,T*13
$VWVHW,14.9,T,,M,16.92,N,31.33,K*48
$GPGSV,2,1,08,03,64,043,48,08,41,098,46,11,23,153,41,14,49,208,45*76
$GPGSV,2,2,08,17,67,265,49,22,21,313,43,28,09,353,38,31,57,123,49*7F
$GAGSV,2,1,05,04,50,073,45,09,36,183,44,12,66,238,50,24,11,288,39*6D
$GAGSV,2,2,05,31,18,023,40*53
$GPZDA,081325.00,14,06,2025,00,00*6D
$GPGGA,081326.00,5930.94780,N,02448.28523,E,1,12,1.1,18.4,M,21.0,M,,*56
$GPRMC,081326.00,A,5930.94780,N,02448.28523,E,16.82,16.4,140625,,,A*63
$GPVTG,16.4,T,,M,16.82,N,31.15,K,A*35
$HEHDT,14.4,T*1E
$VWVHW,14.4,T,,M,17.01,N,31.50,K*4B
$GPGGA,081327.00,5930.95203,N,02448.28847,E,1,12,1.1,18.8,M,21.0,M,,*5B
$GPRMC,081327.00,A,5930.95203,N,02448.28847,E,16.84,15.8,140625,,,A*6B
$GPVTG,15.8,T,,M,16.84,N,31.19,K,A*30
$HEHDT,14.6,T*1C
$VWVHW,14.6,T,,M,16.96,N,31.40,K*47
$GPGGA,081328.00,5930.95659,N,02448.29023,E,1,12,1.1,18.4,M,21.0,M,,*58
$GPRMC,081328.00,A,5930.95659,N,02448.29023,E,16.77,16.3,140625,,,A*60
$GPVTG,16.3,T,,M,16.77,N,31.06,K,A*3A
$HEHDT,14.9,T*13
$VWVHW,14.9,T,,M,16.99,N,31.46,K*41
$GPGGA,081329.00,5930.96076,N,02448.29293,E,1,12,1.1,18.1,M,21.0,M,,*5D
$GPRMC,081329.00,A,5930.96076,N,02448.29293,E,16.78,16.1,140625,,,A*6D
$GPVTG,16.1,T,,M,16.78,N,31.08,K,A*39
$HEHDT,15.0,T*1B
$VWVHW,15.0,T,,M,16.90,N,31.30,K*41
$GPGGA,081330.00,5930.96543,N,02448.29668,E,1,12,1.1,18.5,M,21.0,M,,*52
$GPRMC,081330.00,A,5930.96543,N,02448.29668,E,16.80,16.1,140625,,,A*61
$GPVTG,16.1,T,,M,16.80,N,31.12,K,A*35
$HEHDT,15.0,T*1B
$VWVHW,15.0,T,,M,16.83,N,31.17,K*46
$GPGSV,2,1,08,03,64,043,49,08,41,098,45,11,23,153,41,14,49,208,46*77
$GPGSV,2,2,08,17,67,265,50,22,21,313,42,28,09,353,38,31,57,123,48*77
$GAGSV,2,1,05,04,50,073,47,09,36,183,45,12,66,238,48,24,11,288,39*67
$GAGSV,2,2,05,31,18,023,42*51
$GPZDA,081330.00,14,06,2025,00,00*69
$GPGGA,081331.00,5930.96963,N,02448.29817,E,1,12,1.1,18.6,M,21.0,M,,*58
$GPRMC,081331.00,A,5930.96963,N,02448.29817,E,16.78,16.3,140625,,,A*6D
$GPVTG,16.3,T,,M,16.78,N,31.07,K,A*34
$HEHDT,15.2,T*19
$VWVHW,15.2,T,,M,17.04,N,31.56,K*4F
$GPGGA,081332.00,5930.97417,N,02448.30006,E,1,12,1.1,18.5,M,21.0,M,,*57
$GPRMC,081332.00,A,5930.97417,N,02448.30006,E,16.85,16.5,140625,,,A*65
$GPVTG,16.5,T,,M,16.85,N,31.21,K,A*34
$HEHDT,14.2,T*18
$VWVHW,14.2,T,,M,16.87,N,31.24,K*41
$GPGGA,081333.00,5930.97863,N,02448.30423,E,1,12,1.1,19.3,M,21.0,M,,*5D
$GPRMC,081333.00,A,5930.97863,N,02448.30423,E,16.78,16.4,140625,,,A*6B
$GPVTG,16.4,T,,M,16.78,N,31.08,K,A*3C
$HEHDT,14.6,T*1C
$VWVHW,14.6,T,,M,16.93,N,31.36,K*43
$GPGGA,081334.00,5930.98314,N,02448.30700,E,1,12,1.1,18.4,M,21.0,M,,*5A
$GPRMC,081334.00,A,5930.98314,N,02448.30700,E,16.81,15.9,140625,,,A*62
$GPVTG,15.9,T,,M,16.81,N,31.14,K,A*39
$HEHDT,14.8,T*12
$VWVHW,14.8,T,,M,16.83,N,31.17,K*4F
$GPGGA,081335.00,5930.98756,N,02448.30980,E,1,12,1.1,18.7,M,21.0,M,,*5C
$GPRMC,081335.00,A,5930.98756,N,02448.30980,E,16.78,16.5,140625,,,A*6E
$GPVTG,16.5,T,,M,16.78,N,31.07,K,A*32
$HEHDT,14.5,T*1F
$VWVHW,14.5,T,,M,16.91,N,31.32,K*46
$GPGSV,2,1,08,03,64,043,49,08,41,098,46,11,23,153,41,14,49,208,47*75
$GPGSV,2,2,08,17,67,265,49,22,21,313,40,28,09,353,38,31,57,123,48*7D
$GAGSV,2,1,05,04,50,073,47,09,36,183,44,12,66,238,49,24,11,288,37*69
$GAGSV,2,2,05,31,18,023,41*52
$GPZDA,081335.00,14,06,2025,00,00*6C
$GPGGA,081336.00,5930.99225,N,02448.31156,E,1,12,1.1,19.2,M,21.0,M,,*59
$GPRMC,081336.00,A,5930.99225,N,02448.31156,E,16.87,16.4,140625,,,A*6E
$GPVTG,16.4,T,,M,16.87,N,31.25,K,A*33
$HEHDT,15.1,T*1A
$VWVHW,15.1,T,,M,16.87,N,31.24,K*43
$GPGGA,081337.00,5930.99666,N,02448.31403,E,1,12,1.1,19.1,M,21.0,M,,*5D
$GPRMC,081337.00,A,5930.99666,N,02448.31403,E,16.82,15.8,140625,,,A*63
$GPVTG,15.8,T,,M,16.82,N,31.15,K,A*3A
$HEHDT,14.9,T*13
$VWVHW,14.9,T,,M,16.76,N,31.05,K*47
$GPGGA,081338.00,5931.00096,N,02448.31687,E,1,12,1.1,18.8,M,21.0,M,,*5C
$GPRMC,081338.00,A,5931.00096,N,02448.31687,E,16.91,15.7,140625,,,A*67
$GPVTG,15.7,T,,M,16.91,N,31.31,K,A*31
$HEHDT,14.6,T*1C
$VWVHW,14.6,T,,M,16.80,N,31.11,K*44
$GPGGA,081339.00,5931.00545,N,02448.31931,E,1,12,1.1,18.8,M,21.0,M,,*54
$GPRMC,081339.00,A,5931.00545,N,02448.31931,E,16.88,16.1,140625,,,A*62
$GPVTG,16.1,T,,M,16.88,N,31.26,K,A*3A
$HEHDT,14.8,T*12
$VWVHW,14.8,T,,M,16.97,N,31.43,K*4B
$GPGGA,081340.00,5931.00969,N,02448.32144,E,1,12,1.1,19.1,M,21.0,M,,*59
$GPRMC,081340.00,A,5931.00969,N,02448.32144,E,16.75,16.1,140625,,,A*65
$GPVTG,16.1,T,,M,16.75,N,31.02,K,A*3E
$HEHDT,14.9,T*13
$VWVHW,14.9,T,,M,16.94,N,31.37,K*4A
$GPGSV,2,1,08,03,64,043,49,08,41,098,46,11,23,153,42,14,49,208,47*76
$GPGSV,2,2,08,17,67,265,49,22,21,313,41,28,09,353,38,31,57,123,48*7C
$GAGSV,2,1,05,04,50,073,46,09,36,183,44,12,66,238,50,24,11,288,37*60
$GAGSV,2,2,05,31,18,023,41*52
$GPZDA,081340.00,14,06,2025,00,00*6E
$GPGGA,081341.00,5931.01451,N,02448.32382,E,1,12,1.1,19.3,M,21.0,M,,*55
$GPRMC,081341.00,A,5931.01451,N,02448.32382,E,16.80,15.9,140625,,,A*6A
$GPVTG,15.9,T,,M,16.80,N,31.11,K,A*3D
$HEHDT,14.7,T*1D
$VWVHW,14.7,T,,M,16.99,N,31.46,K*4F
$GPGGA,081342.00,5931.01849,N,02448.32667,E,1,12,1.1,18.7,M,21.0,M,,*58
$GPRMC,081342.00,A,5931.01849,N,02448.32667,E,16.92,16.3,140625,,,A*68
$GPVTG,16.3,T,,M,16.92,N,31.33,K,A*37
$HEHDT,15.1,T*1A
$VWVHW,15.1,T,,M,16.93,N,31.35,K*46
$GPGGA,081343.00,5931.02323,N,02448.32957,E,1,12,1.1,18.8,M,21.0,M,,*5E
$GPRMC,081343.00,A,5931.02323,N,02448.32957,E,16.74,15.9,140625,,,A*60
$GPVTG,15.9,T,,M,16.74,N,31.01,K,A*37
$HEHDT,14.9,T*13
$VWVHW,14.9,T,,M,17.00,N,31.48,K*4E
$GPGGA,081344.00,5931.02747,N,02448.33130,E,1,12,1.1,19.3,M,21.0,M,,*5D
$GPRMC,081344.00,A,5931.02747,N,02448.33130,E,16.83,16.4,140625,,,A*6F
$GPVTG,16.4,T,,M,16.83,N,31.17,K,A*36
$HEHDT,14.4,T*1E
$VWVHW,14.4,T,,M,16.85,N,31.21,K*40
$GPGGA,081345.00,5931.03232,N,02448.33430,E,1,12,1.1,18.6,M,21.0,M,,*5B
$GPRMC,081345.00,A,5931.03232,N,02448.33430,E,16.77,16.2,140625,,,A*60
$GPVTG,16.2,T,,M,16.77,N,31.06,K,A*3B
$HEHDT,14.9,T*13
$VWVHW,14.9,T,,M,16.82,N,31.15,K*4D
$GPGSV,2,1,08,03,64,043,47,08,41,098,46,11,23,153,42,14,48,208,47*79
$GPGSV,2,2,08,17,67,265,48,22,21,313,41,28,09,353,40,31,57,123,49*73
$GAGSV,2,1,05,04,50,073,48,09,36,183,45,12,66,238,48,24,11,288,37*66
$GAGSV,2,2,05,31,18,023,41*52
$GPZDA,081345.00,14,06,2025,00,00*6B
$GPGGA,081346.00,5931.03698,N,02448.33654,E,1,12,1.1,18.1,M,21.0,M,,*5B
$GPRMC,081346.00,A,5931.03698,N,02448.33654,E,16.83,16.1,140625,,,A*6F
$GPVTG,16.1,T,,M,16.83,N,31.17,K,A*33
$HEHDT,14.7,T*1D
$VWVHW,14.7,T,,M,16.87,N,31.24,K*44
$GPGGA,081347.00,5931.04090,N,02448.33998,E,1,12,1.1,17.9,M,21.0,M,,*5B
$GPRMC,081347.00,A,5931.04090,N,02448.33998,E,16.79,16.3,140625,,,A*6F
$GPVTG,16.3,T,,M,16.79,N,31.09,K,A*3B
$HEHDT,14.9,T*13
$VWVHW,14.9,T,,M,16.89,N,31.28,K*48
$GPGGA,081348.00,5931.04538,N,02448.34260,E,1,12,1.1,18.5,M,21.0,M,,*5B
$GPRMC,081348.00,A,5931.04538,N,02448.34260,E,16.85,15.7,140625,,,A*68
$GPVTG,15.7,T,,M,16.85,N,31.21,K,A*35
$HEHDT,14.4,T*1E
$VWVHW,14.4,T,,M,16.79,N,31.10,K*41
$GPGGA,081349.00,5931.05016,N,02448.34574,E,1,12,1.1,17.9,M,21.0,M,,*53
$GPRMC,081349.00,A,5931.05016,N,02448.34574,E,16.79,16.6,140625,,,A*62
$GPVTG,16.6,T,,M,16.79,N,31.10,K,A*36
$HEHDT,14.7,T*1D
$VWVHW,14.7,T,,M,16.90,N,31.30,K*47
$GPGGA,081350.00,5931.05433,N,02448.34749,E,1,12,1.1,18.4,M,21.0,M,,*56
$GPRMC,081350.00,A,5931.05433,N,02448.34749,E,16.80,15.8,140625,,,A*6E
$GPVTG,15.8,T,,M,16.80,N,31.12,K,A*3F
$HEHDT,14.8,T*12
$VWVHW,14.8,T,,M,16.94,N,31.37,K*4B
$GPGSV,2,1,08,03,64,043,48,08,41,098,46,11,23,153,42,14,48,208,46*77
$GPGSV,2,2,08,17,67,265,48,22,21,313,41,28,09,353,39,31,57,123,47*73
$GAGSV,2,1,05,04,50,073,46,09,36,183,45,12,66,238,48,24,11,288,37*68
$GAGSV,2,2,05,31,18,023,41*52
$GPZDA,081350.00,14,06,2025,00,00*6F
$GPGGA,081351.00,5931.05879,N,02448.35030,E,1,12,1.1,17.8,M,21.0,M,,*5E
$GPRMC,081351.00,A,5931.05879,N,02448.35030,E,16.66,16.1,140625,,,A*67
$GPVTG,16.1,T,,M,16.66,N,30.86,K,A*31
$HEHDT,14.8,T*12
$VWVHW,14.8,T,,M,16.87,N,31.24,K*4B
$GPGGA,081352.00,5931.06346,N,02448.35347,E,1,12,1.1,17.9,M,21.0,M,,*5B
$GPRMC,081352.00,A,5931.06346,N,02448.35347,E,16.80,16.4,140625,,,A*6E
$GPVTG,16.4,T,,M,16.80,N,31.12,K,A*30
$HEHDT,14.8,T*12
$VWVHW,14.8,T,,M,16.88,N,31.26,K*46
$GPGGA,081353.00,5931.06758,N,02448.35512,E,1,12,1.1,17.8,M,21.0,M,,*56
$GPRMC,081353.00,A,5931.06758,N,02448.35512,E,16.67,16.4,140625,,,A*6B
$GPVTG,16.4,T,,M,16.67,N,30.87,K,A*34
$HEHDT,14.8,T*12
$VWVHW,14.8,T,,M,16.87,N,31.24,K*4B
$GPGGA,081354.00,5931.07252,N,02448.35892,E,1,12,1.1,17.5,M,21.0,M,,*57
$GPRMC,081354.00,A,5931.07252,N,02448.35892,E,16.86,16.0,140625,,,A*6C
$GPVTG,16.0,T,,M,16.86,N,31.22,K,A*31
$HEHDT,15.0,T*1B
$VWVHW,15.0,T,,M,16.92,N,31.34,K*47
$GPGGA,081355.00,5931.07719,N,02448.36016,E,1,12,1.1,17.6,M,21.0,M,,*58
$GPRMC,081355.00,A,5931.07719,N,02448.36016,E,16.91,15.8,140625,,,A*6D
$GPVTG,15.8,T,,M,16.91,N,31.31,K,A*3E
$HEHDT,14.9,T*13
$VWVHW,14.9,T,,M,17.04,N,31.56,K*45
$GPGSV,2,1,08,03,64,043,48,08,41,098,46,11,23,153,40,14,48,208,47*74
$GPGSV,2,2,08,17,67,265,49,22,21,313,41,28,09,353,39,31,57,123,47*72
$GAGSV,2,1,05,04,50,073,46,09,36,183,44,12,66,238,49,24,11,288,37*68
$GAGSV,2,2,05,31,18,023,42*51
$GPZDA,081355.00,14,06,2025,00,00*6A
$GPGGA,081356.00,5931.08130,N,02448.36283,E,1,12,1.1,17.1,M,21.0,M,,*50
$GPRMC,081356.00,A,5931.08130,N,02448.36283,E,16.89,16.3,140625,,,A*63
$GPVTG,16.3,T,,M,16.89,N,31.28,K,A*37
$HEHDT,14.8,T*12
$VWVHW,14.8,T,,M,16.91,N,31.31,K*48
$GPGGA,081357.00,5931.08585,N,02448.36532,E,1,12,1.1,18.0,M,21.0,M,,*58
$GPRMC,081357.00,A,5931.08585,N,02448.36532,E,16.81,16.2,140625,,,A*6C
$GPVTG,16.2,T,,M,16.81,N,31.13,K,A*36
$HEHDT,14.7,T*1D
$VWVHW,14.7,T,,M,16.88,N,31.26,K*49
$GPGGA,081358.00,5931.09056,N,02448.36831,E,1,12,1.1,18.6,M,21.0,M,,*55
$GPRMC,081358.00,A,5931.09056,N,02448.36831,E,16.69,16.3,140625,,,A*60
$GPVTG,16.3,T,,M,16.69,N,30.90,K,A*3B
$HEHDT,14.8,T*12
$VWVHW,14.8,T,,M,16.82,N,31.15,K*4C
$GPGGA,081359.00,5931.09461,N,02448.37109,E,1,12,1.1,18.2,M,21.0,M,,*53
$GPRMC,081359.00,A,5931.09461,N,02448.37109,E,17.07,16.1,140625,,,A*69
$GPVTG,16.1,T,,M,17.07,N,31.61,K,A*3F
$HEHDT,14.3,T*19
$VWVHW,14.3,T,,M,16.88,N,31.26,K*4D
$GPGGA,081400.00,5931.09925,N,02448.37368,E,1,12,1.1,18.1,M,21.0,M,,*53
$GPRMC,081400.00,A,5931.09925,N,02448.37368,E,16.80,17.1,140625,,,A*65
$GPVTG,17.1,T,,M,16.80,N,31.11,K,A*37
$HEHDT,14.8,T*12
$VWVHW,14.8,T,,M,16.76,N,31.03,K*40
$GPGSV,2,1,08,03,64,043,47,08,41,098,45,11,23,153,40,14,48,208,47*78
$GPGSV,2,2,08,17,67,265,49,22,21,313,41,28,09,353,39,31,57,123,47*72
$GAGSV,2,1,05,04,50,073,47,09,36,183,45,12,66,238,49,24,11,288,38*67
$GAGSV,2,2,05,31,18,023,41*52
$GPZDA,081400.00,14,06,2025,00,00*6D
$GPGGA,081401.00,5931.10436,N,02448.37614,E,1,12,1.1,18.7,M,21.0,M,,*5D
$GPRMC,081401.00,A,5931.10436,N,02448.37614,E,16.80,16.7,140625,,,A*6A
$GPVTG,16.7,T,,M,16.80,N,31.12,K,A*33
$HEHDT,15.0,T*1B
$VWVHW,15.0,T,,M,16.96,N,31.42,K*42
$GPGGA,081402.00,5931.10843,N,02448.37869,E,1,12,1.1,18.8,M,21.0,M,,*5B
$GPRMC,081402.00,A,5931.10843,N,02448.37869,E,16.83,16.2,140625,,,A*65
$GPVTG,16.2,T,,M,16.83,N,31.17,K,A*30
$HEHDT,14.8,T*12
$VWVHW,14.8,T,,M,16.86,N,31.23,K*4D
$GPGGA,081403.00,5931.11308,N,02448.38103,E,1,12,1.1,18.3,M,21.0,M,,*5E
$GPRMC,081403.00,A,5931.11308,N,02448.38103,E,16.69,16.0,140625,,,A*6D
$GPVTG,16.0,T,,M,16.69,N,30.91,K,A*39
$HEHDT,14.7,T*1D
$VWVHW,14.7,T,,M,16.89,N,31.29,K*47
$GPGGA,081404.00,5931.11744,N,02448.38357,E,1,12,1.1,18.3,M,21.0,M,,*56
$GPRMC,081404.00,A,5931.11744,N,02448.38357,E,16.58,16.6,140625,,,A*61
$GPVTG,16.6,T,,M,16.58,N,30.71,K,A*33
$HEHDT,14.7,T*1D
$VWVHW,14.7,T,,M,16.89,N,31.29,K*47
$GPGGA,081405.00,5931.12182,N,02448.38657,E,1,12,1.1,18.8,M,21.0,M,,*56
$GPRMC,081405.00,A,5931.12182,N,02448.38657,E,16.81,16.0,140625,,,A*68
$GPVTG,16.0,T,,M,16.81,N,31.14,K,A*33
$HEHDT,14.8,T*12
$VWVHW,14.8,T,,M,16.93,N,31.35,K*4E
$GPGSV,2,1,08,03,64,043,47,08,41,098,45,11,23,153,40,14,48,208,47*78
$GPGSV,2,2,08,17,67,265,48,22,21,313,42,28,09,353,38,31,57,123,46*70
$GAGSV,2,1,05,04,50,073,47,09,36,183,45,12,66,238,50,24,11,288,37*60
$GAGSV,2,2,05,31,18,023,40*53
$GPZDA,081405.00,14,06,2025,00,00*68
$GPGGA,081406.00,5931.12604,N,02448.39003,E,1,12,1.1,18.7,M,21.0,M,,*55
$GPRMC,081406.00,A,5931.12604,N,02448.39003,E,16.70,16.0,140625,,,A*6A
$GPVTG,16.0,T,,M,16.70,N,30.93,K,A*33
$HEHDT,14.9,T*13
$VWVHW,14.9,T,,M,16.92,N,31.34,K*4F
$GPGGA,081407.00,5931.13077,N,02448.39153,E,1,12,1.1,18.5,M,21.0,M,,*51
$GPRMC,081407.00,A,5931.13077,N,02448.39153,E,16.83,16.3,140625,,,A*63
$GPVTG,16.3,T,,M,16.83,N,31.16,K,A*30
$HEHDT,14.4,T*1E
$VWVHW,14.4,T,,M,16.88,N,31.25,K*49
$GPGGA,081408.00,5931.13548,N,02448.39435,E,1,12,1.1,18.7,M,21.0,M,,*50
$GPRMC,081408.00,A,5931.13548,N,02448.39435,E,16.95,16.0,140625,,,A*64
$GPVTG,16.0,T,,M,16.95,N,31.38,K,A*38
$HEHDT,14.9,T*13
$VWVHW,14.9,T,,M,16.89,N,31.28,K*48
$GPGGA,081409.00,5931.13966,N,02448.39688,E,1,12,1.1,18.4,M,21.0,M,,*56
$GPRMC,081409.00,A,5931.13966,N,02448.39688,E,16.76,16.3,140625,,,A*6F
$GPVTG,16.3,T,,M,16.76,N,31.05,K,A*38
$HEHDT,14.5,T*1F
$VWVHW,14.5,T,,M,16.97,N,31.43,K*46
$GPGGA,081410.00,5931.14477,N,02448.40024,E,1,12,1.1,17.7,M,21.0,M,,*56
$GPRMC,081410.00,A,5931.14477,N,02448.40024,E,16.93,16.0,140625,,,A*6B
$GPVTG,16.0,T,,M,16.93,N,31.35,K,A*33
$HEHDT,14.8,T*12
$VWVHW,14.8,T,,M,16.95,N,31.39,K*44
$GPGSV,2,1,08,03,64,043,47,08,41,098,46,11,23,153,40,14,48,208,47*7B
$GPGSV,2,2,08,17,67,265,48,22,21,313,42,28,09,353,38,31,57,123,47*71
$GAGSV,2,1,05,04,50,073,46,09,36,183,44,12,66,238,49,24,11,288,37*68
$GAGSV,2,2,05,31,18,023,40*53
$GPZDA,081410.00,14,06,2025,00,00*6C
$GPGGA,081411.00,5931.14873,N,02448.40189,E,1,12,1.1,18.4,M,21.0,M,,*55
$GPRMC,081411.00,A,5931.14873,N,02448.40189,E,16.78,16.2,140625,,,A*63
$GPVTG,16.2,T,,M,16.78,N,31.07,K,A*35
$HEHDT,14.6,T*1C
$VWVHW,14.6,T,,M,16.83,N,31.18,K*4E
$GPGGA,081412.00,5931.15334,N,02448.40429,E,1,12,1.1,18.3,M,21.0,M,,*57
$GPRMC,081412.00,A,5931.15334,N,02448.40429,E,16.81,16.1,140625,,,A*63
$GPVTG,16.1,T,,M,16.81,N,31.14,K,A*32
$HEHDT,14.9,T*13
$VWVHW,14.9,T,,M,16.83,N,31.18,K*41
$GPGGA,081413.00,5931.15759,N,02448.40666,E,1,12,1.1,18.0,M,21.0,M,,*53
$GPRMC,081413.00,A,5931.15759,N,02448.40666,E,16.83,16.6,140625,,,A*61
$GPVTG,16.6,T,,M,16.83,N,31.18,K,A*3B
$HEHDT,14.8,T*12
$VWVHW,14.8,T,,M,17.07,N,31.62,K*40
$GPGGA,081414.00,5931.16248,N,02448.40924,E,1,12,1.1,17.6,M,21.0,M,,*52
$GPRMC,081414.00,A,5931.16248,N,02448.40924,E,17.05,15.7,140625,,,A*64
$GPVTG,15.7,T,,M,17.05,N,31.57,K,A*3D
$HEHDT,14.5,T*1F
$VWVHW,14.5,T,,M,16.83,N,31.18,K*4D
$GPGGA,081415.00,5931.16644,N,02448.41208,E,1,12,1.1,18.5,M,21.0,M,,*53
$GPRMC,081415.00,A,5931.16644,N,02448.41208,E,16.87,16.2,140625,,,A*64
$GPVTG,16.2,T,,M,16.87,N,31.25,K,A*35
$HEHDT,14.4,T*1E
$VWVHW,14.4,T,,M,16.86,N,31.23,K*41
$GPGSV,2,1,08,03,64,043,48,08,41,098,44,11,23,153,40,14,48,208,48*79
$GPGSV,2,2,08,17,67,265,48,22,21,313,42,28,09,353,38,31,57,123,47*71
$GAGSV,2,1,05,04,50,073,46,09,36,183,46,12,66,238,49,24,10,288,38*64
$GAGSV,2,2,05,31,18,023,40*53
$GPZDA,081415.00,14,06,2025,00,00*69
$GPGGA,081416.00,5931.17153,N,02448.41415,E,1,12,1.1,18.2,M,21.0,M,,*5D
$GPRMC,081416.00,A,5931.17153,N,02448.41415,E,16.86,16.2,140625,,,A*6C
$GPVTG,16.2,T,,M,16.86,N,31.23,K,A*32
$HEHDT,14.7,T*1D
$VWVHW,14.7,T,,M,16.99,N,31.46,K*4F
$GPGGA,081417.00,5931.17582,N,02448.41650,E,1,12,1.1,17.9,M,21.0,M,,*53
$GPRMC,081417.00,A,5931.17582,N,02448.41650,E,16.94,16.3,140625,,,A*64
$GPVTG,16.3,T,,M,16.94,N,31.37,K,A*35
$HEHDT,14.8,T*12
$VWVHW,14.8,T,,M,17.00,N,31.48,K*4F
$GPGGA,081418.00,5931.18003,N,02448.41870,E,1,12,1.1,18.2,M,21.0,M,,*57
$GPRMC,081418.00,A,5931.18003,N,02448.41870,E,16.71,15.8,140625,,,A*67
$GPVTG,15.8,T,,M,16.71,N,30.95,K,A*3F
$HEHDT,14.9,T*13
$VWVHW,14.9,T,,M,16.86,N,31.22,K*4D
$GPGGA,081419.00,5931.18466,N,02448.42159,E,1,12,1.1,17.9,M,21.0,M,,*54
$GPRMC,081419.00,A,5931.18466,N,02448.42159,E,16.87,16.1,140625,,,A*63
$GPVTG,16.1,T,,M,16.87,N,31.25,K,A*36
$HEHDT,14.6,T*1C
$VWVHW,14.6,T,,M,16.95,N,31.39,K*4A
$GPGGA,081420.00,5931.18946,N,02448.42489,E,1,12,1.1,17.4,M,21.0,M,,*54
$GPRMC,081420.00,A,5931.18946,N,02448.42489,E,16.80,16.0,140625,,,A*68
$GPVTG,16.0,T,,M,16.80,N,31.12,K,A*34
$HEHDT,14.7,T*1D
$VWVHW,14.7,T,,M,16.98,N,31.46,K*4E
$GPGSV,2,1,08,03,64,043,48,08,41,098,45,11,23,153,40,14,48,208,47*77
$GPGSV,2,2,08,17,67,265,48,22,21,313,42,28,09,353,39,31,57,123,47*70
$GAGSV,2,1,05,04,50,073,46,09,36,183,45,12,66,238,50,24,10,288,37*60
$GAGSV,2,2,05,31,18,023,40*53
$GPZDA,081420.00,14,06,2025,00,00*6F
$GPGGA,081421.00,5931.19371,N,02448.42689,E,1,12,1.1,18.5,M,21.0,M,,*56
$GPRMC,081421.00,A,5931.19371,N,02448.42689,E,17.01,16.6,140625,,,A*6A
$GPVTG,16.6,T,,M,17.01,N,31.50,K,A*3C
$HEHDT,14.7,T*1D
$VWVHW,14.7,T,,M,17.02,N,31.52,K*49
$GPGGA,081422.00,5931.19815,N,02448.42940,E,1,12,1.1,18.0,M,21.0,M,,*53
$GPRMC,081422.00,A,5931.19815,N,02448.42940,E,16.87,16.2,140625,,,A*61
$GPVTG,16.2,T,,M,16.87,N,31.24,K,A*34
$HEHDT,14.6,T*1C
$VWVHW,14.6,T,,M,17.06,N,31.59,K*47
$GPGGA,081423.00,5931.20230,N,02448.43235,E,1,12,1.1,18.5,M,21.0,M,,*58
$GPRMC,081423.00,A,5931.20230,N,02448.43235,E,16.79,15.9,140625,,,A*66
$GPVTG,15.9,T,,M,16.79,N,31.10,K,A*3A
$HEHDT,14.7,T*1D
$VWVHW,14.7,T,,M,16.98,N,31.44,K*4C
$GPGGA,081424.00,5931.20722,N,02448.43437,E,1,12,1.1,18.0,M,21.0,M,,*58
$GPRMC,081424.00,A,5931.20722,N,02448.43437,E,16.75,16.0,140625,,,A*65
$GPVTG,16.0,T,,M,16.75,N,31.02,K,A*3F
$HEHDT,14.1,T*1B
$VWVHW,14.1,T,,M,17.07,N,31.62,K*49
$GPGGA,081425.00,5931.21146,N,02448.43718,E,1,12,1.1,17.5,M,21.0,M,,*58
$GPRMC,081425.00,A,5931.21146,N,02448.43718,E,16.88,16.1,140625,,,A*6C
$GPVTG,16.1,T,,M,16.88,N,31.26,K,A*3A
$HEHDT,14.8,T*12
$VWVHW,14.8,T,,M,17.03,N,31.54,K*41
$GPGSV,2,1,08,03,64,043,47,08,41,098,44,11,23,153,40,14,48,208,47*79
$GPGSV,2,2,08,17,67,265,48,22,21,313,42,28,09,353,39,31,57,123,46*71
$GAGSV,2,1,05,04,50,073,46,09,36,183,46,12,66,238,49,24,10,288,38*64
$GAGSV,2,2,05,31,18,023,39*5D
$GPZDA,081425.00,14,06,2025,00,00*6A
$GPGGA,081426.00,5931.21623,N,02448.43960,E,1,12,1.1,17.6,M,21.0,M,,*5D
$GPRMC,081426.00,A,5931.21623,N,02448.43960,E,16.77,16.0,140625,,,A*6B
$GPVTG,16.0,T,,M,16.77,N,31.06,K,A*39
$HEHDT,14.6,T*1C
$VWVHW,14.6,T,,M,16.92,N,31.34,K*40
$GPGGA,081427.00,5931.22035,N,02448.44246,E,1,12,1.1,18.3,M,21.0,M,,*5C
$GPRMC,081427.00,A,5931.22035,N,02448.44246,E,16.91,16.3,140625,,,A*6B
$GPVTG,16.3,T,,M,16.91,N,31.32,K,A*35
$HEHDT,14.5,T*1F
$VWVHW,14.5,T,,M,17.00,N,31.49,K*43
$GPGGA,081428.00,5931.22497,N,02448.44550,E,1,12,1.1,18.1,M,21.0,M,,*5D
$GPRMC,081428.00,A,5931.22497,N,02448.44550,E,16.93,16.6,140625,,,A*6F
$GPVTG,16.6,T,,M,16.93,N,31.35,K,A*35
$HEHDT,14.8,T*12
$VWVHW,14.8,T,,M,16.94,N,31.37,K*4B
$GPGGA,081429.00,5931.22943,N,02448.44822,E,1,12,1.1,18.1,M,21.0,M,,*50
$GPRMC,081429.00,A,5931.22943,N,02448.44822,E,16.82,16.3,140625,,,A*67
$GPVTG,16.3,T,,M,16.82,N,31.15,K,A*32
$HEHDT,15.0,T*1B
$VWVHW,15.0,T,,M,16.95,N,31.39,K*4D
$GPGGA,081430.00,5931.23407,N,02448.44980,E,1,12,1.1,17.5,M,21.0,M,,*56
$GPRMC,081430.00,A,5931.23407,N,02448.44980,E,16.88,15.8,140625,,,A*68
$GPVTG,15.8,T,,M,16.88,N,31.25,K,A*33
$HEHDT,14.5,T*1F
$VWVHW,14.5,T,,M,17.01,N,31.51,K*4B
$GPGSV,2,1,08,03,64,043,48,08,41,098,44,11,23,153,41,14,48,208,47*77
$GPGSV,2,2,08,17,67,265,48,22,21,313,42,28,09,353,39,31,57,123,46*71
$GAGSV,2,1,05,04,50,073,47,09,36,183,45,12,66,238,50,24,10,288,37*61
$GAGSV,2,2,05,31,18,023,39*5D
$GPZDA,081430.00,14,06,2025,00,00*6E
$GPGGA,081431.00,5931.23842,N,02448.45325,E,1,12,1.1,17.9,M,21.0,M,,*52
$GPRMC,081431.00,A,5931.23842,N,02448.45325,E,16.97,16.0,140625,,,A*65
$GPVTG,16.0,T,,M,16.97,N,31.42,K,A*37
$HEHDT,14.8,T*12
$VWVHW,14.8,T,,M,16.93,N,31.36,K*4D
$GPGGA,081432.00,5931.24330,N,02448.45541,E,1,12,1.1,18.1,M,21.0,M,,*5B
$GPRMC,081432.00,A,5931.24330,N,02448.45541,E,16.93,16.4,140625,,,A*6B
$GPVTG,16.4,T,,M,16.93,N,31.35,K,A*37
$HEHDT,15.3,T*18
$VWVHW,15.3,T,,M,16.93,N,31.36,K*47
$GPGGA,081433.00,5931.24790,N,02448.45889,E,1,12,1.1,17.3,M,21.0,M,,*50
$GPRMC,081433.00,A,5931.24790,N,02448.45889,E,16.94,16.3,140625,,,A*6D
$GPVTG,16.3,T,,M,16.94,N,31.37,K,A*35
$HEHDT,15.5,T*1E
$VWVHW,15.5,T,,M,16.98,N,31.45,K*4E
$GPGGA,081434.00,5931.25268,N,02448.46221,E,1,12,1.1,17.0,M,21.0,M,,*5C
$GPRMC,081434.00,A,5931.25268,N,02448.46221,E,17.02,16.1,140625,,,A*6E
$GPVTG,16.1,T,,M,17.02,N,31.51,K,A*39
$HEHDT,14.7,T*1D
$VWVHW,14.7,T,,M,17.13,N,31.73,K*4A
$GPGGA,081435.00,5931.25676,N,02448.46458,E,1,12,1.1,17.5,M,21.0,M,,*5B
$GPRMC,081435.00,A,5931.25676,N,02448.46458,E,16.90,16.1,140625,,,A*66
$GPVTG,16.1,T,,M,16.90,N,31.29,K,A*3C
$HEHDT,14.8,T*12
$VWVHW,14.8,T,,M,17.08,N,31.63,K*4E
$GPGSV,2,1,08,03,64,044,47,08,41,098,45,11,23,154,40,14,48,208,48*77
$GPGSV,2,2,08,17,67,266,48,22,21,314,43,28,09,354,39,31,57,124,48*7A
$GAGSV,2,1,05,04,50,074,47,09,36,184,46,12,66,238,50,24,10,288,38*6D
$GAGSV,2,2,05,31,18,024,39*5A
$GPZDA,081435.00,14,06,2025,00,00*6B
$GPGGA,081436.00,5931.26116,N,02448.46660,E,1,12,1.1,17.2,M,21.0,M,,*54
$GPRMC,081436.00,A,5931.26116,N,02448.46660,E,16.95,16.2,140625,,,A*68
$GPVTG,16.2,T,,M,16.95,N,31.39,K,A*3B
$HEHDT,14.7,T*1D
$VWVHW,14.7,T,,M,16.92,N,31.34,K*41
$GPGGA,081437.00,5931.26575,N,02448.46933,E,1,12,1.1,17.8,M,21.0,M,,*57
$GPRMC,081437.00,A,5931.26575,N,02448.46933,E,16.89,15.8,140625,,,A*65
$GPVTG,15.8,T,,M,16.89,N,31.29,K,A*3E
$HEHDT,14.8,T*12
$VWVHW,14.8,T,,M,16.91,N,31.33,K*4A
$GPGGA,081438.00,5931.27015,N,02448.47149,E,1,12,1.1,18.7,M,21.0,M,,*5E
$GPRMC,081438.00,A,5931.27015,N,02448.47149,E,16.97,15.9,140625,,,A*62
$GPVTG,15.9,T,,M,16.97,N,31.43,K,A*3C
$HEHDT,14.8,T*12
$VWVHW,14.8,T,,M,17.04,N,31.57,K*45
$GPGGA,081439.00,5931.27462,N,02448.47448,E,1,12,1.1,17.8,M,21.0,M,,*5F
$GPRMC,081439.00,A,5931.27462,N,02448.47448,E,17.07,16.2,140625,,,A*63
$GPVTG,16.2,T,,M,17.07,N,31.62,K,A*3F
$HEHDT,14.7,T*1D
$VWVHW,14.7,T,,M,17.02,N,31.53,K*48
$GPGGA,081440.00,5931.27933,N,02448.47646,E,1,12,1.1,17.5,M,21.0,M,,*59
$GPRMC,081440.00,A,5931.27933,N,02448.47646,E,17.04,15.8,140625,,,A*62
$GPVTG,15.8,T,,M,17.04,N,31.57,K,A*33
$HEHDT,15.2,T*19
$VWVHW,15.2,T,,M,16.90,N,31.31,K*42
$GPGSV,2,1,08,03,64,044,48,08,41,099,46,11,23,154,41,14,48,209,47*75
$GPGSV,2,2,08,17,67,266,48,22,21,314,41,28,09,354,39,31,57,124,47*77
$GAGSV,2,1,05,04,50,074,48,09,36,184,45,12,66,239,49,24,10,289,38*69
$GAGSV,2,2,05,31,18,024,39*5A
$GPZDA,081440.00,14,06,2025,00,00*69
$GPGGA,081441.00,5931.28391,N,02448.47876,E,1,12,1.1,17.6,M,21.0,M,,*5B
$GPRMC,081441.00,A,5931.28391,N,02448.47876,E,16.97,16.3,140625,,,A*60
$GPVTG,16.3,T,,M,16.97,N,31.43,K,A*35
$HEHDT,14.8,T*12
$VWVHW,14.8,T,,M,16.81,N,31.13,K*49
$GPGGA,081442.00,5931.28823,N,02448.48141,E,1,12,1.1,17.7,M,21.0,M,,*59
$GPRMC,081442.00,A,5931.28823,N,02448.48141,E,16.96,15.7,140625,,,A*65
$GPVTG,15.7,T,,M,16.96,N,31.41,K,A*31
$HEHDT,14.7,T*1D
$VWVHW,14.7,T,,M,17.05,N,31.58,K*44
$GPGGA,081443.00,5931.29277,N,02448.48416,E,1,12,1.1,17.9,M,21.0,M,,*5B
$GPRMC,081443.00,A,5931.29277,N,02448.48416,E,16.99,16.1,140625,,,A*63
$GPVTG,16.1,T,,M,16.99,N,31.46,K,A*3C
$HEHDT,14.9,T*13
$VWVHW,14.9,T,,M,16.83,N,31.17,K*4E
$GPGGA,081444.00,5931.29741,N,02448.48738,E,1,12,1.1,17.9,M,21.0,M,,*53
$GPRMC,081444.00,A,5931.29741,N,02448.48738,E,16.84,16.1,140625,,,A*67
$GPVTG,16.1,T,,M,16.84,N,31.19,K,A*3A
$HEHDT,14.6,T*1C
$VWVHW,14.6,T,,M,17.03,N,31.54,K*4F
$GPGGA,081445.00,5931.30223,N,02448.49079,E,1,12,1.1,18.0,M,21.0,M,,*5E
$GPRMC,081445.00,A,5931.30223,N,02448.49079,E,16.94,15.6,140625,,,A*69
$GPVTG,15.6,T,,M,16.94,N,31.36,K,A*32
$HEHDT,15.1,T*1A
$VWVHW,15.1,T,,M,17.07,N,31.61,K*4B
$GPGSV,2,1,08,03,64,044,49,08,41,099,45,11,23,154,41,14,48,209,47*77
$GPGSV,2,2,08,17,67,266,48,22,21,314,42,28,09,354,39,31,57,124,47*74
$GAGSV,2,1,05,04,50,074,48,09,36,184,45,12,66,239,50,24,10,289,37*6E
$GAGSV,2,2,05,31,18,024,39*5A
$GPZDA,081445.00,14,06,2025,00,00*6C
$GPGGA,081446.00,5931.30617,N,02448.49364,E,1,12,1.1,17.8,M,21.0,M,,*56
$GPRMC,081446.00,A,5931.30617,N,02448.49364,E,17.00,16.0,140625,,,A*6F
$GPVTG,16.0,T,,M,17.00,N,31.48,K,A*32
$HEHDT,15.0,T*1B
$VWVHW,15.0,T,,M,17.03,N,31.53,K*4F
$GPGGA,081447.00,5931.31090,N,02448.49503,E,1,12,1.1,17.5,M,21.0,M,,*55
$GPRMC,081447.00,A,5931.31090,N,02448.49503,E,16.98,16.3,140625,,,A*62
$GPVTG,16.3,T,,M,16.98,N,31.45,K,A*3C
$HEHDT,15.1,T*1A
$VWVHW,15.1,T,,M,16.93,N,31.35,K*46
$GPGGA,081448.00,5931.31519,N,02448.49725,E,1,12,1.1,17.8,M,21.0,M,,*55
$GPRMC,081448.00,A,5931.31519,N,02448.49725,E,16.94,16.0,140625,,,A*60
$GPVTG,16.0,T,,M,16.94,N,31.37,K,A*36
$HEHDT,14.6,T*1C
$VWVHW,14.6,T,,M,17.15,N,31.76,K*48
$GPGGA,081449.00,5931.31998,N,02448.49994,E,1,12,1.1,17.4,M,21.0,M,,*59
$GPRMC,081449.00,A,5931.31998,N,02448.49994,E,16.91,16.4,140625,,,A*61
$GPVTG,16.4,T,,M,16.91,N,31.32,K,A*32
$HEHDT,14.5,T*1F
$VWVHW,14.5,T,,M,17.07,N,31.61,K*4E
$GPGGA,081450.00,5931.32408,N,02448.50250,E,1,12,1.1,17.5,M,21.0,M,,*5C
$GPRMC,081450.00,A,5931.32408,N,02448.50250,E,17.00,15.9,140625,,,A*62
$GPVTG,15.9,T,,M,17.00,N,31.48,K,A*38
$HEHDT,14.7,T*1D
$VWVHW,14.7,T,,M,17.10,N,31.67,K*4C
$GPGSV,2,1,08,03,64,044,48,08,41,099,45,11,23,154,41,14,48,209,47*76
$GPGSV,2,2,08,17,67,266,48,22,21,314,42,28,09,354,40,31,57,124,47*7A
$GAGSV,2,1,05,04,50,074,46,09,36,184,45,12,66,239,49,24,10,289,38*67
$GAGSV,2,2,05,31,18,024,40*54
$GPZDA,081450.00,14,06,2025,00,00*68
$GPGGA,081451.00,5931.32924,N,02448.50450,E,1,12,1.1,17.4,M,21.0,M,,*59
$GPRMC,081451.00,A,5931.32924,N,02448.50450,E,17.04,16.6,140625,,,A*6E
$GPVTG,16.6,T,,M,17.04,N,31.56,K,A*3F
$HEHDT,14.9,T*13
$VWVHW,14.9,T,,M,17.19,N,31.84,K*46
$GPGGA,081452.00,5931.33358,N,02448.50787,E,1,12,1.1,17.2,M,21.0,M,,*55
$GPRMC,081452.00,A,5931.33358,N,02448.50787,E,16.98,16.5,140625,,,A*63
$GPVTG,16.5,T,,M,16.98,N,31.44,K,A*3B
$HEHDT,15.0,T*1B
$VWVHW,15.0,T,,M,16.96,N,31.41,K*41
$GPGGA,081453.00,5931.33832,N,02448.50990,E,1,12,1.1,17.4,M,21.0,M,,*5D
$GPRMC,081453.00,A,5931.33832,N,02448.50990,E,17.06,16.5,140625,,,A*6B
$GPVTG,16.5,T,,M,17.06,N,31.60,K,A*3B
$HEHDT,14.5,T*1F
$VWVHW,14.5,T,,M,17.10,N,31.68,K*41
$GPGGA,081454.00,5931.34270,N,02448.51265,E,1,12,1.1,17.5,M,21.0,M,,*50
$GPRMC,081454.00,A,5931.34270,N,02448.51265,E,17.06,16.4,140625,,,A*66
$GPVTG,16.4,T,,M,17.06,N,31.60,K,A*3A
$HEHDT,14.7,T*1D
$VWVHW,14.7,T,,M,17.21,N,31.87,K*40
$GPGGA,081455.00,5931.34737,N,02448.51504,E,1,12,1.1,16.9,M,21.0,M,,*5A
$GPRMC,081455.00,A,5931.34737,N,02448.51504,E,16.91,16.8,140625,,,A*62
$GPVTG,16.8,T,,M,16.91,N,31.31,K,A*3D
$HEHDT,15.1,T*1A
$VWVHW,15.1,T,,M,17.06,N,31.60,K*4B
$GPGSV,2,1,08,03,64,044,49,08,41,099,46,11,23,154,43,14,48,209,47*76
$GPGSV,2,2,08,17,66,266,48,22,21,314,42,28,09,354,40,31,57,124,47*7B
$GAGSV,2,1,05,04,50,074,47,09,36,184,45,12,66,239,50,24,10,289,38*6E
$GAGSV,2,2,05,31,18,024,40*54
$GPZDA,081455.00,14,06,2025,00,00*6D
$GPGGA,081456.00,5931.35159,N,02448.51737,E,1,12,1.1,16.8,M,21.0,M,,*55
$GPRMC,081456.00,A,5931.35159,N,02448.51737,E,16.96,16.2,140625,,,A*61
$GPVTG,16.2,T,,M,16.96,N,31.42,K,A*34
$HEHDT,14.9,T*13
$VWVHW,14.9,T,,M,16.96,N,31.41,K*49
$GPGGA,081457.00,5931.35628,N,02448.51983,E,1,12,1.1,16.9,M,21.0,M,,*55
$GPRMC,081457.00,A,5931.35628,N,02448.51983,E,16.96,16.0,140625,,,A*62
$GPVTG,16.0,T,,M,16.96,N,31.40,K,A*34
$HEHDT,14.5,T*1F
$VWVHW,14.5,T,,M,17.10,N,31.67,K*4E
$GPGGA,081458.00,5931.36099,N,02448.52320,E,1,12,1.1,17.1,M,21.0,M,,*5C
$GPRMC,081458.00,A,5931.36099,N,02448.52320,E,16.99,16.5,140625,,,A*68
$GPVTG,16.5,T,,M,16.99,N,31.47,K,A*39
$HEHDT,15.0,T*1B
$VWVHW,15.0,T,,M,17.14,N,31.75,K*4D
$GPGGA,081459.00,5931.36580,N,02448.52544,E,1,12,1.1,16.1,M,21.0,M,,*55
$GPRMC,081459.00,A,5931.36580,N,02448.52544,E,16.94,16.5,140625,,,A*6D
$GPVTG,16.5,T,,M,16.94,N,31.37,K,A*33
$HEHDT,14.5,T*1F
$VWVHW,14.5,T,,M,17.00,N,31.49,K*43
$GPGGA,081500.00,5931.37025,N,02448.52791,E,1,12,1.1,16.8,M,21.0,M,,*50
$GPRMC,081500.00,A,5931.37025,N,02448.52791,E,16.86,16.1,140625,,,A*66
$GPVTG,16.1,T,,M,16.86,N,31.22,K,A*30
$HEHDT,14.6,T*1C
$VWVHW,14.6,T,,M,17.12,N,31.70,K*49
$GPGSV,2,1,08,03,64,044,48,08,41,099,45,11,23,154,42,14,48,209,48*7A
$GPGSV,2,2,08,17,66,266,50,22,21,314,41,28,09,354,39,31,57,124,47*7F
$GAGSV,2,1,05,04,50,074,47,09,36,184,44,12,66,239,50,24,10,289,38*6F
$GAGSV,2,2,05,31,18,024,41*55
$GPZDA,081500.00,14,06,2025,00,00*6C
$GPGGA,081501.00,5931.37470,N,02448.53069,E,1,12,1.1,16.4,M,21.0,M,,*58
$GPRMC,081501.00,A,5931.37470,N,02448.53069,E,17.09,16.7,140625,,,A*62
$GPVTG,16.7,T,,M,17.09,N,31.65,K,A*33
$HEHDT,14.7,T*1D
$VWVHW,14.7,T,,M,17.00,N,31.49,K*41
$GPGGA,081502.00,5931.37939,N,02448.53328,E,1,12,1.1,16.8,M,21.0,M,,*51
$GPRMC,081502.00,A,5931.37939,N,02448.53328,E,16.97,16.7,140625,,,A*61
$GPVTG,16.7,T,,M,16.97,N,31.43,K,A*31
$HEHDT,14.8,T*12
$VWVHW,14.8,T,,M,17.04,N,31.56,K*44
$GPGGA,081503.00,5931.38372,N,02448.53526,E,1,12,1.1,16.9,M,21.0,M,,*53
$GPRMC,081503.00,A,5931.38372,N,02448.53526,E,17.09,16.4,140625,,,A*67
$GPVTG,16.4,T,,M,17.09,N,31.65,K,A*30
$HEHDT,14.6,T*1C
$VWVHW,14.6,T,,M,17.16,N,31.78,K*45
$GPGGA,081504.00,5931.38842,N,02448.53706,E,1,12,1.1,16.5,M,21.0,M,,*50
$GPRMC,081504.00,A,5931.38842,N,02448.53706,E,17.17,15.8,140625,,,A*68
$GPVTG,15.8,T,,M,17.17,N,31.80,K,A*3B
$HEHDT,14.4,T*1E
$VWVHW,14.4,T,,M,16.98,N,31.45,K*4E
$GPGGA,081505.00,5931.39318,N,02448.54015,E,1,12,1.1,17.0,M,21.0,M,,*52
$GPRMC,081505.00,A,5931.39318,N,02448.54015,E,17.07,16.2,140625,,,A*66
$GPVTG,16.2,T,,M,17.07,N,31.61,K,A*3C
$HEHDT,14.6,T*1C
$VWVHW,14.6,T,,M,17.19,N,31.84,K*49
$GPGSV,2,1,08,03,64,044,49,08,41,099,45,11,23,154,43,14,48,209,47*75
$GPGSV,2,2,08,17,66,266,48,22,21,314,42,28,09,354,39,31,57,124,46*74
$GAGSV,2,1,05,04,50,074,46,09,36,184,44,12,66,239,51,24,10,289,38*6F
$GAGSV,2,2,05,31,18,024,41*55
$GPZDA,081505.00,14,06,2025,00,00*69
$GPGGA,081506.00,5931.39738,N,02448.54332,E,1,12,1.1,17.4,M,21.0,M,,*55
$GPRMC,081506.00,A,5931.39738,N,02448.54332,E,17.00,16.1,140625,,,A*61
$GPVTG,16.1,T,,M,17.00,N,31.48,K,A*33
$HEHDT,14.9,T*13
$VWVHW,14.9,T,,M,17.09,N,31.66,K*4B
$GPGGA,081507.00,5931.40171,N,02448.54602,E,1,12,1.1,16.4,M,21.0,M,,*56
$GPRMC,081507.00,A,5931.40171,N,02448.54602,E,16.98,15.7,140625,,,A*66
$GPVTG,15.7,T,,M,16.98,N,31.45,K,A*3B
$HEHDT,14.6,T*1C
$VWVHW,14.6,T,,M,17.09,N,31.65,K*47
$GPGGA,081508.00,5931.40655,N,02448.54853,E,1,12,1.1,16.5,M,21.0,M,,*53
$GPRMC,081508.00,A,5931.40655,N,02448.54853,E,17.00,16.4,140625,,,A*62
$GPVTG,16.4,T,,M,17.00,N,31.48,K,A*36
$HEHDT,14.6,T*1C
$VWVHW,14.6,T,,M,17.22,N,31.89,K*4C
$GPGGA,081509.00,5931.41103,N,02448.55024,E,1,12,1.1,16.4,M,21.0,M,,*5F
$GPRMC,081509.00,A,5931.41103,N,02448.55024,E,17.05,15.8,140625,,,A*65
$GPVTG,15.8,T,,M,17.05,N,31.58,K,A*3D
$HEHDT,14.4,T*1E
$VWVHW,14.4,T,,M,17.05,N,31.58,K*47
$GPGGA,081510.00,5931.41555,N,02448.55342,E,1,12,1.1,16.9,M,21.0,M,,*5E
$GPRMC,081510.00,A,5931.41555,N,02448.55342,E,17.05,16.0,140625,,,A*62
$GPVTG,16.0,T,,M,17.05,N,31.57,K,A*39
$HEHDT,14.6,T*1C
$VWVHW,14.6,T,,M,17.17,N,31.79,K*45
$GPGSV,2,1,08,03,64,044,48,08,41,099,46,11,23,154,43,14,48,209,47*77
$GPGSV,2,2,08,17,66,266,48,22,21,314,41,28,09,354,40,31,57,124,47*78
$GAGSV,2,1,05,04,50,074,47,09,36,184,45,12,66,239,49,24,10,289,38*66
$GAGSV,2,2,05,31,18,024,40*54
$GPZDA,081510.00,14,06,2025,00,00*6D
$GPGGA,081511.00,5931.41958,N,02448.55578,E,1,12,1.1,16.9,M,21.0,M,,*51
$GPRMC,081511.00,A,5931.41958,N,02448.55578,E,17.09,15.9,140625,,,A*6B
$GPVTG,15.9,T,,M,17.09,N,31.65,K,A*3E
$HEHDT,14.7,T*1D
$VWVHW,14.7,T,,M,17.05,N,31.58,K*44
$GPGGA,081512.00,5931.42406,N,02448.55868,E,1,12,1.1,16.6,M,21.0,M,,*54
$GPRMC,081512.00,A,5931.42406,N,02448.55868,E,17.14,16.0,140625,,,A*67
$GPVTG,16.0,T,,M,17.14,N,31.74,K,A*38
$HEHDT,14.7,T*1D
$VWVHW,14.7,T,,M,17.34,N,32.10,K*49
$GPGGA,081513.00,5931.42897,N,02448.56109,E,1,12,1.1,16.1,M,21.0,M,,*5B
$GPRMC,081513.00,A,5931.42897,N,02448.56109,E,16.98,15.9,140625,,,A*60
$GPVTG,15.9,T,,M,16.98,N,31.46,K,A*36
$HEHDT,14.6,T*1C
$VWVHW,14.6,T,,M,17.04,N,31.56,K*4A
$GPGGA,081514.00,5931.43330,N,02448.56314,E,1,12,1.1,16.0,M,21.0,M,,*54
$GPRMC,081514.00,A,5931.43330,N,02448.56314,E,17.03,16.3,140625,,,A*64
$GPVTG,16.3,T,,M,17.03,N,31.54,K,A*3F
$HEHDT,15.1,T*1A
$VWVHW,15.1,T,,M,17.06,N,31.60,K*4B
$GPGGA,081515.00,5931.43781,N,02448.56482,E,1,12,1.1,16.4,M,21.0,M,,*57
$GPRMC,081515.00,A,5931.43781,N,02448.56482,E,16.90,15.8,140625,,,A*60
$GPVTG,15.8,T,,M,16.90,N,31.30,K,A*3E
$HEHDT,14.5,T*1F
$VWVHW,14.5,T,,M,17.11,N,31.69,K*41
$GPGSV,2,1,08,03,64,044,49,08,41,099,46,11,23,154,43,14,48,209,46*77
$GPGSV,2,2,08,17,66,266,47,22,21,314,41,28,09,354,40,31,57,124,45*75
$GAGSV,2,1,05,04,50,074,47,09,36,184,45,12,66,239,51,24,10,289,38*6F
$GAGSV,2,2,05,31,18,024,40*54
$GPZDA,081515.00,14,06,2025,00,00*68
$GPGGA,081516.00,5931.44181,N,02448.56748,E,1,12,1.1,17.0,M,21.0,M,,*55
$GPRMC,081516.00,A,5931.44181,N,02448.56748,E,17.04,16.3,140625,,,A*63
$GPVTG,16.3,T,,M,17.04,N,31.57,K,A*3B
$HEHDT,14.5,T*1F
$VWVHW,14.5,T,,M,16.95,N,31.39,K*49
$GPGGA,081517.00,5931.44711,N,02448.57073,E,1,12,1.1,17.1,M,21.0,M,,*54
$GPRMC,081517.00,A,5931.44711,N,02448.57073,E,17.09,16.3,140625,,,A*6E
$GPVTG,16.3,T,,M,17.09,N,31.66,K,A*34
$HEHDT,14.7,T*1D
$VWVHW,14.7,T,,M,17.21,N,31.87,K*40
$GPGGA,081518.00,5931.45162,N,02448.57327,E,1,12,1.1,16.7,M,21.0,M,,*5D
$GPRMC,081518.00,A,5931.45162,N,02448.57327,E,17.13,16.1,140625,,,A*69
$GPVTG,16.1,T,,M,17.13,N,31.72,K,A*38
$HEHDT,14.1,T*1B
$VWVHW,14.1,T,,M,17.07,N,31.60,K*4B
$GPGGA,081519.00,5931.45579,N,02448.57681,E,1,12,1.1,16.6,M,21.0,M,,*5A
$GPRMC,081519.00,A,5931.45579,N,02448.57681,E,17.02,16.6,140625,,,A*68
$GPVTG,16.6,T,,M,17.02,N,31.51,K,A*3E
$HEHDT,15.0,T*1B
$VWVHW,15.0,T,,M,17.16,N,31.78,K*42
$GPGGA,081520.00,5931.46034,N,02448.57902,E,1,12,1.1,16.7,M,21.0,M,,*5A
$GPRMC,081520.00,A,5931.46034,N,02448.57902,E,17.05,15.7,140625,,,A*6C
$GPVTG,15.7,T,,M,17.05,N,31.57,K,A*3D
$HEHDT,14.7,T*1D
$VWVHW,14.7,T,,M,17.02,N,31.52,K*49
$GPGSV,2,1,08,03,64,044,50,08,41,099,45,11,23,154,42,14,48,209,46*7D
$GPGSV,2,2,08,17,66,266,48,22,21,314,40,28,09,354,39,31,57,124,46*76
$GAGSV,2,1,05,04,50,074,46,09,36,184,45,12,66,239,49,24,10,289,38*67
$GAGSV,2,2,05,31,18,024,40*54
$GPZDA,081520.00,14,06,2025,00,00*6E
$GPGGA,081521.00,5931.46470,N,02448.58158,E,1,12,1.1,16.8,M,21.0,M,,*58
$GPRMC,081521.00,A,5931.46470,N,02448.58158,E,17.07,16.1,140625,,,A*66
$GPVTG,16.1,T,,M,17.07,N,31.61,K,A*3F
$HEHDT,15.1,T*1A
$VWVHW,15.1,T,,M,17.21,N,31.88,K*48
$GPGGA,081522.00,5931.46942,N,02448.58531,E,1,12,1.1,16.9,M,21.0,M,,*5D
$GPRMC,081522.00,A,5931.46942,N,02448.58531,E,17.06,16.5,140625,,,A*67
$GPVTG,16.5,T,,M,17.06,N,31.59,K,A*31
$HEHDT,15.0,T*1B
$VWVHW,15.0,T,,M,17.23,N,31.90,K*42
$GPGGA,081523.00,5931.47411,N,02448.58653,E,1,12,1.1,16.1,M,21.0,M,,*59
$GPRMC,081523.00,A,5931.47411,N,02448.58653,E,17.09,16.7,140625,,,A*66
$GPVTG,16.7,T,,M,17.09,N,31.66,K,A*30
$HEHDT,14.7,T*1D
$VWVHW,14.7,T,,M,17.10,N,31.66,K*4D
$GPGGA,081524.00,5931.47891,N,02448.59019,E,1,12,1.1,17.0,M,21.0,M,,*53
$GPRMC,081524.00,A,5931.47891,N,02448.59019,E,17.14,16.3,140625,,,A*64
$GPVTG,16.3,T,,M,17.14,N,31.75,K,A*3A
$HEHDT,14.7,T*1D
$VWVHW,14.7,T,,M,17.09,N,31.65,K*46
$GPGGA,081525.00,5931.48282,N,02448.59239,E,1,12,1.1,16.8,M,21.0,M,,*5C
$GPRMC,081525.00,A,5931.48282,N,02448.59239,E,16.95,15.9,140625,,,A*63
$GPVTG,15.9,T,,M,16.95,N,31.40,K,A*3D
$HEHDT,15.0,T*1B
$VWVHW,15.0,T,,M,17.19,N,31.83,K*49
$GPGSV,2,1,08,03,64,044,49,08,41,099,46,11,23,154,43,14,48,209,47*76
$GPGSV,2,2,08,17,66,266,47,22,21,314,41,28,09,354,40,31,57,124,46*76
$GAGSV,2,1,05,04,50,074,47,09,36,184,45,12,66,239,50,24,10,289,38*6E
$GAGSV,2,2,05,31,18,024,40*54
$GPZDA,081525.00,14,06,2025,00,00*6B
$GPGGA,081526.00,5931.48765,N,02448.59490,E,1,12,1.1,16.5,M,21.0,M,,*5B
$GPRMC,081526.00,A,5931.48765,N,02448.59490,E,17.07,16.1,140625,,,A*68
$GPVTG,16.1,T,,M,17.07,N,31.61,K,A*3F
$HEHDT,14.8,T*12
$VWVHW,14.8,T,,M,17.28,N,32.01,K*4B
$GPGGA,081527.00,5931.49241,N,02448.59764,E,1,12,1.1,16.8,M,21.0,M,,*5D
$GPRMC,081527.00,A,5931.49241,N,02448.59764,E,17.14,16.8,140625,,,A*68
$GPVTG,16.8,T,,M,17.14,N,31.75,K,A*31
$HEHDT,14.5,T*1F
$VWVHW,14.5,T,,M,17.28,N,32.01,K*46
$GPGGA,081528.00,5931.49686,N,02448.60029,E,1,12,1.1,16.8,M,21.0,M,,*59
$GPRMC,081528.00,A,5931.49686,N,02448.60029,E,17.11,16.1,140625,,,A*60
$GPVTG,16.1,T,,M,17.11,N,31.69,K,A*30
$HEHDT,14.4,T*1E
$VWVHW,14.4,T,,M,17.17,N,31.80,K*41
$GPGGA,081529.00,5931.50209,N,02448.60224,E,1,12,1.1,16.8,M,21.0,M,,*5C
$GPRMC,081529.00,A,5931.50209,N,02448.60224,E,16.99,16.0,140625,,,A*65
$GPVTG,16.0,T,,M,16.99,N,31.47,K,A*3C
$HEHDT,14.5,T*1F
$VWVHW,14.5,T,,M,17.11,N,31.68,K*40
$GPGGA,081530.00,5931.50627,N,02448.60471,E,1,12,1.1,16.8,M,21.0,M,,*5A
$GPRMC,081530.00,A,5931.50627,N,02448.60471,E,17.11,16.2,140625,,,A*60
$GPVTG,16.2,T,,M,17.11,N,31.69,K,A*33
$HEHDT,14.8,T*12
$VWVHW,14.8,T,,M,17.24,N,31.92,K*4E
$GPGSV,2,1,08,03,64,044,49,08,41,099,47,11,23,154,43,14,48,209,47*77
$GPGSV,2,2,08,17,66,266,47,22,21,314,41,28,09,354,40,31,57,124,46*76
$GAGSV,2,1,05,04,50,074,48,09,36,184,46,12,66,239,49,24,10,289,38*6A
$GAGSV,2,2,05,31,18,024,41*55
$GPZDA,081530.00,14,06,2025,00,00*6F
$GPGGA,081531.00,5931.51099,N,02448.60731,E,1,12,1.1,16.7,M,21.0,M,,*51
$GPRMC,081531.00,A,5931.51099,N,02448.60731,E,16.96,16.5,140625,,,A*6D
$GPVTG,16.5,T,,M,16.96,N,31.40,K,A*31
$HEHDT,14.8,T*12
$VWVHW,14.8,T,,M,17.25,N,31.96,K*4B
$GPGGA,081532.00,5931.51550,N,02448.61055,E,1,12,1.1,16.3,M,21.0,M,,*52
$GPRMC,081532.00,A,5931.51550,N,02448.61055,E,17.02,15.9,140625,,,A*69
$GPVTG,15.9,T,,M,17.02,N,31.52,K,A*31
$HEHDT,14.5,T*1F
$VWVHW,14.5,T,,M,17.23,N,31.92,K*44
$GPGGA,081533.00,5931.52044,N,02448.61313,E,1,12,1.1,16.3,M,21.0,M,,*51
$GPRMC,081533.00,A,5931.52044,N,02448.61313,E,17.23,16.6,140625,,,A*65
$GPVTG,16.6,T,,M,17.23,N,31.91,K,A*31
$HEHDT,15.1,T*1A
$VWVHW,15.1,T,,M,17.32,N,32.08,K*41
$GPGGA,081534.00,5931.52525,N,02448.61507,E,1,12,1.1,16.3,M,21.0,M,,*57
$GPRMC,081534.00,A,5931.52525,N,02448.61507,E,17.27,15.3,140625,,,A*61
$GPVTG,15.3,T,,M,17.27,N,31.98,K,A*3A
$HEHDT,15.1,T*1A
$VWVHW,15.1,T,,M,17.21,N,31.87,K*47
$GPGGA,081535.00,5931.52976,N,02448.61710,E,1,12,1.1,16.2,M,21.0,M,,*59
$GPRMC,081535.00,A,5931.52976,N,02448.61710,E,17.17,16.3,140625,,,A*6E
$GPVTG,16.3,T,,M,17.17,N,31.81,K,A*32
$HEHDT,14.9,T*13
$VWVHW,14.9,T,,M,17.18,N,31.81,K*42
$GPGSV,2,1,08,03,64,044,47,08,41,099,46,11,23,154,44,14,48,209,48*70
$GPGSV,2,2,08,17,66,266,47,22,21,314,41,28,09,354,40,31,57,124,47*77
$GAGSV,2,1,05,04,50,074,48,09,36,184,46,12,66,239,50,24,10,289,39*63
$GAGSV,2,2,05,31,18,024,39*5A
$GPZDA,081535.00,14,06,2025,00,00*6A
$GPGGA,081536.00,5931.53438,N,02448.62004,E,1,12,1.1,16.0,M,21.0,M,,*5F
$GPRMC,081536.00,A,5931.53438,N,02448.62004,E,17.16,16.3,140625,,,A*6B
$GPVTG,16.3,T,,M,17.16,N,31.78,K,A*35
$HEHDT,14.9,T*13
$VWVHW,14.9,T,,M,17.22,N,31.89,K*43
$GPGGA,081537.00,5931.53892,N,02448.62246,E,1,12,1.1,16.0,M,21.0,M,,*56
$GPRMC,081537.00,A,5931.53892,N,02448.62246,E,17.11,16.3,140625,,,A*65
$GPVTG,16.3,T,,M,17.11,N,31.68,K,A*33
$HEHDT,14.5,T*1F
$VWVHW,14.5,T,,M,17.14,N,31.74,K*48
$GPGGA,081538.00,5931.54299,N,02448.62490,E,1,12,1.1,16.6,M,21.0,M,,*54
$GPRMC,081538.00,A,5931.54299,N,02448.62490,E,17.11,16.3,140625,,,A*61
$GPVTG,16.3,T,,M,17.11,N,31.69,K,A*32
$HEHDT,14.7,T*1D
$VWVHW,14.7,T,,M,17.08,N,31.63,K*41
$GPGGA,081539.00,5931.54791,N,02448.62791,E,1,12,1.1,16.0,M,21.0,M,,*5C
$GPRMC,081539.00,A,5931.54791,N,02448.62791,E,17.08,16.4,140625,,,A*60
$GPVTG,16.4,T,,M,17.08,N,31.64,K,A*30
$HEHDT,14.8,T*12
$VWVHW,14.8,T,,M,17.04,N,31.56,K*44
$GPGGA,081540.00,5931.55267,N,02448.63033,E,1,12,1.1,16.3,M,21.0,M,,*52
$GPRMC,081540.00,A,5931.55267,N,02448.63033,E,17.03,16.1,140625,,,A*63
$GPVTG,16.1,T,,M,17.03,N,31.54,K,A*3D
$HEHDT,14.9,T*13
$VWVHW,14.9,T,,M,17.46,N,32.33,K*43
$GPGSV,2,1,08,03,64,044,48,08,41,099,47,11,23,154,44,14,48,209,47*71
$GPGSV,2,2,08,17,66,266,48,22,21,314,41,28,09,354,39,31,57,124,47*76
$GAGSV,2,1,05,04,50,074,48,09,36,184,48,12,66,239,49,24,10,289,39*65
$GAGSV,2,2,05,31,18,024,39*5A
$GPZDA,081540.00,14,06,2025,00,00*68
$GPGGA,081541.00,5931.55684,N,02448.63417,E,1,12,1.1,17.1,M,21.0,M,,*5B
$GPRMC,081541.00,A,5931.55684,N,02448.63417,E,17.24,16.5,140625,,,A*68
$GPVTG,16.5,T,,M,17.24,N,31.92,K,A*36
$HEHDT,14.7,T*1D
$VWVHW,14.7,T,,M,17.12,N,31.70,K*48
$GPGGA,081542.00,5931.56154,N,02448.63541,E,1,12,1.1,16.7,M,21.0,M,,*54
$GPRMC,081542.00,A,5931.56154,N,02448.63541,E,17.12,16.5,140625,,,A*65
$GPVTG,16.5,T,,M,17.12,N,31.71,K,A*3E
$HEHDT,14.3,T*19
$VWVHW,14.3,T,,M,17.19,N,31.83,K*4B
$GPGGA,081543.00,5931.56636,N,02448.63941,E,1,12,1.1,17.1,M,21.0,M,,*5D
$GPRMC,081543.00,A,5931.56636,N,02448.63941,E,17.24,16.0,140625,,,A*6B
$GPVTG,16.0,T,,M,17.24,N,31.92,K,A*33
$HEHDT,14.7,T*1D
$VWVHW,14.7,T,,M,17.27,N,31.99,K*49
$GPGGA,081544.00,5931.57056,N,02448.64036,E,1,12,1.1,16.4,M,21.0,M,,*51
$GPRMC,081544.00,A,5931.57056,N,02448.64036,E,17.24,15.9,140625,,,A*69
$GPVTG,15.9,T,,M,17.24,N,31.93,K,A*38
$HEHDT,14.7,T*1D
$VWVHW,14.7,T,,M,17.40,N,32.23,K*4A
$GPGGA,081545.00,5931.57507,N,02448.64397,E,1,12,1.1,16.1,M,21.0,M,,*5C
$GPRMC,081545.00,A,5931.57507,N,02448.64397,E,17.16,15.9,140625,,,A*60
$GPVTG,15.9,T,,M,17.16,N,31.78,K,A*3C
$HEHDT,14.5,T*1F
$VWVHW,14.5,T,,M,17.23,N,31.91,K*47
$GPGSV,2,1,08,03,64,044,47,08,41,099,45,11,23,154,44,14,48,209,46*7D
$GPGSV,2,2,08,17,66,266,48,22,21,314,41,28,09,354,38,31,57,124,46*76
$GAGSV,2,1,05,04,50,074,48,09,36,184,47,12,66,239,49,24,10,289,39*6A
$GAGSV,2,2,05,31,18,024,40*54
$GPZDA,081545.00,14,06,2025,00,00*6D
$GPGGA,081546.00,5931.57992,N,02448.64685,E,1,12,1.1,16.2,M,21.0,M,,*5A
$GPRMC,081546.00,A,5931.57992,N,02448.64685,E,17.07,16.5,140625,,,A*6A
$GPVTG,16.5,T,,M,17.07,N,31.62,K,A*38
$HEHDT,14.5,T*1F
$VWVHW,14.5,T,,M,17.36,N,32.15,K*4C
$GPGGA,081547.00,5931.58452,N,02448.64931,E,1,12,1.1,16.9,M,21.0,M,,*5E
$GPRMC,081547.00,A,5931.58452,N,02448.64931,E,17.24,16.3,140625,,,A*62
$GPVTG,16.3,T,,M,17.24,N,31.93,K,A*31
$HEHDT,14.9,T*13
$VWVHW,14.9,T,,M,17.09,N,31.64,K*49
$GPGGA,081548.00,5931.58993,N,02448.65268,E,1,12,1.1,16.5,M,21.0,M,,*5B
$GPRMC,081548.00,A,5931.58993,N,02448.65268,E,17.13,16.0,140625,,,A*6C
$GPVTG,16.0,T,,M,17.13,N,31.73,K,A*38
$HEHDT,14.4,T*1E
$VWVHW,14.4,T,,M,17.26,N,31.97,K*45
$GPGGA,081549.00,5931.59369,N,02448.65456,E,1,12,1.1,16.6,M,21.0,M,,*5C
$GPRMC,081549.00,A,5931.59369,N,02448.65456,E,17.10,16.1,140625,,,A*6A
$GPVTG,16.1,T,,M,17.10,N,31.66,K,A*3E
$HEHDT,14.6,T*1C
$VWVHW,14.6,T,,M,17.24,N,31.92,K*40
$GPGGA,081550.00,5931.59843,N,02448.65662,E,1,12,1.1,16.4,M,21.0,M,,*50
$GPRMC,081550.00,A,5931.59843,N,02448.65662,E,17.10,16.5,140625,,,A*60
$GPVTG,16.5,T,,M,17.10,N,31.67,K,A*3B
$HEHDT,14.5,T*1F
$VWVHW,14.5,T,,M,17.32,N,32.08,K*44
$GPGSV,2,1,08,03,64,044,48,08,41,099,44,11,23,154,44,14,48,209,46*73
$GPGSV,2,2,08,17,66,266,48,22,21,314,42,28,09,354,38,31,58,124,47*7B
$GAGSV,2,1,05,04,50,074,47,09,36,184,47,12,66,239,48,24,10,289,40*6A
$GAGSV,2,2,05,31,18,024,41*55
$GPZDA,081550.00,14,06,2025,00,00*69
$GPGGA,081551.00,5931.60312,N,02448.65935,E,1,12,1.1,15.9,M,21.0,M,,*57
$GPRMC,081551.00,A,5931.60312,N,02448.65935,E,17.17,15.8,140625,,,A*60
$GPVTG,15.8,T,,M,17.17,N,31.80,K,A*3B
$HEHDT,14.5,T*1F
$VWVHW,14.5,T,,M,17.13,N,31.73,K*48
$GPGGA,081552.00,5931.60744,N,02448.66253,E,1,12,1.1,16.9,M,21.0,M,,*58
$GPRMC,081552.00,A,5931.60744,N,02448.66253,E,17.12,16.0,140625,,,A*62
$GPVTG,16.0,T,,M,17.12,N,31.70,K,A*3A
$HEHDT,15.0,T*1B
$VWVHW,15.0,T,,M,17.43,N,32.29,K*45
$GPGGA,081553.00,5931.61146,N,02448.66441,E,1,12,1.1,16.5,M,21.0,M,,*55
$GPRMC,081553.00,A,5931.61146,N,02448.66441,E,17.10,16.8,140625,,,A*69
$GPVTG,16.8,T,,M,17.10,N,31.67,K,A*36
$HEHDT,14.5,T*1F
$VWVHW,14.5,T,,M,17.17,N,31.79,K*46
$GPGGA,081554.00,5931.61645,N,02448.66890,E,1,12,1.1,16.5,M,21.0,M,,*56
$GPRMC,081554.00,A,5931.61645,N,02448.66890,E,17.21,16.3,140625,,,A*63
$GPVTG,16.3,T,,M,17.21,N,31.87,K,A*31
$HEHDT,14.9,T*13
$VWVHW,14.9,T,,M,17.30,N,32.04,K*46
$GPGGA,081555.00,5931.62084,N,02448.67033,E,1,12,1.1,16.8,M,21.0,M,,*52
$GPRMC,081555.00,A,5931.62084,N,02448.67033,E,17.23,15.9,140625,,,A*61
$GPVTG,15.9,T,,M,17.23,N,31.91,K,A*3D
$HEHDT,14.9,T*13
$VWVHW,14.9,T,,M,17.33,N,32.10,K*40
$GPGSV,2,1,08,03,64,044,47,08,41,099,44,11,23,154,43,14,48,209,46*7B
$GPGSV,2,2,08,17,66,266,47,22,21,314,40,28,09,354,39,31,58,124,46*76
$GAGSV,2,1,05,04,50,074,48,09,36,184,46,12,66,239,49,24,10,289,39*6B
$GAGSV,2,2,05,31,18,024,39*5A
$GPZDA,081555.00,14,06,2025,00,00*6C
$GPGGA,081556.00,5931.62551,N,02448.67314,E,1,12,1.0,17.7,M,21.0,M,,*55
$GPRMC,081556.00,A,5931.62551,N,02448.67314,E,17.25,16.1,140625,,,A*64
$GPVTG,16.1,T,,M,17.25,N,31.95,K,A*34
$HEHDT,15.2,T*19
$VWVHW,15.2,T,,M,17.34,N,32.11,K*4C
$GPGGA,081557.00,5931.63010,N,02448.67561,E,1,12,1.0,16.9,M,21.0,M,,*5E
$GPRMC,081557.00,A,5931.63010,N,02448.67561,E,17.35,16.4,140625,,,A*64
$GPVTG,16.4,T,,M,17.35,N,32.13,K,A*3D
$HEHDT,14.9,T*13
$VWVHW,14.9,T,,M,17.12,N,31.72,K*44
$GPGGA,081558.00,5931.63498,N,02448.67866,E,1,12,1.0,16.7,M,21.0,M,,*51
$GPRMC,081558.00,A,5931.63498,N,02448.67866,E,17.15,16.8,140625,,,A*6B
$GPVTG,16.8,T,,M,17.15,N,31.76,K,A*33
$HEHDT,14.4,T*1E
$VWVHW,14.4,T,,M,17.30,N,32.04,K*4B
$GPGGA,081559.00,5931.63941,N,02448.68125,E,1,12,1.0,17.0,M,21.0,M,,*5E
$GPRMC,081559.00,A,5931.63941,N,02448.68125,E,17.18,16.3,140625,,,A*64
$GPVTG,16.3,T,,M,17.18,N,31.82,K,A*3E
$HEHDT,15.2,T*19
$VWVHW,15.2,T,,M,17.32,N,32.08,K*42
$GPGGA,081600.00,5931.64371,N,02448.68487,E,1,12,1.0,17.6,M,21.0,M,,*54
$GPRMC,081600.00,A,5931.64371,N,02448.68487,E,17.09,15.8,140625,,,A*60
$GPVTG,15.8,T,,M,17.09,N,31.66,K,A*3C
$HEHDT,14.7,T*1D
$VWVHW,14.7,T,,M,17.21,N,31.88,K*4F
$GPGSV,2,1,08,03,64,044,47,08,41,099,44,11,23,154,44,14,48,209,46*7C
$GPGSV,2,2,08,17,66,266,47,22,21,314,42,28,09,354,39,31,58,124,47*75
$GAGSV,2,1,05,04,50,074,49,09,36,184,46,12,66,239,48,24,10,289,39*6B
$GAGSV,2,2,05,31,18,024,40*54
$GPZDA,081600.00,14,06,2025,00,00*6F
$GPGGA,081601.00,5931.64852,N,02448.68857,E,1,12,1.0,16.9,M,21.0,M,,*50
$GPRMC,081601.00,A,5931.64852,N,02448.68857,E,17.27,16.4,140625,,,A*69
$GPVTG,16.4,T,,M,17.27,N,31.98,K,A*3E
$HEHDT,14.4,T*1E
$VWVHW,14.4,T,,M,17.48,N,32.37,K*44
$GPGGA,081602.00,5931.65277,N,02448.69083,E,1,12,1.0,17.5,M,21.0,M,,*52
$GPRMC,081602.00,A,5931.65277,N,02448.69083,E,17.23,16.2,140625,,,A*64
$GPVTG,16.2,T,,M,17.23,N,31.91,K,A*35
$HEHDT,15.1,T*1A
$VWVHW,15.1,T,,M,17.29,N,32.02,K*41
$GPGGA,081603.00,5931.65743,N,02448.69239,E,1,12,1.0,16.7,M,21.0,M,,*51
$GPRMC,081603.00,A,5931.65743,N,02448.69239,E,17.22,16.1,140625,,,A*66
$GPVTG,16.1,T,,M,17.22,N,31.90,K,A*36
$HEHDT,14.6,T*1C
$VWVHW,14.6,T,,M,17.34,N,32.11,K*49
$GPGGA,081604.00,5931.66235,N,02448.69501,E,1,12,1.0,17.0,M,21.0,M,,*5B
$GPRMC,081604.00,A,5931.66235,N,02448.69501,E,17.11,16.2,140625,,,A*69
$GPVTG,16.2,T,,M,17.11,N,31.69,K,A*33
$HEHDT,14.6,T*1C
$VWVHW,14.6,T,,M,17.28,N,32.01,K*45
$GPGGA,081605.00,5931.66682,N,02448.69763,E,1,12,1.0,16.7,M,21.0,M,,*52
$GPRMC,081605.00,A,5931.66682,N,02448.69763,E,17.20,15.8,140625,,,A*6D
$GPVTG,15.8,T,,M,17.20,N,31.85,K,A*3A
$HEHDT,14.7,T*1D
$VWVHW,14.7,T,,M,17.23,N,31.92,K*46
$GPGSV,2,1,08,03,64,044,48,08,41,099,45,11,23,154,43,14,48,209,46*75
$GPGSV,2,2,08,17,66,266,47,22,21,314,40,28,09,354,39,31,58,124,47*77
$GAGSV,2,1,05,04,50,074,47,09,36,184,46,12,66,239,48,24,10,289,39*65
$GAGSV,2,2,05,31,18,024,39*5A
$GPZDA,081605.00,14,06,2025,00,00*6A
$GPGGA,081606.00,5931.67167,N,02448.70038,E,1,12,1.0,16.9,M,21.0,M,,*53
$GPRMC,081606.00,A,5931.67167,N,02448.70038,E,17.15,16.4,140625,,,A*6B
$GPVTG,16.4,T,,M,17.15,N,31.76,K,A*3F
$HEHDT,14.8,T*12
$VWVHW,14.8,T,,M,17.23,N,31.90,K*4B
$GPGGA,081607.00,5931.67614,N,02448.70380,E,1,12,1.0,17.0,M,21.0,M,,*59
$GPRMC,081607.00,A,5931.67614,N,02448.70380,E,17.23,16.1,140625,,,A*69
$GPVTG,16.1,T,,M,17.23,N,31.91,K,A*36
$HEHDT,14.8,T*12
$VWVHW,14.8,T,,M,17.42,N,32.26,K*42
$GPGGA,081608.00,5931.68096,N,02448.70521,E,1,12,1.0,16.5,M,21.0,M,,*5C
$GPRMC,081608.00,A,5931.68096,N,02448.70521,E,17.20,15.9,140625,,,A*60
$GPVTG,15.9,T,,M,17.20,N,31.85,K,A*3B
$HEHDT,14.9,T*13
$VWVHW,14.9,T,,M,17.33,N,32.09,K*48
$GPGGA,081609.00,5931.68547,N,02448.70834,E,1,12,1.0,16.6,M,21.0,M,,*5E
$GPRMC,081609.00,A,5931.68547,N,02448.70834,E,17.27,16.5,140625,,,A*69
$GPVTG,16.5,T,,M,17.27,N,31.98,K,A*3F
$HEHDT,14.6,T*1C
$VWVHW,14.6,T,,M,17.25,N,31.95,K*46
$GPGGA,081610.00,5931.69014,N,02448.70981,E,1,12,1.0,16.4,M,21.0,M,,*59
$GPRMC,081610.00,A,5931.69014,N,02448.70981,E,17.11,16.0,140625,,,A*6C
$GPVTG,16.0,T,,M,17.11,N,31.69,K,A*31
$HEHDT,14.5,T*1F
$VWVHW,14.5,T,,M,17.31,N,32.06,K*49
$GPGSV,2,1,08,03,64,044,49,08,41,099,45,11,23,154,41,14,48,209,47*77
$GPGSV,2,2,08,17,66,266,47,22,21,314,41,28,09,354,39,31,58,124,47*76
$GAGSV,2,1,05,04,50,074,49,09,36,184,45,12,66,239,48,24,10,289,39*68
$GAGSV,2,2,05,31,18,024,40*54
$GPZDA,081610.00,14,06,2025,00,00*6E
$GPGGA,081611.00,5931.69481,N,02448.71329,E,1,12,1.0,17.0,M,21.0,M,,*5C
$GPRMC,081611.00,A,5931.69481,N,02448.71329,E,17.15,16.1,140625,,,A*69
$GPVTG,16.1,T,,M,17.15,N,31.76,K,A*3A
$HEHDT,15.1,T*1A
$VWVHW,15.1,T,,M,17.36,N,32.15,K*49
$GPGGA,081612.00,5931.69916,N,02448.71672,E,1,12,1.0,16.8,M,21.0,M,,*5E
$GPRMC,081612.00,A,5931.69916,N,02448.71672,E,17.22,16.0,140625,,,A*67
$GPVTG,16.0,T,,M,17.22,N,31.89,K,A*3F
$HEHDT,14.7,T*1D
$VWVHW,14.7,T,,M,17.32,N,32.08,K*46
$GPGGA,081613.00,5931.70433,N,02448.71882,E,1,12,1.0,16.9,M,21.0,M,,*5D
$GPRMC,081613.00,A,5931.70433,N,02448.71882,E,17.20,16.2,140625,,,A*65
$GPVTG,16.2,T,,M,17.20,N,31.86,K,A*30
$HEHDT,15.0,T*1B
$VWVHW,15.0,T,,M,17.39,N,32.20,K*41
$GPGGA,081614.00,5931.70896,N,02448.72078,E,1,12,1.0,16.7,M,21.0,M,,*59
$GPRMC,081614.00,A,5931.70896,N,02448.72078,E,17.31,16.0,140625,,,A*6D
$GPVTG,16.0,T,,M,17.31,N,32.07,K,A*38
$HEHDT,14.7,T*1D
$VWVHW,14.7,T,,M,17.36,N,32.15,K*4E
$GPGGA,081615.00,5931.71351,N,02448.72387,E,1,12,1.0,17.0,M,21.0,M,,*5C
$GPRMC,081615.00,A,5931.71351,N,02448.72387,E,17.19,16.2,140625,,,A*66
$GPVTG,16.2,T,,M,17.19,N,31.83,K,A*3F
$HEHDT,15.2,T*19
$VWVHW,15.2,T,,M,17.28,N,32.01,K*40
$GPGSV,2,1,08,03,64,044,48,08,41,099,44,11,23,154,43,14,48,209,46*74
$GPGSV,2,2,08,17,66,266,48,22,21,314,41,28,09,354,40,31,58,124,47*77
$GAGSV,2,1,05,04,50,074,48,09,36,184,46,12,66,239,49,24,10,289,38*6A
$GAGSV,2,2,05,31,18,024,41*55
$GPZDA,081615.00,14,06,2025,00,00*6B
$GPGGA,081616.00,5931.71733,N,02448.72576,E,1,12,1.0,16.2,M,21.0,M,,*54
$GPRMC,081616.00,A,5931.71733,N,02448.72576,E,17.06,16.5,140625,,,A*64
$GPVTG,16.5,T,,M,17.06,N,31.60,K,A*3B
$HEHDT,15.0,T*1B
$VWVHW,15.0,T,,M,17.25,N,31.94,K*40
$GPGGA,081617.00,5931.72229,N,02448.72904,E,1,12,1.0,16.0,M,21.0,M,,*53
$GPRMC,081617.00,A,5931.72229,N,02448.72904,E,17.19,16.2,140625,,,A*68
$GPVTG,16.2,T,,M,17.19,N,31.84,K,A*38
$HEHDT,15.0,T*1B
$VWVHW,15.0,T,,M,17.36,N,32.15,K*48
$GPGGA,081618.00,5931.72698,N,02448.73149,E,1,12,1.0,16.4,M,21.0,M,,*56
$GPRMC,081618.00,A,5931.72698,N,02448.73149,E,17.18,16.1,140625,,,A*6B
$GPVTG,16.1,T,,M,17.18,N,31.82,K,A*3C
$HEHDT,14.6,T*1C
$VWVHW,14.6,T,,M,17.42,N,32.26,K*4C
$GPGGA,081619.00,5931.73148,N,02448.73364,E,1,12,1.0,16.9,M,21.0,M,,*5C
$GPRMC,081619.00,A,5931.73148,N,02448.73364,E,17.29,16.4,140625,,,A*6B
$GPVTG,16.4,T,,M,17.29,N,32.03,K,A*31
$HEHDT,14.3,T*19
$VWVHW,14.3,T,,M,17.43,N,32.28,K*46
$GPGGA,081620.00,5931.73597,N,02448.73674,E,1,12,1.0,16.1,M,21.0,M,,*5C
$GPRMC,081620.00,A,5931.73597,N,02448.73674,E,17.20,16.4,140625,,,A*6A
$GPVTG,16.4,T,,M,17.20,N,31.86,K,A*36
$HEHDT,14.9,T*13
$VWVHW,14.9,T,,M,17.27,N,31.99,K*47
$GPGSV,2,1,08,03,64,044,49,08,41,099,44,11,23,154,43,14,48,209,47*74
$GPGSV,2,2,08,17,66,266,48,22,21,314,41,28,09,354,39,31,58,124,47*79
$GAGSV,2,1,05,04,50,074,49,09,36,184,45,12,66,239,48,24,10,289,38*69
$GAGSV,2,2,05,31,18,024,39*5A
$GPZDA,081620.00,14,06,2025,00,00*6D
$GPGGA,081621.00,5931.74046,N,02448.73813,E,1,12,1.0,16.0,M,21.0,M,,*5D
$GPRMC,081621.00,A,5931.74046,N,02448.73813,E,17.26,16.2,140625,,,A*6A
$GPVTG,16.2,T,,M,17.26,N,31.97,K,A*36
$HEHDT,14.9,T*13
$VWVHW,14.9,T,,M,17.30,N,32.03,K*41
$GPGGA,081622.00,5931.74502,N,02448.74214,E,1,12,1.0,16.5,M,21.0,M,,*54
$GPRMC,081622.00,A,5931.74502,N,02448.74214,E,17.24,16.0,140625,,,A*66
$GPVTG,16.0,T,,M,17.24,N,31.92,K,A*33
$HEHDT,14.9,T*13
$VWVHW,14.9,T,,M,17.23,N,31.92,K*48
$GPGGA,081623.00,5931.74906,N,02448.74385,E,1,12,1.0,16.5,M,21.0,M,,*54
$GPRMC,081623.00,A,5931.74906,N,02448.74385,E,17.19,16.6,140625,,,A*6E
$GPVTG,16.6,T,,M,17.19,N,31.83,K,A*3B
$HEHDT,15.2,T*19
$VWVHW,15.2,T,,M,17.19,N,31.84,K*4C
$GPGGA,081624.00,5931.75400,N,02448.74736,E,1,12,1.0,16.4,M,21.0,M,,*54
$GPRMC,081624.00,A,5931.75400,N,02448.74736,E,17.10,16.1,140625,,,A*61
$GPVTG,16.1,T,,M,17.10,N,31.67,K,A*3F
$HEHDT,15.0,T*1B
$VWVHW,15.0,T,,M,17.22,N,31.89,K*4B
$GPGGA,081625.00,5931.75854,N,02448.74854,E,1,12,1.0,16.5,M,21.0,M,,*52
$GPRMC,081625.00,A,5931.75854,N,02448.74854,E,17.19,16.0,140625,,,A*6E
$GPVTG,16.0,T,,M,17.19,N,31.84,K,A*3A
$HEHDT,14.7,T*1D
$VWVHW,14.7,T,,M,17.26,N,31.96,K*47
$GPGSV,2,1,08,03,65,044,49,08,41,099,45,11,23,154,42,14,48,209,46*74
$GPGSV,2,2,08,17,66,266,48,22,21,314,41,28,09,354,40,31,58,124,48*78
$GAGSV,2,1,05,04,50,074,47,09,36,184,45,12,66,239,49,24,10,289,39*67
$GAGSV,2,2,05,31,18,024,39*5A
$GPZDA,081625.00,14,06,2025,00,00*68
$GPGGA,081626.00,5931.76295,N,02448.75167,E,1,12,1.0,16.5,M,21.0,M,,*5D
$GPRMC,081626.00,A,5931.76295,N,02448.75167,E,17.25,16.1,140625,,,A*6F
$GPVTG,16.1,T,,M,17.25,N,31.95,K,A*34
$HEHDT,14.8,T*12
$VWVHW,14.8,T,,M,17.39,N,32.21,K*49
$GPGGA,081627.00,5931.76751,N,02448.75472,E,1,12,1.0,16.8,M,21.0,M,,*5D
$GPRMC,081627.00,A,5931.76751,N,02448.75472,E,17.24,16.3,140625,,,A*61
$GPVTG,16.3,T,,M,17.24,N,31.93,K,A*31
$HEHDT,14.5,T*1F
$VWVHW,14.5,T,,M,17.24,N,31.93,K*42
$GPGGA,081628.00,5931.77198,N,02448.75724,E,1,12,1.0,16.1,M,21.0,M,,*59
$GPRMC,081628.00,A,5931.77198,N,02448.75724,E,17.16,16.2,140625,,,A*6C
$GPVTG,16.2,T,,M,17.16,N,31.79,K,A*35
$HEHDT,15.3,T*18
$VWVHW,15.3,T,,M,17.31,N,32.05,K*4D
$GPGGA,081629.00,5931.77652,N,02448.76100,E,1,12,1.0,15.8,M,21.0,M,,*50
$GPRMC,081629.00,A,5931.77652,N,02448.76100,E,17.20,16.3,140625,,,A*6B
$GPVTG,16.3,T,,M,17.20,N,31.85,K,A*32
$HEHDT,14.2,T*18
$VWVHW,14.2,T,,M,17.32,N,32.07,K*4C
$GPGGA,081630.00,5931.78079,N,02448.76374,E,1,12,1.0,16.7,M,21.0,M,,*55
$GPRMC,081630.00,A,5931.78079,N,02448.76374,E,17.18,15.7,140625,,,A*6E
$GPVTG,15.7,T,,M,17.18,N,31.82,K,A*39
$HEHDT,14.8,T*12
$VWVHW,14.8,T,,M,17.28,N,32.00,K*4A
$GPGSV,2,1,08,03,65,044,48,08,41,099,45,11,23,154,43,14,48,209,47*75
$GPGSV,2,2,08,17,66,266,48,22,21,314,42,28,09,354,40,31,58,124,48*7B
$GAGSV,2,1,05,04,50,074,46,09,36,184,44,12,66,239,49,24,10,289,38*66
$GAGSV,2,2,05,31,18,024,41*55
$GPZDA,081630.00,14,06,2025,00,00*6C
$GPGGA,081631.00,5931.78563,N,02448.76552,E,1,12,1.0,16.9,M,21.0,M,,*56
$GPRMC,081631.00,A,5931.78563,N,02448.76552,E,17.26,16.3,140625,,,A*69
$GPVTG,16.3,T,,M,17.26,N,31.97,K,A*37
$HEHDT,14.7,T*1D
$VWVHW,14.7,T,,M,17.38,N,32.18,K*4D
$GPGGA,081632.00,5931.79014,N,02448.76846,E,1,12,1.0,16.3,M,21.0,M,,*53
$GPRMC,081632.00,A,5931.79014,N,02448.76846,E,17.20,15.6,140625,,,A*66
$GPVTG,15.6,T,,M,17.20,N,31.85,K,A*34
$HEHDT,14.9,T*13
$VWVHW,14.9,T,,M,17.23,N,31.92,K*48
$GPGGA,081633.00,5931.79473,N,02448.77013,E,1,12,1.0,15.9,M,21.0,M,,*57
$GPRMC,081633.00,A,5931.79473,N,02448.77013,E,17.25,16.4,140625,,,A*6F
$GPVTG,16.4,T,,M,17.25,N,31.95,K,A*31
$HEHDT,14.5,T*1F
$VWVHW,14.5,T,,M,17.32,N,32.07,K*4B
$GPGGA,081634.00,5931.79878,N,02448.77276,E,1,12,1.0,16.4,M,21.0,M,,*58
$GPRMC,081634.00,A,5931.79878,N,02448.77276,E,17.14,16.5,140625,,,A*6D
$GPVTG,16.5,T,,M,17.14,N,31.74,K,A*3D
$HEHDT,14.7,T*1D
$VWVHW,14.7,T,,M,17.39,N,32.21,K*46
$GPGGA,081635.00,5931.80346,N,02448.77618,E,1,12,1.0,16.5,M,21.0,M,,*54
$GPRMC,081635.00,A,5931.80346,N,02448.77618,E,17.16,16.3,140625,,,A*64
$GPVTG,16.3,T,,M,17.16,N,31.79,K,A*34
$HEHDT,14.9,T*13
$VWVHW,14.9,T,,M,17.26,N,31.97,K*48
$GPGSV,2,1,08,03,65,044,50,08,41,099,45,11,23,154,41,14,48,209,47*7E
$GPGSV,2,2,08,17,66,266,48,22,21,314,41,28,09,354,39,31,58,124,48*76
$GAGSV,2,1,05,04,50,074,46,09,36,184,45,12,66,239,48,24,10,289,38*66
$GAGSV,2,2,05,31,18,024,40*54
$GPZDA,081635.00,14,06,2025,00,00*69
$GPGGA,081636.00,5931.80868,N,02448.77809,E,1,12,1.0,15.8,M,21.0,M,,*50
$GPRMC,081636.00,A,5931.80868,N,02448.77809,E,17.22,16.0,140625,,,A*6A
$GPVTG,16.0,T,,M,17.22,N,31.90,K,A*37
$HEHDT,14.7,T*1D
$VWVHW,14.7,T,,M,17.36,N,32.16,K*4D
$GPGGA,081637.00,5931.81272,N,02448.78206,E,1,12,1.0,15.7,M,21.0,M,,*54
$GPRMC,081637.00,A,5931.81272,N,02448.78206,E,17.21,16.4,140625,,,A*66
$GPVTG,16.4,T,,M,17.21,N,31.87,K,A*36
$HEHDT,14.5,T*1F
$VWVHW,14.5,T,,M,17.27,N,31.99,K*4B
$GPGGA,081638.00,5931.81720,N,02448.78362,E,1,12,1.0,15.9,M,21.0,M,,*54
$GPRMC,081638.00,A,5931.81720,N,02448.78362,E,17.10,15.8,140625,,,A*65
$GPVTG,15.8,T,,M,17.10,N,31.66,K,A*34
$HEHDT,14.6,T*1C
$VWVHW,14.6,T,,M,17.26,N,31.96,K*46
$GPGGA,081639.00,5931.82156,N,02448.78701,E,1,12,1.0,15.7,M,21.0,M,,*5E
$GPRMC,081639.00,A,5931.82156,N,02448.78701,E,17.24,16.2,140625,,,A*6F
$GPVTG,16.2,T,,M,17.24,N,31.93,K,A*30
$HEHDT,14.7,T*1D
$VWVHW,14.7,T,,M,17.20,N,31.86,K*40
$GPGGA,081640.00,5931.82610,N,02448.78916,E,1,12,1.0,16.1,M,21.0,M,,*58
$GPRMC,081640.00,A,5931.82610,N,02448.78916,E,17.07,16.4,140625,,,A*6B
$GPVTG,16.4,T,,M,17.07,N,31.61,K,A*3A
$HEHDT,15.2,T*19
$VWVHW,15.2,T,,M,17.17,N,31.79,K*40
$GPGSV,2,1,08,03,65,044,49,08,41,099,45,11,23,154,41,14,48,209,47*76
$GPGSV,2,2,08,17,66,266,49,22,21,314,41,28,09,354,39,31,58,124,47*78
$GAGSV,2,1,05,04,50,074,46,09,36,184,45,12,66,239,49,24,10,289,39*66
$GAGSV,2,2,05,31,18,024,42*56
$GPZDA,081640.00,14,06,2025,00,00*6B
$GPGGA,081641.00,5931.83053,N,02448.79201,E,1,12,1.0,15.8,M,21.0,M,,*5F
$GPRMC,081641.00,A,5931.83053,N,02448.79201,E,17.09,16.4,140625,,,A*68
$GPVTG,16.4,T,,M,17.09,N,31.66,K,A*33
$HEHDT,14.9,T*13
$VWVHW,14.9,T,,M,17.27,N,31.98,K*46
$GPGGA,081642.00,5931.83487,N,02448.79411,E,1,12,1.0,15.6,M,21.0,M,,*58
$GPRMC,081642.00,A,5931.83487,N,02448.79411,E,17.18,16.3,140625,,,A*66
$GPVTG,16.3,T,,M,17.18,N,31.82,K,A*3E
$HEHDT,14.9,T*13
$VWVHW,14.9,T,,M,17.30,N,32.04,K*46
$GPGGA,081643.00,5931.84033,N,02448.79720,E,1,12,1.0,15.2,M,21.0,M,,*50
$GPRMC,081643.00,A,5931.84033,N,02448.79720,E,17.36,16.1,140625,,,A*64
$GPVTG,16.1,T,,M,17.36,N,32.15,K,A*3D
$HEHDT,14.7,T*1D
$VWVHW,14.7,T,,M,17.19,N,31.83,K*4F
$GPGGA,081644.00,5931.84441,N,02448.80008,E,1,12,1.0,15.6,M,21.0,M,,*59
$GPRMC,081644.00,A,5931.84441,N,02448.80008,E,17.07,15.7,140625,,,A*6E
$GPVTG,15.7,T,,M,17.07,N,31.61,K,A*3A
$HEHDT,14.8,T*12
$VWVHW,14.8,T,,M,17.34,N,32.12,K*44
$GPGGA,081645.00,5931.84914,N,02448.80287,E,1,12,1.0,15.5,M,21.0,M,,*53
$GPRMC,081645.00,A,5931.84914,N,02448.80287,E,17.12,16.1,140625,,,A*66
$GPVTG,16.1,T,,M,17.12,N,31.70,K,A*3B
$HEHDT,15.1,T*1A
$VWVHW,15.1,T,,M,17.31,N,32.06,K*4C
$GPGSV,2,1,08,03,65,044,50,08,41,099,45,11,23,154,41,14,48,209,47*7E
$GPGSV,2,2,08,17,66,266,48,22,21,314,41,28,09,354,38,31,58,124,48*77
$GAGSV,2,1,05,04,50,074,48,09,36,184,45,12,66,239,50,24,10,289,39*60
$GAGSV,2,2,05,31,18,024,40*54
$GPZDA,081645.00,14,06,2025,00,00*6E
$GPGGA,081646.00,5931.85340,N,02448.80615,E,1,12,1.0,15.9,M,21.0,M,,*59
$GPRMC,081646.00,A,5931.85340,N,02448.80615,E,17.22,16.5,140625,,,A*67
$GPVTG,16.5,T,,M,17.22,N,31.89,K,A*3A
$HEHDT,15.3,T*18
$VWVHW,15.3,T,,M,17.28,N,32.00,K*40
$GPGGA,081647.00,5931.85783,N,02448.80779,E,1,12,1.0,16.0,M,21.0,M,,*52
$GPRMC,081647.00,A,5931.85783,N,02448.80779,E,17.17,16.4,140625,,,A*61
$GPVTG,16.4,T,,M,17.17,N,31.79,K,A*32
$HEHDT,15.1,T*1A
$VWVHW,15.1,T,,M,17.27,N,31.99,K*4E
$GPGGA,081648.00,5931.86261,N,02448.81044,E,1,12,1.0,16.1,M,21.0,M,,*5E
$GPRMC,081648.00,A,5931.86261,N,02448.81044,E,17.32,16.2,140625,,,A*6D
$GPVTG,16.2,T,,M,17.32,N,32.08,K,A*36
$HEHDT,15.1,T*1A
$VWVHW,15.1,T,,M,17.25,N,31.95,K*40
$GPGGA,081649.00,5931.86744,N,02448.81384,E,1,12,1.0,15.3,M,21.0,M,,*53
$GPRMC,081649.00,A,5931.86744,N,02448.81384,E,17.03,15.7,140625,,,A*65
$GPVTG,15.7,T,,M,17.03,N,31.55,K,A*39
$HEHDT,14.9,T*13
$VWVHW,14.9,T,,M,17.24,N,31.94,K*49
$GPGGA,081650.00,5931.87216,N,02448.81572,E,1,12,1.0,15.3,M,21.0,M,,*57
$GPRMC,081650.00,A,5931.87216,N,02448.81572,E,17.18,16.1,140625,,,A*6E
$GPVTG,16.1,T,,M,17.18,N,31.82,K,A*3C
$HEHDT,14.9,T*13
$VWVHW,14.9,T,,M,17.19,N,31.84,K*46
$GPGSV,2,1,08,03,65,044,50,08,41,099,46,11,23,154,41,14,48,209,46*7C
$GPGSV,2,2,08,17,66,266,49,22,21,314,41,28,09,354,38,31,58,124,47*79
$GAGSV,2,1,05,04,50,074,47,09,36,184,43,12,66,239,50,24,10,289,38*68
$GAGSV,2,2,05,31,18,024,40*54
$GPZDA,081650.00,14,06,2025,00,00*6A
$GPGGA,081651.00,5931.87651,N,02448.81897,E,1,12,1.0,15.4,M,21.0,M,,*50
$GPRMC,081651.00,A,5931.87651,N,02448.81897,E,17.20,16.3,140625,,,A*67
$GPVTG,16.3,T,,M,17.20,N,31.86,K,A*31
$HEHDT,14.7,T*1D
$VWVHW,14.7,T,,M,17.08,N,31.63,K*41
$GPGGA,081652.00,5931.88101,N,02448.82103,E,1,12,1.0,15.3,M,21.0,M,,*5E
$GPRMC,081652.00,A,5931.88101,N,02448.82103,E,17.10,16.6,140625,,,A*68
$GPVTG,16.6,T,,M,17.10,N,31.66,K,A*39
$HEHDT,14.5,T*1F
$VWVHW,14.5,T,,M,17.21,N,31.87,K*42
$GPGGA,081653.00,5931.88547,N,02448.82311,E,1,12,1.0,15.2,M,21.0,M,,*59
$GPRMC,081653.00,A,5931.88547,N,02448.82311,E,17.16,16.3,140625,,,A*6D
$GPVTG,16.3,T,,M,17.16,N,31.79,K,A*34
$HEHDT,14.8,T*12
$VWVHW,14.8,T,,M,17.19,N,31.84,K*47
$GPGGA,081654.00,5931.89002,N,02448.82719,E,1,12,1.0,15.5,M,21.0,M,,*50
$GPRMC,081654.00,A,5931.89002,N,02448.82719,E,17.17,15.8,140625,,,A*6A
$GPVTG,15.8,T,,M,17.17,N,31.79,K,A*3D
$HEHDT,14.9,T*13
$VWVHW,14.9,T,,M,17.19,N,31.83,K*41
$GPGGA,081655.00,5931.89441,N,02448.82896,E,1,12,1.0,15.6,M,21.0,M,,*59
$GPRMC,081655.00,A,5931.89441,N,02448.82896,E,17.23,16.8,140625,,,A*64
$GPVTG,16.8,T,,M,17.23,N,31.91,K,A*3F
$HEHDT,14.4,T*1E
$VWVHW,14.4,T,,M,17.25,N,31.96,K*47
$GPGSV,2,1,08,03,65,044,49,08,41,099,46,11,23,154,40,14,48,209,46*75
$GPGSV,2,2,08,17,66,266,49,22,21,314,41,28,09,354,39,31,58,124,47*78
$GAGSV,2,1,05,04,50,074,47,09,36,184,45,12,66,239,50,24,10,289,39*6F
$GAGSV,2,2,05,31,18,024,41*55
$GPZDA,081655.00,14,06,2025,00,00*6F
$GPGGA,081656.00,5931.89904,N,02448.83164,E,1,12,1.0,15.5,M,21.0,M,,*50
$GPRMC,081656.00,A,5931.89904,N,02448.83164,E,17.06,16.3,140625,,,A*62
$GPVTG,16.3,T,,M,17.06,N,31.59,K,A*37
$HEHDT,14.5,T*1F
$VWVHW,14.5,T,,M,17.32,N,32.08,K*44
$GPGGA,081657.00,5931.90334,N,02448.83344,E,1,12,1.0,15.3,M,21.0,M,,*56
$GPRMC,081657.00,A,5931.90334,N,02448.83344,E,17.14,16.7,140625,,,A*65
$GPVTG,16.7,T,,M,17.14,N,31.74,K,A*3F
$HEHDT,14.7,T*1D
$VWVHW,14.7,T,,M,17.22,N,31.89,K*4D
$GPGGA,081658.00,5931.90810,N,02448.83682,E,1,12,1.0,15.6,M,21.0,M,,*5E
$GPRMC,081658.00,A,5931.90810,N,02448.83682,E,17.13,16.1,140625,,,A*69
$GPVTG,16.1,T,,M,17.13,N,31.72,K,A*38
$HEHDT,14.5,T*1F
$VWVHW,14.5,T,,M,17.18,N,31.81,K*4E
$GPGGA,081659.00,5931.91277,N,02448.83910,E,1,12,1.0,15.1,M,21.0,M,,*56
$GPRMC,081659.00,A,5931.91277,N,02448.83910,E,17.20,16.5,140625,,,A*62
$GPVTG,16.5,T,,M,17.20,N,31.85,K,A*34
$HEHDT,14.8,T*12
$VWVHW,14.8,T,,M,17.19,N,31.83,K*40
$GPGGA,081700.00,5931.91687,N,02448.84244,E,1,12,1.0,14.3,M,21.0,M,,*5E
$GPRMC,081700.00,A,5931.91687,N,02448.84244,E,17.06,16.1,140625,,,A*69
$GPVTG,16.1,T,,M,17.06,N,31.59,K,A*35
$HEHDT,14.6,T*1C
$VWVHW,14.6,T,,M,17.25,N,31.94,K*47
$GPGSV,2,1,08,03,65,044,49,08,41,099,46,11,23,154,41,14,48,209,47*75
$GPGSV,2,2,08,17,66,266,48,22,21,314,40,28,09,354,39,31,58,124,47*78
$GAGSV,2,1,05,04,50,074,47,09,36,184,45,12,66,239,50,24,10,289,38*6E
$GAGSV,2,2,05,31,18,024,40*54
$GPZDA,081700.00,14,06,2025,00,00*6E
$GPGGA,081701.00,5931.92111,N,02448.84367,E,1,12,1.0,14.9,M,21.0,M,,*5E
$GPRMC,081701.00,A,5931.92111,N,02448.84367,E,17.10,15.9,140625,,,A*6F
$GPVTG,15.9,T,,M,17.10,N,31.67,K,A*34
$HEHDT,14.6,T*1C
$VWVHW,14.6,T,,M,17.06,N,31.59,K*47
$GPGGA,081702.00,5931.92570,N,02448.84682,E,1,12,0.9,15.2,M,21.0,M,,*52
$GPRMC,081702.00,A,5931.92570,N,02448.84682,E,16.99,15.9,140625,,,A*61
$GPVTG,15.9,T,,M,16.99,N,31.47,K,A*36
$HEHDT,14.6,T*1C
$VWVHW,14.6,T,,M,17.18,N,31.81,K*4D
$GPGGA,081703.00,5931.93043,N,02448.84980,E,1,12,0.9,15.6,M,21.0,M,,*5E
$GPRMC,081703.00,A,5931.93043,N,02448.84980,E,17.07,16.3,140625,,,A*66
$GPVTG,16.3,T,,M,17.07,N,31.61,K,A*3D
$HEHDT,14.6,T*1C
$VWVHW,14.6,T,,M,17.23,N,31.91,K*44
$GPGGA,081704.00,5931.93527,N,02448.85176,E,1,12,0.9,15.0,M,21.0,M,,*58
$GPRMC,081704.00,A,5931.93527,N,02448.85176,E,17.15,16.5,140625,,,A*63
$GPVTG,16.5,T,,M,17.15,N,31.77,K,A*3F
$HEHDT,14.7,T*1D
$VWVHW,14.7,T,,M,17.23,N,31.91,K*45
$GPGGA,081705.00,5931.93995,N,02448.85472,E,1,12,0.9,15.1,M,21.0,M,,*5C
$GPRMC,081705.00,A,5931.93995,N,02448.85472,E,17.08,16.5,140625,,,A*6A
$GPVTG,16.5,T,,M,17.08,N,31.64,K,A*31
$HEHDT,14.7,T*1D
$VWVHW,14.7,T,,M,17.27,N,31.98,K*48
$GPGSV,2,1,08,03,65,044,50,08,41,099,47,11,23,154,41,14,48,209,46*7D
$GPGSV,2,2,08,17,66,266,49,22,21,314,40,28,09,354,38,31,58,124,46*79
$GAGSV,2,1,05,04,50,074,47,09,36,184,45,12,66,239,49,24,10,289,38*66
$GAGSV,2,2,05,31,18,024,40*54
$GPZDA,081705.00,14,06,2025,00,00*6B
$GPGGA,081706.00,5931.94392,N,02448.85788,E,1,12,0.9,15.1,M,21.0,M,,*53
$GPRMC,081706.00,A,5931.94392,N,02448.85788,E,17.19,16.3,140625,,,A*63
$GPVTG,16.3,T,,M,17.19,N,31.83,K,A*3E
$HEHDT,14.6,T*1C
$VWVHW,14.6,T,,M,17.09,N,31.65,K*47
$GPGGA,081707.00,5931.94861,N,02448.85940,E,1,12,0.9,14.6,M,21.0,M,,*59
$GPRMC,081707.00,A,5931.94861,N,02448.85940,E,17.01,16.0,140625,,,A*65
$GPVTG,16.0,T,,M,17.01,N,31.50,K,A*3A
$HEHDT,14.9,T*13
$VWVHW,14.9,T,,M,17.18,N,31.81,K*42
$GPGGA,081708.00,5931.95341,N,02448.86194,E,1,12,0.9,15.0,M,21.0,M,,*5B
$GPRMC,081708.00,A,5931.95341,N,02448.86194,E,17.09,15.9,140625,,,A*62
$GPVTG,15.9,T,,M,17.09,N,31.65,K,A*3E
$HEHDT,14.8,T*12
$VWVHW,14.8,T,,M,17.19,N,31.84,K*47
$GPGGA,081709.00,5931.95814,N,02448.86533,E,1,12,0.9,14.5,M,21.0,M,,*5C
$GPRMC,081709.00,A,5931.95814,N,02448.86533,E,17.06,16.3,140625,,,A*67
$GPVTG,16.3,T,,M,17.06,N,31.60,K,A*3D
$HEHDT,14.9,T*13
$VWVHW,14.9,T,,M,17.29,N,32.03,K*49
$GPGGA,081710.00,5931.96262,N,02448.86701,E,1,12,0.9,14.3,M,21.0,M,,*59
$GPRMC,081710.00,A,5931.96262,N,02448.86701,E,17.09,15.9,140625,,,A*62
$GPVTG,15.9,T,,M,17.09,N,31.65,K,A*3E
$HEHDT,14.5,T*1F
$VWVHW,14.5,T,,M,17.11,N,31.70,K*49
$GPGSV,2,1,08,03,65,044,50,08,41,099,47,11,23,154,41,14,48,209,46*7D
$GPGSV,2,2,08,17,66,266,48,22,21,314,42,28,09,354,38,31,58,124,47*7B
$GAGSV,2,1,05,04,50,074,47,09,36,184,44,12,66,239,49,24,10,289,38*67
$GAGSV,2,2,05,31,18,024,39*5A
$GPZDA,081710.00,14,06,2025,00,00*6F
$GPGGA,081711.00,5931.96716,N,02448.86984,E,1,12,0.9,15.0,M,21.0,M,,*5F
$GPRMC,081711.00,A,5931.96716,N,02448.86984,E,17.03,15.8,140625,,,A*6D
$GPVTG,15.8,T,,M,17.03,N,31.55,K,A*36
$HEHDT,14.7,T*1D
$VWVHW,14.7,T,,M,17.17,N,31.79,K*44
$GPGGA,081712.00,5931.97168,N,02448.87338,E,1,12,0.9,14.8,M,21.0,M,,*57
$GPRMC,081712.00,A,5931.97168,N,02448.87338,E,17.14,15.9,140625,,,A*6B
$GPVTG,15.9,T,,M,17.14,N,31.74,K,A*32
$HEHDT,14.7,T*1D
$VWVHW,14.7,T,,M,17.12,N,31.71,K*49
$GPGGA,081713.00,5931.97616,N,02448.87496,E,1,12,0.9,14.7,M,21.0,M,,*54
$GPRMC,081713.00,A,5931.97616,N,02448.87496,E,16.99,16.6,140625,,,A*6F
$GPVTG,16.6,T,,M,16.99,N,31.47,K,A*3A
$HEHDT,14.8,T*12
$VWVHW,14.8,T,,M,17.24,N,31.92,K*4E
$GPGGA,081714.00,5931.98082,N,02448.87792,E,1,12,0.9,14.9,M,21.0,M,,*5E
$GPRMC,081714.00,A,5931.98082,N,02448.87792,E,17.07,16.4,140625,,,A*6F
$GPVTG,16.4,T,,M,17.07,N,31.61,K,A*3A
$HEHDT,14.3,T*19
$VWVHW,14.3,T,,M,17.14,N,31.74,K*4E
$GPGGA,081715.00,5931.98544,N,02448.88100,E,1,12,0.9,14.8,M,21.0,M,,*53
$GPRMC,081715.00,A,5931.98544,N,02448.88100,E,17.01,16.0,140625,,,A*61
$GPVTG,16.0,T,,M,17.01,N,31.51,K,A*3B
$HEHDT,14.6,T*1C
$VWVHW,14.6,T,,M,17.18,N,31.81,K*4D
$GPGSV,2,1,08,03,65,044,49,08,41,099,47,11,23,154,42,14,48,209,47*77
$GPGSV,2,2,08,17,66,266,48,22,21,314,42,28,09,354,38,31,58,124,47*7B
$GAGSV,2,1,05,04,50,074,48,09,36,184,46,12,66,239,48,24,10,289,39*6A
$GAGSV,2,2,05,31,18,024,40*54
$GPZDA,081715.00,14,06,2025,00,00*6A
$GPGGA,081716.00,5931.98975,N,02448.88326,E,1,12,0.9,15.0,M,21.0,M,,*51
$GPRMC,081716.00,A,5931.98975,N,02448.88326,E,17.09,16.3,140625,,,A*61
$GPVTG,16.3,T,,M,17.09,N,31.66,K,A*34
$HEHDT,14.6,T*1C
$VWVHW,14.6,T,,M,17.14,N,31.75,K*4A
$GPGGA,081717.00,5931.99452,N,02448.88573,E,1,12,0.9,14.5,M,21.0,M,,*5B
$GPRMC,081717.00,A,5931.99452,N,02448.88573,E,16.98,16.0,140625,,,A*65
$GPVTG,16.0,T,,M,16.98,N,31.44,K,A*3E
$HEHDT,14.9,T*13
$VWVHW,14.9,T,,M,17.22,N,31.89,K*43
$GPGGA,081718.00,5931.99898,N,02448.88859,E,1,12,0.9,14.9,M,21.0,M,,*57
$GPRMC,081718.00,A,5931.99898,N,02448.88859,E,17.05,16.3,140625,,,A*63
$GPVTG,16.3,T,,M,17.05,N,31.57,K,A*3A
$HEHDT,14.6,T*1C
$VWVHW,14.6,T,,M,17.20,N,31.85,K*42
$GPGGA,081719.00,5932.00308,N,02448.89059,E,1,12,0.9,14.3,M,21.0,M,,*54
$GPRMC,081719.00,A,5932.00308,N,02448.89059,E,17.17,16.0,140625,,,A*6A
$GPVTG,16.0,T,,M,17.17,N,31.80,K,A*30
$HEHDT,14.9,T*13
$VWVHW,14.9,T,,M,17.04,N,31.56,K*45
$GPGGA,081720.00,5932.00806,N,02448.89368,E,1,12,0.9,14.2,M,21.0,M,,*5B
$GPRMC,081720.00,A,5932.00806,N,02448.89368,E,16.95,16.0,140625,,,A*6F
$GPVTG,16.0,T,,M,16.95,N,31.39,K,A*39
$HEHDT,15.0,T*1B
$VWVHW,15.0,T,,M,17.01,N,31.50,K*4E
$GPGSV,2,1,08,03,65,044,50,08,41,099,47,11,23,154,41,14,48,209,48*73
$GPGSV,2,2,08,17,66,266,48,22,21,314,41,28,10,354,38,31,58,124,48*7F
$GAGSV,2,1,05,04,50,074,47,09,36,184,45,12,66,239,49,24,10,289,38*66
$GAGSV,2,2,05,31,18,024,40*54
$GPZDA,081720.00,14,06,2025,00,00*6C
$GPGGA,081721.00,5932.01261,N,02448.89628,E,1,12,0.9,14.4,M,21.0,M,,*57
$GPRMC,081721.00,A,5932.01261,N,02448.89628,E,16.98,16.0,140625,,,A*68
$GPVTG,16.0,T,,M,16.98,N,31.45,K,A*3F
$HEHDT,14.6,T*1C
$VWVHW,14.6,T,,M,17.20,N,31.86,K*41
$GPGGA,081722.00,5932.01689,N,02448.90000,E,1,12,0.9,14.9,M,21.0,M,,*5F
$GPRMC,081722.00,A,5932.01689,N,02448.90000,E,17.05,16.5,140625,,,A*6D
$GPVTG,16.5,T,,M,17.05,N,31.57,K,A*3C
$HEHDT,15.0,T*1B
$VWVHW,15.0,T,,M,17.19,N,31.83,K*49
$GPGGA,081723.00,5932.02118,N,02448.90093,E,1,12,0.9,14.7,M,21.0,M,,*56
$GPRMC,081723.00,A,5932.02118,N,02448.90093,E,17.11,16.0,140625,,,A*6A
$GPVTG,16.0,T,,M,17.11,N,31.69,K,A*31
$HEHDT,14.8,T*12
$VWVHW,14.8,T,,M,17.13,N,31.73,K*45
$GPGGA,081724.00,5932.02548,N,02448.90411,E,1,12,0.9,14.8,M,21.0,M,,*51
$GPRMC,081724.00,A,5932.02548,N,02448.90411,E,17.15,16.5,140625,,,A*63
$GPVTG,16.5,T,,M,17.15,N,31.76,K,A*3E
$HEHDT,14.1,T*1B
$VWVHW,14.1,T,,M,17.27,N,31.99,K*4F
$GPGGA,081725.00,5932.02997,N,02448.90652,E,1,12,0.9,15.0,M,21.0,M,,*52
$GPRMC,081725.00,A,5932.02997,N,02448.90652,E,16.96,16.8,140625,,,A*6E
$GPVTG,16.8,T,,M,16.96,N,31.41,K,A*3D
$HEHDT,14.6,T*1C
$VWVHW,14.6,T,,M,17.07,N,31.61,K*4D
$GPGSV,2,1,08,03,65,044,49,08,41,099,48,11,23,154,41,14,48,209,45*79
$GPGSV,2,2,08,17,66,266,49,22,21,314,41,28,10,354,39,31,58,124,47*70
$GAGSV,2,1,05,04,50,074,47,09,36,184,45,12,66,239,47,24,10,289,38*68
$GAGSV,2,2,05,31,18,024,41*55
$GPZDA,081725.00,14,06,2025,00,00*69
$GPGGA,081726.00,5932.03456,N,02448.90974,E,1,12,0.9,14.7,M,21.0,M,,*5D
$GPRMC,081726.00,A,5932.03456,N,02448.90974,E,17.04,16.2,140625,,,A*67
$GPVTG,16.2,T,,M,17.04,N,31.56,K,A*3B
$HEHDT,14.8,T*12
$VWVHW,14.8,T,,M,17.08,N,31.62,K*4F
$GPGGA,081727.00,5932.03925,N,02448.91142,E,1,12,0.9,14.6,M,21.0,M,,*58
$GPRMC,081727.00,A,5932.03925,N,02448.91142,E,17.12,15.8,140625,,,A*6D
$GPVTG,15.8,T,,M,17.12,N,31.71,K,A*30
$HEHDT,14.4,T*1E
$VWVHW,14.4,T,,M,17.08,N,31.64,K*45
$GPGGA,081728.00,5932.04424,N,02448.91466,E,1,12,0.9,15.4,M,21.0,M,,*5C
$GPRMC,081728.00,A,5932.04424,N,02448.91466,E,17.12,16.3,140625,,,A*62
$GPVTG,16.3,T,,M,17.12,N,31.71,K,A*38
$HEHDT,15.0,T*1B
$VWVHW,15.0,T,,M,17.12,N,31.71,K*4F
$GPGGA,081729.00,5932.04816,N,02448.91797,E,1,12,0.9,14.5,M,21.0,M,,*5D
$GPRMC,081729.00,A,5932.04816,N,02448.91797,E,17.01,16.0,140625,,,A*62
$GPVTG,16.0,T,,M,17.01,N,31.50,K,A*3A
$HEHDT,14.7,T*1D
$VWVHW,14.7,T,,M,17.09,N,31.65,K*46
$GPGGA,081730.00,5932.05260,N,02448.91969,E,1,12,0.9,14.4,M,21.0,M,,*51
$GPRMC,081730.00,A,5932.05260,N,02448.91969,E,17.01,16.0,140625,,,A*6F
$GPVTG,16.0,T,,M,17.01,N,31.50,K,A*3A
$HEHDT,14.8,T*12
$VWVHW,14.8,T,,M,17.12,N,31.71,K*46
$GPGSV,2,1,08,03,65,044,48,08,41,099,48,11,23,154,42,14,48,209,47*79
$GPGSV,2,2,08,17,66,266,49,22,21,314,41,28,10,354,39,31,58,124,47*70
$GAGSV,2,1,05,04,50,074,48,09,36,184,45,12,66,239,48,24,10,289,38*68
$GAGSV,2,2,05,31,18,024,40*54
$GPZDA,081730.00,14,06,2025,00,00*6D
$GPGGA,081731.00,5932.05690,N,02448.92250,E,1,12,0.9,14.0,M,21.0,M,,*5D
$GPRMC,081731.00,A,5932.05690,N,02448.92250,E,16.89,16.4,140625,,,A*62
$GPVTG,16.4,T,,M,16.89,N,31.28,K,A*30
$HEHDT,14.7,T*1D
$VWVHW,14.7,T,,M,16.95,N,31.38,K*4A
$GPGGA,081732.00,5932.06197,N,02448.92547,E,1,12,0.9,14.7,M,21.0,M,,*5B
$GPRMC,081732.00,A,5932.06197,N,02448.92547,E,17.02,16.6,140625,,,A*63
$GPVTG,16.6,T,,M,17.02,N,31.52,K,A*3D
$HEHDT,15.0,T*1B
$VWVHW,15.0,T,,M,17.00,N,31.48,K*46
$GPGGA,081733.00,5932.06653,N,02448.92725,E,1,12,0.9,15.2,M,21.0,M,,*57
$GPRMC,081733.00,A,5932.06653,N,02448.92725,E,17.03,16.0,140625,,,A*6C
$GPVTG,16.0,T,,M,17.03,N,31.54,K,A*3C
$HEHDT,14.9,T*13
$VWVHW,14.9,T,,M,17.06,N,31.59,K*48
$GPGGA,081734.00,5932.07126,N,02448.92989,E,1,12,0.9,14.8,M,21.0,M,,*57
$GPRMC,081734.00,A,5932.07126,N,02448.92989,E,16.99,16.5,140625,,,A*60
$GPVTG,16.5,T,,M,16.99,N,31.46,K,A*38
$HEHDT,15.2,T*19
$VWVHW,15.2,T,,M,17.03,N,31.53,K*4D
$GPGGA,081735.00,5932.07570,N,02448.93278,E,1,12,0.9,14.8,M,21.0,M,,*55
$GPRMC,081735.00,A,5932.07570,N,02448.93278,E,17.02,16.2,140625,,,A*66
$GPVTG,16.2,T,,M,17.02,N,31.51,K,A*3A
$HEHDT,14.8,T*12
$VWVHW,14.8,T,,M,17.02,N,31.52,K*46
$GPGSV,2,1,08,03,65,044,49,08,41,099,48,11,23,154,42,14,48,209,48*77
$GPGSV,2,2,08,17,66,266,49,22,21,314,42,28,10,354,39,31,58,124,48*7C
$GAGSV,2,1,05,04,50,074,48,09,36,184,45,12,66,239,48,24,10,289,37*67
$GAGSV,2,2,05,31,18,024,40*54
$GPZDA,081735.00,14,06,2025,00,00*68
$GPGGA,081736.00,5932.08028,N,02448.93645,E,1,12,0.9,15.4,M,21.0,M,,*56
$GPRMC,081736.00,A,5932.08028,N,02448.93645,E,16.93,16.5,140625,,,A*66
$GPVTG,16.5,T,,M,16.93,N,31.35,K,A*36
$HEHDT,14.5,T*1F
$VWVHW,14.5,T,,M,17.24,N,31.92,K*43
$GPGGA,081737.00,5932.08510,N,02448.93847,E,1,12,0.9,14.9,M,21.0,M,,*59
$GPRMC,081737.00,A,5932.08510,N,02448.93847,E,17.05,16.5,140625,,,A*6B
$GPVTG,16.5,T,,M,17.05,N,31.58,K,A*33
$HEHDT,14.6,T*1C
$VWVHW,14.6,T,,M,17.11,N,31.69,K*42
$GPGGA,081738.00,5932.08947,N,02448.94075,E,1,12,0.9,15.4,M,21.0,M,,*5A
$GPRMC,081738.00,A,5932.08947,N,02448.94075,E,17.01,16.3,140625,,,A*66
$GPVTG,16.3,T,,M,17.01,N,31.50,K,A*39
$HEHDT,14.8,T*12
$VWVHW,14.8,T,,M,17.13,N,31.73,K*45
$GPGGA,081739.00,5932.09384,N,02448.94321,E,1,12,0.9,14.6,M,21.0,M,,*5E
$GPRMC,081739.00,A,5932.09384,N,02448.94321,E,17.04,16.2,140625,,,A*65
$GPVTG,16.2,T,,M,17.04,N,31.56,K,A*3B
$HEHDT,14.6,T*1C
$VWVHW,14.6,T,,M,17.11,N,31.68,K*43
$GPGGA,081740.00,5932.09852,N,02448.94642,E,1,12,0.9,14.6,M,21.0,M,,*50
$GPRMC,081740.00,A,5932.09852,N,02448.94642,E,16.91,16.1,140625,,,A*65
$GPVTG,16.1,T,,M,16.91,N,31.32,K,A*37
$HEHDT,14.3,T*19
$VWVHW,14.3,T,,M,17.12,N,31.71,K*4D
$GPGSV,2,1,08,03,65,044,50,08,41,099,49,11,23,154,42,14,48,209,47*71
$GPGSV,2,2,08,17,66,266,48,22,21,314,40,28,10,354,39,31,58,124,48*7F
$GAGSV,2,1,05,04,50,074,48,09,36,184,46,12,66,239,47,24,10,289,37*6B
$GAGSV,2,2,05,31,18,024,41*55
$GPZDA,081740.00,14,06,2025,00,00*6A
$GPGGA,081741.00,5932.10300,N,02448.94903,E,1,12,0.9,14.7,M,21.0,M,,*5E
$GPRMC,081741.00,A,5932.10300,N,02448.94903,E,16.91,16.7,140625,,,A*6C
$GPVTG,16.7,T,,M,16.91,N,31.32,K,A*31
$HEHDT,15.4,T*1F
$VWVHW,15.4,T,,M,16.98,N,31.44,K*4E
$GPGGA,081742.00,5932.10774,N,02448.95068,E,1,12,0.9,15.2,M,21.0,M,,*5B
$GPRMC,081742.00,A,5932.10774,N,02448.95068,E,17.09,16.1,140625,,,A*6B
$GPVTG,16.1,T,,M,17.09,N,31.66,K,A*36
$HEHDT,14.4,T*1E
$VWVHW,14.4,T,,M,17.08,N,31.64,K*45
$GPGGA,081743.00,5932.11174,N,02448.95362,E,1,12,0.9,14.5,M,21.0,M,,*52
$GPRMC,081743.00,A,5932.11174,N,02448.95362,E,16.94,16.0,140625,,,A*60
$GPVTG,16.0,T,,M,16.94,N,31.37,K,A*36
$HEHDT,14.8,T*12
$VWVHW,14.8,T,,M,17.06,N,31.59,K*49
$GPGGA,081744.00,5932.11623,N,02448.95604,E,1,12,0.9,14.4,M,21.0,M,,*54
$GPRMC,081744.00,A,5932.11623,N,02448.95604,E,16.98,16.7,140625,,,A*6C
$GPVTG,16.7,T,,M,16.98,N,31.45,K,A*38
$HEHDT,14.9,T*13
$VWVHW,14.9,T,,M,16.99,N,31.47,K*40
$GPGGA,081745.00,5932.12107,N,02448.96038,E,1,12,0.9,14.9,M,21.0,M,,*50
$GPRMC,081745.00,A,5932.12107,N,02448.96038,E,16.89,16.2,140625,,,A*60
$GPVTG,16.2,T,,M,16.89,N,31.28,K,A*36
$HEHDT,14.8,T*12
$VWVHW,14.8,T,,M,16.96,N,31.41,K*48
$GPGSV,2,1,08,03,65,044,49,08,41,099,49,11,23,154,43,14,48,209,47*78
$GPGSV,2,2,08,17,66,266,49,22,21,314,41,28,10,354,40,31,58,124,47*7E
$GAGSV,2,1,05,04,50,074,48,09,36,184,46,12,66,239,48,24,10,289,39*6A
$GAGSV,2,2,05,31,18,024,41*55
$GPZDA,081745.00,14,06,2025,00,00*6F
$GPGGA,081746.00,5932.12537,N,02448.96132,E,1,12,0.9,14.5,M,21.0,M,,*53
$GPRMC,081746.00,A,5932.12537,N,02448.96132,E,16.91,15.9,140625,,,A*6E
$GPVTG,15.9,T,,M,16.91,N,31.32,K,A*3C
$HEHDT,14.8,T*12
$VWVHW,14.8,T,,M,16.99,N,31.47,K*41
$GPGGA,081747.00,5932.12975,N,02448.96360,E,1,12,0.9,15.3,M,21.0,M,,*5A
$GPRMC,081747.00,A,5932.12975,N,02448.96360,E,16.88,16.5,140625,,,A*67
$GPVTG,16.5,T,,M,16.88,N,31.27,K,A*3F
$HEHDT,15.2,T*19
$VWVHW,15.2,T,,M,17.03,N,31.53,K*4D
$GPGGA,081748.00,5932.13447,N,02448.96623,E,1,12,0.9,14.7,M,21.0,M,,*5F
$GPRMC,081748.00,A,5932.13447,N,02448.96623,E,16.97,16.1,140625,,,A*6D
$GPVTG,16.1,T,,M,16.97,N,31.43,K,A*37
$HEHDT,15.0,T*1B
$VWVHW,15.0,T,,M,17.01,N,31.50,K*4E
$GPGGA,081749.00,5932.13918,N,02448.96945,E,1,12,0.9,14.4,M,21.0,M,,*55
$GPRMC,081749.00,A,5932.13918,N,02448.96945,E,16.90,16.1,140625,,,A*63
$GPVTG,16.1,T,,M,16.90,N,31.31,K,A*35
$HEHDT,14.9,T*13
$VWVHW,14.9,T,,M,17.04,N,31.57,K*44
$GPGGA,081750.00,5932.14285,N,02448.97227,E,1,12,0.9,15.3,M,21.0,M,,*5D
$GPRMC,081750.00,A,5932.14285,N,02448.97227,E,16.96,16.1,140625,,,A*6B
$GPVTG,16.1,T,,M,16.96,N,31.40,K,A*35
$HEHDT,14.8,T*12
$VWVHW,14.8,T,,M,16.99,N,31.46,K*40
$GPGSV,2,1,08,03,65,044,50,08,41,099,48,11,23,154,41,14,48,209,47*73
$GPGSV,2,2,08,17,66,266,48,22,21,314,41,28,10,354,39,31,58,124,48*7E
$GAGSV,2,1,05,04,50,074,48,09,36,184,46,12,66,239,47,24,10,289,39*65
$GAGSV,2,2,05,31,18,024,42*56
$GPZDA,081750.00,14,06,2025,00,00*6B
$GPGGA,081751.00,5932.14757,N,02448.97486,E,1,12,0.9,14.3,M,21.0,M,,*5A
$GPRMC,081751.00,A,5932.14757,N,02448.97486,E,16.95,16.3,140625,,,A*6C
$GPVTG,16.3,T,,M,16.95,N,31.39,K,A*3A
$HEHDT,14.3,T*19
$VWVHW,14.3,T,,M,17.18,N,31.81,K*48
$GPGGA,081752.00,5932.15240,N,02448.97694,E,1,12,0.9,14.7,M,21.0,M,,*5E
$GPRMC,081752.00,A,5932.15240,N,02448.97694,E,16.86,15.7,140625,,,A*69
$GPVTG,15.7,T,,M,16.86,N,31.22,K,A*35
$HEHDT,14.9,T*13
$VWVHW,14.9,T,,M,16.88,N,31.26,K*47
$GPGGA,081753.00,5932.15640,N,02448.97905,E,1,12,0.9,14.4,M,21.0,M,,*5F
$GPRMC,081753.00,A,5932.15640,N,02448.97905,E,16.78,16.4,140625,,,A*6A
$GPVTG,16.4,T,,M,16.78,N,31.07,K,A*33
$HEHDT,14.6,T*1C
$VWVHW,14.6,T,,M,16.90,N,31.31,K*47
$GPGGA,081754.00,5932.16100,N,02448.98203,E,1,12,0.9,14.6,M,21.0,M,,*58
$GPRMC,081754.00,A,5932.16100,N,02448.98203,E,17.12,16.6,140625,,,A*60
$GPVTG,16.6,T,,M,17.12,N,31.72,K,A*3E
$HEHDT,14.9,T*13
$VWVHW,14.9,T,,M,16.87,N,31.25,K*4B
$GPGGA,081755.00,5932.16562,N,02448.98426,E,1,12,0.9,14.5,M,21.0,M,,*5B
$GPRMC,081755.00,A,5932.16562,N,02448.98426,E,16.85,16.8,140625,,,A*61
$GPVTG,16.8,T,,M,16.85,N,31.21,K,A*39
$HEHDT,15.2,T*19
$VWVHW,15.2,T,,M,17.08,N,31.64,K*42
$GPGSV,2,1,08,03,65,044,49,08,41,099,48,11,23,154,42,14,48,209,46*79
$GPGSV,2,2,08,17,66,266,49,22,21,314,41,28,10,354,40,31,58,124,48*71
$GAGSV,2,1,05,04,50,074,46,09,36,184,45,12,66,239,47,24,10,289,39*68
$GAGSV,2,2,05,31,18,024,42*56
$GPZDA,081755.00,14,06,2025,00,00*6E
$GPGGA,081756.00,5932.17045,N,02448.98825,E,1,12,0.9,14.1,M,21.0,M,,*52
$GPRMC,081756.00,A,5932.17045,N,02448.98825,E,17.05,16.1,140625,,,A*6C
$GPVTG,16.1,T,,M,17.05,N,31.58,K,A*37
$HEHDT,15.0,T*1B
$VWVHW,15.0,T,,M,17.04,N,31.56,K*4D
$GPGGA,081757.00,5932.17480,N,02448.99056,E,1,12,0.9,14.2,M,21.0,M,,*50
$GPRMC,081757.00,A,5932.17480,N,02448.99056,E,16.89,16.1,140625,,,A*68
$GPVTG,16.1,T,,M,16.89,N,31.28,K,A*35
$HEHDT,14.3,T*19
$VWVHW,14.3,T,,M,16.99,N,31.46,K*4B
$GPGGA,081758.00,5932.17930,N,02448.99324,E,1,12,0.9,14.5,M,21.0,M,,*58
$GPRMC,081758.00,A,5932.17930,N,02448.99324,E,16.88,15.9,140625,,,A*6D
$GPVTG,15.9,T,,M,16.88,N,31.27,K,A*30
$HEHDT,14.8,T*12
$VWVHW,14.8,T,,M,16.97,N,31.42,K*4A
$GPGGA,081759.00,5932.18371,N,02448.99541,E,1,12,1.0,13.8,M,21.0,M,,*5E
$GPRMC,081759.00,A,5932.18371,N,02448.99541,E,17.03,15.9,140625,,,A*6B
$GPVTG,15.9,T,,M,17.03,N,31.53,K,A*31
$HEHDT,14.6,T*1C
$VWVHW,14.6,T,,M,17.04,N,31.56,K*4A
$GPGGA,081800.00,5932.18854,N,02448.99801,E,1,12,1.0,14.3,M,21.0,M,,*54
$GPRMC,081800.00,A,5932.18854,N,02448.99801,E,16.83,16.2,140625,,,A*6C
$GPVTG,16.2,T,,M,16.83,N,31.17,K,A*30
$HEHDT,14.9,T*13
$VWVHW,14.9,T,,M,16.97,N,31.44,K*4D
$GPGSV,2,1,08,03,65,044,49,08,41,099,49,11,23,154,41,14,48,209,46*7B
$GPGSV,2,2,08,17,66,266,49,22,21,314,41,28,10,354,40,31,58,124,47*7E
$GAGSV,2,1,05,04,50,074,47,09,36,184,46,12,66,239,48,24,10,289,38*64
$GAGSV,2,2,05,31,18,024,42*56
$GPZDA,081800.00,14,06,2025,00,00*61
$GPGGA,081801.00,5932.19306,N,02449.00059,E,1,12,1.0,14.6,M,21.0,M,,*59
$GPRMC,081801.00,A,5932.19306,N,02449.00059,E,16.88,16.6,140625,,,A*6B
$GPVTG,16.6,T,,M,16.88,N,31.26,K,A*3D
$HEHDT,14.7,T*1D
$VWVHW,14.7,T,,M,16.92,N,31.33,K*46
$GPGGA,081802.00,5932.19739,N,02449.00294,E,1,12,1.0,14.6,M,21.0,M,,*51
$GPRMC,081802.00,A,5932.19739,N,02449.00294,E,16.73,16.3,140625,,,A*62
$GPVTG,16.3,T,,M,16.73,N,30.99,K,A*39
$HEHDT,14.6,T*1C
$VWVHW,14.6,T,,M,16.87,N,31.24,K*45
$GPGGA,081803.00,5932.20194,N,02449.00581,E,1,12,1.0,14.8,M,21.0,M,,*56
$GPRMC,081803.00,A,5932.20194,N,02449.00581,E,16.90,16.5,140625,,,A*60
$GPVTG,16.5,T,,M,16.90,N,31.30,K,A*30
$HEHDT,14.9,T*13
$VWVHW,14.9,T,,M,17.17,N,31.80,K*4C
$GPGGA,081804.00,5932.20651,N,02449.00904,E,1,12,1.0,15.2,M,21.0,M,,*55
$GPRMC,081804.00,A,5932.20651,N,02449.00904,E,16.91,16.2,140625,,,A*6E
$GPVTG,16.2,T,,M,16.91,N,31.32,K,A*34
$HEHDT,14.7,T*1D
$VWVHW,14.7,T,,M,16.92,N,31.33,K*46
$GPGGA,081805.00,5932.21025,N,02449.01086,E,1,12,1.0,14.5,M,21.0,M,,*54
$GPRMC,081805.00,A,5932.21025,N,02449.01086,E,16.97,15.8,140625,,,A*66
$GPVTG,15.8,T,,M,16.97,N,31.43,K,A*3D
$HEHDT,14.5,T*1F
$VWVHW,14.5,T,,M,16.94,N,31.37,K*46
$GPGSV,2,1,08,03,65,044,50,08,41,099,48,11,23,154,42,14,48,209,45*72
$GPGSV,2,2,08,17,66,266,49,22,21,314,41,28,10,354,40,31,58,124,48*71
$GAGSV,2,1,05,04,50,074,47,09,36,184,46,12,66,239,49,24,10,289,38*65
$GAGSV,2,2,05,31,18,024,41*55
$GPZDA,081805.00,14,06,2025,00,00*64
$GPGGA,081806.00,5932.21513,N,02449.01276,E,1,12,1.0,14.8,M,21.0,M,,*57
$GPRMC,081806.00,A,5932.21513,N,02449.01276,E,16.84,16.4,140625,,,A*65
$GPVTG,16.4,T,,M,16.84,N,31.19,K,A*3F
$HEHDT,14.6,T*1C
$VWVHW,14.6,T,,M,17.11,N,31.68,K*43
$GPGGA,081807.00,5932.21985,N,02449.01501,E,1,12,1.0,14.7,M,21.0,M,,*5D
$GPRMC,081807.00,A,5932.21985,N,02449.01501,E,16.86,16.5,140625,,,A*63
$GPVTG,16.5,T,,M,16.86,N,31.22,K,A*34
$HEHDT,14.4,T*1E
$VWVHW,14.4,T,,M,16.87,N,31.24,K*47
$GPGGA,081808.00,5932.22423,N,02449.01742,E,1,12,1.0,15.1,M,21.0,M,,*52
$GPRMC,081808.00,A,5932.22423,N,02449.01742,E,16.90,16.0,140625,,,A*69
$GPVTG,16.0,T,,M,16.90,N,31.29,K,A*3D
$HEHDT,14.1,T*1B
$VWVHW,14.1,T,,M,16.94,N,31.38,K*4D
$GPGGA,081809.00,5932.22872,N,02449.02037,E,1,12,1.0,14.5,M,21.0,M,,*58
$GPRMC,081809.00,A,5932.22872,N,02449.02037,E,16.93,16.1,140625,,,A*64
$GPVTG,16.1,T,,M,16.93,N,31.36,K,A*31
$HEHDT,14.5,T*1F
$VWVHW,14.5,T,,M,16.88,N,31.26,K*4B
$GPGGA,081810.00,5932.23332,N,02449.02295,E,1,12,1.0,15.9,M,21.0,M,,*59
$GPRMC,081810.00,A,5932.23332,N,02449.02295,E,16.87,16.4,140625,,,A*68
$GPVTG,16.4,T,,M,16.87,N,31.25,K,A*33
$HEHDT,14.8,T*12
$VWVHW,14.8,T,,M,16.85,N,31.21,K*4C
$GPGSV,2,1,08,03,65,044,50,08,41,099,48,11,23,154,42,14,48,209,45*72
$GPGSV,2,2,08,17,66,266,48,22,21,314,40,28,10,354,39,31,58,124,49*7E
$GAGSV,2,1,05,04,50,074,46,09,36,184,45,12,66,239,50,24,10,289,38*6F
$GAGSV,2,2,05,31,18,024,41*55
$GPZDA,081810.00,14,06,2025,00,00*60
$GPGGA,081811.00,5932.23771,N,02449.02557,E,1,12,1.0,15.5,M,21.0,M,,*5E
$GPRMC,081811.00,A,5932.23771,N,02449.02557,E,16.93,16.3,140625,,,A*61
$GPVTG,16.3,T,,M,16.93,N,31.36,K,A*33
$HEHDT,15.0,T*1B
$VWVHW,15.0,T,,M,16.92,N,31.33,K*40
$GPGGA,081812.00,5932.24171,N,02449.02864,E,1,12,1.0,16.0,M,21.0,M,,*57
$GPRMC,081812.00,A,5932.24171,N,02449.02864,E,16.88,16.5,140625,,,A*62
$GPVTG,16.5,T,,M,16.88,N,31.26,K,A*3E
$HEHDT,15.0,T*1B
$VWVHW,15.0,T,,M,16.82,N,31.15,K*45
$GPGGA,081813.00,5932.24683,N,02449.03013,E,1,12,1.0,15.3,M,21.0,M,,*55
$GPRMC,081813.00,A,5932.24683,N,02449.03013,E,16.77,16.2,140625,,,A*67
$GPVTG,16.2,T,,M,16.77,N,31.05,K,A*38
$HEHDT,14.7,T*1D
$VWVHW,14.7,T,,M,16.93,N,31.35,K*41
$GPGGA,081814.00,5932.25114,N,02449.03339,E,1,12,1.0,15.5,M,21.0,M,,*57
$GPRMC,081814.00,A,5932.25114,N,02449.03339,E,16.80,16.6,140625,,,A*6F
$GPVTG,16.6,T,,M,16.80,N,31.11,K,A*31
$HEHDT,14.7,T*1D
$VWVHW,14.7,T,,M,16.94,N,31.37,K*44
$GPGGA,081815.00,5932.25521,N,02449.03525,E,1,12,1.0,14.7,M,21.0,M,,*5C
$GPRMC,081815.00,A,5932.25521,N,02449.03525,E,16.97,16.3,140625,,,A*64
$GPVTG,16.3,T,,M,16.97,N,31.43,K,A*35
$HEHDT,14.4,T*1E
$VWVHW,14.4,T,,M,16.92,N,31.33,K*45
$GPGSV,2,1,08,03,65,044,49,08,41,099,47,11,23,154,42,14,48,209,47*77
$GPGSV,2,2,08,17,66,266,48,22,21,314,40,28,10,354,38,31,58,124,48*7E
$GAGSV,2,1,05,04,50,074,47,09,35,184,44,12,66,239,48,24,10,289,38*65
$GAGSV,2,2,05,31,18,024,42*56
$GPZDA,081815.00,14,06,2025,00,00*65
$GPGGA,081816.00,5932.25948,N,02449.03810,E,1,12,1.0,15.2,M,21.0,M,,*53
$GPRMC,081816.00,A,5932.25948,N,02449.03810,E,16.69,16.4,140625,,,A*69
$GPVTG,16.4,T,,M,16.69,N,30.91,K,A*3D
$HEHDT,14.3,T*19
$VWVHW,14.3,T,,M,16.92,N,31.34,K*45
$GPGGA,081817.00,5932.26385,N,02449.04071,E,1,12,1.0,14.2,M,21.0,M,,*53
$GPRMC,081817.00,A,5932.26385,N,02449.04071,E,16.91,16.4,140625,,,A*6F
$GPVTG,16.4,T,,M,16.91,N,31.31,K,A*31
$HEHDT,14.4,T*1E
$VWVHW,14.4,T,,M,16.89,N,31.28,K*45
$GPGGA,081818.00,5932.26852,N,02449.04335,E,1,12,1.0,14.6,M,21.0,M,,*5A
$GPRMC,081818.00,A,5932.26852,N,02449.04335,E,16.84,16.8,140625,,,A*6A
$GPVTG,16.8,T,,M,16.84,N,31.18,K,A*32
$HEHDT,14.6,T*1C
$VWVHW,14.6,T,,M,16.93,N,31.36,K*43
$GPGGA,081819.00,5932.27333,N,02449.04517,E,1,12,1.0,15.8,M,21.0,M,,*5F
$GPRMC,081819.00,A,5932.27333,N,02449.04517,E,16.80,16.1,140625,,,A*6D
$GPVTG,16.1,T,,M,16.80,N,31.12,K,A*35
$HEHDT,14.3,T*19
$VWVHW,14.3,T,,M,16.91,N,31.32,K*40
$GPGGA,081820.00,5932.27736,N,02449.04833,E,1,12,1.0,15.7,M,21.0,M,,*50
$GPRMC,081820.00,A,5932.27736,N,02449.04833,E,16.91,15.6,140625,,,A*69
$GPVTG,15.6,T,,M,16.91,N,31.32,K,A*33
$HEHDT,14.6,T*1C
$VWVHW,14.6,T,,M,16.95,N,31.40,K*44
$GPGSV,2,1,08,03,65,044,49,08,41,099,47,11,23,154,43,14,48,209,46*77
$GPGSV,2,2,08,17,66,266,48,22,21,314,41,28,10,354,38,31,58,124,48*7F
$GAGSV,2,1,05,04,50,074,47,09,35,184,43,12,66,239,49,24,10,289,37*6C
$GAGSV,2,2,05,31,18,024,43*57
$GPZDA,081820.00,14,06,2025,00,00*63
$GPGGA,081821.00,5932.28217,N,02449.05031,E,1,12,1.0,15.2,M,21.0,M,,*56
$GPRMC,081821.00,A,5932.28217,N,02449.05031,E,16.92,16.2,140625,,,A*6E
$GPVTG,16.2,T,,M,16.92,N,31.33,K,A*36
$HEHDT,14.4,T*1E
$VWVHW,14.4,T,,M,16.90,N,31.30,K*44
$GPGGA,081822.00,5932.28639,N,02449.05271,E,1,12,1.0,15.4,M,21.0,M,,*5D
$GPRMC,081822.00,A,5932.28639,N,02449.05271,E,16.80,16.3,140625,,,A*61
$GPVTG,16.3,T,,M,16.80,N,31.11,K,A*34
$HEHDT,14.7,T*1D
$VWVHW,14.7,T,,M,16.94,N,31.38,K*4B
$GPGGA,081823.00,5932.29124,N,02449.05531,E,1,12,1.0,15.1,M,21.0,M,,*50
$GPRMC,081823.00,A,5932.29124,N,02449.05531,E,16.67,16.5,140625,,,A*66
$GPVTG,16.5,T,,M,16.67,N,30.87,K,A*35
$HEHDT,14.6,T*1C
$VWVHW,14.6,T,,M,17.06,N,31.59,K*47
$GPGGA,081824.00,5932.29560,N,02449.05799,E,1,12,1.0,16.0,M,21.0,M,,*51
$GPRMC,081824.00,A,5932.29560,N,02449.05799,E,16.74,16.1,140625,,,A*63
$GPVTG,16.1,T,,M,16.74,N,31.01,K,A*3C
$HEHDT,14.6,T*1C
$VWVHW,14.6,T,,M,16.87,N,31.23,K*42
$GPGGA,081825.00,5932.29993,N,02449.06138,E,1,12,1.0,15.0,M,21.0,M,,*5D
$GPRMC,081825.00,A,5932.29993,N,02449.06138,E,16.79,15.9,140625,,,A*6A
$GPVTG,15.9,T,,M,16.79,N,31.09,K,A*32
$HEHDT,14.8,T*12
$VWVHW,14.8,T,,M,17.02,N,31.52,K*46
$GPGSV,2,1,08,03,65,044,50,08,41,099,47,11,23,154,41,14,48,209,46*7D
$GPGSV,2,2,08,17,66,266,48,22,21,314,40,28,10,354,39,31,58,124,49*7E
$GAGSV,2,1,05,04,50,074,46,09,35,184,44,12,66,239,48,24,10,289,37*6B
$GAGSV,2,2,05,31,18,024,43*57
$GPZDA,081825.00,14,06,2025,00,00*66
$GPGGA,081826.00,5932.30456,N,02449.06273,E,1,12,1.0,15.3,M,21.0,M,,*5D
$GPRMC,081826.00,A,5932.30456,N,02449.06273,E,16.73,16.4,140625,,,A*6D
$GPVTG,16.4,T,,M,16.73,N,30.98,K,A*3F
$HEHDT,14.3,T*19
$VWVHW,14.3,T,,M,16.88,N,31.26,K*4D
$GPGGA,081827.00,5932.30914,N,02449.06554,E,1,12,1.0,14.7,M,21.0,M,,*50
$GPRMC,081827.00,A,5932.30914,N,02449.06554,E,16.86,15.8,140625,,,A*60
$GPVTG,15.8,T,,M,16.86,N,31.22,K,A*3A
$HEHDT,15.1,T*1A
$VWVHW,15.1,T,,M,17.03,N,31.53,K*4E
$GPGGA,081828.00,5932.31372,N,02449.06788,E,1,12,1.0,14.9,M,21.0,M,,*59
$GPRMC,081828.00,A,5932.31372,N,02449.06788,E,16.69,16.5,140625,,,A*68
$GPVTG,16.5,T,,M,16.69,N,30.92,K,A*3F
$HEHDT,14.8,T*12
$VWVHW,14.8,T,,M,16.71,N,30.94,K*48
$GPGGA,081829.00,5932.31763,N,02449.07140,E,1,12,1.0,14.8,M,21.0,M,,*5E
$GPRMC,081829.00,A,5932.31763,N,02449.07140,E,16.76,16.0,140625,,,A*65
$GPVTG,16.0,T,,M,16.76,N,31.03,K,A*3D
$HEHDT,14.4,T*1E
$VWVHW,14.4,T,,M,16.86,N,31.22,K*40
$GPGGA,081830.00,5932.32236,N,02449.07450,E,1,12,1.0,14.7,M,21.0,M,,*5B
$GPRMC,081830.00,A,5932.32236,N,02449.07450,E,16.76,16.4,140625,,,A*6B
$GPVTG,16.4,T,,M,16.76,N,31.05,K,A*3F
$HEHDT,14.5,T*1F
$VWVHW,14.5,T,,M,17.00,N,31.48,K*42
$GPGSV,2,1,08,03,65,044,50,08,41,099,47,11,23,154,42,14,48,209,46*7E
$GPGSV,2,2,08,17,66,266,48,22,21,314,41,28,10,354,39,31,58,124,49*7F
$GAGSV,2,1,05,04,50,074,47,09,35,184,44,12,66,239,48,24,10,289,38*65
$GAGSV,2,2,05,31,18,024,42*56
$GPZDA,081830.00,14,06,2025,00,00*62
$GPGGA,081831.00,5932.32680,N,02449.07695,E,1,12,1.0,15.1,M,21.0,M,,*5F
$GPRMC,081831.00,A,5932.32680,N,02449.07695,E,16.74,16.1,140625,,,A*6F
$GPVTG,16.1,T,,M,16.74,N,31.00,K,A*3D
$HEHDT,15.1,T*1A
$VWVHW,15.1,T,,M,16.93,N,31.36,K*45
$GPGGA,081832.00,5932.33120,N,02449.07908,E,1,12,1.0,13.9,M,21.0,M,,*55
$GPRMC,081832.00,A,5932.33120,N,02449.07908,E,16.78,16.0,140625,,,A*66
$GPVTG,16.0,T,,M,16.78,N,31.07,K,A*37
$HEHDT,14.9,T*13
$VWVHW,14.9,T,,M,16.81,N,31.14,K*4F
$GPGGA,081833.00,5932.33596,N,02449.08182,E,1,12,1.0,14.6,M,21.0,M,,*50
$GPRMC,081833.00,A,5932.33596,N,02449.08182,E,16.68,16.0,140625,,,A*6A
$GPVTG,16.0,T,,M,16.68,N,30.89,K,A*31
$HEHDT,14.6,T*1C
$VWVHW,14.6,T,,M,16.88,N,31.26,K*48
$GPGGA,081834.00,5932.34070,N,02449.08464,E,1,12,1.0,14.2,M,21.0,M,,*54
$GPRMC,081834.00,A,5932.34070,N,02449.08464,E,16.76,16.2,140625,,,A*67
$GPVTG,16.2,T,,M,16.76,N,31.04,K,A*38
$HEHDT,14.8,T*12
$VWVHW,14.8,T,,M,16.92,N,31.34,K*4E
$GPGGA,081835.00,5932.34487,N,02449.08621,E,1,12,1.0,15.0,M,21.0,M,,*59
$GPRMC,081835.00,A,5932.34487,N,02449.08621,E,16.73,16.3,140625,,,A*6D
$GPVTG,16.3,T,,M,16.73,N,30.99,K,A*39
$HEHDT,14.9,T*13
$VWVHW,14.9,T,,M,16.91,N,31.33,K*4B
$GPGSV,2,1,08,03,65,044,50,08,41,099,46,11,23,154,42,14,48,209,46*7F
$GPGSV,2,2,08,17,66,266,48,22,21,314,41,28,10,354,39,31,58,124,50*77
$GAGSV,2,1,05,04,50,074,47,09,35,184,44,12,66,239,48,24,10,289,38*65
$GAGSV,2,2,05,31,18,024,42*56
$GPZDA,081835.00,14,06,2025,00,00*67
$GPGGA,081836.00,5932.34938,N,02449.08957,E,1,12,1.0,15.1,M,21.0,M,,*5C
$GPRMC,081836.00,A,5932.34938,N,02449.08957,E,16.83,16.5,140625,,,A*60
$GPVTG,16.5,T,,M,16.83,N,31.16,K,A*36
$HEHDT,14.9,T*13
$VWVHW,14.9,T,,M,16.89,N,31.28,K*48
$GPGGA,081837.00,5932.35382,N,02449.09218,E,1,12,1.0,14.6,M,21.0,M,,*50
$GPRMC,081837.00,A,5932.35382,N,02449.09218,E,16.80,16.0,140625,,,A*6C
$GPVTG,16.0,T,,M,16.80,N,31.11,K,A*37
$HEHDT,15.0,T*1B
$VWVHW,15.0,T,,M,16.88,N,31.26,K*4F
$GPGGA,081838.00,5932.35854,N,02449.09363,E,1,12,1.0,14.8,M,21.0,M,,*5C
$GPRMC,081838.00,A,5932.35854,N,02449.09363,E,16.86,16.4,140625,,,A*6C
$GPVTG,16.4,T,,M,16.86,N,31.22,K,A*35
$HEHDT,14.5,T*1F
$VWVHW,14.5,T,,M,16.77,N,31.06,K*49
$GPGGA,081839.00,5932.36277,N,02449.09651,E,1,12,1.0,14.5,M,21.0,M,,*5C
$GPRMC,081839.00,A,5932.36277,N,02449.09651,E,16.70,16.4,140625,,,A*68
$GPVTG,16.4,T,,M,16.70,N,30.92,K,A*36
$HEHDT,14.5,T*1F
$VWVHW,14.5,T,,M,16.95,N,31.40,K*47
$GPGGA,081840.00,5932.36726,N,02449.09905,E,1,12,1.0,15.3,M,21.0,M,,*5A
$GPRMC,081840.00,A,5932.36726,N,02449.09905,E,16.58,15.5,140625,,,A*61
$GPVTG,15.5,T,,M,16.58,N,30.71,K,A*33
$HEHDT,14.9,T*13
$VWVHW,14.9,T,,M,16.82,N,31.14,K*4C
$GPGSV,2,1,08,03,65,044,50,08,41,099,46,11,23,154,42,14,48,209,47*7E
$GPGSV,2,2,08,17,66,266,48,22,21,314,40,28,10,354,38,31,58,124,49*7F
$GAGSV,2,1,05,04,50,074,47,09,35,184,43,12,66,239,48,24,10,289,38*62
$GAGSV,2,2,05,31,18,024,43*57
$GPZDA,081840.00,14,06,2025,00,00*65
$GPGGA,081841.00,5932.37176,N,02449.10235,E,1,12,1.0,14.8,M,21.0,M,,*53
$GPRMC,081841.00,A,5932.37176,N,02449.10235,E,16.77,16.0,140625,,,A*69
$GPVTG,16.0,T,,M,16.77,N,31.05,K,A*3A
$HEHDT,15.0,T*1B
$VWVHW,15.0,T,,M,16.81,N,31.13,K*40
$GPGGA,081842.00,5932.37663,N,02449.10455,E,1,12,1.0,14.3,M,21.0,M,,*58
$GPRMC,081842.00,A,5932.37663,N,02449.10455,E,16.72,16.0,140625,,,A*6C
$GPVTG,16.0,T,,M,16.72,N,30.97,K,A*35
$HEHDT,14.7,T*1D
$VWVHW,14.7,T,,M,17.00,N,31.48,K*40
$GPGGA,081843.00,5932.38143,N,02449.10808,E,1,12,1.0,14.6,M,21.0,M,,*52
$GPRMC,081843.00,A,5932.38143,N,02449.10808,E,16.86,16.1,140625,,,A*69
$GPVTG,16.1,T,,M,16.86,N,31.23,K,A*31
$HEHDT,14.3,T*19
$VWVHW,14.3,T,,M,16.97,N,31.42,K*41
$GPGGA,081844.00,5932.38557,N,02449.11007,E,1,12,1.0,15.5,M,21.0,M,,*50
$GPRMC,081844.00,A,5932.38557,N,02449.11007,E,16.69,16.3,140625,,,A*6A
$GPVTG,16.3,T,,M,16.69,N,30.91,K,A*3A
$HEHDT,14.7,T*1D
$VWVHW,14.7,T,,M,16.85,N,31.21,K*43
$GPGGA,081845.00,5932.39001,N,02449.11312,E,1,12,1.0,15.7,M,21.0,M,,*53
$GPRMC,081845.00,A,5932.39001,N,02449.11312,E,16.67,16.2,140625,,,A*64
$GPVTG,16.2,T,,M,16.67,N,30.87,K,A*32
$HEHDT,14.5,T*1F
$VWVHW,14.5,T,,M,16.87,N,31.25,K*47
$GPGSV,2,1,08,03,65,044,50,08,41,100,46,11,23,154,43,14,48,210,46*77
$GPGSV,2,2,08,17,66,266,49,22,21,314,41,28,10,354,39,31,58,124,48*7F
$GAGSV,2,1,05,04,50,074,47,09,35,184,44,12,66,240,49,24,10,290,37*6D
$GAGSV,2,2,05,31,18,024,42*56
$GPZDA,081845.00,14,06,2025,00,00*60
$GPGGA,081846.00,5932.39491,N,02449.11434,E,1,12,1.0,15.0,M,21.0,M,,*59
$GPRMC,081846.00,A,5932.39491,N,02449.11434,E,16.75,16.1,140625,,,A*69
$GPVTG,16.1,T,,M,16.75,N,31.02,K,A*3E
$HEHDT,14.6,T*1C
$VWVHW,14.6,T,,M,16.85,N,31.20,K*43
$GPGGA,081847.00,5932.39881,N,02449.11699,E,1,12,1.0,15.7,M,21.0,M,,*57
$GPRMC,081847.00,A,5932.39881,N,02449.11699,E,16.79,16.7,140625,,,A*6A
$GPVTG,16.7,T,,M,16.79,N,31.09,K,A*3F
$HEHDT,15.1,T*1A
$VWVHW,15.1,T,,M,16.98,N,31.46,K*49
$GPGGA,081848.00,5932.40311,N,02449.11922,E,1,12,1.0,15.1,M,21.0,M,,*5D
$GPRMC,081848.00,A,5932.40311,N,02449.11922,E,16.79,16.6,140625,,,A*67
$GPVTG,16.6,T,,M,16.79,N,31.10,K,A*36
$HEHDT,14.6,T*1C
$VWVHW,14.6,T,,M,16.97,N,31.43,K*45
$GPGGA,081849.00,5932.40701,N,02449.12179,E,1,12,1.0,15.1,M,21.0,M,,*5C
$GPRMC,081849.00,A,5932.40701,N,02449.12179,E,16.81,16.3,140625,,,A*64
$GPVTG,16.3,T,,M,16.81,N,31.12,K,A*36
$HEHDT,15.0,T*1B
$VWVHW,15.0,T,,M,16.84,N,31.20,K*45
$GPGGA,081850.00,5932.41209,N,02449.12527,E,1,12,1.0,14.6,M,21.0,M,,*51
$GPRMC,081850.00,A,5932.41209,N,02449.12527,E,16.74,16.3,140625,,,A*65
$GPVTG,16.3,T,,M,16.74,N,31.01,K,A*3E
$HEHDT,14.5,T*1F
$VWVHW,14.5,T,,M,16.85,N,31.21,K*41
$GPGSV,2,1,08,03,65,045,50,08,41,100,46,11,23,155,42,14,48,210,46*76
$GPGSV,2,2,08,17,66,267,49,22,21,315,40,28,10,355,39,31,58,125,49*7F
$GAGSV,2,1,05,04,50,075,47,09,35,185,42,12,66,240,48,24,10,290,37*6A
$GAGSV,2,2,05,31,18,025,42*57
$GPZDA,081850.00,14,06,2025,00,00*64
$GPGGA,081851.00,5932.41623,N,02449.12731,E,1,12,1.0,14.5,M,21.0,M,,*5A
$GPRMC,081851.00,A,5932.41623,N,02449.12731,E,16.87,16.4,140625,,,A*66
$GPVTG,16.4,T,,M,16.87,N,31.25,K,A*33
$HEHDT,15.3,T*18
$VWVHW,15.3,T,,M,16.85,N,31.21,K*46
$GPGGA,081852.00,5932.42067,N,02449.12976,E,1,12,1.0,14.8,M,21.0,M,,*5C
$GPRMC,081852.00,A,5932.42067,N,02449.12976,E,16.63,16.1,140625,,,A*62
$GPVTG,16.1,T,,M,16.63,N,30.81,K,A*33
$HEHDT,14.5,T*1F
$VWVHW,14.5,T,,M,16.85,N,31.20,K*40
$GPGGA,081853.00,5932.42522,N,02449.13263,E,1,12,1.0,14.7,M,21.0,M,,*58
$GPRMC,081853.00,A,5932.42522,N,02449.13263,E,16.79,16.2,140625,,,A*61
$GPVTG,16.2,T,,M,16.79,N,31.10,K,A*32
$HEHDT,14.8,T*12
$VWVHW,14.8,T,,M,17.07,N,31.61,K*43
$GPGGA,081854.00,5932.42933,N,02449.13537,E,1,12,1.0,15.0,M,21.0,M,,*53
$GPRMC,081854.00,A,5932.42933,N,02449.13537,E,16.93,16.3,140625,,,A*69
$GPVTG,16.3,T,,M,16.93,N,31.36,K,A*33
$HEHDT,15.1,T*1A
$VWVHW,15.1,T,,M,16.75,N,31.01,K*49
$GPGGA,081855.00,5932.43388,N,02449.13745,E,1,12,1.0,14.3,M,21.0,M,,*5C
$GPRMC,081855.00,A,5932.43388,N,02449.13745,E,16.73,16.5,140625,,,A*6C
$GPVTG,16.5,T,,M,16.73,N,30.99,K,A*3F
$HEHDT,14.9,T*13
$VWVHW,14.9,T,,M,16.95,N,31.39,K*45
$GPGSV,2,1,08,03,65,045,49,08,41,100,46,11,22,155,43,14,48,210,47*7F
$GPGSV,2,2,08,17,66,267,48,22,21,315,40,28,10,355,38,31,58,125,48*7E
$GAGSV,2,1,05,04,50,075,48,09,35,185,43,12,66,240,47,24,10,290,37*6B
$GAGSV,2,2,05,31,18,025,42*57
$GPZDA,081855.00,14,06,2025,00,00*61
$GPGGA,081856.00,5932.43811,N,02449.14037,E,1,12,1.0,14.6,M,21.0,M,,*54
$GPRMC,081856.00,A,5932.43811,N,02449.14037,E,16.89,16.0,140625,,,A*61
$GPVTG,16.0,T,,M,16.89,N,31.28,K,A*34
$HEHDT,14.7,T*1D
$VWVHW,14.7,T,,M,16.82,N,31.15,K*43
$GPGGA,081857.00,5932.44269,N,02449.14279,E,1,12,1.0,15.3,M,21.0,M,,*5B
$GPRMC,081857.00,A,5932.44269,N,02449.14279,E,16.95,15.8,140625,,,A*6C
$GPVTG,15.8,T,,M,16.95,N,31.39,K,A*32
$HEHDT,14.7,T*1D
$VWVHW,14.7,T,,M,16.82,N,31.15,K*43
$GPGGA,081858.00,5932.44727,N,02449.14489,E,1,12,1.0,15.7,M,21.0,M,,*56
$GPRMC,081858.00,A,5932.44727,N,02449.14489,E,16.89,16.6,140625,,,A*65
$GPVTG,16.6,T,,M,16.89,N,31.27,K,A*3D
$HEHDT,14.7,T*1D
$VWVHW,14.7,T,,M,16.91,N,31.32,K*44
$GPGGA,081859.00,5932.45215,N,02449.14790,E,1,12,1.0,15.2,M,21.0,M,,*5C
$GPRMC,081859.00,A,5932.45215,N,02449.14790,E,16.72,16.0,140625,,,A*68
$GPVTG,16.0,T,,M,16.72,N,30.97,K,A*35
$HEHDT,14.6,T*1C
$VWVHW,14.6,T,,M,16.85,N,31.21,K*42
$GPGGA,081900.00,5932.45623,N,02449.14997,E,1,12,1.0,14.7,M,21.0,M,,*5D
$GPRMC,081900.00,A,5932.45623,N,02449.14997,E,16.81,16.4,140625,,,A*65
$GPVTG,16.4,T,,M,16.81,N,31.13,K,A*30
$HEHDT,14.9,T*13
$VWVHW,14.9,T,,M,16.79,N,31.09,K*44
$GPGSV,2,1,08,03,65,045,50,08,41,100,46,11,22,155,42,14,48,210,47*76
$GPGSV,2,2,08,17,66,267,49,22,21,315,41,28,10,355,38,31,58,125,48*7E
$GAGSV,2,1,05,04,50,075,47,09,35,185,42,12,66,240,48,24,10,290,38*65
$GAGSV,2,2,05,31,18,025,41*54
$GPZDA,081900.00,14,06,2025,00,00*60
$GPGGA,081901.00,5932.46114,N,02449.15292,E,1,12,1.0,15.3,M,21.0,M,,*56
$GPRMC,081901.00,A,5932.46114,N,02449.15292,E,16.76,16.7,140625,,,A*60
$GPVTG,16.7,T,,M,16.76,N,31.03,K,A*3A
$HEHDT,15.0,T*1B
$VWVHW,15.0,T,,M,16.88,N,31.27,K*4E
$GPGGA,081902.00,5932.46578,N,02449.15579,E,1,12,1.0,15.6,M,21.0,M,,*5C
$GPRMC,081902.00,A,5932.46578,N,02449.15579,E,16.88,16.4,140625,,,A*6D
$GPVTG,16.4,T,,M,16.88,N,31.26,K,A*3F
$HEHDT,15.0,T*1B
$VWVHW,15.0,T,,M,16.87,N,31.24,K*42
$GPGGA,081903.00,5932.46959,N,02449.15753,E,1,12,1.0,15.4,M,21.0,M,,*5A
$GPRMC,081903.00,A,5932.46959,N,02449.15753,E,16.67,16.7,140625,,,A*6B
$GPVTG,16.7,T,,M,16.67,N,30.87,K,A*37
$HEHDT,14.9,T*13
$VWVHW,14.9,T,,M,16.90,N,31.30,K*49
$GPGGA,081904.00,5932.47451,N,02449.16028,E,1,12,1.0,14.5,M,21.0,M,,*51
$GPRMC,081904.00,A,5932.47451,N,02449.16028,E,16.85,16.2,140625,,,A*69
$GPVTG,16.2,T,,M,16.85,N,31.20,K,A*32
$HEHDT,14.8,T*12
$VWVHW,14.8,T,,M,16.88,N,31.27,K*47
$GPGGA,081905.00,5932.47914,N,02449.16459,E,1,12,1.1,14.8,M,21.0,M,,*52
$GPRMC,081905.00,A,5932.47914,N,02449.16459,E,16.65,15.9,140625,,,A*60
$GPVTG,15.9,T,,M,16.65,N,30.83,K,A*3C
$HEHDT,14.8,T*12
$VWVHW,14.8,T,,M,16.85,N,31.21,K*4C
$GPGSV,2,1,08,03,65,045,50,08,41,100,46,11,22,155,42,14,48,210,47*76
$GPGSV,2,2,08,17,66,267,50,22,21,315,42,28,10,355,39,31,58,125,48*74
$GAGSV,2,1,05,04,50,075,48,09,35,185,42,12,66,240,48,24,10,290,39*6B
$GAGSV,2,2,05,31,18,025,41*54
$GPZDA,081905.00,14,06,2025,00,00*65
$GPGGA,081906.00,5932.48347,N,02449.16701,E,1,12,1.1,15.6,M,21.0,M,,*53
$GPRMC,081906.00,A,5932.48347,N,02449.16701,E,16.67,16.1,140625,,,A*67
$GPVTG,16.1,T,,M,16.67,N,30.87,K,A*31
$HEHDT,14.8,T*12
$VWVHW,14.8,T,,M,16.77,N,31.05,K*47
$GPGGA,081907.00,5932.48774,N,02449.16909,E,1,12,1.1,15.1,M,21.0,M,,*57
$GPRMC,081907.00,A,5932.48774,N,02449.16909,E,16.77,16.5,140625,,,A*61
$GPVTG,16.5,T,,M,16.77,N,31.05,K,A*3F
$HEHDT,14.5,T*1F
$VWVHW,14.5,T,,M,17.06,N,31.60,K*4E
$GPGGA,081908.00,5932.49265,N,02449.17200,E,1,12,1.1,15.6,M,21.0,M,,*58
$GPRMC,081908.00,A,5932.49265,N,02449.17200,E,16.85,16.1,140625,,,A*60
$GPVTG,16.1,T,,M,16.85,N,31.21,K,A*30
$HEHDT,15.0,T*1B
$VWVHW,15.0,T,,M,16.91,N,31.32,K*42
$GPGGA,081909.00,5932.49693,N,02449.17444,E,1,12,1.1,15.3,M,21.0,M,,*57
$GPRMC,081909.00,A,5932.49693,N,02449.17444,E,16.94,16.2,140625,,,A*69
$GPVTG,16.2,T,,M,16.94,N,31.37,K,A*34
$HEHDT,14.9,T*13
$VWVHW,14.9,T,,M,16.89,N,31.28,K*48
$GPGGA,081910.00,5932.50209,N,02449.17654,E,1,12,1.1,14.7,M,21.0,M,,*56
$GPRMC,081910.00,A,5932.50209,N,02449.17654,E,16.89,16.5,140625,,,A*66
$GPVTG,16.5,T,,M,16.89,N,31.28,K,A*31
$HEHDT,14.8,T*12
$VWVHW,14.8,T,,M,16.96,N,31.41,K*48
$GPGSV,2,1,08,03,65,045,49,08,41,100,46,11,22,155,42,14,48,210,48*71
$GPGSV,2,2,08,17,66,267,49,22,21,315,42,28,10,355,40,31,58,125,48*72
$GAGSV,2,1,05,04,50,075,47,09,35,185,44,12,66,240,49,24,10,290,39*63
$GAGSV,2,2,05,31,18,025,40*55
$GPZDA,081910.00,14,06,2025,00,00*61
$GPGGA,081911.00,5932.50633,N,02449.17947,E,1,12,1.1,14.8,M,21.0,M,,*58
$GPRMC,081911.00,A,5932.50633,N,02449.17947,E,16.86,15.9,140625,,,A*67
$GPVTG,15.9,T,,M,16.86,N,31.22,K,A*3B
$HEHDT,15.3,T*18
$VWVHW,15.3,T,,M,16.92,N,31.34,K*44
$GPGGA,081912.00,5932.51035,N,02449.18235,E,1,12,1.1,15.1,M,21.0,M,,*53
$GPRMC,081912.00,A,5932.51035,N,02449.18235,E,16.91,16.7,140625,,,A*6F
$GPVTG,16.7,T,,M,16.91,N,31.31,K,A*32
$HEHDT,14.6,T*1C
$VWVHW,14.6,T,,M,16.87,N,31.25,K*44
$GPGGA,081913.00,5932.51467,N,02449.18440,E,1,12,1.1,15.4,M,21.0,M,,*50
$GPRMC,081913.00,A,5932.51467,N,02449.18440,E,16.76,16.2,140625,,,A*65
$GPVTG,16.2,T,,M,16.76,N,31.04,K,A*38
$HEHDT,14.7,T*1D
$VWVHW,14.7,T,,M,16.79,N,31.10,K*42
$GPGGA,081914.00,5932.51904,N,02449.18753,E,1,12,1.1,14.7,M,21.0,M,,*5C
$GPRMC,081914.00,A,5932.51904,N,02449.18753,E,16.76,15.6,140625,,,A*6C
$GPVTG,15.6,T,,M,16.76,N,31.05,K,A*3E
$HEHDT,14.2,T*18
$VWVHW,14.2,T,,M,16.86,N,31.23,K*47
$GPGGA,081915.00,5932.52406,N,02449.18941,E,1,12,1.1,14.7,M,21.0,M,,*5C
$GPRMC,081915.00,A,5932.52406,N,02449.18941,E,16.85,16.0,140625,,,A*65
$GPVTG,16.0,T,,M,16.85,N,31.20,K,A*30
$HEHDT,14.6,T*1C
$VWVHW,14.6,T,,M,16.93,N,31.36,K*43
$GPGSV,2,1,08,03,65,045,50,08,41,100,45,11,22,155,41,14,48,210,48*79
$GPGSV,2,2,08,17,66,267,49,22,21,315,42,28,10,355,39,31,58,125,47*73
$GAGSV,2,1,05,04,50,075,48,09,35,185,44,12,66,240,48,24,10,290,38*6C
$GAGSV,2,2,05,31,18,025,40*55
$GPZDA,081915.00,14,06,2025,00,00*64
$GPGGA,081916.00,5932.52848,N,02449.19192,E,1,12,1.1,15.3,M,21.0,M,,*5B
$GPRMC,081916.00,A,5932.52848,N,02449.19192,E,16.77,16.4,140625,,,A*6E
$GPVTG,16.4,T,,M,16.77,N,31.06,K,A*3D
$HEHDT,15.1,T*1A
$VWVHW,15.1,T,,M,16.84,N,31.19,K*4E
$GPGGA,081917.00,5932.53224,N,02449.19480,E,1,12,1.1,15.3,M,21.0,M,,*5D
$GPRMC,081917.00,A,5932.53224,N,02449.19480,E,16.91,16.7,140625,,,A*63
$GPVTG,16.7,T,,M,16.91,N,31.31,K,A*32
$HEHDT,14.4,T*1E
$VWVHW,14.4,T,,M,16.95,N,31.40,K*46
$GPGGA,081918.00,5932.53702,N,02449.19750,E,1,12,1.1,15.6,M,21.0,M,,*58
$GPRMC,081918.00,A,5932.53702,N,02449.19750,E,16.85,16.1,140625,,,A*60
$GPVTG,16.1,T,,M,16.85,N,31.20,K,A*31
$HEHDT,15.1,T*1A
$VWVHW,15.1,T,,M,16.92,N,31.34,K*46
$GPGGA,081919.00,5932.54107,N,02449.19959,E,1,12,1.1,15.3,M,21.0,M,,*5F
$GPRMC,081919.00,A,5932.54107,N,02449.19959,E,16.92,16.3,140625,,,A*66
$GPVTG,16.3,T,,M,16.92,N,31.34,K,A*30
$HEHDT,14.5,T*1F
$VWVHW,14.5,T,,M,17.03,N,31.54,K*4C
$GPGGA,081920.00,5932.54579,N,02449.20277,E,1,12,1.1,14.6,M,21.0,M,,*51
$GPRMC,081920.00,A,5932.54579,N,02449.20277,E,16.81,16.4,140625,,,A*69
$GPVTG,16.4,T,,M,16.81,N,31.14,K,A*37
$HEHDT,14.7,T*1D
$VWVHW,14.7,T,,M,16.81,N,31.13,K*46
$GPGSV,2,1,08,03,65,045,49,08,41,100,46,11,22,155,42,14,48,210,48*71
$GPGSV,2,2,08,17,66,267,49,22,21,315,42,28,10,355,39,31,58,125,46*72
$GAGSV,2,1,05,04,50,075,47,09,35,185,44,12,66,240,48,24,10,290,37*6C
$GAGSV,2,2,05,31,18,025,40*55
$GPZDA,081920.00,14,06,2025,00,00*62
$GPGGA,081921.00,5932.55051,N,02449.20373,E,1,12,1.1,14.7,M,21.0,M,,*5A
$GPRMC,081921.00,A,5932.55051,N,02449.20373,E,16.93,16.1,140625,,,A*65
$GPVTG,16.1,T,,M,16.93,N,31.36,K,A*31
$HEHDT,15.2,T*19
$VWVHW,15.2,T,,M,16.89,N,31.29,K*43
$GPGGA,081922.00,5932.55497,N,02449.20720,E,1,12,1.1,15.2,M,21.0,M,,*51
$GPRMC,081922.00,A,5932.55497,N,02449.20720,E,16.87,16.0,140625,,,A*6E
$GPVTG,16.0,T,,M,16.87,N,31.24,K,A*36
$HEHDT,14.8,T*12
$VWVHW,14.8,T,,M,16.92,N,31.34,K*4E
$GPGGA,081923.00,5932.55934,N,02449.21064,E,1,12,1.1,14.6,M,21.0,M,,*57
$GPRMC,081923.00,A,5932.55934,N,02449.21064,E,16.91,16.6,140625,,,A*6C
$GPVTG,16.6,T,,M,16.91,N,31.32,K,A*30
$HEHDT,14.8,T*12
$VWVHW,14.8,T,,M,16.79,N,31.09,K*45
$GPGGA,081924.00,5932.56350,N,02449.21257,E,1,12,1.1,15.2,M,21.0,M,,*5C
$GPRMC,081924.00,A,5932.56350,N,02449.21257,E,16.96,15.9,140625,,,A*69
$GPVTG,15.9,T,,M,16.96,N,31.42,K,A*3C
$HEHDT,14.7,T*1D
$VWVHW,14.7,T,,M,16.80,N,31.12,K*46
$GPGGA,081925.00,5932.56786,N,02449.21605,E,1,12,1.1,14.8,M,21.0,M,,*5A
$GPRMC,081925.00,A,5932.56786,N,02449.21605,E,16.71,16.5,140625,,,A*62
$GPVTG,16.5,T,,M,16.71,N,30.95,K,A*31
$HEHDT,15.0,T*1B
$VWVHW,15.0,T,,M,16.98,N,31.45,K*4B
$GPGSV,2,1,08,03,65,045,49,08,41,100,46,11,22,155,42,14,48,210,48*71
$GPGSV,2,2,08,17,66,267,49,22,21,315,41,28,10,355,38,31,58,125,47*71
$GAGSV,2,1,05,04,50,075,49,09,35,185,44,12,65,240,48,24,10,290,37*61
$GAGSV,2,2,05,31,18,025,40*55
$GPZDA,081925.00,14,06,2025,00,00*67
$GPGGA,081926.00,5932.57294,N,02449.21855,E,1,12,1.1,15.0,M,21.0,M,,*5C
$GPRMC,081926.00,A,5932.57294,N,02449.21855,E,16.85,16.2,140625,,,A*61
$GPVTG,16.2,T,,M,16.85,N,31.21,K,A*33
$HEHDT,14.7,T*1D
$VWVHW,14.7,T,,M,16.86,N,31.22,K*43
$GPGGA,081927.00,5932.57675,N,02449.22092,E,1,12,1.1,15.1,M,21.0,M,,*57
$GPRMC,081927.00,A,5932.57675,N,02449.22092,E,17.03,16.2,140625,,,A*64
$GPVTG,16.2,T,,M,17.03,N,31.53,K,A*39
$HEHDT,14.7,T*1D
$VWVHW,14.7,T,,M,17.08,N,31.63,K*41
$GPGGA,081928.00,5932.58101,N,02449.22354,E,1,12,1.1,15.3,M,21.0,M,,*58
$GPRMC,081928.00,A,5932.58101,N,02449.22354,E,16.89,16.8,140625,,,A*60
$GPVTG,16.8,T,,M,16.89,N,31.29,K,A*3D
$HEHDT,14.9,T*13
$VWVHW,14.9,T,,M,17.00,N,31.49,K*4F
$GPGGA,081929.00,5932.58584,N,02449.22629,E,1,12,1.1,14.8,M,21.0,M,,*55
$GPRMC,081929.00,A,5932.58584,N,02449.22629,E,16.96,16.0,140625,,,A*61
$GPVTG,16.0,T,,M,16.96,N,31.42,K,A*36
$HEHDT,15.0,T*1B
$VWVHW,15.0,T,,M,17.09,N,31.65,K*40
$GPGGA,081930.00,5932.59039,N,02449.22837,E,1,12,1.1,14.5,M,21.0,M,,*53
$GPRMC,081930.00,A,5932.59039,N,02449.22837,E,16.93,16.1,140625,,,A*6E
$GPVTG,16.1,T,,M,16.93,N,31.35,K,A*32
$HEHDT,14.7,T*1D
$VWVHW,14.7,T,,M,17.01,N,31.51,K*49
$GPGSV,2,1,08,03,65,045,49,08,41,100,45,11,22,155,41,14,48,210,49*70
$GPGSV,2,2,08,17,66,267,49,22,21,315,42,28,10,355,38,31,58,125,48*7D
$GAGSV,2,1,05,04,50,075,49,09,35,185,44,12,65,240,48,24,10,290,37*61
$GAGSV,2,2,05,31,18,025,39*5B
$GPZDA,081930.00,14,06,2025,00,00*63
$GPGGA,081931.00,5932.59477,N,02449.23081,E,1,12,1.1,14.8,M,21.0,M,,*55
$GPRMC,081931.00,A,5932.59477,N,02449.23081,E,16.75,16.4,140625,,,A*68
$GPVTG,16.4,T,,M,16.75,N,31.02,K,A*3B
$HEHDT,14.9,T*13
$VWVHW,14.9,T,,M,17.04,N,31.55,K*46
$GPGGA,081932.00,5932.59925,N,02449.23288,E,1,12,1.1,15.4,M,21.0,M,,*5A
$GPRMC,081932.00,A,5932.59925,N,02449.23288,E,16.83,16.0,140625,,,A*67
$GPVTG,16.0,T,,M,16.83,N,31.16,K,A*33
$HEHDT,15.3,T*18
$VWVHW,15.3,T,,M,16.86,N,31.23,K*47
$GPGGA,081933.00,5932.60424,N,02449.23714,E,1,12,1.1,15.4,M,21.0,M,,*5D
$GPRMC,081933.00,A,5932.60424,N,02449.23714,E,16.90,15.6,140625,,,A*67
$GPVTG,15.6,T,,M,16.90,N,31.30,K,A*30
$HEHDT,14.9,T*13
$VWVHW,14.9,T,,M,16.97,N,31.44,K*4D
$GPGGA,081934.00,5932.60844,N,02449.23949,E,1,12,1.1,15.6,M,21.0,M,,*54
$GPRMC,081934.00,A,5932.60844,N,02449.23949,E,16.80,15.7,140625,,,A*6C
$GPVTG,15.7,T,,M,16.80,N,31.11,K,A*33
$HEHDT,14.4,T*1E
$VWVHW,14.4,T,,M,16.86,N,31.22,K*40
$GPGGA,081935.00,5932.61293,N,02449.24183,E,1,12,1.1,15.3,M,21.0,M,,*58
$GPRMC,081935.00,A,5932.61293,N,02449.24183,E,17.00,16.5,140625,,,A*6D
$GPVTG,16.5,T,,M,17.00,N,31.48,K,A*37
$HEHDT,14.4,T*1E
$VWVHW,14.4,T,,M,16.95,N,31.40,K*46
$GPGSV,2,1,08,03,65,045,48,08,41,100,46,11,22,155,41,14,48,210,50*7A
$GPGSV,2,2,08,17,66,267,50,22,21,315,41,28,10,355,39,31,58,125,48*77
$GAGSV,2,1,05,04,50,075,49,09,35,185,43,12,65,240,49,24,10,290,38*68
$GAGSV,2,2,05,31,18,025,40*55
$GPZDA,081935.00,14,06,2025,00,00*66
$GPGGA,081936.00,5932.61757,N,02449.24435,E,1,12,1.1,15.7,M,21.0,M,,*5A
$GPRMC,081936.00,A,5932.61757,N,02449.24435,E,16.80,16.0,140625,,,A*67
$GPVTG,16.0,T,,M,16.80,N,31.12,K,A*34
$HEHDT,14.9,T*13
$VWVHW,14.9,T,,M,17.07,N,31.62,K*41
$GPGGA,081937.00,5932.62182,N,02449.24672,E,1,12,1.1,15.2,M,21.0,M,,*52
$GPRMC,081937.00,A,5932.62182,N,02449.24672,E,16.84,16.3,140625,,,A*6D
$GPVTG,16.3,T,,M,16.84,N,31.18,K,A*39
$HEHDT,14.5,T*1F
$VWVHW,14.5,T,,M,17.14,N,31.75,K*49
$GPGGA,081938.00,5932.62622,N,02449.24933,E,1,12,1.1,15.7,M,21.0,M,,*5F
$GPRMC,081938.00,A,5932.62622,N,02449.24933,E,16.92,15.7,140625,,,A*65
$GPVTG,15.7,T,,M,16.92,N,31.34,K,A*37
$HEHDT,14.8,T*12
$VWVHW,14.8,T,,M,16.87,N,31.24,K*4B
$GPGGA,081939.00,5932.63052,N,02449.25233,E,1,12,1.1,14.8,M,21.0,M,,*5A
$GPRMC,081939.00,A,5932.63052,N,02449.25233,E,16.78,16.4,140625,,,A*6A
$GPVTG,16.4,T,,M,16.78,N,31.08,K,A*3C
$HEHDT,14.6,T*1C
$VWVHW,14.6,T,,M,17.06,N,31.59,K*47
$GPGGA,081940.00,5932.63511,N,02449.25383,E,1,12,1.1,14.6,M,21.0,M,,*52
$GPRMC,081940.00,A,5932.63511,N,02449.25383,E,16.98,16.3,140625,,,A*65
$GPVTG,16.3,T,,M,16.98,N,31.45,K,A*3C
$HEHDT,14.4,T*1E
$VWVHW,14.4,T,,M,17.12,N,31.70,K*4B
$GPGSV,2,1,08,03,65,045,48,08,41,100,45,11,22,155,41,14,48,210,49*71
$GPGSV,2,2,08,17,66,267,49,22,21,315,41,28,10,355,39,31,58,125,47*70
$GAGSV,2,1,05,04,50,075,49,09,35,185,44,12,65,240,48,24,10,290,38*6E
$GAGSV,2,2,05,31,18,025,39*5B
$GPZDA,081940.00,14,06,2025,00,00*64
$GPGGA,081941.00,5932.63974,N,02449.25839,E,1,12,1.1,15.6,M,21.0,M,,*57
$GPRMC,081941.00,A,5932.63974,N,02449.25839,E,16.83,16.6,140625,,,A*6E
$GPVTG,16.6,T,,M,16.83,N,31.17,K,A*34
$HEHDT,14.6,T*1C
$VWVHW,14.6,T,,M,16.91,N,31.31,K*46
$GPGGA,081942.00,5932.64418,N,02449.25969,E,1,12,1.1,15.8,M,21.0,M,,*5E
$GPRMC,081942.00,A,5932.64418,N,02449.25969,E,16.88,16.1,140625,,,A*65
$GPVTG,16.1,T,,M,16.88,N,31.26,K,A*3A
$HEHDT,14.5,T*1F
$VWVHW,14.5,T,,M,17.07,N,31.61,K*4E
$GPGGA,081943.00,5932.64884,N,02449.26230,E,1,12,1.1,15.0,M,21.0,M,,*5A
$GPRMC,081943.00,A,5932.64884,N,02449.26230,E,16.77,16.0,140625,,,A*68
$GPVTG,16.0,T,,M,16.77,N,31.07,K,A*38
$HEHDT,15.1,T*1A
$VWVHW,15.1,T,,M,16.96,N,31.40,K*41
$GPGGA,081944.00,5932.65350,N,02449.26496,E,1,12,1.1,15.2,M,21.0,M,,*56
$GPRMC,081944.00,A,5932.65350,N,02449.26496,E,16.96,16.0,140625,,,A*69
$GPVTG,16.0,T,,M,16.96,N,31.41,K,A*35
$HEHDT,14.5,T*1F
$VWVHW,14.5,T,,M,17.01,N,31.51,K*4B
$GPGGA,081945.00,5932.65813,N,02449.26798,E,1,12,1.1,14.9,M,21.0,M,,*5C
$GPRMC,081945.00,A,5932.65813,N,02449.26798,E,16.96,16.2,140625,,,A*6B
$GPVTG,16.2,T,,M,16.96,N,31.41,K,A*37
$HEHDT,14.8,T*12
$VWVHW,14.8,T,,M,17.03,N,31.54,K*41
$GPGSV,2,1,08,03,65,045,48,08,41,100,46,11,22,155,41,14,48,210,49*72
$GPGSV,2,2,08,17,66,267,50,22,21,315,41,28,10,355,39,31,58,125,47*78
$GAGSV,2,1,05,04,50,075,49,09,35,185,45,12,65,240,48,24,10,290,38*6F
$GAGSV,2,2,05,31,18,025,41*54
$GPZDA,081945.00,14,06,2025,00,00*61
$GPGGA,081946.00,5932.66221,N,02449.27030,E,1,12,1.1,14.3,M,21.0,M,,*59
$GPRMC,081946.00,A,5932.66221,N,02449.27030,E,16.87,15.7,140625,,,A*62
$GPVTG,15.7,T,,M,16.87,N,31.23,K,A*35
$HEHDT,14.8,T*12
$VWVHW,14.8,T,,M,17.08,N,31.64,K*49
$GPGGA,081947.00,5932.66673,N,02449.27409,E,1,12,1.1,14.8,M,21.0,M,,*5E
$GPRMC,081947.00,A,5932.66673,N,02449.27409,E,16.75,16.2,140625,,,A*65
$GPVTG,16.2,T,,M,16.75,N,31.02,K,A*3D
$HEHDT,15.1,T*1A
$VWVHW,15.1,T,,M,17.08,N,31.64,K*41
$GPGGA,081948.00,5932.67169,N,02449.27577,E,1,12,1.1,14.6,M,21.0,M,,*5A
$GPRMC,081948.00,A,5932.67169,N,02449.27577,E,16.94,16.5,140625,,,A*67
$GPVTG,16.5,T,,M,16.94,N,31.38,K,A*3C
$HEHDT,15.1,T*1A
$VWVHW,15.1,T,,M,17.13,N,31.73,K*4D
$GPGGA,081949.00,5932.67596,N,02449.27846,E,1,12,1.1,14.4,M,21.0,M,,*52
$GPRMC,081949.00,A,5932.67596,N,02449.27846,E,16.86,15.8,140625,,,A*60
$GPVTG,15.8,T,,M,16.86,N,31.23,K,A*3B
$HEHDT,14.8,T*12
$VWVHW,14.8,T,,M,17.04,N,31.55,K*47
$GPGGA,081950.00,5932.68040,N,02449.28090,E,1,12,1.1,14.6,M,21.0,M,,*55
$GPRMC,081950.00,A,5932.68040,N,02449.28090,E,16.88,16.7,140625,,,A*67
$GPVTG,16.7,T,,M,16.88,N,31.26,K,A*3C
$HEHDT,14.4,T*1E
$VWVHW,14.4,T,,M,17.07,N,31.61,K*4F
$GPGSV,2,1,08,03,65,045,50,08,41,100,45,11,22,155,42,14,48,210,48*7A
$GPGSV,2,2,08,17,66,267,49,22,21,315,41,28,10,355,39,31,58,125,47*70
$GAGSV,2,1,05,04,50,075,50,09,35,185,45,12,65,240,48,24,10,290,38*67
$GAGSV,2,2,05,31,18,025,41*54
$GPZDA,081950.00,14,06,2025,00,00*65
$GPGGA,081951.00,5932.68465,N,02449.28367,E,1,12,1.1,14.6,M,21.0,M,,*5C
$GPRMC,081951.00,A,5932.68465,N,02449.28367,E,16.91,15.9,140625,,,A*6B
$GPVTG,15.9,T,,M,16.91,N,31.32,K,A*3C
$HEHDT,14.8,T*12
$VWVHW,14.8,T,,M,17.07,N,31.61,K*43
$GPGGA,081952.00,5932.68905,N,02449.28638,E,1,12,1.1,14.1,M,21.0,M,,*5C
$GPRMC,081952.00,A,5932.68905,N,02449.28638,E,16.99,16.9,140625,,,A*67
$GPVTG,16.9,T,,M,16.99,N,31.46,K,A*34
$HEHDT,14.5,T*1F
$VWVHW,14.5,T,,M,17.06,N,31.59,K*44
$GPGGA,081953.00,5932.69366,N,02449.28853,E,1,12,1.1,13.7,M,21.0,M,,*51
$GPRMC,081953.00,A,5932.69366,N,02449.28853,E,16.90,16.1,140625,,,A*6A
$GPVTG,16.1,T,,M,16.90,N,31.29,K,A*3C
$HEHDT,14.4,T*1E
$VWVHW,14.4,T,,M,17.14,N,31.75,K*48
$GPGGA,081954.00,5932.69837,N,02449.29179,E,1,12,1.1,13.5,M,21.0,M,,*5B
$GPRMC,081954.00,A,5932.69837,N,02449.29179,E,17.02,15.6,140625,,,A*6C
$GPVTG,15.6,T,,M,17.02,N,31.53,K,A*3F
$HEHDT,15.0,T*1B
$VWVHW,15.0,T,,M,17.06,N,31.59,K*40
$GPGGA,081955.00,5932.70262,N,02449.29422,E,1,12,1.1,13.7,M,21.0,M,,*51
$GPRMC,081955.00,A,5932.70262,N,02449.29422,E,17.08,16.2,140625,,,A*69
$GPVTG,16.2,T,,M,17.08,N,31.64,K,A*36
$HEHDT,14.8,T*12
$VWVHW,14.8,T,,M,17.04,N,31.57,K*45
$GPGSV,2,1,08,03,65,045,49,08,41,100,45,11,22,155,41,14,48,210,48*71
$GPGSV,2,2,08,17,66,267,50,22,21,315,41,28,10,355,37,31,58,125,47*76
$GAGSV,2,1,05,04,50,075,49,09,35,185,45,12,65,240,49,24,10,290,38*6E
$GAGSV,2,2,05,31,18,025,41*54
$GPZDA,081955.00,14,06,2025,00,00*60
$GPGGA,081956.00,5932.70776,N,02449.29568,E,1,12,1.1,14.5,M,21.0,M,,*58
$GPRMC,081956.00,A,5932.70776,N,02449.29568,E,16.93,15.9,140625,,,A*6E
$GPVTG,15.9,T,,M,16.93,N,31.36,K,A*3A
$HEHDT,14.6,T*1C
$VWVHW,14.6,T,,M,17.12,N,31.71,K*48
$GPGGA,081957.00,5932.71236,N,02449.29946,E,1,12,1.1,14.4,M,21.0,M,,*58
$GPRMC,081957.00,A,5932.71236,N,02449.29946,E,17.07,16.5,140625,,,A*6C
$GPVTG,16.5,T,,M,17.07,N,31.62,K,A*38
$HEHDT,15.2,T*19
$VWVHW,15.2,T,,M,17.07,N,31.62,K*4B
$GPGGA,081958.00,5932.71681,N,02449.30197,E,1,12,1.1,14.0,M,21.0,M,,*57
$GPRMC,081958.00,A,5932.71681,N,02449.30197,E,17.05,16.0,140625,,,A*60
$GPVTG,16.0,T,,M,17.05,N,31.57,K,A*39
$HEHDT,14.7,T*1D
$VWVHW,14.7,T,,M,17.13,N,31.72,K*4B
$GPGGA,081959.00,5932.72149,N,02449.30429,E,1,12,1.1,13.6,M,21.0,M,,*57
$GPRMC,081959.00,A,5932.72149,N,02449.30429,E,17.01,16.4,140625,,,A*61
$GPVTG,16.4,T,,M,17.01,N,31.50,K,A*3E
$HEHDT,15.0,T*1B
$VWVHW,15.0,T,,M,16.95,N,31.40,K*43
$GPGGA,082000.00,5932.72568,N,02449.30675,E,1,12,1.1,13.8,M,21.0,M,,*53
$GPRMC,082000.00,A,5932.72568,N,02449.30675,E,17.04,16.2,140625,,,A*68
$GPVTG,16.2,T,,M,17.04,N,31.57,K,A*3A
$HEHDT,15.1,T*1A
$VWVHW,15.1,T,,M,17.06,N,31.60,K*4B
$GPGSV,2,1,08,03,65,045,50,08,41,100,46,11,22,155,41,14,48,210,48*7A
$GPGSV,2,2,08,17,66,267,50,22,21,315,41,28,10,355,39,31,58,125,46*79
$GAGSV,2,1,05,04,50,075,50,09,35,185,44,12,65,240,47,24,10,290,39*68
$GAGSV,2,2,05,31,18,025,41*54
$GPZDA,082000.00,14,06,2025,00,00*6A
$GPGGA,082001.00,5932.73006,N,02449.31078,E,1,12,1.1,13.5,M,21.0,M,,*59
$GPRMC,082001.00,A,5932.73006,N,02449.31078,E,16.92,16.5,140625,,,A*66
$GPVTG,16.5,T,,M,16.92,N,31.34,K,A*36
$HEHDT,14.6,T*1C
$VWVHW,14.6,T,,M,17.13,N,31.73,K*4B
$GPGGA,082002.00,5932.73450,N,02449.31278,E,1,12,1.1,13.4,M,21.0,M,,*5E
$GPRMC,082002.00,A,5932.73450,N,02449.31278,E,17.00,16.2,140625,,,A*6D
$GPVTG,16.2,T,,M,17.00,N,31.49,K,A*31
$HEHDT,15.1,T*1A
$VWVHW,15.1,T,,M,17.07,N,31.61,K*4B
$GPGGA,082003.00,5932.73889,N,02449.31595,E,1,12,1.1,14.0,M,21.0,M,,*50
$GPRMC,082003.00,A,5932.73889,N,02449.31595,E,17.15,16.1,140625,,,A*67
$GPVTG,16.1,T,,M,17.15,N,31.77,K,A*3B
$HEHDT,14.7,T*1D
$VWVHW,14.7,T,,M,16.99,N,31.46,K*4F
$GPGGA,082004.00,5932.74310,N,02449.31903,E,1,12,1.1,14.7,M,21.0,M,,*5F
$GPRMC,082004.00,A,5932.74310,N,02449.31903,E,17.04,16.4,140625,,,A*6A
$GPVTG,16.4,T,,M,17.04,N,31.56,K,A*3D
$HEHDT,15.0,T*1B
$VWVHW,15.0,T,,M,17.06,N,31.59,K*40
$GPGGA,082005.00,5932.74804,N,02449.32074,E,1,12,1.1,14.2,M,21.0,M,,*5F
$GPRMC,082005.00,A,5932.74804,N,02449.32074,E,17.03,16.2,140625,,,A*6E
$GPVTG,16.2,T,,M,17.03,N,31.53,K,A*39
$HEHDT,14.8,T*12
$VWVHW,14.8,T,,M,17.10,N,31.66,K*42
$GPGSV,2,1,08,03,65,045,50,08,41,100,45,11,22,155,42,14,47,210,48*75
$GPGSV,2,2,08,17,66,267,50,22,21,315,41,28,10,355,39,31,58,125,47*78
$GAGSV,2,1,05,04,50,075,49,09,35,185,44,12,65,240,48,24,10,290,38*6E
$GAGSV,2,2,05,31,18,025,41*54
$GPZDA,082005.00,14,06,2025,00,00*6F
$GPGGA,082006.00,5932.75278,N,02449.32349,E,1,12,1.1,14.2,M,21.0,M,,*51
$GPRMC,082006.00,A,5932.75278,N,02449.32349,E,17.07,15.9,140625,,,A*6C
$GPVTG,15.9,T,,M,17.07,N,31.61,K,A*34
$HEHDT,14.7,T*1D
$VWVHW,14.7,T,,M,17.14,N,31.74,K*4A
$GPGGA,082007.00,5932.75721,N,02449.32596,E,1,12,1.1,13.9,M,21.0,M,,*51
$GPRMC,082007.00,A,5932.75721,N,02449.32596,E,17.04,16.4,140625,,,A*6D
$GPVTG,16.4,T,,M,17.04,N,31.56,K,A*3D
$HEHDT,14.8,T*12
$VWVHW,14.8,T,,M,17.21,N,31.88,K*40
$GPGGA,082008.00,5932.76210,N,02449.32853,E,1,12,1.1,14.0,M,21.0,M,,*50
$GPRMC,082008.00,A,5932.76210,N,02449.32853,E,17.12,15.9,140625,,,A*6B
$GPVTG,15.9,T,,M,17.12,N,31.70,K,A*30
$HEHDT,14.7,T*1D
$VWVHW,14.7,T,,M,17.07,N,31.61,K*4C
$GPGGA,082009.00,5932.76637,N,02449.33202,E,1,12,1.1,14.2,M,21.0,M,,*5D
$GPRMC,082009.00,A,5932.76637,N,02449.33202,E,16.99,16.3,140625,,,A*6F
$GPVTG,16.3,T,,M,16.99,N,31.47,K,A*3F
$HEHDT,14.7,T*1D
$VWVHW,14.7,T,,M,17.09,N,31.66,K*45
$GPGGA,082010.00,5932.77052,N,02449.33354,E,1,12,1.1,13.4,M,21.0,M,,*52
$GPRMC,082010.00,A,5932.77052,N,02449.33354,E,17.05,16.1,140625,,,A*67
$GPVTG,16.1,T,,M,17.05,N,31.58,K,A*37
$HEHDT,14.5,T*1F
$VWVHW,14.5,T,,M,17.20,N,31.86,K*42
$GPGSV,2,1,08,03,65,045,50,08,41,100,44,11,22,155,40,14,47,210,48*76
$GPGSV,2,2,08,17,66,267,49,22,21,315,41,28,10,355,39,31,58,125,47*70
$GAGSV,2,1,05,04,50,075,50,09,35,185,45,12,65,240,47,24,10,290,38*68
$GAGSV,2,2,05,31,18,025,41*54
$GPZDA,082010.00,14,06,2025,00,00*6B
$GPGGA,082011.00,5932.77526,N,02449.33677,E,1,12,1.1,13.8,M,21.0,M,,*5D
$GPRMC,082011.00,A,5932.77526,N,02449.33677,E,17.08,16.2,140625,,,A*6A
$GPVTG,16.2,T,,M,17.08,N,31.64,K,A*36
$HEHDT,14.9,T*13
$VWVHW,14.9,T,,M,17.08,N,31.64,K*48
$GPGGA,082012.00,5932.78006,N,02449.33848,E,1,12,1.1,13.8,M,21.0,M,,*54
$GPRMC,082012.00,A,5932.78006,N,02449.33848,E,16.96,16.2,140625,,,A*65
$GPVTG,16.2,T,,M,16.96,N,31.40,K,A*36
$HEHDT,14.7,T*1D
$VWVHW,14.7,T,,M,17.28,N,32.00,K*45
$GPGGA,082013.00,5932.78446,N,02449.34098,E,1,12,1.1,13.1,M,21.0,M,,*5E
$GPRMC,082013.00,A,5932.78446,N,02449.34098,E,17.07,16.3,140625,,,A*6E
$GPVTG,16.3,T,,M,17.07,N,31.62,K,A*3E
$HEHDT,14.5,T*1F
$VWVHW,14.5,T,,M,17.08,N,31.63,K*43
$GPGGA,082014.00,5932.78925,N,02449.34385,E,1,12,1.1,13.5,M,21.0,M,,*5A
$GPRMC,082014.00,A,5932.78925,N,02449.34385,E,17.01,15.9,140625,,,A*61
$GPVTG,15.9,T,,M,17.01,N,31.51,K,A*31
$HEHDT,14.3,T*19
$VWVHW,14.3,T,,M,17.08,N,31.64,K*42
$GPGGA,082015.00,5932.79338,N,02449.34637,E,1,12,1.1,13.1,M,21.0,M,,*54
$GPRMC,082015.00,A,5932.79338,N,02449.34637,E,16.91,16.2,140625,,,A*6B
$GPVTG,16.2,T,,M,16.91,N,31.32,K,A*34
$HEHDT,14.5,T*1F
$VWVHW,14.5,T,,M,17.16,N,31.79,K*47
$GPGSV,2,1,08,03,65,045,49,08,41,100,45,11,22,155,40,14,47,210,49*7E
$GPGSV,2,2,08,17,66,267,49,22,21,315,42,28,10,355,39,31,58,125,47*73
$GAGSV,2,1,05,04,50,075,49,09,35,185,44,12,65,240,47,24,10,290,38*61
$GAGSV,2,2,05,31,18,025,41*54
$GPZDA,082015.00,14,06,2025,00,00*6E
$GPGGA,082016.00,5932.79865,N,02449.34865,E,1,12,1.1,13.5,M,21.0,M,,*59
$GPRMC,082016.00,A,5932.79865,N,02449.34865,E,17.15,16.2,140625,,,A*6F
$GPVTG,16.2,T,,M,17.15,N,31.76,K,A*39
$HEHDT,14.6,T*1C
$VWVHW,14.6,T,,M,17.07,N,31.62,K*4E
$GPGGA,082017.00,5932.80298,N,02449.35140,E,1,12,1.1,13.4,M,21.0,M,,*58
$GPRMC,082017.00,A,5932.80298,N,02449.35140,E,17.16,16.1,140625,,,A*6F
$GPVTG,16.1,T,,M,17.16,N,31.79,K,A*36
$HEHDT,14.6,T*1C
$VWVHW,14.6,T,,M,17.36,N,32.14,K*4E
$GPGGA,082018.00,5932.80710,N,02449.35448,E,1,12,1.1,13.9,M,21.0,M,,*52
$GPRMC,082018.00,A,5932.80710,N,02449.35448,E,17.10,16.3,140625,,,A*6C
$GPVTG,16.3,T,,M,17.10,N,31.66,K,A*3C
$HEHDT,15.1,T*1A
$VWVHW,15.1,T,,M,17.29,N,32.02,K*41
$GPGGA,082019.00,5932.81191,N,02449.35692,E,1,12,1.1,13.4,M,21.0,M,,*55
$GPRMC,082019.00,A,5932.81191,N,02449.35692,E,17.06,15.8,140625,,,A*69
$GPVTG,15.8,T,,M,17.06,N,31.60,K,A*35
$HEHDT,14.8,T*12
$VWVHW,14.8,T,,M,17.04,N,31.56,K*44
$GPGGA,082020.00,5932.81606,N,02449.35977,E,1,12,1.1,13.6,M,21.0,M,,*50
$GPRMC,082020.00,A,5932.81606,N,02449.35977,E,17.07,16.0,140625,,,A*64
$GPVTG,16.0,T,,M,17.07,N,31.61,K,A*3E
$HEHDT,15.0,T*1B
$VWVHW,15.0,T,,M,17.24,N,31.94,K*41
$GPGSV,2,1,08,03,65,045,50,08,41,100,45,11,22,155,41,14,47,210,49*77
$GPGSV,2,2,08,17,66,267,49,22,21,315,40,28,10,355,39,31,58,125,48*7E
$GAGSV,2,1,05,04,50,075,49,09,35,185,45,12,65,240,48,24,10,290,39*6E
$GAGSV,2,2,05,31,18,025,42*57
$GPZDA,082020.00,14,06,2025,00,00*68
$GPGGA,082021.00,5932.82109,N,02449.36232,E,1,12,1.1,13.5,M,21.0,M,,*50
$GPRMC,082021.00,A,5932.82109,N,02449.36232,E,17.19,16.1,140625,,,A*69
$GPVTG,16.1,T,,M,17.19,N,31.83,K,A*3C
$HEHDT,14.9,T*13
$VWVHW,14.9,T,,M,17.16,N,31.79,K*4B
$GPGGA,082022.00,5932.82521,N,02449.36474,E,1,12,1.1,14.0,M,21.0,M,,*5B
$GPRMC,082022.00,A,5932.82521,N,02449.36474,E,17.14,16.6,140625,,,A*6A
$GPVTG,16.6,T,,M,17.14,N,31.74,K,A*3E
$HEHDT,14.3,T*19
$VWVHW,14.3,T,,M,17.22,N,31.89,K*49
$GPGGA,082023.00,5932.82982,N,02449.36698,E,1,12,1.1,14.1,M,21.0,M,,*5E
$GPRMC,082023.00,A,5932.82982,N,02449.36698,E,17.01,16.3,140625,,,A*6F
$GPVTG,16.3,T,,M,17.01,N,31.50,K,A*39
$HEHDT,14.9,T*13
$VWVHW,14.9,T,,M,17.08,N,31.62,K*4E
$GPGGA,082024.00,5932.83406,N,02449.36948,E,1,12,1.1,15.5,M,21.0,M,,*5E
$GPRMC,082024.00,A,5932.83406,N,02449.36948,E,17.11,16.1,140625,,,A*69
$GPVTG,16.1,T,,M,17.11,N,31.69,K,A*30
$HEHDT,14.7,T*1D
$VWVHW,14.7,T,,M,17.13,N,31.73,K*4A
$GPGGA,082025.00,5932.83886,N,02449.37286,E,1,12,1.1,14.7,M,21.0,M,,*50
$GPRMC,082025.00,A,5932.83886,N,02449.37286,E,17.18,16.2,140625,,,A*6E
$GPVTG,16.2,T,,M,17.18,N,31.83,K,A*3E
$HEHDT,15.0,T*1B
$VWVHW,15.0,T,,M,17.13,N,31.72,K*4D
$GPGSV,2,1,08,03,65,045,50,08,41,100,45,11,22,155,42,14,47,210,48*75
$GPGSV,2,2,08,17,66,267,49,22,21,315,41,28,10,355,39,31,58,125,47*70
$GAGSV,2,1,05,04,50,075,50,09,35,185,45,12,65,240,49,24,10,290,39*67
$GAGSV,2,2,05,31,18,025,41*54
$GPZDA,082025.00,14,06,2025,00,00*6D
$GPGGA,082026.00,5932.84340,N,02449.37593,E,1,12,1.1,14.8,M,21.0,M,,*59
$GPRMC,082026.00,A,5932.84340,N,02449.37593,E,17.06,16.7,140625,,,A*62
$GPVTG,16.7,T,,M,17.06,N,31.59,K,A*33
$HEHDT,14.7,T*1D
$VWVHW,14.7,T,,M,17.18,N,31.81,K*4C
$GPGGA,082027.00,5932.84803,N,02449.37733,E,1,12,1.1,14.7,M,21.0,M,,*53
$GPRMC,082027.00,A,5932.84803,N,02449.37733,E,17.08,16.3,140625,,,A*6D
$GPVTG,16.3,T,,M,17.08,N,31.64,K,A*37
$HEHDT,14.5,T*1F
$VWVHW,14.5,T,,M,17.24,N,31.92,K*43
$GPGGA,082028.00,5932.85262,N,02449.37966,E,1,12,1.1,14.6,M,21.0,M,,*5F
$GPRMC,082028.00,A,5932.85262,N,02449.37966,E,16.94,16.2,140625,,,A*65
$GPVTG,16.2,T,,M,16.94,N,31.37,K,A*34
$HEHDT,14.8,T*12
$VWVHW,14.8,T,,M,17.25,N,31.94,K*49
$GPGGA,082029.00,5932.85696,N,02449.38240,E,1,12,1.1,14.8,M,21.0,M,,*5F
$GPRMC,082029.00,A,5932.85696,N,02449.38240,E,17.30,16.3,140625,,,A*65
$GPVTG,16.3,T,,M,17.30,N,32.04,K,A*39
$HEHDT,14.1,T*1B
$VWVHW,14.1,T,,M,17.25,N,31.95,K*41
$GPGGA,082030.00,5932.86140,N,02449.38514,E,1,12,1.1,14.7,M,21.0,M,,*51
$GPRMC,082030.00,A,5932.86140,N,02449.38514,E,17.07,16.4,140625,,,A*67
$GPVTG,16.4,T,,M,17.07,N,31.62,K,A*39
$HEHDT,14.8,T*12
$VWVHW,14.8,T,,M,17.25,N,31.94,K*49
$GPGSV,2,1,08,03,65,045,50,08,41,100,45,11,22,155,41,14,47,210,48*76
$GPGSV,2,2,08,17,66,267,50,22,21,315,41,28,10,355,39,31,58,125,48*77
$GAGSV,2,1,05,04,50,075,48,09,35,185,46,12,65,240,48,24,10,290,38*6D
$GAGSV,2,2,05,31,18,025,41*54
$GPZDA,082030.00,14,06,2025,00,00*69
$GPGGA,082031.00,5932.86628,N,02449.38733,E,1,12,1.1,14.4,M,21.0,M,,*5D
$GPRMC,082031.00,A,5932.86628,N,02449.38733,E,17.15,16.8,140625,,,A*67
$GPVTG,16.8,T,,M,17.15,N,31.76,K,A*33
$HEHDT,14.8,T*12
$VWVHW,14.8,T,,M,17.11,N,31.69,K*4C
$GPGGA,082032.00,5932.87087,N,02449.39037,E,1,12,1.1,14.3,M,21.0,M,,*59
$GPRMC,082032.00,A,5932.87087,N,02449.39037,E,17.19,16.1,140625,,,A*61
$GPVTG,16.1,T,,M,17.19,N,31.83,K,A*3C
$HEHDT,15.2,T*19
$VWVHW,15.2,T,,M,17.15,N,31.75,K*4E
$GPGGA,082033.00,5932.87509,N,02449.39260,E,1,12,1.1,14.8,M,21.0,M,,*50
$GPRMC,082033.00,A,5932.87509,N,02449.39260,E,17.13,15.9,140625,,,A*62
$GPVTG,15.9,T,,M,17.13,N,31.72,K,A*33
$HEHDT,14.6,T*1C
$VWVHW,14.6,T,,M,17.20,N,31.86,K*41
$GPGGA,082034.00,5932.87954,N,02449.39601,E,1,12,1.1,14.5,M,21.0,M,,*5D
$GPRMC,082034.00,A,5932.87954,N,02449.39601,E,17.07,16.3,140625,,,A*6E
$GPVTG,16.3,T,,M,17.07,N,31.61,K,A*3D
$HEHDT,14.9,T*13
$VWVHW,14.9,T,,M,17.14,N,31.74,K*44
$GPGGA,082035.00,5932.88402,N,02449.39828,E,1,12,1.1,14.3,M,21.0,M,,*5E
$GPRMC,082035.00,A,5932.88402,N,02449.39828,E,17.17,15.8,140625,,,A*62
$GPVTG,15.8,T,,M,17.17,N,31.80,K,A*3B
$HEHDT,15.0,T*1B
$VWVHW,15.0,T,,M,17.19,N,31.83,K*49
$GPGSV,2,1,08,03,65,045,49,08,41,100,44,11,22,155,40,14,47,210,47*71
$GPGSV,2,2,08,17,66,267,49,22,21,315,41,28,10,355,39,31,58,125,48*7F
$GAGSV,2,1,05,04,50,075,48,09,35,185,45,12,65,240,49,24,10,290,38*6F
$GAGSV,2,2,05,31,18,025,42*57
$GPZDA,082035.00,14,06,2025,00,00*6C
$GPGGA,082036.00,5932.88848,N,02449.40124,E,1,12,1.1,14.1,M,21.0,M,,*56
$GPRMC,082036.00,A,5932.88848,N,02449.40124,E,17.28,16.3,140625,,,A*6C
$GPVTG,16.3,T,,M,17.28,N,32.00,K,A*34
$HEHDT,15.0,T*1B
$VWVHW,15.0,T,,M,17.29,N,32.02,K*40
$GPGGA,082037.00,5932.89307,N,02449.40376,E,1,12,1.1,14.2,M,21.0,M,,*50
$GPRMC,082037.00,A,5932.89307,N,02449.40376,E,17.18,16.8,140625,,,A*61
$GPVTG,16.8,T,,M,17.18,N,31.81,K,A*36
$HEHDT,15.0,T*1B
$VWVHW,15.0,T,,M,17.19,N,31.84,K*4E
$GPGGA,082038.00,5932.89776,N,02449.40681,E,1,12,1.1,14.4,M,21.0,M,,*56
$GPRMC,082038.00,A,5932.89776,N,02449.40681,E,17.18,16.2,140625,,,A*6B
$GPVTG,16.2,T,,M,17.18,N,31.81,K,A*3C
$HEHDT,14.8,T*12
$VWVHW,14.8,T,,M,17.20,N,31.86,K*4F
$GPGGA,082039.00,5932.90208,N,02449.40910,E,1,12,1.1,14.0,M,21.0,M,,*50
$GPRMC,082039.00,A,5932.90208,N,02449.40910,E,17.09,16.4,140625,,,A*6F
$GPVTG,16.4,T,,M,17.09,N,31.65,K,A*30
$HEHDT,15.0,T*1B
$VWVHW,15.0,T,,M,17.11,N,31.69,K*45
$GPGGA,082040.00,5932.90719,N,02449.41259,E,1,12,1.1,13.9,M,21.0,M,,*52
$GPRMC,082040.00,A,5932.90719,N,02449.41259,E,17.09,15.6,140625,,,A*62
$GPVTG,15.6,T,,M,17.09,N,31.66,K,A*32
$HEHDT,14.6,T*1C
$VWVHW,14.6,T,,M,17.26,N,31.97,K*47
$GPGSV,2,1,08,03,65,045,49,08,41,100,44,11,22,155,42,14,47,210,48*7C
$GPGSV,2,2,08,17,66,267,50,22,21,315,41,28,10,355,39,31,58,125,48*77
$GAGSV,2,1,05,04,50,075,48,09,35,185,44,12,65,240,49,24,10,290,37*61
$GAGSV,2,2,05,31,18,025,41*54
$GPZDA,082040.00,14,06,2025,00,00*6E
$GPGGA,082041.00,5932.91125,N,02449.41447,E,1,12,1.1,13.9,M,21.0,M,,*52
$GPRMC,082041.00,A,5932.91125,N,02449.41447,E,17.24,15.8,140625,,,A*63
$GPVTG,15.8,T,,M,17.24,N,31.93,K,A*39
$HEHDT,14.9,T*13
$VWVHW,14.9,T,,M,17.15,N,31.76,K*47
$GPGGA,082042.00,5932.91584,N,02449.41702,E,1,12,1.1,14.4,M,21.0,M,,*56
$GPRMC,082042.00,A,5932.91584,N,02449.41702,E,17.07,16.4,140625,,,A*63
$GPVTG,16.4,T,,M,17.07,N,31.61,K,A*3A
$HEHDT,14.9,T*13
$VWVHW,14.9,T,,M,17.22,N,31.89,K*43
$GPGGA,082043.00,5932.92061,N,02449.42014,E,1,12,1.1,14.8,M,21.0,M,,*55
$GPRMC,082043.00,A,5932.92061,N,02449.42014,E,17.28,16.4,140625,,,A*61
$GPVTG,16.4,T,,M,17.28,N,32.00,K,A*33
$HEHDT,14.4,T*1E
$VWVHW,14.4,T,,M,17.21,N,31.88,K*4C
$GPGGA,082044.00,5932.92508,N,02449.42244,E,1,12,1.1,14.7,M,21.0,M,,*50
$GPRMC,082044.00,A,5932.92508,N,02449.42244,E,17.13,16.1,140625,,,A*66
$GPVTG,16.1,T,,M,17.13,N,31.72,K,A*38
$HEHDT,14.7,T*1D
$VWVHW,14.7,T,,M,17.27,N,31.98,K*48
$GPGGA,082045.00,5932.92957,N,02449.42457,E,1,12,1.1,14.6,M,21.0,M,,*52
$GPRMC,082045.00,A,5932.92957,N,02449.42457,E,17.13,16.0,140625,,,A*64
$GPVTG,16.0,T,,M,17.13,N,31.72,K,A*39
$HEHDT,14.6,T*1C
$VWVHW,14.6,T,,M,17.32,N,32.08,K*47
$GPGSV,2,1,08,03,65,045,50,08,41,100,44,11,22,155,42,14,47,210,47*7B
$GPGSV,2,2,08,17,66,267,49,22,21,315,42,28,10,355,39,31,58,125,48*7C
$GAGSV,2,1,05,04,50,075,47,09,35,185,44,12,65,240,49,24,10,290,38*61
$GAGSV,2,2,05,31,18,025,41*54
$GPZDA,082045.00,14,06,2025,00,00*6B
$GPGGA,082046.00,5932.93416,N,02449.42763,E,1,12,1.1,14.2,M,21.0,M,,*58
$GPRMC,082046.00,A,5932.93416,N,02449.42763,E,17.23,15.6,140625,,,A*6C
$GPVTG,15.6,T,,M,17.23,N,31.90,K,A*33
$HEHDT,14.8,T*12
$VWVHW,14.8,T,,M,17.18,N,31.82,K*40
$GPGGA,082047.00,5932.93876,N,02449.43001,E,1,12,1.1,14.6,M,21.0,M,,*55
$GPRMC,082047.00,A,5932.93876,N,02449.43001,E,17.14,16.5,140625,,,A*61
$GPVTG,16.5,T,,M,17.14,N,31.75,K,A*3C
$HEHDT,15.2,T*19
$VWVHW,15.2,T,,M,17.36,N,32.15,K*4A
$GPGGA,082048.00,5932.94308,N,02449.43277,E,1,12,1.1,14.6,M,21.0,M,,*5C
$GPRMC,082048.00,A,5932.94308,N,02449.43277,E,17.06,16.2,140625,,,A*6C
$GPVTG,16.2,T,,M,17.06,N,31.59,K,A*36
$HEHDT,14.7,T*1D
$VWVHW,14.7,T,,M,17.22,N,31.88,K*4C
$GPGGA,082049.00,5932.94757,N,02449.43502,E,1,12,1.1,14.4,M,21.0,M,,*54
$GPRMC,082049.00,A,5932.94757,N,02449.43502,E,17.16,16.3,140625,,,A*66
$GPVTG,16.3,T,,M,17.16,N,31.78,K,A*35
$HEHDT,14.5,T*1F
$VWVHW,14.5,T,,M,17.34,N,32.12,K*49
$GPGGA,082050.00,5932.95213,N,02449.43834,E,1,12,1.1,14.4,M,21.0,M,,*50
$GPRMC,082050.00,A,5932.95213,N,02449.43834,E,17.17,16.3,140625,,,A*63
$GPVTG,16.3,T,,M,17.17,N,31.80,K,A*33
$HEHDT,14.8,T*12
$VWVHW,14.8,T,,M,17.43,N,32.28,K*4D
$GPGSV,2,1,08,03,65,045,49,08,41,100,45,11,22,155,41,14,47,210,47*71
$GPGSV,2,2,08,17,66,267,49,22,21,315,42,28,10,355,40,31,58,125,48*72
$GAGSV,2,1,05,04,50,075,47,09,35,185,44,12,65,240,50,24,10,290,37*66
$GAGSV,2,2,05,31,18,025,41*54
$GPZDA,082050.00,14,06,2025,00,00*6F
$GPGGA,082051.00,5932.95675,N,02449.44019,E,1,12,1.1,14.7,M,21.0,M,,*56
$GPRMC,082051.00,A,5932.95675,N,02449.44019,E,17.23,16.0,140625,,,A*62
$GPVTG,16.0,T,,M,17.23,N,31.90,K,A*36
$HEHDT,15.2,T*19
$VWVHW,15.2,T,,M,17.33,N,32.09,K*42
$GPGGA,082052.00,5932.96175,N,02449.44319,E,1,12,1.1,14.2,M,21.0,M,,*57
$GPRMC,082052.00,A,5932.96175,N,02449.44319,E,17.13,15.8,140625,,,A*6E
$GPVTG,15.8,T,,M,17.13,N,31.73,K,A*33
$HEHDT,14.6,T*1C
$VWVHW,14.6,T,,M,17.31,N,32.06,K*4A
$GPGGA,082053.00,5932.96580,N,02449.44471,E,1,12,1.1,14.8,M,21.0,M,,*5B
$GPRMC,082053.00,A,5932.96580,N,02449.44471,E,17.19,15.9,140625,,,A*63
$GPVTG,15.9,T,,M,17.19,N,31.84,K,A*30
$HEHDT,14.7,T*1D
$VWVHW,14.7,T,,M,17.20,N,31.85,K*43
$GPGGA,082054.00,5932.97076,N,02449.44740,E,1,12,1.1,14.6,M,21.0,M,,*5E
$GPRMC,082054.00,A,5932.97076,N,02449.44740,E,17.11,16.2,140625,,,A*68
$GPVTG,16.2,T,,M,17.11,N,31.69,K,A*33
$HEHDT,15.2,T*19
$VWVHW,15.2,T,,M,17.37,N,32.17,K*49
$GPGGA,082055.00,5932.97558,N,02449.45108,E,1,12,1.1,14.6,M,21.0,M,,*5D
$GPRMC,082055.00,A,5932.97558,N,02449.45108,E,17.16,16.1,140625,,,A*6F
$GPVTG,16.1,T,,M,17.16,N,31.78,K,A*37
$HEHDT,14.7,T*1D
$VWVHW,14.7,T,,M,17.21,N,31.88,K*4F
$GPGSV,2,1,08,03,65,045,48,08,41,100,45,11,22,155,42,14,47,210,47*73
$GPGSV,2,2,08,17,66,267,48,22,21,315,41,28,10,355,39,31,58,125,48*7E
$GAGSV,2,1,05,04,50,075,47,09,35,185,44,12,65,240,50,24,10,290,38*69
$GAGSV,2,2,05,31,18,025,40*55
$GPZDA,082055.00,14,06,2025,00,00*6A
$GPGGA,082056.00,5932.97993,N,02449.45319,E,1,12,1.1,14.7,M,21.0,M,,*56
$GPRMC,082056.00,A,5932.97993,N,02449.45319,E,17.28,16.2,140625,,,A*6B
$GPVTG,16.2,T,,M,17.28,N,32.00,K,A*35
$HEHDT,14.5,T*1F
$VWVHW,14.5,T,,M,17.24,N,31.92,K*43
$GPGGA,082057.00,5932.98430,N,02449.45621,E,1,12,1.1,15.5,M,21.0,M,,*51
$GPRMC,082057.00,A,5932.98430,N,02449.45621,E,17.24,16.3,140625,,,A*62
$GPVTG,16.3,T,,M,17.24,N,31.93,K,A*31
$HEHDT,15.1,T*1A
$VWVHW,15.1,T,,M,17.28,N,32.01,K*43
$GPGGA,082058.00,5932.98885,N,02449.45833,E,1,12,1.1,14.8,M,21.0,M,,*5D
$GPRMC,082058.00,A,5932.98885,N,02449.45833,E,17.04,15.8,140625,,,A*68
$GPVTG,15.8,T,,M,17.04,N,31.57,K,A*33
$HEHDT,14.2,T*18
$VWVHW,14.2,T,,M,17.25,N,31.95,K*42
$GPGGA,082059.00,5932.99338,N,02449.46062,E,1,12,1.1,15.5,M,21.0,M,,*53
$GPRMC,082059.00,A,5932.99338,N,02449.46062,E,17.29,16.4,140625,,,A*6A
$GPVTG,16.4,T,,M,17.29,N,32.02,K,A*30
$HEHDT,14.9,T*13
$VWVHW,14.9,T,,M,17.42,N,32.26,K*43
$GPGGA,082100.00,5932.99821,N,02449.46339,E,1,12,1.1,14.7,M,21.0,M,,*53
$GPRMC,082100.00,A,5932.99821,N,02449.46339,E,17.22,15.8,140625,,,A*6D
$GPVTG,15.8,T,,M,17.22,N,31.89,K,A*34
$HEHDT,14.9,T*13
$VWVHW,14.9,T,,M,17.26,N,31.96,K*49
$GPGSV,2,1,08,03,65,045,49,08,41,100,45,11,22,155,42,14,47,210,48*7D
$GPGSV,2,2,08,17,66,267,49,22,21,315,41,28,10,355,39,31,58,125,49*7E
$GAGSV,2,1,05,04,50,075,48,09,35,185,45,12,65,240,50,24,10,290,37*68
$GAGSV,2,2,05,31,18,025,40*55
$GPZDA,082100.00,14,06,2025,00,00*6B
$GPGGA,082101.00,5933.00244,N,02449.46622,E,1,12,1.1,14.9,M,21.0,M,,*5B
$GPRMC,082101.00,A,5933.00244,N,02449.46622,E,17.12,16.4,140625,,,A*67
$GPVTG,16.4,T,,M,17.12,N,31.70,K,A*3E
$HEHDT,14.6,T*1C
$VWVHW,14.6,T,,M,17.24,N,31.93,K*41
$GPGGA,082102.00,5933.00713,N,02449.46832,E,1,12,1.1,14.7,M,21.0,M,,*5E
$GPRMC,082102.00,A,5933.00713,N,02449.46832,E,17.14,15.9,140625,,,A*64
$GPVTG,15.9,T,,M,17.14,N,31.74,K,A*32
$HEHDT,14.8,T*12
$VWVHW,14.8,T,,M,17.43,N,32.28,K*4D
$GPGGA,082103.00,5933.01215,N,02449.47103,E,1,12,1.1,15.2,M,21.0,M,,*53
$GPRMC,082103.00,A,5933.01215,N,02449.47103,E,17.27,16.1,140625,,,A*66
$GPVTG,16.1,T,,M,17.27,N,31.99,K,A*3A
$HEHDT,15.0,T*1B
$VWVHW,15.0,T,,M,17.43,N,32.27,K*4B
$GPGGA,082104.00,5933.01631,N,02449.47323,E,1,12,1.1,14.9,M,21.0,M,,*5C
$GPRMC,082104.00,A,5933.01631,N,02449.47323,E,17.20,16.5,140625,,,A*60
$GPVTG,16.5,T,,M,17.20,N,31.86,K,A*37
$HEHDT,14.6,T*1C
$VWVHW,14.6,T,,M,17.33,N,32.09,K*47
$GPGGA,082105.00,5933.02117,N,02449.47680,E,1,12,1.1,15.0,M,21.0,M,,*59
$GPRMC,082105.00,A,5933.02117,N,02449.47680,E,17.18,16.0,140625,,,A*63
$GPVTG,16.0,T,,M,17.18,N,31.82,K,A*3D
$HEHDT,14.8,T*12
$VWVHW,14.8,T,,M,17.35,N,32.13,K*44
$GPGSV,2,1,08,03,65,045,48,08,41,100,45,11,22,155,43,14,47,210,47*72
$GPGSV,2,2,08,17,66,267,49,22,21,315,43,28,10,355,39,31,58,125,47*72
$GAGSV,2,1,05,04,50,075,47,09,35,185,45,12,65,240,48,24,10,290,36*6F
$GAGSV,2,2,05,31,18,025,41*54
$GPZDA,082105.00,14,06,2025,00,00*6E
$GPGGA,082106.00,5933.02565,N,02449.47851,E,1,12,1.1,14.9,M,21.0,M,,*51
$GPRMC,082106.00,A,5933.02565,N,02449.47851,E,17.24,16.4,140625,,,A*68
$GPVTG,16.4,T,,M,17.24,N,31.92,K,A*37
$HEHDT,15.0,T*1B
$VWVHW,15.0,T,,M,17.30,N,32.05,K*4F
$GPGGA,082107.00,5933.03029,N,02449.48082,E,1,12,1.1,15.4,M,21.0,M,,*59
$GPRMC,082107.00,A,5933.03029,N,02449.48082,E,17.15,16.0,140625,,,A*6A
$GPVTG,16.0,T,,M,17.15,N,31.76,K,A*3B
$HEHDT,15.3,T*18
$VWVHW,15.3,T,,M,17.27,N,31.99,K*4C
$GPGGA,082108.00,5933.03567,N,02449.48392,E,1,12,1.1,15.4,M,21.0,M,,*5B
$GPRMC,082108.00,A,5933.03567,N,02449.48392,E,17.19,16.5,140625,,,A*61
$GPVTG,16.5,T,,M,17.19,N,31.83,K,A*38
$HEHDT,14.9,T*13
$VWVHW,14.9,T,,M,17.32,N,32.08,K*48
$GPGGA,082109.00,5933.03961,N,02449.48677,E,1,12,1.1,15.0,M,21.0,M,,*5A
$GPRMC,082109.00,A,5933.03961,N,02449.48677,E,17.24,16.6,140625,,,A*69
$GPVTG,16.6,T,,M,17.24,N,31.92,K,A*35
$HEHDT,14.9,T*13
$VWVHW,14.9,T,,M,17.24,N,31.94,K*49
$GPGGA,082110.00,5933.04441,N,02449.48916,E,1,12,1.1,14.9,M,21.0,M,,*5A
$GPRMC,082110.00,A,5933.04441,N,02449.48916,E,17.24,16.1,140625,,,A*66
$GPVTG,16.1,T,,M,17.24,N,31.93,K,A*33
$HEHDT,14.7,T*1D
$VWVHW,14.7,T,,M,17.44,N,32.30,K*4C
$GPGSV,2,1,08,03,65,045,49,08,41,100,44,11,22,155,42,14,47,210,46*72
$GPGSV,2,2,08,17,66,267,47,22,21,315,41,28,10,355,39,31,58,125,48*71
$GAGSV,2,1,05,04,50,075,47,09,35,185,44,12,65,240,50,24,10,290,37*66
$GAGSV,2,2,05,31,18,025,42*57
$GPZDA,082110.00,14,06,2025,00,00*6A
$GPGGA,082111.00,5933.04857,N,02449.49190,E,1,12,1.1,15.0,M,21.0,M,,*5F
$GPRMC,082111.00,A,5933.04857,N,02449.49190,E,17.33,16.4,140625,,,A*68
$GPVTG,16.4,T,,M,17.33,N,32.10,K,A*38
$HEHDT,15.0,T*1B
$VWVHW,15.0,T,,M,17.21,N,31.88,K*49
$GPGGA,082112.00,5933.05357,N,02449.49401,E,1,12,1.1,15.2,M,21.0,M,,*59
$GPRMC,082112.00,A,5933.05357,N,02449.49401,E,17.23,16.1,140625,,,A*68
$GPVTG,16.1,T,,M,17.23,N,31.90,K,A*37
$HEHDT,14.9,T*13
$VWVHW,14.9,T,,M,17.22,N,31.89,K*43
$GPGGA,082113.00,5933.05786,N,02449.49693,E,1,12,1.1,15.0,M,21.0,M,,*5B
$GPRMC,082113.00,A,5933.05786,N,02449.49693,E,17.25,15.9,140625,,,A*65
$GPVTG,15.9,T,,M,17.25,N,31.96,K,A*3C
$HEHDT,14.7,T*1D
$VWVHW,14.7,T,,M,17.20,N,31.85,K*43
$GPGGA,082114.00,5933.06301,N,02449.49985,E,1,12,1.1,15.4,M,21.0,M,,*58
$GPRMC,082114.00,A,5933.06301,N,02449.49985,E,17.09,16.2,140625,,,A*64
$GPVTG,16.2,T,,M,17.09,N,31.66,K,A*35
$HEHDT,14.6,T*1C
$VWVHW,14.6,T,,M,17.19,N,31.84,K*49
$GPGGA,082115.00,5933.06765,N,02449.50271,E,1,12,1.1,15.2,M,21.0,M,,*51
$GPRMC,082115.00,A,5933.06765,N,02449.50271,E,17.26,16.3,140625,,,A*67
$GPVTG,16.3,T,,M,17.26,N,31.96,K,A*36
$HEHDT,15.1,T*1A
$VWVHW,15.1,T,,M,17.33,N,32.09,K*41
$GPGSV,2,1,08,03,65,045,49,08,41,100,45,11,22,155,42,14,47,210,46*73
$GPGSV,2,2,08,17,66,267,48,22,21,315,41,28,10,355,39,31,58,125,49*7F
$GAGSV,2,1,05,04,50,075,47,09,35,185,46,12,65,240,49,24,10,290,38*63
$GAGSV,2,2,05,31,18,025,42*57
$GPZDA,082115.00,14,06,2025,00,00*6F
$GPGGA,082116.00,5933.07214,N,02449.50579,E,1,12,1.1,15.5,M,21.0,M,,*58
$GPRMC,082116.00,A,5933.07214,N,02449.50579,E,17.31,16.4,140625,,,A*68
$GPVTG,16.4,T,,M,17.31,N,32.06,K,A*3D
$HEHDT,15.0,T*1B
$VWVHW,15.0,T,,M,17.32,N,32.08,K*40
$GPGGA,082117.00,5933.07655,N,02449.50736,E,1,12,1.1,15.0,M,21.0,M,,*54
$GPRMC,082117.00,A,5933.07655,N,02449.50736,E,17.15,15.9,140625,,,A*69
$GPVTG,15.9,T,,M,17.15,N,31.77,K,A*30
$HEHDT,14.4,T*1E
$VWVHW,14.4,T,,M,17.22,N,31.89,K*4E
$GPGGA,082118.00,5933.08120,N,02449.51082,E,1,12,1.1,15.2,M,21.0,M,,*5A
$GPRMC,082118.00,A,5933.08120,N,02449.51082,E,17.26,16.0,140625,,,A*6F
$GPVTG,16.0,T,,M,17.26,N,31.96,K,A*35
$HEHDT,14.0,T*1A
$VWVHW,14.0,T,,M,17.25,N,31.95,K*40
$GPGGA,082119.00,5933.08561,N,02449.51315,E,1,12,1.1,15.5,M,21.0,M,,*50
$GPRMC,082119.00,A,5933.08561,N,02449.51315,E,17.18,16.2,140625,,,A*6D
$GPVTG,16.2,T,,M,17.18,N,31.83,K,A*3E
$HEHDT,15.1,T*1A
$VWVHW,15.1,T,,M,17.24,N,31.93,K*47
$GPGGA,082120.00,5933.09072,N,02449.51590,E,1,12,1.1,16.0,M,21.0,M,,*51
$GPRMC,082120.00,A,5933.09072,N,02449.51590,E,17.23,16.2,140625,,,A*62
$GPVTG,16.2,T,,M,17.23,N,31.91,K,A*35
$HEHDT,14.8,T*12
$VWVHW,14.8,T,,M,17.30,N,32.05,K*46
$GPGSV,2,1,08,03,65,045,49,08,41,100,44,11,22,155,42,14,47,210,47*73
$GPGSV,2,2,08,17,66,267,49,22,21,315,41,28,10,355,39,31,58,125,48*7F
$GAGSV,2,1,05,04,50,075,47,09,35,185,45,12,65,240,50,24,10,290,37*67
$GAGSV,2,2,05,31,18,025,42*57
$GPZDA,082120.00,14,06,2025,00,00*69
$GPGGA,082121.00,5933.09540,N,02449.51851,E,1,12,1.1,15.4,M,21.0,M,,*53
$GPRMC,082121.00,A,5933.09540,N,02449.51851,E,17.32,16.0,140625,,,A*65
$GPVTG,16.0,T,,M,17.32,N,32.07,K,A*3B
$HEHDT,14.6,T*1C
$VWVHW,14.6,T,,M,17.34,N,32.11,K*49
$GPGGA,082122.00,5933.09958,N,02449.52066,E,1,12,1.1,15.7,M,21.0,M,,*59
$GPRMC,082122.00,A,5933.09958,N,02449.52066,E,17.13,16.3,140625,,,A*6C
$GPVTG,16.3,T,,M,17.13,N,31.73,K,A*3B
$HEHDT,14.8,T*12
$VWVHW,14.8,T,,M,17.33,N,32.10,K*41
$GPGGA,082123.00,5933.10406,N,02449.52335,E,1,12,1.1,15.4,M,21.0,M,,*50
$GPRMC,082123.00,A,5933.10406,N,02449.52335,E,17.22,15.7,140625,,,A*63
$GPVTG,15.7,T,,M,17.22,N,31.89,K,A*3B
$HEHDT,14.9,T*13
$VWVHW,14.9,T,,M,17.30,N,32.04,K*46
$GPGGA,082124.00,5933.10839,N,02449.52642,E,1,12,1.1,15.8,M,21.0,M,,*5E
$GPRMC,082124.00,A,5933.10839,N,02449.52642,E,17.26,15.5,140625,,,A*67
$GPVTG,15.5,T,,M,17.26,N,31.96,K,A*33
$HEHDT,14.7,T*1D
$VWVHW,14.7,T,,M,17.32,N,32.07,K*49
$GPGGA,082125.00,5933.11334,N,02449.52807,E,1,12,1.1,16.0,M,21.0,M,,*5C
$GPRMC,082125.00,A,5933.11334,N,02449.52807,E,17.25,16.2,140625,,,A*69
$GPVTG,16.2,T,,M,17.25,N,31.95,K,A*37
$HEHDT,15.0,T*1B
$VWVHW,15.0,T,,M,17.17,N,31.80,K*44
$GPGSV,2,1,08,03,65,045,48,08,41,100,46,11,22,155,42,14,47,210,48*7F
$GPGSV,2,2,08,17,66,267,49,22,21,315,41,28,10,355,39,31,58,125,50*76
$GAGSV,2,1,05,04,50,075,48,09,35,185,46,12,65,240,50,24,10,290,37*6B
$GAGSV,2,2,05,31,18,025,41*54
$GPZDA,082125.00,14,06,2025,00,00*6C
$GPGGA,082126.00,5933.11804,N,02449.53110,E,1,12,1.1,15.8,M,21.0,M,,*52
$GPRMC,082126.00,A,5933.11804,N,02449.53110,E,17.22,16.4,140625,,,A*6D
$GPVTG,16.4,T,,M,17.22,N,31.89,K,A*3B
$HEHDT,14.4,T*1E
$VWVHW,14.4,T,,M,17.38,N,32.19,K*4F
$GPGGA,082127.00,5933.12236,N,02449.53321,E,1,12,1.1,15.8,M,21.0,M,,*5B
$GPRMC,082127.00,A,5933.12236,N,02449.53321,E,17.34,16.3,140625,,,A*64
$GPVTG,16.3,T,,M,17.34,N,32.11,K,A*39
$HEHDT,14.4,T*1E
$VWVHW,14.4,T,,M,17.44,N,32.30,K*4F
$GPGGA,082128.00,5933.12655,N,02449.53656,E,1,12,1.1,15.8,M,21.0,M,,*50
$GPRMC,082128.00,A,5933.12655,N,02449.53656,E,17.24,16.4,140625,,,A*69
$GPVTG,16.4,T,,M,17.24,N,31.92,K,A*37
$HEHDT,14.9,T*13
$VWVHW,14.9,T,,M,17.31,N,32.06,K*45
$GPGGA,082129.00,5933.13143,N,02449.53872,E,1,12,1.1,15.3,M,21.0,M,,*53
$GPRMC,082129.00,A,5933.13143,N,02449.53872,E,17.16,16.7,140625,,,A*63
$GPVTG,16.7,T,,M,17.16,N,31.77,K,A*3E
$HEHDT,14.7,T*1D
$VWVHW,14.7,T,,M,17.22,N,31.90,K*45
$GPGGA,082130.00,5933.13587,N,02449.54155,E,1,12,1.1,16.0,M,21.0,M,,*5C
$GPRMC,082130.00,A,5933.13587,N,02449.54155,E,17.13,16.5,140625,,,A*6B
$GPVTG,16.5,T,,M,17.13,N,31.73,K,A*3D
$HEHDT,14.7,T*1D
$VWVHW,14.7,T,,M,17.26,N,31.97,K*46
$GPGSV,2,1,08,03,65,045,49,08,41,100,44,11,22,155,43,14,47,210,47*72
$GPGSV,2,2,08,17,66,267,49,22,21,315,40,28,10,355,38,31,58,125,49*7E
$GAGSV,2,1,05,04,50,075,48,09,35,185,46,12,65,240,51,24,10,290,38*65
$GAGSV,2,2,05,31,18,025,41*54
$GPZDA,082130.00,14,06,2025,00,00*68
$GPGGA,082131.00,5933.14042,N,02449.54336,E,1,12,1.1,15.7,M,21.0,M,,*55
$GPRMC,082131.00,A,5933.14042,N,02449.54336,E,17.10,16.0,140625,,,A*60
$GPVTG,16.0,T,,M,17.10,N,31.68,K,A*31
$HEHDT,14.2,T*18
$VWVHW,14.2,T,,M,17.24,N,31.94,K*42
$GPGGA,082132.00,5933.14473,N,02449.54731,E,1,12,1.1,16.6,M,21.0,M,,*51
$GPRMC,082132.00,A,5933.14473,N,02449.54731,E,17.22,15.6,140625,,,A*62
$GPVTG,15.6,T,,M,17.22,N,31.88,K,A*3B
$HEHDT,15.1,T*1A
$VWVHW,15.1,T,,M,17.23,N,31.92,K*41
$GPGGA,082133.00,5933.15022,N,02449.54831,E,1,12,1.1,16.1,M,21.0,M,,*59
$GPRMC,082133.00,A,5933.15022,N,02449.54831,E,17.15,16.1,140625,,,A*6D
$GPVTG,16.1,T,,M,17.15,N,31.75,K,A*39
$HEHDT,14.7,T*1D
$VWVHW,14.7,T,,M,17.28,N,31.99,K*46
$GPGGA,082134.00,5933.15456,N,02449.55119,E,1,12,1.1,15.5,M,21.0,M,,*5C
$GPRMC,082134.00,A,5933.15456,N,02449.55119,E,17.27,16.2,140625,,,A*6D
$GPVTG,16.2,T,,M,17.27,N,31.99,K,A*39
$HEHDT,14.9,T*13
$VWVHW,14.9,T,,M,17.23,N,31.91,K*4B
$GPGGA,082135.00,5933.15909,N,02449.55494,E,1,12,1.1,15.7,M,21.0,M,,*58
$GPRMC,082135.00,A,5933.15909,N,02449.55494,E,17.20,16.1,140625,,,A*6F
$GPVTG,16.1,T,,M,17.20,N,31.85,K,A*30
$HEHDT,14.4,T*1E
$VWVHW,14.4,T,,M,17.21,N,31.88,K*4C
$GPGSV,2,1,08,03,65,045,50,08,41,100,44,11,22,155,43,14,47,210,47*7A
$GPGSV,2,2,08,17,66,267,49,22,21,315,41,28,10,355,38,31,58,125,50*77
$GAGSV,2,1,05,04,50,075,47,09,35,185,45,12,65,240,51,24,10,290,37*66
$GAGSV,2,2,05,31,18,025,40*55
$GPZDA,082135.00,14,06,2025,00,00*6D
$GPGGA,082136.00,5933.16365,N,02449.55602,E,1,12,1.1,15.9,M,21.0,M,,*5B
$GPRMC,082136.00,A,5933.16365,N,02449.55602,E,17.17,16.2,140625,,,A*65
$GPVTG,16.2,T,,M,17.17,N,31.80,K,A*32
$HEHDT,14.7,T*1D
$VWVHW,14.7,T,,M,17.27,N,31.98,K*48
$GPGGA,082137.00,5933.16849,N,02449.55902,E,1,12,1.1,16.0,M,21.0,M,,*5A
$GPRMC,082137.00,A,5933.16849,N,02449.55902,E,17.40,16.6,140625,,,A*68
$GPVTG,16.6,T,,M,17.40,N,32.23,K,A*3E
$HEHDT,14.5,T*1F
$VWVHW,14.5,T,,M,17.37,N,32.17,K*4F
$GPGGA,082138.00,5933.17262,N,02449.56116,E,1,12,1.1,16.1,M,21.0,M,,*58
$GPRMC,082138.00,A,5933.17262,N,02449.56116,E,17.20,16.3,140625,,,A*68
$GPVTG,16.3,T,,M,17.20,N,31.86,K,A*31
$HEHDT,15.0,T*1B
$VWVHW,15.0,T,,M,17.36,N,32.15,K*48
$GPGGA,082139.00,5933.17720,N,02449.56456,E,1,12,1.1,15.6,M,21.0,M,,*5F
$GPRMC,082139.00,A,5933.17720,N,02449.56456,E,17.11,16.6,140625,,,A*6C
$GPVTG,16.6,T,,M,17.11,N,31.69,K,A*37
$HEHDT,14.4,T*1E
$VWVHW,14.4,T,,M,17.21,N,31.87,K*43
$GPGGA,082140.00,5933.18180,N,02449.56684,E,1,12,1.1,15.9,M,21.0,M,,*50
$GPRMC,082140.00,A,5933.18180,N,02449.56684,E,17.27,16.5,140625,,,A*6A
$GPVTG,16.5,T,,M,17.27,N,31.98,K,A*3F
$HEHDT,15.4,T*1F
$VWVHW,15.4,T,,M,17.09,N,31.65,K*44
$GPGSV,2,1,08,03,65,045,50,08,41,100,45,11,22,155,43,14,47,210,48*74
$GPGSV,2,2,08,17,66,267,50,22,21,315,41,28,10,355,39,31,58,125,49*76
$GAGSV,2,1,05,04,50,075,48,09,35,185,46,12,65,240,51,24,10,290,38*65
$GAGSV,2,2,05,31,18,025,41*54
$GPZDA,082140.00,14,06,2025,00,00*6F
$GPGGA,082141.00,5933.18677,N,02449.57039,E,1,12,1.1,16.0,M,21.0,M,,*55
$GPRMC,082141.00,A,5933.18677,N,02449.57039,E,17.21,16.4,140625,,,A*62
$GPVTG,16.4,T,,M,17.21,N,31.88,K,A*39
$HEHDT,15.0,T*1B
$VWVHW,15.0,T,,M,17.32,N,32.07,K*4F
$GPGGA,082142.00,5933.19107,N,02449.57364,E,1,12,1.1,16.0,M,21.0,M,,*5C
$GPRMC,082142.00,A,5933.19107,N,02449.57364,E,17.16,16.1,140625,,,A*6A
$GPVTG,16.1,T,,M,17.16,N,31.79,K,A*36
$HEHDT,14.4,T*1E
$VWVHW,14.4,T,,M,17.43,N,32.28,K*41
$GPGGA,082143.00,5933.19534,N,02449.57550,E,1,12,1.1,15.6,M,21.0,M,,*5D
$GPRMC,082143.00,A,5933.19534,N,02449.57550,E,17.13,16.4,140625,,,A*6E
$GPVTG,16.4,T,,M,17.13,N,31.73,K,A*3C
$HEHDT,15.1,T*1A
$VWVHW,15.1,T,,M,17.25,N,31.94,K*41
$GPGGA,082144.00,5933.19977,N,02449.57846,E,1,12,1.1,16.3,M,21.0,M,,*5D
$GPRMC,082144.00,A,5933.19977,N,02449.57846,E,17.21,16.2,140625,,,A*6F
$GPVTG,16.2,T,,M,17.21,N,31.88,K,A*3F
$HEHDT,14.5,T*1F
$VWVHW,14.5,T,,M,17.20,N,31.85,K*41
$GPGGA,082145.00,5933.20454,N,02449.58139,E,1,12,1.1,16.3,M,21.0,M,,*54
$GPRMC,082145.00,A,5933.20454,N,02449.58139,E,17.28,16.2,140625,,,A*6F
$GPVTG,16.2,T,,M,17.28,N,32.00,K,A*35
$HEHDT,14.8,T*12
$VWVHW,14.8,T,,M,17.18,N,31.81,K*43
$GPGSV,2,1,08,03,65,045,50,08,41,100,45,11,22,155,41,14,47,210,47*79
$GPGSV,2,2,08,17,66,267,50,22,21,315,41,28,10,355,38,31,58,125,50*7F
$GAGSV,2,1,05,04,50,075,48,09,35,185,46,12,65,240,52,24,10,290,37*69
$GAGSV,2,2,05,31,18,025,40*55
$GPZDA,082145.00,14,06,2025,00,00*6A
$GPGGA,082146.00,5933.20888,N,02449.58362,E,1,12,1.0,16.4,M,21.0,M,,*50
$GPRMC,082146.00,A,5933.20888,N,02449.58362,E,17.12,16.1,140625,,,A*67
$GPVTG,16.1,T,,M,17.12,N,31.71,K,A*3A
$HEHDT,14.7,T*1D
$VWVHW,14.7,T,,M,17.24,N,31.93,K*40
$GPGGA,082147.00,5933.21380,N,02449.58608,E,1,12,1.0,15.9,M,21.0,M,,*54
$GPRMC,082147.00,A,5933.21380,N,02449.58608,E,17.24,16.0,140625,,,A*69
$GPVTG,16.0,T,,M,17.24,N,31.93,K,A*32
$HEHDT,15.0,T*1B
$VWVHW,15.0,T,,M,17.45,N,32.32,K*49
$GPGGA,082148.00,5933.21856,N,02449.58746,E,1,12,1.0,15.8,M,21.0,M,,*51
$GPRMC,082148.00,A,5933.21856,N,02449.58746,E,17.12,16.3,140625,,,A*6B
$GPVTG,16.3,T,,M,17.12,N,31.71,K,A*38
$HEHDT,14.8,T*12
$VWVHW,14.8,T,,M,17.21,N,31.88,K*40
$GPGGA,082149.00,5933.22350,N,02449.59058,E,1,12,1.0,15.6,M,21.0,M,,*59
$GPRMC,082149.00,A,5933.22350,N,02449.59058,E,17.05,16.0,140625,,,A*68
$GPVTG,16.0,T,,M,17.05,N,31.58,K,A*36
$HEHDT,14.4,T*1E
$VWVHW,14.4,T,,M,17.33,N,32.10,K*4D
$GPGGA,082150.00,5933.22725,N,02449.59377,E,1,12,1.0,15.6,M,21.0,M,,*59
$GPRMC,082150.00,A,5933.22725,N,02449.59377,E,17.09,16.0,140625,,,A*64
$GPVTG,16.0,T,,M,17.09,N,31.65,K,A*34
$HEHDT,14.9,T*13
$VWVHW,14.9,T,,M,17.25,N,31.95,K*49
$GPGSV,2,1,08,03,65,045,50,08,41,100,44,11,22,155,42,14,47,210,49*75
$GPGSV,2,2,08,17,66,267,50,22,21,315,42,28,10,355,38,31,58,125,49*74
$GAGSV,2,1,05,04,50,075,47,09,35,185,45,12,65,240,51,24,10,290,36*67
$GAGSV,2,2,05,31,18,025,40*55
$GPZDA,082150.00,14,06,2025,00,00*6E
$GPGGA,082151.00,5933.23261,N,02449.59631,E,1,12,1.0,15.2,M,21.0,M,,*5F
$GPRMC,082151.00,A,5933.23261,N,02449.59631,E,17.10,16.5,140625,,,A*6B
$GPVTG,16.5,T,,M,17.10,N,31.68,K,A*34
$HEHDT,14.8,T*12
$VWVHW,14.8,T,,M,17.25,N,31.94,K*49
$GPGGA,082152.00,5933.23708,N,02449.59905,E,1,12,1.0,15.5,M,21.0,M,,*59
$GPRMC,082152.00,A,5933.23708,N,02449.59905,E,17.14,16.5,140625,,,A*6E
$GPVTG,16.5,T,,M,17.14,N,31.75,K,A*3C
$HEHDT,15.1,T*1A
$VWVHW,15.1,T,,M,17.36,N,32.16,K*4A
$GPGGA,082153.00,5933.24176,N,02449.60146,E,1,12,1.0,15.7,M,21.0,M,,*57
$GPRMC,082153.00,A,5933.24176,N,02449.60146,E,17.00,16.0,140625,,,A*62
$GPVTG,16.0,T,,M,17.00,N,31.48,K,A*32
$HEHDT,14.5,T*1F
$VWVHW,14.5,T,,M,17.30,N,32.04,K*4A
$GPGGA,082154.00,5933.24571,N,02449.60393,E,1,12,1.0,15.8,M,21.0,M,,*56
$GPRMC,082154.00,A,5933.24571,N,02449.60393,E,17.04,16.1,140625,,,A*69
$GPVTG,16.1,T,,M,17.04,N,31.56,K,A*38
$HEHDT,14.9,T*13
$VWVHW,14.9,T,,M,17.17,N,31.81,K*4D
$GPGGA,082155.00,5933.25036,N,02449.60591,E,1,12,1.0,16.6,M,21.0,M,,*59
$GPRMC,082155.00,A,5933.25036,N,02449.60591,E,17.19,16.4,140625,,,A*62
$GPVTG,16.4,T,,M,17.19,N,31.83,K,A*39
$HEHDT,14.8,T*12
$VWVHW,14.8,T,,M,17.17,N,31.80,K*4D
$GPGSV,2,1,08,03,65,045,50,08,41,100,43,11,22,155,41,14,47,210,47*7F
$GPGSV,2,2,08,17,66,267,50,22,21,315,40,28,10,355,38,31,58,125,49*76
$GAGSV,2,1,05,04,50,075,48,09,35,185,45,12,65,240,51,24,10,290,36*68
$GAGSV,2,2,05,31,18,025,40*55
$GPZDA,082155.00,14,06,2025,00,00*6B
$GPGGA,082156.00,5933.25532,N,02449.60836,E,1,12,1.0,16.3,M,21.0,M,,*5E
$GPRMC,082156.00,A,5933.25532,N,02449.60836,E,17.31,16.2,140625,,,A*6C
$GPVTG,16.2,T,,M,17.31,N,32.06,K,A*3B
$HEHDT,15.1,T*1A
$VWVHW,15.1,T,,M,17.13,N,31.73,K*4D
$GPGGA,082157.00,5933.25942,N,02449.61135,E,1,12,1.0,16.2,M,21.0,M,,*5E
$GPRMC,082157.00,A,5933.25942,N,02449.61135,E,17.15,16.6,140625,,,A*6F
$GPVTG,16.6,T,,M,17.15,N,31.77,K,A*3C
$HEHDT,14.4,T*1E
$VWVHW,14.4,T,,M,17.17,N,31.79,K*47
$GPGGA,082158.00,5933.26379,N,02449.61348,E,1,12,1.0,15.2,M,21.0,M,,*5B
$GPRMC,082158.00,A,5933.26379,N,02449.61348,E,17.27,16.7,140625,,,A*69
$GPVTG,16.7,T,,M,17.27,N,31.99,K,A*3C
$HEHDT,14.8,T*12
$VWVHW,14.8,T,,M,17.05,N,31.57,K*44
$GPGGA,082159.00,5933.26884,N,02449.61657,E,1,12,1.0,15.8,M,21.0,M,,*52
$GPRMC,082159.00,A,5933.26884,N,02449.61657,E,17.15,16.0,140625,,,A*6C
$GPVTG,16.0,T,,M,17.15,N,31.75,K,A*38
$HEHDT,14.9,T*13
$VWVHW,14.9,T,,M,17.22,N,31.90,K*4B
$GPGGA,082200.00,5933.27348,N,02449.61901,E,1,12,1.0,15.8,M,21.0,M,,*5B
$GPRMC,082200.00,A,5933.27348,N,02449.61901,E,17.20,16.2,140625,,,A*61
$GPVTG,16.2,T,,M,17.20,N,31.86,K,A*30
$HEHDT,14.5,T*1F
$VWVHW,14.5,T,,M,17.27,N,31.98,K*4A
$GPGSV,2,1,08,03,65,045,49,08,41,100,44,11,22,155,42,14,47,210,48*7C
$GPGSV,2,2,08,17,66,267,51,22,21,315,41,28,10,355,39,31,58,125,49*77
$GAGSV,2,1,05,04,50,075,47,09,35,185,45,12,65,240,52,24,10,290,37*65
$GAGSV,2,2,05,31,18,025,40*55
$GPZDA,082200.00,14,06,2025,00,00*68
$GPGGA,082201.00,5933.27806,N,02449.62141,E,1,12,1.0,15.4,M,21.0,M,,*58
$GPRMC,082201.00,A,5933.27806,N,02449.62141,E,17.12,16.4,140625,,,A*69
$GPVTG,16.4,T,,M,17.12,N,31.70,K,A*3E
$HEHDT,15.0,T*1B
$VWVHW,15.0,T,,M,17.27,N,31.98,K*4E
$GPGGA,082202.00,5933.28276,N,02449.62342,E,1,12,1.0,16.1,M,21.0,M,,*5E
$GPRMC,082202.00,A,5933.28276,N,02449.62342,E,17.09,16.5,140625,,,A*62
$GPVTG,16.5,T,,M,17.09,N,31.64,K,A*30
$HEHDT,14.7,T*1D
$VWVHW,14.7,T,,M,17.24,N,31.93,K*40
$GPGGA,082203.00,5933.28704,N,02449.62688,E,1,12,1.0,15.9,M,21.0,M,,*57
$GPRMC,082203.00,A,5933.28704,N,02449.62688,E,17.08,16.4,140625,,,A*60
$GPVTG,16.4,T,,M,17.08,N,31.64,K,A*30
$HEHDT,15.2,T*19
$VWVHW,15.2,T,,M,17.17,N,31.79,K*40
$GPGGA,082204.00,5933.29160,N,02449.62888,E,1,12,1.0,16.0,M,21.0,M,,*51
$GPRMC,082204.00,A,5933.29160,N,02449.62888,E,17.07,16.3,140625,,,A*64
$GPVTG,16.3,T,,M,17.07,N,31.61,K,A*3D
$HEHDT,14.6,T*1C
$VWVHW,14.6,T,,M,17.14,N,31.74,K*4B
$GPGGA,082205.00,5933.29607,N,02449.63170,E,1,12,1.0,15.8,M,21.0,M,,*52
$GPRMC,082205.00,A,5933.29607,N,02449.63170,E,17.04,15.9,140625,,,A*66
$GPVTG,15.9,T,,M,17.04,N,31.55,K,A*30
$HEHDT,14.9,T*13
$VWVHW,14.9,T,,M,17.28,N,32.00,K*4B
$GPGSV,2,1,08,03,65,045,50,08,41,100,44,11,22,155,40,14,47,210,47*79
$GPGSV,2,2,08,17,66,267,50,22,21,315,42,28,10,355,39,31,58,125,49*75
$GAGSV,2,1,05,04,50,075,48,09,35,185,46,12,65,240,52,24,10,290,37*69
$GAGSV,2,2,05,31,18,025,40*55
$GPZDA,082205.00,14,06,2025,00,00*6D
$GPGGA,082206.00,5933.30101,N,02449.63417,E,1,12,1.0,15.5,M,21.0,M,,*51
$GPRMC,082206.00,A,5933.30101,N,02449.63417,E,17.12,16.0,140625,,,A*65
$GPVTG,16.0,T,,M,17.12,N,31.71,K,A*3B
$HEHDT,14.7,T*1D
$VWVHW,14.7,T,,M,17.18,N,31.81,K*4C
$GPGGA,082207.00,5933.30491,N,02449.63704,E,1,12,1.0,15.9,M,21.0,M,,*51
$GPRMC,082207.00,A,5933.30491,N,02449.63704,E,17.11,15.7,140625,,,A*6E
$GPVTG,15.7,T,,M,17.11,N,31.69,K,A*35
$HEHDT,14.6,T*1C
$VWVHW,14.6,T,,M,17.24,N,31.93,K*41
$GPGGA,082208.00,5933.30971,N,02449.63928,E,1,12,1.0,15.9,M,21.0,M,,*5D
$GPRMC,082208.00,A,5933.30971,N,02449.63928,E,17.14,16.1,140625,,,A*62
$GPVTG,16.1,T,,M,17.14,N,31.74,K,A*39
$HEHDT,14.6,T*1C
$VWVHW,14.6,T,,M,17.23,N,31.92,K*47
$GPGGA,082209.00,5933.31469,N,02449.64201,E,1,12,1.0,15.9,M,21.0,M,,*5E
$GPRMC,082209.00,A,5933.31469,N,02449.64201,E,17.00,15.9,140625,,,A*6F
$GPVTG,15.9,T,,M,17.00,N,31.49,K,A*39
$HEHDT,15.1,T*1A
$VWVHW,15.1,T,,M,17.15,N,31.76,K*4E
$GPGGA,082210.00,5933.31908,N,02449.64452,E,1,12,1.0,15.7,M,21.0,M,,*52
$GPRMC,082210.00,A,5933.31908,N,02449.64452,E,17.03,16.1,140625,,,A*65
$GPVTG,16.1,T,,M,17.03,N,31.53,K,A*3A
$HEHDT,14.5,T*1F
$VWVHW,14.5,T,,M,17.19,N,31.84,K*4A
$GPGSV,2,1,08,03,65,045,49,08,41,100,45,11,22,155,41,14,47,210,48*7E
$GPGSV,2,2,08,17,66,267,50,22,21,315,41,28,10,355,39,31,58,125,50*7E
$GAGSV,2,1,05,04,50,075,47,09,35,185,45,12,65,240,51,24,10,290,37*66
$GAGSV,2,2,05,31,18,025,41*54
$GPZDA,082210.00,14,06,2025,00,00*69
$GPGGA,082211.00,5933.32376,N,02449.64691,E,1,12,1.0,16.0,M,21.0,M,,*5A
$GPRMC,082211.00,A,5933.32376,N,02449.64691,E,16.94,16.3,140625,,,A*64
$GPVTG,16.3,T,,M,16.94,N,31.37,K,A*35
$HEHDT,15.2,T*19
$VWVHW,15.2,T,,M,17.22,N,31.88,K*48
$GPGGA,082212.00,5933.32826,N,02449.64978,E,1,12,1.0,15.7,M,21.0,M,,*5B
$GPRMC,082212.00,A,5933.32826,N,02449.64978,E,17.11,16.4,140625,,,A*6A
$GPVTG,16.4,T,,M,17.11,N,31.68,K,A*34
$HEHDT,14.6,T*1C
$VWVHW,14.6,T,,M,17.18,N,31.81,K*4D
$GPGGA,082213.00,5933.33347,N,02449.65234,E,1,12,1.0,16.3,M,21.0,M,,*52
$GPRMC,082213.00,A,5933.33347,N,02449.65234,E,17.12,16.4,140625,,,A*67
$GPVTG,16.4,T,,M,17.12,N,31.71,K,A*3F
$HEHDT,14.7,T*1D
$VWVHW,14.7,T,,M,17.20,N,31.86,K*40
$GPGGA,082214.00,5933.33739,N,02449.65492,E,1,12,1.0,16.5,M,21.0,M,,*54
$GPRMC,082214.00,A,5933.33739,N,02449.65492,E,17.02,16.0,140625,,,A*62
$GPVTG,16.0,T,,M,17.02,N,31.53,K,A*3A
$HEHDT,15.0,T*1B
$VWVHW,15.0,T,,M,17.05,N,31.57,K*4D
$GPGGA,082215.00,5933.34183,N,02449.65765,E,1,12,1.0,16.1,M,21.0,M,,*5A
$GPRMC,082215.00,A,5933.34183,N,02449.65765,E,16.98,16.2,140625,,,A*68
$GPVTG,16.2,T,,M,16.98,N,31.44,K,A*3C
$HEHDT,14.7,T*1D
$VWVHW,14.7,T,,M,17.15,N,31.77,K*48
$GPGSV,2,1,08,03,65,045,49,08,41,100,45,11,22,155,42,14,47,210,47*72
$GPGSV,2,2,08,17,66,267,50,22,21,315,40,28,10,355,36,31,58,125,51*71
$GAGSV,2,1,05,04,50,075,49,09,35,185,44,12,65,240,51,24,10,290,37*69
$GAGSV,2,2,05,31,18,025,41*54
$GPZDA,082215.00,14,06,2025,00,00*6C
$GPGGA,082216.00,5933.34641,N,02449.65982,E,1,12,1.0,15.5,M,21.0,M,,*50
$GPRMC,082216.00,A,5933.34641,N,02449.65982,E,16.94,15.9,140625,,,A*61
$GPVTG,15.9,T,,M,16.94,N,31.38,K,A*33
$HEHDT,15.0,T*1B
$VWVHW,15.0,T,,M,17.07,N,31.62,K*49
$GPGGA,082217.00,5933.35082,N,02449.66240,E,1,12,1.0,16.2,M,21.0,M,,*5B
$GPRMC,082217.00,A,5933.35082,N,02449.66240,E,17.05,16.3,140625,,,A*6E
$GPVTG,16.3,T,,M,17.05,N,31.58,K,A*35
$HEHDT,14.6,T*1C
$VWVHW,14.6,T,,M,17.17,N,31.80,K*43
$GPGGA,082218.00,5933.35580,N,02449.66485,E,1,12,1.0,15.9,M,21.0,M,,*54
$GPRMC,082218.00,A,5933.35580,N,02449.66485,E,17.12,16.4,140625,,,A*68
$GPVTG,16.4,T,,M,17.12,N,31.70,K,A*3E
$HEHDT,14.7,T*1D
$VWVHW,14.7,T,,M,17.07,N,31.61,K*4C
$GPGGA,082219.00,5933.36006,N,02449.66667,E,1,12,1.0,15.4,M,21.0,M,,*5E
$GPRMC,082219.00,A,5933.36006,N,02449.66667,E,17.04,16.5,140625,,,A*69
$GPVTG,16.5,T,,M,17.04,N,31.55,K,A*3F
$HEHDT,14.7,T*1D
$VWVHW,14.7,T,,M,17.27,N,31.98,K*48
$GPGGA,082220.00,5933.36472,N,02449.67033,E,1,12,1.0,16.2,M,21.0,M,,*50
$GPRMC,082220.00,A,5933.36472,N,02449.67033,E,16.96,15.8,140625,,,A*66
$GPVTG,15.8,T,,M,16.96,N,31.42,K,A*3D
$HEHDT,14.6,T*1C
$VWVHW,14.6,T,,M,17.14,N,31.75,K*4A
$GPGSV,2,1,08,03,65,045,48,08,41,100,45,11,22,155,41,14,47,210,48*7F
$GPGSV,2,2,08,17,66,267,50,22,21,315,41,28,10,355,38,31,58,125,49*77
$GAGSV,2,1,05,04,50,075,47,09,35,185,45,12,65,240,50,24,10,290,38*68
$GAGSV,2,2,05,31,18,025,41*54
$GPZDA,082220.00,14,06,2025,00,00*6A
$GPGGA,082221.00,5933.36888,N,02449.67287,E,1,12,1.0,16.0,M,21.0,M,,*57
$GPRMC,082221.00,A,5933.36888,N,02449.67287,E,16.96,16.3,140625,,,A*6B
$GPVTG,16.3,T,,M,16.96,N,31.41,K,A*36
$HEHDT,14.3,T*19
$VWVHW,14.3,T,,M,17.16,N,31.78,K*40
$GPGGA,082222.00,5933.37363,N,02449.67518,E,1,12,1.0,15.4,M,21.0,M,,*5D
$GPRMC,082222.00,A,5933.37363,N,02449.67518,E,17.05,16.1,140625,,,A*6F
$GPVTG,16.1,T,,M,17.05,N,31.58,K,A*37
$HEHDT,14.8,T*12
$VWVHW,14.8,T,,M,17.10,N,31.67,K*43
$GPGGA,082223.00,5933.37860,N,02449.67873,E,1,12,1.0,14.7,M,21.0,M,,*56
$GPRMC,082223.00,A,5933.37860,N,02449.67873,E,17.01,16.2,140625,,,A*61
$GPVTG,16.2,T,,M,17.01,N,31.50,K,A*38
$HEHDT,15.1,T*1A
$VWVHW,15.1,T,,M,17.15,N,31.76,K*4E
$GPGGA,082224.00,5933.38320,N,02449.68106,E,1,12,1.0,15.1,M,21.0,M,,*52
$GPRMC,082224.00,A,5933.38320,N,02449.68106,E,17.04,15.9,140625,,,A*6F
$GPVTG,15.9,T,,M,17.04,N,31.56,K,A*33
$HEHDT,14.7,T*1D
$VWVHW,14.7,T,,M,17.18,N,31.81,K*4C
$GPGGA,082225.00,5933.38721,N,02449.68317,E,1,12,1.0,15.6,M,21.0,M,,*53
$GPRMC,082225.00,A,5933.38721,N,02449.68317,E,16.98,16.0,140625,,,A*67
$GPVTG,16.0,T,,M,16.98,N,31.44,K,A*3E
$HEHDT,14.5,T*1F
$VWVHW,14.5,T,,M,17.13,N,31.73,K*48
$GPGSV,2,1,08,03,65,045,48,08,41,100,45,11,22,155,41,14,47,210,47*70
$GPGSV,2,2,08,17,66,267,49,22,21,315,41,28,10,355,39,31,58,125,49*7E
$GAGSV,2,1,05,04,50,075,48,09,35,185,45,12,65,240,50,24,10,290,38*67
$GAGSV,2,2,05,31,18,025,40*55
$GPZDA,082225.00,14,06,2025,00,00*6F
$GPGGA,082226.00,5933.39222,N,02449.68605,E,1,12,1.0,15.3,M,21.0,M,,*54
$GPRMC,082226.00,A,5933.39222,N,02449.68605,E,17.09,15.8,140625,,,A*67
$GPVTG,15.8,T,,M,17.09,N,31.65,K,A*3F
$HEHDT,14.2,T*18
$VWVHW,14.2,T,,M,17.02,N,31.53,K*4D
$GPGGA,082227.00,5933.39655,N,02449.68879,E,1,12,1.0,16.0,M,21.0,M,,*54
$GPRMC,082227.00,A,5933.39655,N,02449.68879,E,16.95,15.1,140625,,,A*6A
$GPVTG,15.1,T,,M,16.95,N,31.39,K,A*3B
$HEHDT,14.0,T*1A
$VWVHW,14.0,T,,M,17.06,N,31.59,K*41
$GPGGA,082228.00,5933.40064,N,02449.69039,E,1,12,1.0,15.6,M,21.0,M,,*59
$GPRMC,082228.00,A,5933.40064,N,02449.69039,E,16.91,14.9,140625,,,A*6F
$GPVTG,14.9,T,,M,16.91,N,31.33,K,A*3C
$HEHDT,13.7,T*1A
$VWVHW,13.7,T,,M,16.94,N,31.38,K*4C
$GPGGA,082229.00,5933.40541,N,02449.69369,E,1,12,1.0,15.6,M,21.0,M,,*5C
$GPRMC,082229.00,A,5933.40541,N,02449.69369,E,17.10,15.0,140625,,,A*6A
$GPVTG,15.0,T,,M,17.10,N,31.66,K,A*3C
$HEHDT,13.2,T*1F
$VWVHW,13.2,T,,M,17.03,N,31.54,K*4C
$GPGGA,082230.00,5933.40986,N,02449.69548,E,1,12,1.0,15.4,M,21.0,M,,*54
$GPRMC,082230.00,A,5933.40986,N,02449.69548,E,16.99,13.8,140625,,,A*6E
$GPVTG,13.8,T,,M,16.99,N,31.46,K,A*30
$HEHDT,12.4,T*18
$VWVHW,12.4,T,,M,16.97,N,31.43,K*41
$GPGSV,2,1,08,03,65,045,49,08,41,100,44,11,22,155,41,14,47,210,46*71
$GPGSV,2,2,08,17,66,267,51,22,21,315,41,28,10,355,38,31,58,125,48*77
$GAGSV,2,1,05,04,50,075,47,09,35,185,44,12,65,240,50,24,10,290,37*66
$GAGSV,2,2,05,31,18,025,40*55
$GPZDA,082230.00,14,06,2025,00,00*6B
$GPGGA,082231.00,5933.41452,N,02449.69778,E,1,12,1.0,15.3,M,21.0,M,,*56
$GPRMC,082231.00,A,5933.41452,N,02449.69778,E,16.91,13.5,140625,,,A*6E
$GPVTG,13.5,T,,M,16.91,N,31.32,K,A*36
$HEHDT,12.2,T*1E
$VWVHW,12.2,T,,M,17.10,N,31.67,K*4F
$GPGGA,082232.00,5933.41951,N,02449.70038,E,1,12,1.0,15.3,M,21.0,M,,*50
$GPRMC,082232.00,A,5933.41951,N,02449.70038,E,17.01,13.5,140625,,,A*60
$GPVTG,13.5,T,,M,17.01,N,31.51,K,A*3B
$HEHDT,12.1,T*1D
$VWVHW,12.1,T,,M,17.13,N,31.73,K*4A
$GPGGA,082233.00,5933.42412,N,02449.70202,E,1,12,1.0,15.5,M,21.0,M,,*55
$GPRMC,082233.00,A,5933.42412,N,02449.70202,E,16.93,13.0,140625,,,A*6C
$GPVTG,13.0,T,,M,16.93,N,31.36,K,A*35
$HEHDT,11.4,T*1B
$VWVHW,11.4,T,,M,17.03,N,31.55,K*49
$GPGGA,082234.00,5933.42840,N,02449.70400,E,1,12,1.0,15.7,M,21.0,M,,*5F
$GPRMC,082234.00,A,5933.42840,N,02449.70400,E,16.95,12.5,140625,,,A*66
$GPVTG,12.5,T,,M,16.95,N,31.39,K,A*38
$HEHDT,11.0,T*1F
$VWVHW,11.0,T,,M,17.17,N,31.80,K*40
$GPGGA,082235.00,5933.43286,N,02449.70658,E,1,12,1.0,15.2,M,21.0,M,,*55
$GPRMC,082235.00,A,5933.43286,N,02449.70658,E,16.99,12.1,140625,,,A*61
$GPVTG,12.1,T,,M,16.99,N,31.47,K,A*39
$HEHDT,10.8,T*16
$VWVHW,10.8,T,,M,17.17,N,31.79,K*4F
$GPGSV,2,1,08,03,65,045,51,08,41,100,45,11,22,155,42,14,47,210,47*7B
$GPGSV,2,2,08,17,66,267,49,22,21,315,41,28,10,355,38,31,58,125,50*77
$GAGSV,2,1,05,04,50,075,48,09,35,185,45,12,65,240,51,24,10,290,38*66
$GAGSV,2,2,05,31,18,025,41*54
$GPZDA,082235.00,14,06,2025,00,00*6E
$GPGGA,082236.00,5933.43776,N,02449.70903,E,1,12,1.0,14.9,M,21.0,M,,*57
$GPRMC,082236.00,A,5933.43776,N,02449.70903,E,17.01,11.7,140625,,,A*6C
$GPVTG,11.7,T,,M,17.01,N,31.51,K,A*3B
$HEHDT,10.5,T*1B
$VWVHW,10.5,T,,M,17.06,N,31.59,K*40
$GPGGA,082237.00,5933.44209,N,02449.71081,E,1,12,1.0,15.4,M,21.0,M,,*52
$GPRMC,082237.00,A,5933.44209,N,02449.71081,E,16.87,11.2,140625,,,A*6F
$GPVTG,11.2,T,,M,16.87,N,31.24,K,A*33
$HEHDT,10.0,T*1E
$VWVHW,10.0,T,,M,17.07,N,31.61,K*4F
$GPGGA,082238.00,5933.44683,N,02449.71249,E,1,12,1.0,15.3,M,21.0,M,,*5A
$GPRMC,082238.00,A,5933.44683,N,02449.71249,E,16.99,11.3,140625,,,A*6E
$GPVTG,11.3,T,,M,16.99,N,31.46,K,A*39
$HEHDT,9.5,T*23
$VWVHW,9.5,T,,M,17.07,N,31.62,K*71
$GPGGA,082239.00,5933.45202,N,02449.71400,E,1,12,1.0,15.3,M,21.0,M,,*5C
$GPRMC,082239.00,A,5933.45202,N,02449.71400,E,16.93,10.6,140625,,,A*66
$GPVTG,10.6,T,,M,16.93,N,31.36,K,A*30
$HEHDT,9.1,T*27
$VWVHW,9.1,T,,M,17.07,N,31.61,K*76
$GPGGA,082240.00,5933.45641,N,02449.71651,E,1,12,1.0,15.0,M,21.0,M,,*54
$GPRMC,082240.00,A,5933.45641,N,02449.71651,E,16.98,10.2,140625,,,A*62
$GPVTG,10.2,T,,M,16.98,N,31.45,K,A*3B
$HEHDT,8.7,T*20
$VWVHW,8.7,T,,M,17.19,N,31.83,K*72
$GPGSV,2,1,08,03,65,045,50,08,41,100,44,11,22,155,42,14,47,210,46*7A
$GPGSV,2,2,08,17,66,267,48,22,21,315,41,28,10,355,38,31,58,125,49*7E
$GAGSV,2,1,05,04,50,075,48,09,35,185,44,12,65,240,51,24,10,290,38*67
$GAGSV,2,2,05,31,18,025,39*5B
$GPZDA,082240.00,14,06,2025,00,00*6C
$GPGGA,082241.00,5933.46053,N,02449.71811,E,1,12,1.0,14.8,M,21.0,M,,*50
$GPRMC,082241.00,A,5933.46053,N,02449.71811,E,17.14,9.7,140625,,,A*57
$GPVTG,9.7,T,,M,17.14,N,31.74,K,A*01
$HEHDT,8.7,T*20
$VWVHW,8.7,T,,M,16.93,N,31.35,K*7C
$GPGGA,082242.00,5933.46507,N,02449.71993,E,1,12,1.0,14.9,M,21.0,M,,*5D
$GPRMC,082242.00,A,5933.46507,N,02449.71993,E,16.94,9.3,140625,,,A*56
$GPVTG,9.3,T,,M,16.94,N,31.38,K,A*04
$HEHDT,7.7,T*2F
$VWVHW,7.7,T,,M,16.94,N,31.38,K*79
$GPGGA,082243.00,5933.46985,N,02449.72158,E,1,12,1.0,14.4,M,21.0,M,,*5B
$GPRMC,082243.00,A,5933.46985,N,02449.72158,E,16.85,9.3,140625,,,A*5D
$GPVTG,9.3,T,,M,16.85,N,31.21,K,A*0C
$HEHDT,7.6,T*2E
$VWVHW,7.6,T,,M,17.17,N,31.79,K*77
$GPGGA,082244.00,5933.47455,N,02449.72325,E,1,12,1.0,14.6,M,21.0,M,,*57
$GPRMC,082244.00,A,5933.47455,N,02449.72325,E,16.85,8.4,140625,,,A*55
$GPVTG,8.4,T,,M,16.85,N,31.20,K,A*0B
$HEHDT,7.0,T*28
$VWVHW,7.0,T,,M,17.10,N,31.67,K*79
$GPGGA,082245.00,5933.47952,N,02449.72479,E,1,12,1.0,14.8,M,21.0,M,,*5C
$GPRMC,082245.00,A,5933.47952,N,02449.72479,E,16.98,8.8,140625,,,A*50
$GPVTG,8.8,T,,M,16.98,N,31.44,K,A*09
$HEHDT,6.8,T*21
$VWVHW,6.8,T,,M,17.02,N,31.51,K*76
$GPGSV,2,1,08,03,65,045,50,08,41,100,45,11,22,155,42,14,47,210,46*7B
$GPGSV,2,2,08,17,66,267,49,22,21,315,41,28,10,355,39,31,58,125,49*7E
$GAGSV,2,1,05,04,50,075,49,09,35,185,45,12,65,240,51,24,10,290,38*67
$GAGSV,2,2,05,31,18,025,39*5B
$GPZDA,082245.00,14,06,2025,00,00*69
$GPGGA,082246.00,5933.48412,N,02449.72582,E,1,12,1.0,14.5,M,21.0,M,,*51
$GPRMC,082246.00,A,5933.48412,N,02449.72582,E,16.80,8.4,140625,,,A*55
$GPVTG,8.4,T,,M,16.80,N,31.10,K,A*0D
$HEHDT,6.9,T*20
$VWVHW,6.9,T,,M,17.15,N,31.75,K*77
$GPGGA,082247.00,5933.48847,N,02449.72707,E,1,12,1.0,14.2,M,21.0,M,,*54
$GPRMC,082247.00,A,5933.48847,N,02449.72707,E,16.91,8.6,140625,,,A*55
$GPVTG,8.6,T,,M,16.91,N,31.31,K,A*0C
$HEHDT,7.2,T*2A
$VWVHW,7.2,T,,M,16.90,N,31.31,K*71
$GPGGA,082248.00,5933.49334,N,02449.72900,E,1,12,1.0,14.1,M,21.0,M,,*5F
$GPRMC,082248.00,A,5933.49334,N,02449.72900,E,16.96,8.8,140625,,,A*54
$GPVTG,8.8,T,,M,16.96,N,31.41,K,A*02
$HEHDT,7.0,T*28
$VWVHW,7.0,T,,M,17.05,N,31.58,K*71
$GPGGA,082249.00,5933.49746,N,02449.72954,E,1,12,1.0,14.5,M,21.0,M,,*5A
$GPRMC,082249.00,A,5933.49746,N,02449.72954,E,16.91,8.4,140625,,,A*5E
$GPVTG,8.4,T,,M,16.91,N,31.32,K,A*0D
$HEHDT,6.8,T*21
$VWVHW,6.8,T,,M,17.01,N,31.50,K*74
$GPGGA,082250.00,5933.50217,N,02449.73052,E,1,12,1.0,15.1,M,21.0,M,,*50
$GPRMC,082250.00,A,5933.50217,N,02449.73052,E,16.99,8.4,140625,,,A*59
$GPVTG,8.4,T,,M,16.99,N,31.46,K,A*06
$HEHDT,7.3,T*2B
$VWVHW,7.3,T,,M,17.04,N,31.56,K*7D
$GPGSV,2,1,08,03,65,045,49,08,41,100,46,11,22,155,42,14,47,210,46*70
$GPGSV,2,2,08,17,66,267,48,22,21,315,40,28,10,355,38,31,58,125,49*7F
$GAGSV,2,1,05,04,50,075,48,09,35,185,45,12,65,240,51,24,10,290,38*66
$GAGSV,2,2,05,31,18,025,39*5B
$GPZDA,082250.00,14,06,2025,00,00*6D
$GPGGA,082251.00,5933.50680,N,02449.73240,E,1,12,1.0,15.3,M,21.0,M,,*58
$GPRMC,082251.00,A,5933.50680,N,02449.73240,E,16.99,8.7,140625,,,A*50
$GPVTG,8.7,T,,M,16.99,N,31.47,K,A*04
$HEHDT,7.0,T*28
$VWVHW,7.0,T,,M,17.08,N,31.63,K*74
$GPGGA,082252.00,5933.51164,N,02449.73421,E,1,12,0.9,15.0,M,21.0,M,,*5D
$GPRMC,082252.00,A,5933.51164,N,02449.73421,E,16.88,8.5,140625,,,A*5C
$GPVTG,8.5,T,,M,16.88,N,31.26,K,A*01
$HEHDT,7.4,T*2C
$VWVHW,7.4,T,,M,17.03,N,31.53,K*78
$GPGGA,082253.00,5933.51628,N,02449.73470,E,1,12,0.9,15.5,M,21.0,M,,*52
$GPRMC,082253.00,A,5933.51628,N,02449.73470,E,16.82,8.9,140625,,,A*50
$GPVTG,8.9,T,,M,16.82,N,31.15,K,A*07
$HEHDT,6.8,T*21
$VWVHW,6.8,T,,M,17.06,N,31.60,K*70
$GPGGA,082254.00,5933.52107,N,02449.73601,E,1,12,0.9,15.0,M,21.0,M,,*5D
$GPRMC,082254.00,A,5933.52107,N,02449.73601,E,17.02,8.4,140625,,,A*5E
$GPVTG,8.4,T,,M,17.02,N,31.52,K,A*00
$HEHDT,7.1,T*29
$VWVHW,7.1,T,,M,17.16,N,31.78,K*70
$GPGGA,082255.00,5933.52569,N,02449.73721,E,1,12,0.9,15.3,M,21.0,M,,*50
$GPRMC,082255.00,A,5933.52569,N,02449.73721,E,16.91,8.8,140625,,,A*57
$GPVTG,8.8,T,,M,16.91,N,31.31,K,A*02
$HEHDT,6.6,T*2F
$VWVHW,6.6,T,,M,17.09,N,31.65,K*74
$GPGSV,2,1,08,03,65,046,49,08,41,100,46,11,22,156,42,14,47,210,47*71
$GPGSV,2,2,08,17,66,268,49,22,21,316,40,28,10,356,39,31,58,126,49*73
$GAGSV,2,1,05,04,50,076,48,09,35,186,44,12,65,240,50,24,10,290,38*66
$GAGSV,2,2,05,31,18,026,40*56
$GPZDA,082255.00,14,06,2025,00,00*68
$GPGGA,082256.00,5933.53023,N,02449.73912,E,1,12,0.9,15.7,M,21.0,M,,*53
$GPRMC,082256.00,A,5933.53023,N,02449.73912,E,16.89,8.5,140625,,,A*54
$GPVTG,8.5,T,,M,16.89,N,31.28,K,A*0E
$HEHDT,7.0,T*28
$VWVHW,7.0,T,,M,17.10,N,31.68,K*76
$GPGGA,082257.00,5933.53493,N,02449.74065,E,1,12,0.9,15.0,M,21.0,M,,*54
$GPRMC,082257.00,A,5933.53493,N,02449.74065,E,16.76,8.7,140625,,,A*56
$GPVTG,8.7,T,,M,16.76,N,31.04,K,A*02
$HEHDT,7.0,T*28
$VWVHW,7.0,T,,M,17.09,N,31.65,K*73
$GPGGA,082258.00,5933.53908,N,02449.74081,E,1,12,0.9,15.2,M,21.0,M,,*5C
$GPRMC,082258.00,A,5933.53908,N,02449.74081,E,16.74,8.8,140625,,,A*51
$GPVTG,8.8,T,,M,16.74,N,31.01,K,A*0A
$HEHDT,7.1,T*29
$VWVHW,7.1,T,,M,17.01,N,31.51,K*7D
$GPGGA,082259.00,5933.54389,N,02449.74325,E,1,12,0.9,15.6,M,21.0,M,,*50
$GPRMC,082259.00,A,5933.54389,N,02449.74325,E,16.81,8.1,140625,,,A*5A
$GPVTG,8.1,T,,M,16.81,N,31.13,K,A*0A
$HEHDT,7.4,T*2C
$VWVHW,7.4,T,,M,16.96,N,31.41,K*76
$GPGGA,082300.00,5933.54860,N,02449.74393,E,1,12,0.9,15.3,M,21.0,M,,*59
$GPRMC,082300.00,A,5933.54860,N,02449.74393,E,16.94,8.6,140625,,,A*55
$GPVTG,8.6,T,,M,16.94,N,31.37,K,A*0F
$HEHDT,7.5,T*2D
$VWVHW,7.5,T,,M,16.82,N,31.15,K*73
$GPGSV,2,1,08,03,65,046,48,08,41,101,46,11,22,156,42,14,47,211,47*70
$GPGSV,2,2,08,17,66,268,49,22,21,316,41,28,10,356,39,31,58,126,49*72
$GAGSV,2,1,05,04,50,076,48,09,35,186,44,12,65,241,51,24,10,291,38*67
$GAGSV,2,2,05,31,18,026,40*56
$GPZDA,082300.00,14,06,2025,00,00*69
$GPGGA,082301.00,5933.55371,N,02449.74565,E,1,12,0.9,14.9,M,21.0,M,,*56
$GPRMC,082301.00,A,5933.55371,N,02449.74565,E,16.93,8.5,140625,,,A*55
$GPVTG,8.5,T,,M,16.93,N,31.36,K,A*0A
$HEHDT,7.0,T*28
$VWVHW,7.0,T,,M,17.09,N,31.66,K*70
$GPGGA,082302.00,5933.55756,N,02449.74789,E,1,12,0.9,14.6,M,21.0,M,,*5B
$GPRMC,082302.00,A,5933.55756,N,02449.74789,E,16.80,8.3,140625,,,A*53
$GPVTG,8.3,T,,M,16.80,N,31.11,K,A*0B
$HEHDT,6.7,T*2E
$VWVHW,6.7,T,,M,17.01,N,31.51,K*7A
$GPGGA,082303.00,5933.56246,N,02449.74888,E,1,12,0.9,14.8,M,21.0,M,,*5D
$GPRMC,082303.00,A,5933.56246,N,02449.74888,E,16.93,8.8,140625,,,A*52
$GPVTG,8.8,T,,M,16.93,N,31.35,K,A*04
$HEHDT,7.5,T*2D
$VWVHW,7.5,T,,M,17.09,N,31.66,K*75
$GPGGA,082304.00,5933.56708,N,02449.74955,E,1,12,0.9,15.5,M,21.0,M,,*58
$GPRMC,082304.00,A,5933.56708,N,02449.74955,E,16.93,8.8,140625,,,A*5B
$GPVTG,8.8,T,,M,16.93,N,31.36,K,A*07
$HEHDT,6.9,T*20
$VWVHW,6.9,T,,M,17.17,N,31.79,K*79
$GPGGA,082305.00,5933.57228,N,02449.75116,E,1,12,0.9,15.4,M,21.0,M,,*50
$GPRMC,082305.00,A,5933.57228,N,02449.75116,E,16.83,8.8,140625,,,A*53
$GPVTG,8.8,T,,M,16.83,N,31.16,K,A*04
$HEHDT,7.2,T*2A
$VWVHW,7.2,T,,M,17.08,N,31.64,K*71
$GPGSV,2,1,08,03,65,046,50,08,41,101,45,11,22,156,43,14,47,211,47*7B
$GPGSV,2,2,08,17,66,268,49,22,21,316,40,28,10,356,39,31,58,126,50*7B
$GAGSV,2,1,05,04,50,076,48,09,35,186,44,12,65,241,51,24,10,291,37*68
$GAGSV,2,2,05,31,18,026,40*56
$GPZDA,082305.00,14,06,2025,00,00*6C
$GPGGA,082306.00,5933.57672,N,02449.75280,E,1,12,0.9,15.6,M,21.0,M,,*56
$GPRMC,082306.00,A,5933.57672,N,02449.75280,E,16.87,8.6,140625,,,A*5D
$GPVTG,8.6,T,,M,16.87,N,31.24,K,A*0F
$HEHDT,7.0,T*28
$VWVHW,7.0,T,,M,17.00,N,31.49,K*74
$GPGGA,082307.00,5933.58086,N,02449.75409,E,1,12,0.9,15.9,M,21.0,M,,*5D
$GPRMC,082307.00,A,5933.58086,N,02449.75409,E,16.91,8.7,140625,,,A*5F
$GPVTG,8.7,T,,M,16.91,N,31.32,K,A*0E
$HEHDT,7.1,T*29
$VWVHW,7.1,T,,M,16.93,N,31.36,K*76
$GPGGA,082308.00,5933.58573,N,02449.75492,E,1,12,0.9,15.9,M,21.0,M,,*5F
$GPRMC,082308.00,A,5933.58573,N,02449.75492,E,16.72,8.4,140625,,,A*53
$GPVTG,8.4,T,,M,16.72,N,30.96,K,A*0F
$HEHDT,7.6,T*2E
$VWVHW,7.6,T,,M,17.11,N,31.68,K*71
$GPGGA,082309.00,5933.59049,N,02449.75819,E,1,12,0.9,16.1,M,21.0,M,,*57
$GPRMC,082309.00,A,5933.59049,N,02449.75819,E,16.84,8.1,140625,,,A*5C
$GPVTG,8.1,T,,M,16.84,N,31.18,K,A*04
$HEHDT,7.4,T*2C
$VWVHW,7.4,T,,M,17.02,N,31.53,K*79
$GPGGA,082310.00,5933.59532,N,02449.75845,E,1,12,0.9,16.5,M,21.0,M,,*5B
$GPRMC,082310.00,A,5933.59532,N,02449.75845,E,16.89,8.6,140625,,,A*5E
$GPVTG,8.6,T,,M,16.89,N,31.27,K,A*02
$HEHDT,7.2,T*2A
$VWVHW,7.2,T,,M,17.03,N,31.54,K*79
$GPGSV,2,1,08,03,65,046,48,08,41,101,45,11,22,156,43,14,47,211,46*73
$GPGSV,2,2,08,17,66,268,49,22,21,316,40,28,10,356,39,31,59,126,48*73
$GAGSV,2,1,05,04,50,076,48,09,35,186,45,12,65,241,51,24,10,291,38*66
$GAGSV,2,2,05,31,18,026,42*54
$GPZDA,082310.00,14,06,2025,00,00*68
$GPGGA,082311.00,5933.60007,N,02449.75884,E,1,12,0.9,16.3,M,21.0,M,,*58
$GPRMC,082311.00,A,5933.60007,N,02449.75884,E,16.75,8.6,140625,,,A*58
$GPVTG,8.6,T,,M,16.75,N,31.03,K,A*07
$HEHDT,7.0,T*28
$VWVHW,7.0,T,,M,16.92,N,31.33,K*73
$GPGGA,082312.00,5933.60402,N,02449.76025,E,1,12,0.9,15.5,M,21.0,M,,*5F
$GPRMC,082312.00,A,5933.60402,N,02449.76025,E,16.90,8.2,140625,,,A*55
$GPVTG,8.2,T,,M,16.90,N,31.29,K,A*00
$HEHDT,7.4,T*2C
$VWVHW,7.4,T,,M,16.94,N,31.37,K*75
$GPGGA,082313.00,5933.60891,N,02449.76305,E,1,12,0.9,16.4,M,21.0,M,,*5B
$GPRMC,082313.00,A,5933.60891,N,02449.76305,E,16.86,8.2,140625,,,A*54
$GPVTG,8.2,T,,M,16.86,N,31.23,K,A*0D
$HEHDT,7.3,T*2B
$VWVHW,7.3,T,,M,17.04,N,31.55,K*7E
$GPGGA,082314.00,5933.61376,N,02449.76271,E,1,12,0.9,16.0,M,21.0,M,,*59
$GPRMC,082314.00,A,5933.61376,N,02449.76271,E,16.86,8.7,140625,,,A*57
$GPVTG,8.7,T,,M,16.86,N,31.23,K,A*08
$HEHDT,7.4,T*2C
$VWVHW,7.4,T,,M,16.86,N,31.22,K*72
$GPGGA,082315.00,5933.61868,N,02449.76558,E,1,12,0.9,15.9,M,21.0,M,,*5A
$GPRMC,082315.00,A,5933.61868,N,02449.76558,E,16.80,8.6,140625,,,A*59
$GPVTG,8.6,T,,M,16.80,N,31.12,K,A*0D
$HEHDT,7.2,T*2A
$VWVHW,7.2,T,,M,16.90,N,31.29,K*78
$GPGSV,2,1,08,03,65,046,48,08,41,101,46,11,22,156,42,14,47,211,47*70
$GPGSV,2,2,08,17,66,268,50,22,21,316,40,28,10,356,39,31,59,126,49*7A
$GAGSV,2,1,05,04,50,076,48,09,35,186,45,12,65,241,51,24,10,291,36*68
$GAGSV,2,2,05,31,19,026,41*56
$GPZDA,082315.00,14,06,2025,00,00*6D
$GPGGA,082316.00,5933.62306,N,02449.76683,E,1,12,0.9,16.7,M,21.0,M,,*51
$GPRMC,082316.00,A,5933.62306,N,02449.76683,E,16.94,8.2,140625,,,A*5E
$GPVTG,8.2,T,,M,16.94,N,31.37,K,A*0B
$HEHDT,6.9,T*20
$VWVHW,6.9,T,,M,16.98,N,31.44,K*71
$GPGGA,082317.00,5933.62771,N,02449.76741,E,1,12,0.9,16.0,M,21.0,M,,*5C
$GPRMC,082317.00,A,5933.62771,N,02449.76741,E,16.91,8.6,140625,,,A*55
$GPVTG,8.6,T,,M,16.91,N,31.33,K,A*0E
$HEHDT,7.5,T*2D
$VWVHW,7.5,T,,M,16.83,N,31.17,K*70
$GPGGA,082318.00,5933.63197,N,02449.76907,E,1,12,0.9,16.4,M,21.0,M,,*54
$GPRMC,082318.00,A,5933.63197,N,02449.76907,E,16.83,8.6,140625,,,A*5A
$GPVTG,8.6,T,,M,16.83,N,31.17,K,A*0B
$HEHDT,7.0,T*28
$VWVHW,7.0,T,,M,16.95,N,31.40,K*70
$GPGGA,082319.00,5933.63678,N,02449.77057,E,1,12,0.9,16.2,M,21.0,M,,*58
$GPRMC,082319.00,A,5933.63678,N,02449.77057,E,16.82,8.4,140625,,,A*53
$GPVTG,8.4,T,,M,16.82,N,31.15,K,A*0A
$HEHDT,6.8,T*21
$VWVHW,6.8,T,,M,17.09,N,31.65,K*7A
$GPGGA,082320.00,5933.64158,N,02449.77166,E,1,12,0.9,15.7,M,21.0,M,,*55
$GPRMC,082320.00,A,5933.64158,N,02449.77166,E,16.99,8.8,140625,,,A*5E
$GPVTG,8.8,T,,M,16.99,N,31.46,K,A*0A
$HEHDT,7.2,T*2A
$VWVHW,7.2,T,,M,17.04,N,31.56,K*7C
$GPGSV,2,1,08,03,65,046,48,08,41,101,45,11,22,156,43,14,47,211,47*72
$GPGSV,2,2,08,17,66,268,49,22,21,316,41,28,10,356,39,31,59,126,49*73
$GAGSV,2,1,05,04,50,076,48,09,35,186,44,12,65,241,51,24,10,291,38*67
$GAGSV,2,2,05,31,19,026,42*55
$GPZDA,082320.00,14,06,2025,00,00*6B
$GPGGA,082321.00,5933.64560,N,02449.77296,E,1,12,0.9,15.8,M,21.0,M,,*58
$GPRMC,082321.00,A,5933.64560,N,02449.77296,E,16.83,8.6,140625,,,A*59
$GPVTG,8.6,T,,M,16.83,N,31.16,K,A*0A
$HEHDT,7.2,T*2A
$VWVHW,7.2,T,,M,17.03,N,31.54,K*79
$GPGGA,082322.00,5933.65052,N,02449.77456,E,1,12,0.9,15.8,M,21.0,M,,*54
$GPRMC,082322.00,A,5933.65052,N,02449.77456,E,16.85,8.2,140625,,,A*57
$GPVTG,8.2,T,,M,16.85,N,31.21,K,A*0C
$HEHDT,7.5,T*2D
$VWVHW,7.5,T,,M,16.87,N,31.24,K*74
$GPGGA,082323.00,5933.65535,N,02449.77590,E,1,12,0.9,15.5,M,21.0,M,,*57
$GPRMC,082323.00,A,5933.65535,N,02449.77590,E,16.92,8.7,140625,,,A*5A
$GPVTG,8.7,T,,M,16.92,N,31.34,K,A*0B
$HEHDT,7.3,T*2B
$VWVHW,7.3,T,,M,17.00,N,31.48,K*76
$GPGGA,082324.00,5933.65953,N,02449.77698,E,1,12,0.9,15.7,M,21.0,M,,*55
$GPRMC,082324.00,A,5933.65953,N,02449.77698,E,16.86,8.7,140625,,,A*5F
$GPVTG,8.7,T,,M,16.86,N,31.23,K,A*08
$HEHDT,6.8,T*21
$VWVHW,6.8,T,,M,17.04,N,31.56,K*77
$GPGGA,082325.00,5933.66443,N,02449.77794,E,1,12,0.9,16.2,M,21.0,M,,*50
$GPRMC,082325.00,A,5933.66443,N,02449.77794,E,16.88,8.2,140625,,,A*57
$GPVTG,8.2,T,,M,16.88,N,31.26,K,A*06
$HEHDT,6.9,T*20
$VWVHW,6.9,T,,M,16.83,N,31.17,K*7D
$GPGSV,2,1,08,03,65,046,47,08,41,101,45,11,22,156,43,14,47,211,47*7D
$GPGSV,2,2,08,17,66,268,49,22,21,316,41,28,10,356,39,31,59,126,48*72
$GAGSV,2,1,05,04,50,076,48,09,35,186,46,12,65,241,51,24,10,291,37*6A
$GAGSV,2,2,05,31,19,026,40*57
$GPZDA,082325.00,14,06,2025,00,00*6E
$GPGGA,082326.00,5933.66903,N,02449.77992,E,1,12,0.9,16.0,M,21.0,M,,*50
$GPRMC,082326.00,A,5933.66903,N,02449.77992,E,16.76,8.6,140625,,,A*50
$GPVTG,8.6,T,,M,16.76,N,31.04,K,A*03
$HEHDT,7.3,T*2B
$VWVHW,7.3,T,,M,17.00,N,31.49,K*77
$GPGGA,082327.00,5933.67429,N,02449.78110,E,1,12,0.9,15.4,M,21.0,M,,*5F
$GPRMC,082327.00,A,5933.67429,N,02449.78110,E,16.73,8.6,140625,,,A*5D
$GPVTG,8.6,T,,M,16.73,N,30.98,K,A*02
$HEHDT,7.3,T*2B
$VWVHW,7.3,T,,M,16.96,N,31.40,K*70
$GPGGA,082328.00,5933.67839,N,02449.78221,E,1,12,0.9,16.0,M,21.0,M,,*5B
$GPRMC,082328.00,A,5933.67839,N,02449.78221,E,16.84,8.5,140625,,,A*55
$GPVTG,8.5,T,,M,16.84,N,31.19,K,A*01
$HEHDT,6.8,T*21
$VWVHW,6.8,T,,M,17.05,N,31.58,K*78
$GPGGA,082329.00,5933.68313,N,02449.78335,E,1,12,0.9,15.8,M,21.0,M,,*59
$GPRMC,082329.00,A,5933.68313,N,02449.78335,E,16.92,8.7,140625,,,A*59
$GPVTG,8.7,T,,M,16.92,N,31.33,K,A*0C
$HEHDT,7.1,T*29
$VWVHW,7.1,T,,M,17.08,N,31.63,K*75
$GPGGA,082330.00,5933.68785,N,02449.78421,E,1,12,0.9,15.5,M,21.0,M,,*55
$GPRMC,082330.00,A,5933.68785,N,02449.78421,E,16.76,8.5,140625,,,A*50
$GPVTG,8.5,T,,M,16.76,N,31.04,K,A*00
$HEHDT,7.4,T*2C
$VWVHW,7.4,T,,M,17.01,N,31.50,K*79
$GPGSV,2,1,08,03,65,046,47,08,41,101,45,11,22,156,43,14,47,211,47*7D
$GPGSV,2,2,08,17,66,268,50,22,21,316,41,28,10,356,39,31,59,126,49*7B
$GAGSV,2,1,05,04,50,076,48,09,35,186,44,12,65,241,50,24,10,291,38*66
$GAGSV,2,2,05,31,19,026,41*56
$GPZDA,082330.00,14,06,2025,00,00*6A
$GPGGA,082331.00,5933.69213,N,02449.78599,E,1,12,0.9,15.8,M,21.0,M,,*50
$GPRMC,082331.00,A,5933.69213,N,02449.78599,E,16.77,8.4,140625,,,A*58
$GPVTG,8.4,T,,M,16.77,N,31.05,K,A*01
$HEHDT,7.3,T*2B
$VWVHW,7.3,T,,M,16.91,N,31.32,K*72
$GPGGA,082332.00,5933.69714,N,02449.78822,E,1,12,0.9,16.2,M,21.0,M,,*55
$GPRMC,082332.00,A,5933.69714,N,02449.78822,E,16.78,8.6,140625,,,A*59
$GPVTG,8.6,T,,M,16.78,N,31.08,K,A*01
$HEHDT,6.8,T*21
$VWVHW,6.8,T,,M,16.96,N,31.41,K*7B
$GPGGA,082333.00,5933.70180,N,02449.78968,E,1,12,0.9,16.0,M,21.0,M,,*5A
$GPRMC,082333.00,A,5933.70180,N,02449.78968,E,16.83,9.0,140625,,,A*57
$GPVTG,9.0,T,,M,16.83,N,31.17,K,A*0C
$HEHDT,7.0,T*28
$VWVHW,7.0,T,,M,17.16,N,31.78,K*71
$GPGGA,082334.00,5933.70569,N,02449.78919,E,1,12,0.9,16.2,M,21.0,M,,*5A
$GPRMC,082334.00,A,5933.70569,N,02449.78919,E,16.70,8.5,140625,,,A*5D
$GPVTG,8.5,T,,M,16.70,N,30.92,K,A*08
$HEHDT,6.7,T*2E
$VWVHW,6.7,T,,M,16.92,N,31.34,K*72
$GPGGA,082335.00,5933.71055,N,02449.79041,E,1,12,0.9,16.6,M,21.0,M,,*51
$GPRMC,082335.00,A,5933.71055,N,02449.79041,E,16.86,8.6,140625,,,A*58
$GPVTG,8.6,T,,M,16.86,N,31.22,K,A*08
$HEHDT,6.7,T*2E
$VWVHW,6.7,T,,M,16.98,N,31.44,K*7F
$GPGSV,2,1,08,03,65,046,47,08,41,101,46,11,22,156,43,14,47,211,46*7F
$GPGSV,2,2,08,17,66,268,49,22,21,316,41,28,10,356,39,31,59,126,50*7B
$GAGSV,2,1,05,04,50,076,48,09,35,186,45,12,65,241,50,24,10,291,37*68
$GAGSV,2,2,05,31,19,026,40*57
$GPZDA,082335.00,14,06,2025,00,00*6F
$GPGGA,082336.00,5933.71520,N,02449.79295,E,1,12,0.9,16.3,M,21.0,M,,*5B
$GPRMC,082336.00,A,5933.71520,N,02449.79295,E,16.83,8.6,140625,,,A*52
$GPVTG,8.6,T,,M,16.83,N,31.16,K,A*0A
$HEHDT,6.6,T*2F
$VWVHW,6.6,T,,M,16.94,N,31.37,K*76
$GPGGA,082337.00,5933.71939,N,02449.79360,E,1,12,0.9,16.2,M,21.0,M,,*54
$GPRMC,082337.00,A,5933.71939,N,02449.79360,E,16.82,8.6,140625,,,A*5D
$GPVTG,8.6,T,,M,16.82,N,31.16,K,A*0B
$HEHDT,6.8,T*21
$VWVHW,6.8,T,,M,17.06,N,31.60,K*70
$GPGGA,082338.00,5933.72391,N,02449.79550,E,1,12,0.9,16.6,M,21.0,M,,*51
$GPRMC,082338.00,A,5933.72391,N,02449.79550,E,16.86,8.1,140625,,,A*5F
$GPVTG,8.1,T,,M,16.86,N,31.22,K,A*0F
$HEHDT,6.9,T*20
$VWVHW,6.9,T,,M,16.97,N,31.44,K*7E
$GPGGA,082339.00,5933.72914,N,02449.79689,E,1,12,0.9,16.5,M,21.0,M,,*53
$GPRMC,082339.00,A,5933.72914,N,02449.79689,E,16.89,8.4,140625,,,A*54
$GPVTG,8.4,T,,M,16.89,N,31.27,K,A*00
$HEHDT,6.8,T*21
$VWVHW,6.8,T,,M,17.01,N,31.50,K*74
$GPGGA,082340.00,5933.73343,N,02449.79660,E,1,12,0.9,16.8,M,21.0,M,,*5E
$GPRMC,082340.00,A,5933.73343,N,02449.79660,E,16.67,8.7,140625,,,A*57
$GPVTG,8.7,T,,M,16.67,N,30.88,K,A*07
$HEHDT,6.8,T*21
$VWVHW,6.8,T,,M,16.92,N,31.34,K*7D
$GPGSV,2,1,08,03,65,046,47,08,41,101,44,11,22,156,43,14,47,211,48*73
$GPGSV,2,2,08,17,66,268,50,22,21,316,42,28,10,356,39,31,59,126,49*78
$GAGSV,2,1,05,04,50,076,47,09,35,186,45,12,65,241,50,24,10,291,38*68
$GAGSV,2,2,05,31,19,026,39*59
$GPZDA,082340.00,14,06,2025,00,00*6D
$GPGGA,082341.00,5933.73835,N,02449.79775,E,1,12,0.9,17.2,M,21.0,M,,*5B
$GPRMC,082341.00,A,5933.73835,N,02449.79775,E,16.76,8.4,140625,,,A*5A
$GPVTG,8.4,T,,M,16.76,N,31.05,K,A*00
$HEHDT,7.0,T*28
$VWVHW,7.0,T,,M,17.03,N,31.54,K*7B
$GPGGA,082342.00,5933.74282,N,02449.80011,E,1,12,0.9,16.9,M,21.0,M,,*50
$GPRMC,082342.00,A,5933.74282,N,02449.80011,E,16.76,8.9,140625,,,A*56
$GPVTG,8.9,T,,M,16.76,N,31.04,K,A*0C
$HEHDT,6.5,T*2C
$VWVHW,6.5,T,,M,16.96,N,31.41,K*76
$GPGGA,082343.00,5933.74755,N,02449.80157,E,1,12,0.9,17.0,M,21.0,M,,*55
$GPRMC,082343.00,A,5933.74755,N,02449.80157,E,17.13,8.3,140625,,,A*53
$GPVTG,8.3,T,,M,17.13,N,31.72,K,A*05
$HEHDT,6.7,T*2E
$VWVHW,6.7,T,,M,17.12,N,31.71,K*7A
$GPGGA,082344.00,5933.75156,N,02449.80241,E,1,12,0.9,16.1,M,21.0,M,,*52
$GPRMC,082344.00,A,5933.75156,N,02449.80241,E,16.71,8.7,140625,,,A*55
$GPVTG,8.7,T,,M,16.71,N,30.95,K,A*0C
$HEHDT,7.2,T*2A
$VWVHW,7.2,T,,M,16.99,N,31.47,K*79
$GPGGA,082345.00,5933.75682,N,02449.80450,E,1,12,0.9,16.8,M,21.0,M,,*52
$GPRMC,082345.00,A,5933.75682,N,02449.80450,E,16.87,8.7,140625,,,A*55
$GPVTG,8.7,T,,M,16.87,N,31.24,K,A*0E
$HEHDT,7.0,T*28
$VWVHW,7.0,T,,M,16.84,N,31.19,K*7C
$GPGSV,2,1,08,03,65,046,49,08,41,101,46,11,22,156,42,14,47,211,48*7E
$GPGSV,2,2,08,17,66,268,49,22,21,316,41,28,10,356,37,31,59,126,49*7D
$GAGSV,2,1,05,04,50,076,47,09,35,186,45,12,65,241,50,24,10,291,39*69
$GAGSV,2,2,05,31,19,026,40*57
$GPZDA,082345.00,14,06,2025,00,00*68
$GPGGA,082346.00,5933.76169,N,02449.80469,E,1,12,0.9,16.1,M,21.0,M,,*53
$GPRMC,082346.00,A,5933.76169,N,02449.80469,E,16.72,8.6,140625,,,A*56
$GPVTG,8.6,T,,M,16.72,N,30.97,K,A*0C
$HEHDT,7.4,T*2C
$VWVHW,7.4,T,,M,16.83,N,31.17,K*71
$GPGGA,082347.00,5933.76628,N,02449.80614,E,1,12,0.9,16.7,M,21.0,M,,*5E
$GPRMC,082347.00,A,5933.76628,N,02449.80614,E,16.73,9.0,140625,,,A*5B
$GPVTG,9.0,T,,M,16.73,N,30.99,K,A*04
$HEHDT,7.1,T*29
$VWVHW,7.1,T,,M,16.88,N,31.26,K*7D
$GPGGA,082348.00,5933.77107,N,02449.80736,E,1,12,0.9,16.1,M,21.0,M,,*5D
$GPRMC,082348.00,A,5933.77107,N,02449.80736,E,16.87,8.6,140625,,,A*52
$GPVTG,8.6,T,,M,16.87,N,31.25,K,A*0E
$HEHDT,6.8,T*21
$VWVHW,6.8,T,,M,16.92,N,31.33,K*7A
$GPGGA,082349.00,5933.77511,N,02449.80861,E,1,12,1.0,15.9,M,21.0,M,,*51
$GPRMC,082349.00,A,5933.77511,N,02449.80861,E,16.80,9.0,140625,,,A*5D
$GPVTG,9.0,T,,M,16.80,N,31.12,K,A*0A
$HEHDT,7.8,T*20
$VWVHW,7.8,T,,M,17.05,N,31.58,K*79
$GPGGA,082350.00,5933.77945,N,02449.81069,E,1,12,1.0,16.4,M,21.0,M,,*5B
$GPRMC,082350.00,A,5933.77945,N,02449.81069,E,16.76,8.6,140625,,,A*57
$GPVTG,8.6,T,,M,16.76,N,31.05,K,A*02
$HEHDT,7.0,T*28
$VWVHW,7.0,T,,M,16.95,N,31.38,K*7F
$GPGSV,2,1,08,03,66,046,48,08,41,101,46,11,22,156,42,14,47,211,48*7C
$GPGSV,2,2,08,17,66,268,50,22,22,316,41,28,10,356,38,31,59,126,49*79
$GAGSV,2,1,05,04,50,076,47,09,35,186,44,12,65,241,51,24,10,291,39*69
$GAGSV,2,2,05,31,19,026,39*59
$GPZDA,082350.00,14,06,2025,00,00*6C
$GPGGA,082351.00,5933.78436,N,02449.81131,E,1,12,1.0,16.3,M,21.0,M,,*57
$GPRMC,082351.00,A,5933.78436,N,02449.81131,E,16.76,8.7,140625,,,A*5D
$GPVTG,8.7,T,,M,16.76,N,31.03,K,A*05
$HEHDT,7.2,T*2A
$VWVHW,7.2,T,,M,17.06,N,31.60,K*7B
$GPGGA,082352.00,5933.78885,N,02449.81244,E,1,12,1.0,16.1,M,21.0,M,,*53
$GPRMC,082352.00,A,5933.78885,N,02449.81244,E,16.77,8.3,140625,,,A*5E
$GPVTG,8.3,T,,M,16.77,N,31.06,K,A*05
$HEHDT,7.0,T*28
$VWVHW,7.0,T,,M,16.90,N,31.29,K*7A
$GPGGA,082353.00,5933.79336,N,02449.81387,E,1,12,1.0,16.3,M,21.0,M,,*5C
$GPRMC,082353.00,A,5933.79336,N,02449.81387,E,16.85,8.0,140625,,,A*5D
$GPVTG,8.0,T,,M,16.85,N,31.21,K,A*0E
$HEHDT,7.2,T*2A
$VWVHW,7.2,T,,M,17.01,N,31.51,K*7E
$GPGGA,082354.00,5933.79813,N,02449.81561,E,1,12,1.0,16.2,M,21.0,M,,*58
$GPRMC,082354.00,A,5933.79813,N,02449.81561,E,16.80,8.3,140625,,,A*5E
$GPVTG,8.3,T,,M,16.80,N,31.11,K,A*0B
$HEHDT,6.8,T*21
$VWVHW,6.8,T,,M,16.97,N,31.43,K*78
$GPGGA,082355.00,5933.80278,N,02449.81574,E,1,12,1.0,16.0,M,21.0,M,,*5E
$GPRMC,082355.00,A,5933.80278,N,02449.81574,E,16.87,8.1,140625,,,A*5F
$GPVTG,8.1,T,,M,16.87,N,31.25,K,A*09
$HEHDT,7.0,T*28
$VWVHW,7.0,T,,M,17.02,N,31.52,K*7C
$GPGSV,2,1,08,03,66,046,50,08,41,101,47,11,22,156,42,14,47,211,48*74
$GPGSV,2,2,08,17,66,268,50,22,22,316,41,28,10,356,38,31,59,126,49*79
$GAGSV,2,1,05,04,50,076,47,09,35,186,46,12,65,241,50,24,10,291,38*6B
$GAGSV,2,2,05,31,19,026,40*57
$GPZDA,082355.00,14,06,2025,00,00*69
$GPGGA,082356.00,5933.80738,N,02449.81836,E,1,12,1.0,16.1,M,21.0,M,,*56
$GPRMC,082356.00,A,5933.80738,N,02449.81836,E,16.85,8.4,140625,,,A*51
$GPVTG,8.4,T,,M,16.85,N,31.20,K,A*0B
$HEHDT,7.1,T*29
$VWVHW,7.1,T,,M,16.90,N,31.30,K*73
$GPGGA,082357.00,5933.81162,N,02449.81912,E,1,12,1.0,16.9,M,21.0,M,,*50
$GPRMC,082357.00,A,5933.81162,N,02449.81912,E,16.72,8.5,140625,,,A*56
$GPVTG,8.5,T,,M,16.72,N,30.96,K,A*0E
$HEHDT,7.3,T*2B
$VWVHW,7.3,T,,M,16.95,N,31.39,K*7D
$GPGGA,082358.00,5933.81667,N,02449.81967,E,1,12,1.0,16.1,M,21.0,M,,*57
$GPRMC,082358.00,A,5933.81667,N,02449.81967,E,16.77,8.5,140625,,,A*5C
$GPVTG,8.5,T,,M,16.77,N,31.06,K,A*03
$HEHDT,7.0,T*28
$VWVHW,7.0,T,,M,16.81,N,31.13,K*73
$GPGGA,082359.00,5933.82149,N,02449.82113,E,1,12,1.0,16.0,M,21.0,M,,*57
$GPRMC,082359.00,A,5933.82149,N,02449.82113,E,16.61,8.4,140625,,,A*5B
$GPVTG,8.4,T,,M,16.61,N,30.77,K,A*02
$HEHDT,7.1,T*29
$VWVHW,7.1,T,,M,16.89,N,31.28,K*72
$GPGGA,082400.00,5933.82555,N,02449.82283,E,1,12,1.0,16.2,M,21.0,M,,*5D
$GPRMC,082400.00,A,5933.82555,N,02449.82283,E,16.77,8.3,140625,,,A*53
$GPVTG,8.3,T,,M,16.77,N,31.06,K,A*05
$HEHDT,7.0,T*28
$VWVHW,7.0,T,,M,16.98,N,31.45,K*78
$GPGSV,2,1,08,03,66,046,49,08,41,101,46,11,22,156,42,14,47,211,48*7D
$GPGSV,2,2,08,17,66,268,49,22,22,316,40,28,10,356,39,31,59,126,49*71
$GAGSV,2,1,05,04,50,076,47,09,35,186,46,12,65,241,50,24,10,291,38*6B
$GAGSV,2,2,05,31,19,026,40*57
$GPZDA,082400.00,14,06,2025,00,00*6E
$GPGGA,082401.00,5933.83050,N,02449.82498,E,1,12,1.0,16.5,M,21.0,M,,*56
$GPRMC,082401.00,A,5933.83050,N,02449.82498,E,16.82,8.4,140625,,,A*52
$GPVTG,8.4,T,,M,16.82,N,31.15,K,A*0A
$HEHDT,6.9,T*20
$VWVHW,6.9,T,,M,17.10,N,31.68,K*7E
$GPGGA,082402.00,5933.83502,N,02449.82613,E,1,12,1.0,16.6,M,21.0,M,,*55
$GPRMC,082402.00,A,5933.83502,N,02449.82613,E,16.86,8.5,140625,,,A*57
$GPVTG,8.5,T,,M,16.86,N,31.22,K,A*0B
$HEHDT,7.4,T*2C
$VWVHW,7.4,T,,M,16.82,N,31.15,K*72
$GPGGA,082403.00,5933.83938,N,02449.82779,E,1,12,1.0,17.3,M,21.0,M,,*58
$GPRMC,082403.00,A,5933.83938,N,02449.82779,E,16.86,8.6,140625,,,A*5D
$GPVTG,8.6,T,,M,16.86,N,31.23,K,A*09
$HEHDT,6.8,T*21
$VWVHW,6.8,T,,M,16.98,N,31.44,K*70
$GPGGA,082404.00,5933.84434,N,02449.82816,E,1,12,1.0,16.6,M,21.0,M,,*5B
$GPRMC,082404.00,A,5933.84434,N,02449.82816,E,16.76,8.4,140625,,,A*57
$GPVTG,8.4,T,,M,16.76,N,31.03,K,A*06
$HEHDT,7.0,T*28
$VWVHW,7.0,T,,M,17.06,N,31.60,K*79
$GPGGA,082405.00,5933.84860,N,02449.82925,E,1,12,1.0,16.8,M,21.0,M,,*58
$GPRMC,082405.00,A,5933.84860,N,02449.82925,E,16.93,8.5,140625,,,A*50
$GPVTG,8.5,T,,M,16.93,N,31.36,K,A*0A
$HEHDT,7.1,T*29
$VWVHW,7.1,T,,M,16.96,N,31.40,K*72
$GPGSV,2,1,08,03,66,046,49,08,41,101,47,11,22,156,43,14,47,211,48*7D
$GPGSV,2,2,08,17,66,268,49,22,22,316,40,28,10,356,39,31,59,126,48*70
$GAGSV,2,1,05,04,50,076,46,09,35,186,46,12,65,241,50,24,10,291,38*6A
$GAGSV,2,2,05,31,19,026,41*56
$GPZDA,082405.00,14,06,2025,00,00*6B
$GPGGA,082406.00,5933.85351,N,02449.83089,E,1,12,1.0,17.6,M,21.0,M,,*52
$GPRMC,082406.00,A,5933.85351,N,02449.83089,E,16.73,8.3,140625,,,A*5D
$GPVTG,8.3,T,,M,16.73,N,30.98,K,A*07
$HEHDT,7.5,T*2D
$VWVHW,7.5,T,,M,17.05,N,31.58,K*74
$GPGGA,082407.00,5933.85837,N,02449.83221,E,1,12,1.0,16.6,M,21.0,M,,*59
$GPRMC,082407.00,A,5933.85837,N,02449.83221,E,16.91,8.4,140625,,,A*5C
$GPVTG,8.4,T,,M,16.91,N,31.31,K,A*0E
$HEHDT,7.3,T*2B
$VWVHW,7.3,T,,M,16.98,N,31.45,K*7B
$GPGGA,082408.00,5933.86251,N,02449.83312,E,1,12,1.0,17.4,M,21.0,M,,*5D
$GPRMC,082408.00,A,5933.86251,N,02449.83312,E,16.99,8.4,140625,,,A*53
$GPVTG,8.4,T,,M,16.99,N,31.46,K,A*06
$HEHDT,7.3,T*2B
$VWVHW,7.3,T,,M,16.85,N,31.20,K*74
$GPGGA,082409.00,5933.86696,N,02449.83470,E,1,12,1.0,17.2,M,21.0,M,,*56
$GPRMC,082409.00,A,5933.86696,N,02449.83470,E,16.82,8.5,140625,,,A*55
$GPVTG,8.5,T,,M,16.82,N,31.15,K,A*0B
$HEHDT,6.9,T*20
$VWVHW,6.9,T,,M,16.98,N,31.45,K*70
$GPGGA,082410.00,5933.87196,N,02449.83587,E,1,12,1.0,17.7,M,21.0,M,,*54
$GPRMC,082410.00,A,5933.87196,N,02449.83587,E,16.79,8.5,140625,,,A*56
$GPVTG,8.5,T,,M,16.79,N,31.10,K,A*0A
$HEHDT,7.0,T*28
$VWVHW,7.0,T,,M,16.99,N,31.46,K*7A
$GPGSV,2,1,08,03,66,046,49,08,41,101,44,11,22,156,43,14,47,211,48*7E
$GPGSV,2,2,08,17,66,268,50,22,22,316,41,28,11,356,38,31,59,126,49*78
$GAGSV,2,1,05,04,50,076,46,09,35,186,46,12,65,241,49,24,10,291,37*6D
$GAGSV,2,2,05,31,19,026,42*55
$GPZDA,082410.00,14,06,2025,00,00*6F
$GPGGA,082411.00,5933.87617,N,02449.83692,E,1,12,1.0,17.0,M,21.0,M,,*5B
$GPRMC,082411.00,A,5933.87617,N,02449.83692,E,16.90,8.7,140625,,,A*5B
$GPVTG,8.7,T,,M,16.90,N,31.30,K,A*0D
$HEHDT,7.4,T*2C
$VWVHW,7.4,T,,M,16.92,N,31.34,K*70
$GPGGA,082412.00,5933.88112,N,02449.83842,E,1,12,1.0,16.6,M,21.0,M,,*51
$GPRMC,082412.00,A,5933.88112,N,02449.83842,E,16.78,7.9,140625,,,A*51
$GPVTG,7.9,T,,M,16.78,N,31.07,K,A*0E
$HEHDT,6.8,T*21
$VWVHW,6.8,T,,M,16.96,N,31.41,K*7B
$GPGGA,082413.00,5933.88604,N,02449.84032,E,1,12,1.0,17.0,M,21.0,M,,*5F
$GPRMC,082413.00,A,5933.88604,N,02449.84032,E,16.75,8.2,140625,,,A*51
$GPVTG,8.2,T,,M,16.75,N,31.02,K,A*02
$HEHDT,7.0,T*28
$VWVHW,7.0,T,,M,16.93,N,31.35,K*74
$GPGGA,082414.00,5933.89044,N,02449.84105,E,1,12,1.0,17.1,M,21.0,M,,*5F
$GPRMC,082414.00,A,5933.89044,N,02449.84105,E,16.90,8.2,140625,,,A*5B
$GPVTG,8.2,T,,M,16.90,N,31.29,K,A*00
$HEHDT,7.3,T*2B
$VWVHW,7.3,T,,M,17.03,N,31.55,K*79
$GPGGA,082415.00,5933.89530,N,02449.84328,E,1,12,1.0,17.2,M,21.0,M,,*56
$GPRMC,082415.00,A,5933.89530,N,02449.84328,E,16.98,8.2,140625,,,A*59
$GPVTG,8.2,T,,M,16.98,N,31.44,K,A*03
$HEHDT,7.1,T*29
$VWVHW,7.1,T,,M,17.00,N,31.48,K*74
$GPGSV,2,1,08,03,66,046,49,08,41,101,46,11,22,156,42,14,47,211,48*7D
$GPGSV,2,2,08,17,66,268,49,22,22,316,41,28,11,356,39,31,59,126,48*70
$GAGSV,2,1,05,04,50,076,47,09,35,186,44,12,65,241,50,24,10,291,38*69
$GAGSV,2,2,05,31,19,026,42*55
$GPZDA,082415.00,14,06,2025,00,00*6A
$GPGGA,082416.00,5933.89976,N,02449.84425,E,1,12,1.0,17.3,M,21.0,M,,*50
$GPRMC,082416.00,A,5933.89976,N,02449.84425,E,16.92,8.1,140625,,,A*57
$GPVTG,8.1,T,,M,16.92,N,31.33,K,A*0A
$HEHDT,7.3,T*2B
$VWVHW,7.3,T,,M,17.09,N,31.66,K*73
$GPGGA,082417.00,5933.90414,N,02449.84542,E,1,12,1.0,17.9,M,21.0,M,,*5A
$GPRMC,082417.00,A,5933.90414,N,02449.84542,E,16.90,8.7,140625,,,A*53
$GPVTG,8.7,T,,M,16.90,N,31.30,K,A*0D
$HEHDT,7.3,T*2B
$VWVHW,7.3,T,,M,17.11,N,31.69,K*75
$GPGGA,082418.00,5933.90901,N,02449.84672,E,1,12,1.0,17.9,M,21.0,M,,*5C
$GPRMC,082418.00,A,5933.90901,N,02449.84672,E,16.85,8.1,140625,,,A*57
$GPVTG,8.1,T,,M,16.85,N,31.21,K,A*0F
$HEHDT,7.1,T*29
$VWVHW,7.1,T,,M,16.85,N,31.21,K*77
$GPGGA,082419.00,5933.91311,N,02449.84822,E,1,12,1.0,17.8,M,21.0,M,,*5D
$GPRMC,082419.00,A,5933.91311,N,02449.84822,E,16.77,8.7,140625,,,A*5C
$GPVTG,8.7,T,,M,16.77,N,31.06,K,A*01
$HEHDT,6.8,T*21
$VWVHW,6.8,T,,M,17.05,N,31.57,K*77
$GPGGA,082420.00,5933.91806,N,02449.84983,E,1,12,1.0,17.9,M,21.0,M,,*51
$GPRMC,082420.00,A,5933.91806,N,02449.84983,E,16.97,8.2,140625,,,A*5A
$GPVTG,8.2,T,,M,16.97,N,31.43,K,A*0B
$HEHDT,7.5,T*2D
$VWVHW,7.5,T,,M,17.01,N,31.51,K*79
$GPGSV,2,1,08,03,66,046,50,08,41,101,46,11,22,156,43,14,47,211,49*75
$GPGSV,2,2,08,17,66,268,50,22,22,316,40,28,11,356,38,31,59,126,48*78
$GAGSV,2,1,05,04,50,076,47,09,35,186,45,12,65,241,50,24,10,291,37*67
$GAGSV,2,2,05,31,19,026,41*56
$GPZDA,082420.00,14,06,2025,00,00*6C
$GPGGA,082421.00,5933.92250,N,02449.85161,E,1,12,1.0,17.1,M,21.0,M,,*57
$GPRMC,082421.00,A,5933.92250,N,02449.85161,E,16.87,9.0,140625,,,A*56
$GPVTG,9.0,T,,M,16.87,N,31.24,K,A*08
$HEHDT,6.8,T*21
$VWVHW,6.8,T,,M,17.03,N,31.54,K*72
$GPGGA,082422.00,5933.92783,N,02449.85250,E,1,12,1.0,17.6,M,21.0,M,,*59
$GPRMC,082422.00,A,5933.92783,N,02449.85250,E,16.74,8.4,140625,,,A*56
$GPVTG,8.4,T,,M,16.74,N,31.01,K,A*06
$HEHDT,6.8,T*21
$VWVHW,6.8,T,,M,17.07,N,31.62,K*73
$GPGGA,082423.00,5933.93168,N,02449.85340,E,1,12,1.0,17.6,M,21.0,M,,*5A
$GPRMC,082423.00,A,5933.93168,N,02449.85340,E,16.91,8.2,140625,,,A*58
$GPVTG,8.2,T,,M,16.91,N,31.32,K,A*0B
$HEHDT,7.0,T*28
$VWVHW,7.0,T,,M,16.89,N,31.28,K*73
$GPGGA,082424.00,5933.93607,N,02449.85504,E,1,12,1.0,17.5,M,21.0,M,,*56
$GPRMC,082424.00,A,5933.93607,N,02449.85504,E,16.75,8.3,140625,,,A*5C
$GPVTG,8.3,T,,M,16.75,N,31.03,K,A*02
$HEHDT,7.4,T*2C
$VWVHW,7.4,T,,M,16.97,N,31.42,K*74
$GPGGA,082425.00,5933.94058,N,02449.85715,E,1,12,1.0,17.2,M,21.0,M,,*59
$GPRMC,082425.00,A,5933.94058,N,02449.85715,E,16.92,8.0,140625,,,A*5E
$GPVTG,8.0,T,,M,16.92,N,31.33,K,A*0B
$HEHDT,6.9,T*20
$VWVHW,6.9,T,,M,17.10,N,31.66,K*70
$GPGSV,2,1,08,03,66,046,50,08,41,101,45,11,22,156,41,14,47,211,49*74
$GPGSV,2,2,08,17,66,268,50,22,22,316,40,28,11,356,39,31,59,126,48*79
$GAGSV,2,1,05,04,50,076,46,09,35,186,45,12,65,241,49,24,10,291,38*61
$GAGSV,2,2,05,31,19,026,41*56
$GPZDA,082425.00,14,06,2025,00,00*69
$GPGGA,082426.00,5933.94540,N,02449.85847,E,1,12,1.0,17.6,M,21.0,M,,*5A
$GPRMC,082426.00,A,5933.94540,N,02449.85847,E,16.85,8.3,140625,,,A*5C
$GPVTG,8.3,T,,M,16.85,N,31.21,K,A*0D
$HEHDT,7.0,T*28
$VWVHW,7.0,T,,M,16.97,N,31.43,K*71
$GPGGA,082427.00,5933.95018,N,02449.86002,E,1,12,1.0,17.0,M,21.0,M,,*5E
$GPRMC,082427.00,A,5933.95018,N,02449.86002,E,16.88,8.7,140625,,,A*57
$GPVTG,8.7,T,,M,16.88,N,31.27,K,A*02
$HEHDT,7.0,T*28
$VWVHW,7.0,T,,M,17.12,N,31.71,K*7C
$GPGGA,082428.00,5933.95481,N,02449.86101,E,1,12,1.0,17.0,M,21.0,M,,*57
$GPRMC,082428.00,A,5933.95481,N,02449.86101,E,16.96,8.7,140625,,,A*51
$GPVTG,8.7,T,,M,16.96,N,31.41,K,A*0D
$HEHDT,7.2,T*2A
$VWVHW,7.2,T,,M,17.14,N,31.74,K*7D
$GPGGA,082429.00,5933.95957,N,02449.86266,E,1,12,1.0,16.6,M,21.0,M,,*55
$GPRMC,082429.00,A,5933.95957,N,02449.86266,E,16.79,8.1,140625,,,A*53
$GPVTG,8.1,T,,M,16.79,N,31.10,K,A*0E
$HEHDT,6.9,T*20
$VWVHW,6.9,T,,M,17.14,N,31.75,K*76
$GPGGA,082430.00,5933.96383,N,02449.86390,E,1,12,1.0,16.9,M,21.0,M,,*5A
$GPRMC,082430.00,A,5933.96383,N,02449.86390,E,16.87,8.4,140625,,,A*57
$GPVTG,8.4,T,,M,16.87,N,31.25,K,A*0C
$HEHDT,6.9,T*20
$VWVHW,6.9,T,,M,17.04,N,31.56,K*76
$GPGSV,2,1,08,03,66,046,49,08,41,101,45,11,22,156,41,14,47,211,48*7D
$GPGSV,2,2,08,17,66,268,48,22,22,316,40,28,11,356,39,31,59,126,49*71
$GAGSV,2,1,05,04,50,076,47,09,35,186,45,12,65,241,51,24,10,291,38*69
$GAGSV,2,2,05,31,19,026,41*56
$GPZDA,082430.00,14,06,2025,00,00*6D
$GPGGA,082431.00,5933.96873,N,02449.86495,E,1,12,1.0,16.8,M,21.0,M,,*5C
$GPRMC,082431.00,A,5933.96873,N,02449.86495,E,16.96,8.3,140625,,,A*57
$GPVTG,8.3,T,,M,16.96,N,31.42,K,A*0A
$HEHDT,7.0,T*28
$VWVHW,7.0,T,,M,17.09,N,31.66,K*70
$GPGGA,082432.00,5933.97285,N,02449.86527,E,1,12,1.0,16.4,M,21.0,M,,*59
$GPRMC,082432.00,A,5933.97285,N,02449.86527,E,16.93,8.2,140625,,,A*5A
$GPVTG,8.2,T,,M,16.93,N,31.36,K,A*0D
$HEHDT,6.7,T*2E
$VWVHW,6.7,T,,M,17.20,N,31.85,K*70
$GPGGA,082433.00,5933.97787,N,02449.86683,E,1,12,1.0,16.4,M,21.0,M,,*52
$GPRMC,082433.00,A,5933.97787,N,02449.86683,E,16.85,8.4,140625,,,A*50
$GPVTG,8.4,T,,M,16.85,N,31.21,K,A*0A
$HEHDT,7.1,T*29
$VWVHW,7.1,T,,M,17.02,N,31.52,K*7D
$GPGGA,082434.00,5933.98228,N,02449.86765,E,1,12,1.0,16.9,M,21.0,M,,*5E
$GPRMC,082434.00,A,5933.98228,N,02449.86765,E,16.85,8.5,140625,,,A*50
$GPVTG,8.5,T,,M,16.85,N,31.20,K,A*0A
$HEHDT,7.5,T*2D
$VWVHW,7.5,T,,M,17.07,N,31.60,K*7D
$GPGGA,082435.00,5933.98656,N,02449.87024,E,1,12,1.0,16.6,M,21.0,M,,*5E
$GPRMC,082435.00,A,5933.98656,N,02449.87024,E,16.95,8.4,140625,,,A*5F
$GPVTG,8.4,T,,M,16.95,N,31.39,K,A*02
$HEHDT,6.9,T*20
$VWVHW,6.9,T,,M,16.92,N,31.33,K*7B
$GPGSV,2,1,08,03,66,046,50,08,41,101,45,11,22,156,42,14,47,211,49*77
$GPGSV,2,2,08,17,66,268,49,22,22,316,41,28,11,356,38,31,59,126,49*70
$GAGSV,2,1,05,04,50,076,47,09,35,186,45,12,65,241,49,24,10,291,39*61
$GAGSV,2,2,05,31,19,026,42*55
$GPZDA,082435.00,14,06,2025,00,00*68
$GPGGA,082436.00,5933.99152,N,02449.87063,E,1,12,1.0,16.8,M,21.0,M,,*52
$GPRMC,082436.00,A,5933.99152,N,02449.87063,E,16.85,8.5,140625,,,A*5D
$GPVTG,8.5,T,,M,16.85,N,31.20,K,A*0A
$HEHDT,7.0,T*28
$VWVHW,7.0,T,,M,16.97,N,31.43,K*71
$GPGGA,082437.00,5933.99635,N,02449.87263,E,1,12,1.0,17.7,M,21.0,M,,*59
$GPRMC,082437.00,A,5933.99635,N,02449.87263,E,17.04,8.1,140625,,,A*54
$GPVTG,8.1,T,,M,17.04,N,31.55,K,A*04
$HEHDT,7.1,T*29
$VWVHW,7.1,T,,M,17.04,N,31.56,K*7F
$GPGGA,082438.00,5934.00077,N,02449.87357,E,1,12,1.0,17.0,M,21.0,M,,*50
$GPRMC,082438.00,A,5934.00077,N,02449.87357,E,16.77,8.4,140625,,,A*5A
$GPVTG,8.4,T,,M,16.77,N,31.05,K,A*01
$HEHDT,7.2,T*2A
$VWVHW,7.2,T,,M,17.08,N,31.64,K*71
$GPGGA,082439.00,5934.00521,N,02449.87518,E,1,12,1.0,16.9,M,21.0,M,,*52
$GPRMC,082439.00,A,5934.00521,N,02449.87518,E,16.80,8.7,140625,,,A*5B
$GPVTG,8.7,T,,M,16.80,N,31.11,K,A*0F
$HEHDT,7.0,T*28
$VWVHW,7.0,T,,M,17.06,N,31.59,K*73
$GPGGA,082440.00,5934.01001,N,02449.87714,E,1,12,1.0,16.9,M,21.0,M,,*54
$GPRMC,082440.00,A,5934.01001,N,02449.87714,E,16.88,8.0,140625,,,A*52
$GPVTG,8.0,T,,M,16.88,N,31.27,K,A*05
$HEHDT,7.3,T*2B
$VWVHW,7.3,T,,M,17.10,N,31.67,K*7A
$GPGSV,2,1,08,03,66,046,49,08,41,101,45,11,22,156,40,14,47,211,48*7C
$GPGSV,2,2,08,17,66,268,49,22,22,316,41,28,11,356,40,31,59,126,48*7E
$GAGSV,2,1,05,04,50,076,47,09,35,186,45,12,65,241,50,24,10,291,38*68
$GAGSV,2,2,05,31,19,026,41*56
$GPZDA,082440.00,14,06,2025,00,00*6A
$GPGGA,082441.00,5934.01453,N,02449.87770,E,1,12,1.0,16.6,M,21.0,M,,*5B
$GPRMC,082441.00,A,5934.01453,N,02449.87770,E,16.97,8.7,140625,,,A*5B
$GPVTG,8.7,T,,M,16.97,N,31.43,K,A*0E
$HEHDT,7.1,T*29
$VWVHW,7.1,T,,M,17.12,N,31.70,K*7C
$GPGGA,082442.00,5934.01865,N,02449.87960,E,1,12,1.0,16.4,M,21.0,M,,*5C
$GPRMC,082442.00,A,5934.01865,N,02449.87960,E,16.90,8.6,140625,,,A*58
$GPVTG,8.6,T,,M,16.90,N,31.29,K,A*04
$HEHDT,7.0,T*28
$VWVHW,7.0,T,,M,17.18,N,31.82,K*7A
$GPGGA,082443.00,5934.02353,N,02449.88025,E,1,12,1.0,16.4,M,21.0,M,,*57
$GPRMC,082443.00,A,5934.02353,N,02449.88025,E,16.98,8.1,140625,,,A*5C
$GPVTG,8.1,T,,M,16.98,N,31.45,K,A*01
$HEHDT,7.2,T*2A
$VWVHW,7.2,T,,M,17.04,N,31.55,K*7F
$GPGGA,082444.00,5934.02825,N,02449.88059,E,1,12,1.0,16.7,M,21.0,M,,*52
$GPRMC,082444.00,A,5934.02825,N,02449.88059,E,16.93,8.6,140625,,,A*56
$GPVTG,8.6,T,,M,16.93,N,31.36,K,A*09
$HEHDT,7.3,T*2B
$VWVHW,7.3,T,,M,16.97,N,31.43,K*72
$GPGGA,082445.00,5934.03335,N,02449.88373,E,1,12,1.0,16.6,M,21.0,M,,*52
$GPRMC,082445.00,A,5934.03335,N,02449.88373,E,16.89,8.4,140625,,,A*5E
$GPVTG,8.4,T,,M,16.89,N,31.28,K,A*0F
$HEHDT,7.2,T*2A
$VWVHW,7.2,T,,M,17.05,N,31.57,K*7C
$GPGSV,2,1,08,03,66,046,48,08,41,101,46,11,22,156,40,14,47,211,49*7F
$GPGSV,2,2,08,17,66,268,50,22,22,316,41,28,11,356,38,31,59,126,48*79
$GAGSV,2,1,05,04,50,076,47,09,35,186,44,12,65,241,49,24,10,291,39*60
$GAGSV,2,2,05,31,19,026,42*55
$GPZDA,082445.00,14,06,2025,00,00*6F
$GPGGA,082446.00,5934.03775,N,02449.88359,E,1,12,1.0,17.8,M,21.0,M,,*56
$GPRMC,082446.00,A,5934.03775,N,02449.88359,E,16.96,8.1,140625,,,A*5E
$GPVTG,8.1,T,,M,16.96,N,31.41,K,A*0B
$HEHDT,7.1,T*29
$VWVHW,7.1,T,,M,17.17,N,31.80,K*76
$GPGGA,082447.00,5934.04254,N,02449.88449,E,1,12,1.0,16.8,M,21.0,M,,*51
$GPRMC,082447.00,A,5934.04254,N,02449.88449,E,16.81,8.6,140625,,,A*59
$GPVTG,8.6,T,,M,16.81,N,31.14,K,A*0A
$HEHDT,6.7,T*2E
$VWVHW,6.7,T,,M,16.97,N,31.42,K*76
$GPGGA,082448.00,5934.04746,N,02449.88622,E,1,12,1.0,16.5,M,21.0,M,,*5A
$GPRMC,082448.00,A,5934.04746,N,02449.88622,E,16.88,8.5,140625,,,A*55
$GPVTG,8.5,T,,M,16.88,N,31.27,K,A*00
$HEHDT,6.9,T*20
$VWVHW,6.9,T,,M,17.13,N,31.72,K*76
$GPGGA,082449.00,5934.05169,N,02449.88730,E,1,12,1.0,17.3,M,21.0,M,,*54
$GPRMC,082449.00,A,5934.05169,N,02449.88730,E,16.95,8.5,140625,,,A*50
$GPVTG,8.5,T,,M,16.95,N,31.39,K,A*03
$HEHDT,7.2,T*2A
$VWVHW,7.2,T,,M,17.00,N,31.48,K*77
$GPGGA,082450.00,5934.05637,N,02449.88905,E,1,12,1.0,16.8,M,21.0,M,,*52
$GPRMC,082450.00,A,5934.05637,N,02449.88905,E,16.87,8.5,140625,,,A*5F
$GPVTG,8.5,T,,M,16.87,N,31.25,K,A*0D
$HEHDT,7.0,T*28
$VWVHW,7.0,T,,M,17.04,N,31.55,K*7D
$GPGSV,2,1,08,03,66,046,50,08,41,101,45,11,22,156,40,14,47,211,49*75
$GPGSV,2,2,08,17,66,268,50,22,22,316,40,28,11,356,39,31,59,126,49*78
$GAGSV,2,1,05,04,50,076,47,09,35,186,44,12,65,241,50,24,10,291,38*69
$GAGSV,2,2,05,31,19,026,40*57
$GPZDA,082450.00,14,06,2025,00,00*6B
$GPGGA,082451.00,5934.06146,N,02449.89024,E,1,12,1.0,16.1,M,21.0,M,,*53
$GPRMC,082451.00,A,5934.06146,N,02449.89024,E,16.96,8.2,140625,,,A*50
$GPVTG,8.2,T,,M,16.96,N,31.42,K,A*0B
$HEHDT,7.1,T*29
$VWVHW,7.1,T,,M,16.95,N,31.39,K*7F
$GPGGA,082452.00,5934.06607,N,02449.89057,E,1,12,1.0,17.1,M,21.0,M,,*57
$GPRMC,082452.00,A,5934.06607,N,02449.89057,E,16.87,8.6,140625,,,A*51
$GPVTG,8.6,T,,M,16.87,N,31.23,K,A*08
$HEHDT,7.4,T*2C
$VWVHW,7.4,T,,M,17.13,N,31.72,K*7A
$GPGGA,082453.00,5934.07054,N,02449.89287,E,1,12,1.0,16.8,M,21.0,M,,*50
$GPRMC,082453.00,A,5934.07054,N,02449.89287,E,17.02,8.9,140625,,,A*5D
$GPVTG,8.9,T,,M,17.02,N,31.53,K,A*0C
$HEHDT,7.1,T*29
$VWVHW,7.1,T,,M,17.05,N,31.57,K*7F
$GPGGA,082454.00,5934.07535,N,02449.89387,E,1,12,1.0,16.3,M,21.0,M,,*5F
$GPRMC,082454.00,A,5934.07535,N,02449.89387,E,16.95,8.8,140625,,,A*57
$GPVTG,8.8,T,,M,16.95,N,31.39,K,A*0E
$HEHDT,7.3,T*2B
$VWVHW,7.3,T,,M,17.14,N,31.75,K*7D
$GPGGA,082455.00,5934.08045,N,02449.89625,E,1,12,1.1,17.5,M,21.0,M,,*58
$GPRMC,082455.00,A,5934.08045,N,02449.89625,E,16.94,8.2,140625,,,A*5D
$GPVTG,8.2,T,,M,16.94,N,31.37,K,A*0B
$HEHDT,7.2,T*2A
$VWVHW,7.2,T,,M,17.25,N,31.96,K*73
$GPGSV,2,1,08,03,66,046,50,08,41,101,45,11,22,156,39,14,47,211,49*7B
$GPGSV,2,2,08,17,66,268,49,22,22,316,41,28,11,356,39,31,59,126,48*70
$GAGSV,2,1,05,04,50,076,47,09,35,186,44,12,65,241,49,24,10,291,38*61
$GAGSV,2,2,05,31,19,026,42*55
$GPZDA,082455.00,14,06,2025,00,00*6E
$GPGGA,082456.00,5934.08467,N,02449.89645,E,1,12,1.1,17.4,M,21.0,M,,*58
$GPRMC,082456.00,A,5934.08467,N,02449.89645,E,17.03,8.4,140625,,,A*55
$GPVTG,8.4,T,,M,17.03,N,31.54,K,A*07
$HEHDT,7.0,T*28
$VWVHW,7.0,T,,M,17.14,N,31.74,K*7F
$GPGGA,082457.00,5934.08951,N,02449.89759,E,1,12,1.1,16.6,M,21.0,M,,*5E
$GPRMC,082457.00,A,5934.08951,N,02449.89759,E,16.96,8.2,140625,,,A*5B
$GPVTG,8.2,T,,M,16.96,N,31.41,K,A*08
$HEHDT,7.1,T*29
$VWVHW,7.1,T,,M,17.14,N,31.75,K*7F
$GPGGA,082458.00,5934.09398,N,02449.90098,E,1,12,1.1,17.1,M,21.0,M,,*5B
$GPRMC,082458.00,A,5934.09398,N,02449.90098,E,17.01,8.0,140625,,,A*55
$GPVTG,8.0,T,,M,17.01,N,31.50,K,A*05
$HEHDT,7.3,T*2B
$VWVHW,7.3,T,,M,17.31,N,32.06,K*7D
$GPGGA,082459.00,5934.09882,N,02449.90188,E,1,12,1.1,17.2,M,21.0,M,,*59
$GPRMC,082459.00,A,5934.09882,N,02449.90188,E,17.04,8.4,140625,,,A*55
$GPVTG,8.4,T,,M,17.04,N,31.56,K,A*02
$HEHDT,6.8,T*21
$VWVHW,6.8,T,,M,17.12,N,31.70,K*74
$GPGGA,082500.00,5934.10304,N,02449.90359,E,1,12,1.1,17.3,M,21.0,M,,*56
$GPRMC,082500.00,A,5934.10304,N,02449.90359,E,16.98,8.6,140625,,,A*5D
$GPVTG,8.6,T,,M,16.98,N,31.45,K,A*06
$HEHDT,7.0,T*28
$VWVHW,7.0,T,,M,17.12,N,31.71,K*7C
$GPGSV,2,1,08,03,66,046,50,08,41,101,45,11,22,156,40,14,47,211,49*75
$GPGSV,2,2,08,17,66,268,48,22,22,316,40,28,11,356,39,31,59,126,48*70
$GAGSV,2,1,05,04,50,076,47,09,35,186,45,12,65,241,49,24,10,291,39*61
$GAGSV,2,2,05,31,19,026,40*57
$GPZDA,082500.00,14,06,2025,00,00*6F
$GPGGA,082501.00,5934.10744,N,02449.90518,E,1,12,1.1,17.7,M,21.0,M,,*50
$GPRMC,082501.00,A,5934.10744,N,02449.90518,E,17.06,8.5,140625,,,A*5A
$GPVTG,8.5,T,,M,17.06,N,31.60,K,A*04
$HEHDT,6.8,T*21
$VWVHW,6.8,T,,M,17.15,N,31.76,K*75
$GPGGA,082502.00,5934.11210,N,02449.90623,E,1,12,1.1,17.9,M,21.0,M,,*53
$GPRMC,082502.00,A,5934.11210,N,02449.90623,E,17.03,8.8,140625,,,A*5F
$GPVTG,8.8,T,,M,17.03,N,31.54,K,A*0B
$HEHDT,7.2,T*2A
$VWVHW,7.2,T,,M,17.15,N,31.76,K*7E
$GPGGA,082503.00,5934.11743,N,02449.90775,E,1,12,1.1,17.7,M,21.0,M,,*5D
$GPRMC,082503.00,A,5934.11743,N,02449.90775,E,17.22,8.7,140625,,,A*53
$GPVTG,8.7,T,,M,17.22,N,31.88,K,A*06
$HEHDT,7.3,T*2B
$VWVHW,7.3,T,,M,17.09,N,31.64,K*71
$GPGGA,082504.00,5934.12168,N,02449.90982,E,1,12,1.1,17.9,M,21.0,M,,*5E
$GPRMC,082504.00,A,5934.12168,N,02449.90982,E,17.16,9.0,140625,,,A*5F
$GPVTG,9.0,T,,M,17.16,N,31.79,K,A*09
$HEHDT,7.4,T*2C
$VWVHW,7.4,T,,M,17.23,N,31.90,K*75
$GPGGA,082505.00,5934.12640,N,02449.91070,E,1,12,1.1,17.9,M,21.0,M,,*57
$GPRMC,082505.00,A,5934.12640,N,02449.91070,E,17.06,8.7,140625,,,A*51
$GPVTG,8.7,T,,M,17.06,N,31.60,K,A*06
$HEHDT,7.5,T*2D
$VWVHW,7.5,T,,M,17.20,N,31.86,K*70
$GPGSV,2,1,08,03,66,046,50,08,41,101,45,11,22,156,40,14,47,211,49*75
$GPGSV,2,2,08,17,66,268,49,22,22,316,41,28,11,356,39,31,59,126,49*71
$GAGSV,2,1,05,04,50,076,47,09,35,186,44,12,65,241,50,24,10,291,39*68
$GAGSV,2,2,05,31,19,026,42*55
$GPZDA,082505.00,14,06,2025,00,00*6A
$GPGGA,082506.00,5934.13104,N,02449.91267,E,1,12,1.1,18.0,M,21.0,M,,*50
$GPRMC,082506.00,A,5934.13104,N,02449.91267,E,17.15,9.0,140625,,,A*54
$GPVTG,9.0,T,,M,17.15,N,31.77,K,A*04
$HEHDT,7.0,T*28
$VWVHW,7.0,T,,M,17.13,N,31.72,K*7E
$GPGGA,082507.00,5934.13583,N,02449.91314,E,1,12,1.1,17.9,M,21.0,M,,*59
$GPRMC,082507.00,A,5934.13583,N,02449.91314,E,17.21,8.8,140625,,,A*55
$GPVTG,8.8,T,,M,17.21,N,31.87,K,A*05
$HEHDT,7.2,T*2A
$VWVHW,7.2,T,,M,17.18,N,31.82,K*78
$GPGGA,082508.00,5934.14012,N,02449.91502,E,1,12,1.1,17.5,M,21.0,M,,*51
$GPRMC,082508.00,A,5934.14012,N,02449.91502,E,17.08,9.0,140625,,,A*53
$GPVTG,9.0,T,,M,17.08,N,31.64,K,A*0A
$HEHDT,7.4,T*2C
$VWVHW,7.4,T,,M,17.08,N,31.64,K*77
$GPGGA,082509.00,5934.14491,N,02449.91625,E,1,12,1.1,17.2,M,21.0,M,,*5E
$GPRMC,082509.00,A,5934.14491,N,02449.91625,E,17.30,8.9,140625,,,A*58
$GPVTG,8.9,T,,M,17.30,N,32.03,K,A*0B
$HEHDT,6.8,T*21
$VWVHW,6.8,T,,M,17.34,N,32.12,K*77
$GPGGA,082510.00,5934.14941,N,02449.91787,E,1,12,1.1,17.8,M,21.0,M,,*55
$GPRMC,082510.00,A,5934.14941,N,02449.91787,E,17.17,8.4,140625,,,A*51
$GPVTG,8.4,T,,M,17.17,N,31.80,K,A*0B
$HEHDT,7.2,T*2A
$VWVHW,7.2,T,,M,17.19,N,31.83,K*78
$GPGSV,2,1,08,03,66,046,50,08,41,101,44,11,22,156,41,14,47,211,48*74
$GPGSV,2,2,08,17,66,268,48,22,22,316,41,28,11,356,41,31,59,126,48*7E
$GAGSV,2,1,05,04,50,076,47,09,35,186,44,12,65,241,49,24,10,291,39*60
$GAGSV,2,2,05,31,19,026,41*56
$GPZDA,082510.00,14,06,2025,00,00*6E
$GPGGA,082511.00,5934.15423,N,02449.91914,E,1,12,1.1,16.7,M,21.0,M,,*56
$GPRMC,082511.00,A,5934.15423,N,02449.91914,E,17.10,9.3,140625,,,A*5D
$GPVTG,9.3,T,,M,17.10,N,31.67,K,A*03
$HEHDT,7.1,T*29
$VWVHW,7.1,T,,M,17.03,N,31.53,K*7D
$GPGGA,082512.00,5934.15929,N,02449.92020,E,1,12,1.1,17.3,M,21.0,M,,*5A
$GPRMC,082512.00,A,5934.15929,N,02449.92020,E,17.19,9.1,140625,,,A*5F
$GPVTG,9.1,T,,M,17.19,N,31.83,K,A*02
$HEHDT,6.7,T*2E
$VWVHW,6.7,T,,M,17.19,N,31.84,K*7B
$GPGGA,082513.00,5934.16365,N,02449.92182,E,1,12,1.1,17.6,M,21.0,M,,*56
$GPRMC,082513.00,A,5934.16365,N,02449.92182,E,17.26,9.1,140625,,,A*5A
$GPVTG,9.1,T,,M,17.26,N,31.97,K,A*0B
$HEHDT,7.1,T*29
$VWVHW,7.1,T,,M,17.21,N,31.87,K*74
$GPGGA,082514.00,5934.16851,N,02449.92305,E,1,12,1.1,17.2,M,21.0,M,,*54
$GPRMC,082514.00,A,5934.16851,N,02449.92305,E,17.36,9.0,140625,,,A*5C
$GPVTG,9.0,T,,M,17.36,N,32.15,K,A*02
$HEHDT,7.0,T*28
$VWVHW,7.0,T,,M,17.08,N,31.64,K*73
$GPGGA,082515.00,5934.17336,N,02449.92514,E,1,12,1.1,17.2,M,21.0,M,,*58
$GPRMC,082515.00,A,5934.17336,N,02449.92514,E,17.32,9.1,140625,,,A*55
$GPVTG,9.1,T,,M,17.32,N,32.07,K,A*04
$HEHDT,7.0,T*28
$VWVHW,7.0,T,,M,17.41,N,32.24,K*79
$GPGSV,2,1,08,03,66,046,49,08,41,101,45,11,22,156,40,14,47,211,48*7C
$GPGSV,2,2,08,17,66,268,48,22,22,316,42,28,11,356,40,31,59,126,48*7C
$GAGSV,2,1,05,04,50,076,46,09,35,186,44,12,65,241,48,24,10,291,40*6E
$GAGSV,2,2,05,31,19,026,42*55
$GPZDA,082515.00,14,06,2025,00,00*6B
$GPGGA,082516.00,5934.17794,N,02449.92645,E,1,12,1.1,17.3,M,21.0,M,,*51
$GPRMC,082516.00,A,5934.17794,N,02449.92645,E,17.24,9.3,140625,,,A*58
$GPVTG,9.3,T,,M,17.24,N,31.93,K,A*0F
$HEHDT,7.2,T*2A
$VWVHW,7.2,T,,M,17.19,N,31.84,K*7F
$GPGGA,082517.00,5934.18296,N,02449.92718,E,1,12,1.1,17.2,M,21.0,M,,*50
$GPRMC,082517.00,A,5934.18296,N,02449.92718,E,17.49,9.0,140625,,,A*50
$GPVTG,9.0,T,,M,17.49,N,32.40,K,A*0A
$HEHDT,7.3,T*2B
$VWVHW,7.3,T,,M,17.20,N,31.85,K*75
$GPGGA,082518.00,5934.18770,N,02449.92894,E,1,12,1.1,17.4,M,21.0,M,,*5F
$GPRMC,082518.00,A,5934.18770,N,02449.92894,E,17.31,9.4,140625,,,A*52
$GPVTG,9.4,T,,M,17.31,N,32.07,K,A*02
$HEHDT,7.1,T*29
$VWVHW,7.1,T,,M,17.19,N,31.83,K*7B
$GPGGA,082519.00,5934.19208,N,02449.93003,E,1,12,1.1,17.1,M,21.0,M,,*57
$GPRMC,082519.00,A,5934.19208,N,02449.93003,E,17.31,9.5,140625,,,A*5E
$GPVTG,9.5,T,,M,17.31,N,32.06,K,A*02
$HEHDT,7.2,T*2A
$VWVHW,7.2,T,,M,17.16,N,31.78,K*73
$GPGGA,082520.00,5934.19725,N,02449.93248,E,1,12,1.1,17.8,M,21.0,M,,*53
$GPRMC,082520.00,A,5934.19725,N,02449.93248,E,17.41,9.6,140625,,,A*57
$GPVTG,9.6,T,,M,17.41,N,32.24,K,A*06
$HEHDT,7.1,T*29
$VWVHW,7.1,T,,M,17.34,N,32.12,K*7F
$GPGSV,2,1,08,03,66,046,49,08,41,101,46,11,22,156,41,14,47,211,47*71
$GPGSV,2,2,08,17,66,268,48,22,22,316,42,28,11,356,40,31,59,126,48*7C
$GAGSV,2,1,05,04,50,076,46,09,35,186,45,12,65,241,49,24,10,291,39*60
$GAGSV,2,2,05,31,19,026,43*54
$GPZDA,082520.00,14,06,2025,00,00*6D
$GPGGA,082521.00,5934.20240,N,02449.93420,E,1,12,1.1,17.5,M,21.0,M,,*5B
$GPRMC,082521.00,A,5934.20240,N,02449.93420,E,17.46,9.1,140625,,,A*52
$GPVTG,9.1,T,,M,17.46,N,32.34,K,A*07
$HEHDT,7.3,T*2B
$VWVHW,7.3,T,,M,17.28,N,32.00,K*73
$GPGGA,082522.00,5934.20669,N,02449.93578,E,1,12,1.1,17.2,M,21.0,M,,*5C
$GPRMC,082522.00,A,5934.20669,N,02449.93578,E,17.28,9.4,140625,,,A*5F
$GPVTG,9.4,T,,M,17.28,N,32.00,K,A*0D
$HEHDT,7.1,T*29
$VWVHW,7.1,T,,M,17.29,N,32.02,K*72
$GPGGA,082523.00,5934.21152,N,02449.93786,E,1,12,1.1,17.2,M,21.0,M,,*50
$GPRMC,082523.00,A,5934.21152,N,02449.93786,E,17.33,9.4,140625,,,A*59
$GPVTG,9.4,T,,M,17.33,N,32.09,K,A*0E
$HEHDT,6.6,T*2F
$VWVHW,6.6,T,,M,17.23,N,31.90,K*76
$GPGGA,082524.00,5934.21579,N,02449.94009,E,1,12,1.1,16.9,M,21.0,M,,*57
$GPRMC,082524.00,A,5934.21579,N,02449.94009,E,17.35,9.4,140625,,,A*52
$GPVTG,9.4,T,,M,17.35,N,32.12,K,A*02
$HEHDT,7.1,T*29
$VWVHW,7.1,T,,M,17.17,N,31.80,K*76
$GPGGA,082525.00,5934.22148,N,02449.94138,E,1,12,1.1,17.4,M,21.0,M,,*5C
$GPRMC,082525.00,A,5934.22148,N,02449.94138,E,17.58,9.3,140625,,,A*59
$GPVTG,9.3,T,,M,17.58,N,32.56,K,A*0E
$HEHDT,6.8,T*21
$VWVHW,6.8,T,,M,17.32,N,32.07,K*75
$GPGSV,2,1,08,03,66,046,49,08,41,101,45,11,22,156,41,14,47,211,47*72
$GPGSV,2,2,08,17,66,268,48,22,22,316,42,28,11,356,40,31,59,126,47*73
$GAGSV,2,1,05,04,50,076,46,09,35,186,45,12,65,241,48,24,10,291,40*6F
$GAGSV,2,2,05,31,19,026,43*54
$GPZDA,082525.00,14,06,2025,00,00*68
$GPGGA,082526.00,5934.22556,N,02449.94279,E,1,12,1.1,17.3,M,21.0,M,,*55
$GPRMC,082526.00,A,5934.22556,N,02449.94279,E,17.66,9.7,140625,,,A*5E
$GPVTG,9.7,T,,M,17.66,N,32.70,K,A*03
$HEHDT,7.3,T*2B
$VWVHW,7.3,T,,M,17.22,N,31.89,K*7B
$GPGGA,082527.00,5934.23091,N,02449.94439,E,1,12,1.1,16.5,M,21.0,M,,*5E
$GPRMC,082527.00,A,5934.23091,N,02449.94439,E,17.56,9.5,140625,,,A*53
$GPVTG,9.5,T,,M,17.56,N,32.52,K,A*02
$HEHDT,7.8,T*20
$VWVHW,7.8,T,,M,17.18,N,31.82,K*72
$GPGGA,082528.00,5934.23540,N,02449.94543,E,1,12,1.1,16.3,M,21.0,M,,*52
$GPRMC,082528.00,A,5934.23540,N,02449.94543,E,17.46,10.0,140625,,,A*65
$GPVTG,10.0,T,,M,17.46,N,32.33,K,A*39
$HEHDT,6.8,T*21
$VWVHW,6.8,T,,M,17.27,N,31.99,K*75
$GPGGA,082529.00,5934.23989,N,02449.94727,E,1,12,1.1,16.8,M,21.0,M,,*51
$GPRMC,082529.00,A,5934.23989,N,02449.94727,E,17.69,9.9,140625,,,A*51
$GPVTG,9.9,T,,M,17.69,N,32.77,K,A*05
$HEHDT,6.9,T*20
$VWVHW,6.9,T,,M,17.26,N,31.97,K*7B
$GPGGA,082530.00,5934.24490,N,02449.94976,E,1,12,1.1,17.2,M,21.0,M,,*5A
$GPRMC,082530.00,A,5934.24490,N,02449.94976,E,17.57,9.4,140625,,,A*51
$GPVTG,9.4,T,,M,17.57,N,32.54,K,A*04
$HEHDT,6.6,T*2F
$VWVHW,6.6,T,,M,17.17,N,31.79,K*76
$GPGSV,2,1,08,03,66,046,48,08,41,101,45,11,22,156,41,14,47,211,48*7C
$GPGSV,2,2,08,17,66,268,49,22,22,316,42,28,11,356,42,31,59,126,48*7F
$GAGSV,2,1,05,04,50,076,46,09,35,186,45,12,65,241,48,24,10,291,40*6F
$GAGSV,2,2,05,31,19,026,42*55
$GPZDA,082530.00,14,06,2025,00,00*6C
$GPGGA,082531.00,5934.24942,N,02449.95053,E,1,12,1.1,16.4,M,21.0,M,,*51
$GPRMC,082531.00,A,5934.24942,N,02449.95053,E,17.47,10.0,140625,,,A*60
$GPVTG,10.0,T,,M,17.47,N,32.35,K,A*3E
$HEHDT,6.9,T*20
$VWVHW,6.9,T,,M,17.21,N,31.87,K*7D
$GPGGA,082532.00,5934.25468,N,02449.95315,E,1,12,1.1,16.8,M,21.0,M,,*5B
$GPRMC,082532.00,A,5934.25468,N,02449.95315,E,17.64,9.7,140625,,,A*58
$GPVTG,9.7,T,,M,17.64,N,32.68,K,A*08
$HEHDT,7.3,T*2B
$VWVHW,7.3,T,,M,17.28,N,32.01,K*72
$GPGGA,082533.00,5934.25924,N,02449.95457,E,1,12,1.1,16.5,M,21.0,M,,*53
$GPRMC,082533.00,A,5934.25924,N,02449.95457,E,17.63,10.0,140625,,,A*65
$GPVTG,10.0,T,,M,17.63,N,32.65,K,A*3D
$HEHDT,7.1,T*29
$VWVHW,7.1,T,,M,17.14,N,31.73,K*79
$GPGGA,082534.00,5934.26452,N,02449.95601,E,1,12,1.1,16.2,M,21.0,M,,*5D
$GPRMC,082534.00,A,5934.26452,N,02449.95601,E,17.60,9.4,140625,,,A*53
$GPVTG,9.4,T,,M,17.60,N,32.60,K,A*07
$HEHDT,6.9,T*20
$VWVHW,6.9,T,,M,17.08,N,31.63,K*7C
$GPGGA,082535.00,5934.26908,N,02449.95822,E,1,12,1.1,16.4,M,21.0,M,,*57
$GPRMC,082535.00,A,5934.26908,N,02449.95822,E,17.62,10.1,140625,,,A*60
$GPVTG,10.1,T,,M,17.62,N,32.62,K,A*3A
$HEHDT,6.9,T*20
$VWVHW,6.9,T,,M,17.35,N,32.12,K*77
$GPGSV,2,1,08,03,66,046,48,08,41,101,46,11,22,156,42,14,47,211,48*7C
$GPGSV,2,2,08,17,66,268,48,22,22,316,42,28,11,356,41,31,59,126,48*7D
$GAGSV,2,1,05,04,50,076,46,09,35,186,45,12,65,241,48,24,10,291,40*6F
$GAGSV,2,2,05,31,19,026,43*54
$GPZDA,082535.00,14,06,2025,00,00*69
$GPGGA,082536.00,5934.27391,N,02449.96010,E,1,12,1.1,17.1,M,21.0,M,,*51
$GPRMC,082536.00,A,5934.27391,N,02449.96010,E,17.72,9.4,140625,,,A*5E
$GPVTG,9.4,T,,M,17.72,N,32.81,K,A*0B
$HEHDT,7.0,T*28
$VWVHW,7.0,T,,M,17.27,N,31.98,K*7D
$GPGGA,082537.00,5934.27839,N,02449.96213,E,1,12,1.1,17.0,M,21.0,M,,*59
$GPRMC,082537.00,A,5934.27839,N,02449.96213,E,17.78,10.4,140625,,,A*65
$GPVTG,10.4,T,,M,17.78,N,32.92,K,A*3B
$HEHDT,7.0,T*28
$VWVHW,7.0,T,,M,17.24,N,31.93,K*75
$GPGGA,082538.00,5934.28380,N,02449.96283,E,1,12,1.1,17.0,M,21.0,M,,*59
$GPRMC,082538.00,A,5934.28380,N,02449.96283,E,17.79,10.1,140625,,,A*61
$GPVTG,10.1,T,,M,17.79,N,32.95,K,A*38
$HEHDT,7.0,T*28
$VWVHW,7.0,T,,M,17.28,N,32.00,K*70
$GPGGA,082539.00,5934.28890,N,02449.96498,E,1,12,1.1,17.0,M,21.0,M,,*5E
$GPRMC,082539.00,A,5934.28890,N,02449.96498,E,17.78,10.6,140625,,,A*60
$GPVTG,10.6,T,,M,17.78,N,32.93,K,A*38
$HEHDT,7.3,T*2B
$VWVHW,7.3,T,,M,17.41,N,32.25,K*7B
$GPGGA,082540.00,5934.29360,N,02449.96640,E,1,12,1.1,16.8,M,21.0,M,,*5B
$GPRMC,082540.00,A,5934.29360,N,02449.96640,E,17.65,9.8,140625,,,A*56
$GPVTG,9.8,T,,M,17.65,N,32.69,K,A*07
$HEHDT,6.9,T*20
$VWVHW,6.9,T,,M,17.37,N,32.16,K*71
$GPGSV,2,1,08,03,66,046,48,08,41,101,46,11,22,156,42,14,47,211,47*73
$GPGSV,2,2,08,17,66,268,49,22,22,316,42,28,11,356,41,31,59,126,47*73
$GAGSV,2,1,05,04,50,076,47,09,35,186,45,12,65,241,48,24,10,291,41*6F
$GAGSV,2,2,05,31,19,026,43*54
$GPZDA,082540.00,14,06,2025,00,00*6B
$GPGGA,082541.00,5934.29834,N,02449.96901,E,1,12,1.1,17.0,M,21.0,M,,*53
$GPRMC,082541.00,A,5934.29834,N,02449.96901,E,17.79,10.3,140625,,,A*69
$GPVTG,10.3,T,,M,17.79,N,32.94,K,A*3B
$HEHDT,7.0,T*28
$VWVHW,7.0,T,,M,17.19,N,31.84,K*7D
$GPGGA,082542.00,5934.30280,N,02449.97038,E,1,12,1.1,16.5,M,21.0,M,,*5B
$GPRMC,082542.00,A,5934.30280,N,02449.97038,E,17.79,10.0,140625,,,A*66
$GPVTG,10.0,T,,M,17.79,N,32.94,K,A*38
$HEHDT,6.9,T*20
$VWVHW,6.9,T,,M,17.35,N,32.13,K*76
$GPGGA,082543.00,5934.30776,N,02449.97194,E,1,12,1.1,17.2,M,21.0,M,,*57
$GPRMC,082543.00,A,5934.30776,N,02449.97194,E,17.87,10.5,140625,,,A*68
$GPVTG,10.5,T,,M,17.87,N,33.10,K,A*31
$HEHDT,7.1,T*29
$VWVHW,7.1,T,,M,17.19,N,31.83,K*7B
$GPGGA,082544.00,5934.31200,N,02449.97365,E,1,12,1.1,17.4,M,21.0,M,,*5F
$GPRMC,082544.00,A,5934.31200,N,02449.97365,E,17.77,10.5,140625,,,A*69
$GPVTG,10.5,T,,M,17.77,N,32.91,K,A*36
$HEHDT,7.5,T*2D
$VWVHW,7.5,T,,M,17.24,N,31.92,K*71
$GPGGA,082545.00,5934.31735,N,02449.97530,E,1,12,1.1,17.3,M,21.0,M,,*5C
$GPRMC,082545.00,A,5934.31735,N,02449.97530,E,17.74,10.4,140625,,,A*6F
$GPVTG,10.4,T,,M,17.74,N,32.86,K,A*32
$HEHDT,7.1,T*29
$VWVHW,7.1,T,,M,17.27,N,31.99,K*7D
$GPGSV,2,1,08,03,66,046,48,08,41,101,46,11,22,156,42,14,47,211,47*73
$GPGSV,2,2,08,17,66,268,48,22,22,316,42,28,11,356,42,31,59,126,48*7E
$GAGSV,2,1,05,04,50,076,46,09,35,186,45,12,65,241,48,24,10,291,41*6E
$GAGSV,2,2,05,31,19,026,43*54
$GPZDA,082545.00,14,06,2025,00,00*6E
$GPGGA,082546.00,5934.32246,N,02449.97590,E,1,12,1.1,16.6,M,21.0,M,,*53
$GPRMC,082546.00,A,5934.32246,N,02449.97590,E,17.93,10.4,140625,,,A*6D
$GPVTG,10.4,T,,M,17.93,N,33.20,K,A*36
$HEHDT,7.1,T*29
$VWVHW,7.1,T,,M,17.32,N,32.07,K*7D
$GPGGA,082547.00,5934.32686,N,02449.97809,E,1,12,1.1,17.2,M,21.0,M,,*52
$GPRMC,082547.00,A,5934.32686,N,02449.97809,E,17.99,10.4,140625,,,A*63
$GPVTG,10.4,T,,M,17.99,N,33.32,K,A*3F
$HEHDT,6.3,T*2A
$VWVHW,6.3,T,,M,17.23,N,31.90,K*73
$GPGGA,082548.00,5934.33173,N,02449.98060,E,1,12,1.1,17.5,M,21.0,M,,*5E
$GPRMC,082548.00,A,5934.33173,N,02449.98060,E,17.89,10.5,140625,,,A*68
$GPVTG,10.5,T,,M,17.89,N,33.13,K,A*3C
$HEHDT,7.1,T*29
$VWVHW,7.1,T,,M,17.31,N,32.06,K*7F
$GPGGA,082549.00,5934.33646,N,02449.98240,E,1,12,1.1,17.2,M,21.0,M,,*59
$GPRMC,082549.00,A,5934.33646,N,02449.98240,E,17.91,10.6,140625,,,A*62
$GPVTG,10.6,T,,M,17.91,N,33.17,K,A*32
$HEHDT,6.9,T*20
$VWVHW,6.9,T,,M,17.44,N,32.30,K*71
$GPGGA,082550.00,5934.34163,N,02449.98358,E,1,12,1.1,17.6,M,21.0,M,,*5A
$GPRMC,082550.00,A,5934.34163,N,02449.98358,E,17.90,10.6,140625,,,A*64
$GPVTG,10.6,T,,M,17.90,N,33.15,K,A*31
$HEHDT,7.2,T*2A
$VWVHW,7.2,T,,M,17.41,N,32.25,K*7A
$GPGSV,2,1,08,03,66,046,48,08,41,101,46,11,22,156,43,14,47,211,47*72
$GPGSV,2,2,08,17,66,268,47,22,22,316,42,28,11,356,42,31,59,126,48*71
$GAGSV,2,1,05,04,50,076,47,09,35,186,46,12,65,241,48,24,10,291,42*6F
$GAGSV,2,2,05,31,19,026,44*53
$GPZDA,082550.00,14,06,2025,00,00*6A
$GPGGA,082551.00,5934.34644,N,02449.98568,E,1,12,1.1,18.0,M,21.0,M,,*55
$GPRMC,082551.00,A,5934.34644,N,02449.98568,E,17.94,10.5,140625,,,A*65
$GPVTG,10.5,T,,M,17.94,N,33.22,K,A*32
$HEHDT,7.3,T*2B
$VWVHW,7.3,T,,M,17.24,N,31.92,K*77
$GPGGA,082552.00,5934.35136,N,02449.98703,E,1,12,1.1,18.2,M,21.0,M,,*58
$GPRMC,082552.00,A,5934.35136,N,02449.98703,E,17.84,10.4,140625,,,A*6A
$GPVTG,10.4,T,,M,17.84,N,33.05,K,A*37
$HEHDT,7.0,T*28
$VWVHW,7.0,T,,M,17.32,N,32.07,K*7C
$GPGGA,082553.00,5934.35636,N,02449.98822,E,1,12,1.1,17.5,M,21.0,M,,*5A
$GPRMC,082553.00,A,5934.35636,N,02449.98822,E,18.04,10.7,140625,,,A*64
$GPVTG,10.7,T,,M,18.04,N,33.41,K,A*33
$HEHDT,7.1,T*29
$VWVHW,7.1,T,,M,17.25,N,31.95,K*73
$GPGGA,082554.00,5934.36110,N,02449.99113,E,1,12,1.1,17.2,M,21.0,M,,*50
$GPRMC,082554.00,A,5934.36110,N,02449.99113,E,18.00,10.8,140625,,,A*62
$GPVTG,10.8,T,,M,18.00,N,33.33,K,A*3D
$HEHDT,7.1,T*29
$VWVHW,7.1,T,,M,17.41,N,32.24,K*78
$GPGGA,082555.00,5934.36625,N,02449.99287,E,1,12,1.1,17.6,M,21.0,M,,*5A
$GPRMC,082555.00,A,5934.36625,N,02449.99287,E,17.97,10.8,140625,,,A*6D
$GPVTG,10.8,T,,M,17.97,N,33.28,K,A*36
$HEHDT,6.9,T*20
$VWVHW,6.9,T,,M,17.31,N,32.05,K*75
$GPGSV,2,1,08,03,66,046,48,08,41,101,45,11,22,156,43,14,47,211,47*71
$GPGSV,2,2,08,17,66,268,47,22,22,316,43,28,11,356,42,31,59,126,48*70
$GAGSV,2,1,05,04,50,076,46,09,35,186,45,12,64,241,48,24,10,291,42*6C
$GAGSV,2,2,05,31,19,026,44*53
$GPZDA,082555.00,14,06,2025,00,00*6F
$GPGGA,082556.00,5934.37091,N,02449.99444,E,1,12,1.1,17.7,M,21.0,M,,*59
$GPRMC,082556.00,A,5934.37091,N,02449.99444,E,18.19,10.9,140625,,,A*67
$GPVTG,10.9,T,,M,18.19,N,33.69,K,A*3B
$HEHDT,7.2,T*2A
$VWVHW,7.2,T,,M,17.38,N,32.18,K*7A
$GPGGA,082557.00,5934.37599,N,02449.99606,E,1,12,1.1,18.2,M,21.0,M,,*5B
$GPRMC,082557.00,A,5934.37599,N,02449.99606,E,18.15,10.7,140625,,,A*6D
$GPVTG,10.7,T,,M,18.15,N,33.62,K,A*32
$HEHDT,7.2,T*2A
$VWVHW,7.2,T,,M,17.35,N,32.13,K*7C
$GPGGA,082558.00,5934.38127,N,02449.99801,E,1,12,1.1,17.6,M,21.0,M,,*58
$GPRMC,082558.00,A,5934.38127,N,02449.99801,E,18.08,10.7,140625,,,A*69
$GPVTG,10.7,T,,M,18.08,N,33.48,K,A*36
$HEHDT,7.1,T*29
$VWVHW,7.1,T,,M,17.33,N,32.09,K*72
$GPGGA,082559.00,5934.38639,N,02449.99923,E,1,12,1.1,17.4,M,21.0,M,,*52
$GPRMC,082559.00,A,5934.38639,N,02449.99923,E,18.08,10.9,140625,,,A*6F
$GPVTG,10.9,T,,M,18.08,N,33.49,K,A*39
$HEHDT,7.3,T*2B
$VWVHW,7.3,T,,M,17.37,N,32.16,K*7A
$GPGGA,082600.00,5934.39074,N,02450.00189,E,1,12,1.1,18.1,M,21.0,M,,*59
$GPRMC,082600.00,A,5934.39074,N,02450.00189,E,18.16,11.2,140625,,,A*6B
$GPVTG,11.2,T,,M,18.16,N,33.63,K,A*34
$HEHDT,7.4,T*2C
$VWVHW,7.4,T,,M,17.45,N,32.32,K*7E
$GPGSV,2,1,08,03,66,046,48,08,41,101,46,11,22,156,44,14,47,211,47*75
$GPGSV,2,2,08,17,66,268,47,22,22,316,43,28,11,356,42,31,59,126,47*7F
$GAGSV,2,1,05,04,50,076,46,09,35,186,45,12,64,241,47,24,10,291,42*63
$GAGSV,2,2,05,31,19,026,44*53
$GPZDA,082600.00,14,06,2025,00,00*6C
$GPGGA,082601.00,5934.39551,N,02450.00284,E,1,12,1.1,17.4,M,21.0,M,,*5E
$GPRMC,082601.00,A,5934.39551,N,02450.00284,E,18.16,10.6,140625,,,A*63
$GPVTG,10.6,T,,M,18.16,N,33.63,K,A*31
$HEHDT,6.9,T*20
$VWVHW,6.9,T,,M,17.42,N,32.27,K*71
$GPGGA,082602.00,5934.40099,N,02450.00534,E,1,12,1.1,18.6,M,21.0,M,,*53
$GPRMC,082602.00,A,5934.40099,N,02450.00534,E,18.11,10.8,140625,,,A*6A
$GPVTG,10.8,T,,M,18.11,N,33.53,K,A*3B
$HEHDT,7.4,T*2C
$VWVHW,7.4,T,,M,17.34,N,32.12,K*7A
$GPGGA,082603.00,5934.40622,N,02450.00692,E,1,12,1.1,18.0,M,21.0,M,,*5D
$GPRMC,082603.00,A,5934.40622,N,02450.00692,E,18.07,11.3,140625,,,A*6F
$GPVTG,11.3,T,,M,18.07,N,33.46,K,A*32
$HEHDT,6.7,T*2E
$VWVHW,6.7,T,,M,17.31,N,32.05,K*7B
$GPGGA,082604.00,5934.41114,N,02450.00941,E,1,12,1.1,17.9,M,21.0,M,,*5E
$GPRMC,082604.00,A,5934.41114,N,02450.00941,E,18.15,11.4,140625,,,A*6E
$GPVTG,11.4,T,,M,18.15,N,33.62,K,A*30
$HEHDT,7.2,T*2A
$VWVHW,7.2,T,,M,17.36,N,32.15,K*79
$GPGGA,082605.00,5934.41634,N,02450.01014,E,1,12,1.1,17.9,M,21.0,M,,*52
$GPRMC,082605.00,A,5934.41634,N,02450.01014,E,18.14,11.1,140625,,,A*66
$GPVTG,11.1,T,,M,18.14,N,33.60,K,A*36
$HEHDT,7.2,T*2A
$VWVHW,7.2,T,,M,17.54,N,32.48,K*75
$GPGSV,2,1,08,03,66,046,48,08,41,101,46,11,22,156,44,14,47,211,46*74
$GPGSV,2,2,08,17,66,268,47,22,22,316,43,28,11,356,43,31,59,126,48*71
$GAGSV,2,1,05,04,50,076,47,09,35,186,45,12,64,241,47,24,10,291,43*63
$GAGSV,2,2,05,31,19,026,44*53
$GPZDA,082605.00,14,06,2025,00,00*69
$GPGGA,082606.00,5934.42060,N,02450.01256,E,1,12,1.1,17.9,M,21.0,M,,*51
$GPRMC,082606.00,A,5934.42060,N,02450.01256,E,18.24,11.2,140625,,,A*65
$GPVTG,11.2,T,,M,18.24,N,33.78,K,A*3F
$HEHDT,6.9,T*20
$VWVHW,6.9,T,,M,17.43,N,32.27,K*70
$GPGGA,082607.00,5934.42590,N,02450.01480,E,1,12,1.1,18.0,M,21.0,M,,*51
$GPRMC,082607.00,A,5934.42590,N,02450.01480,E,18.25,11.5,140625,,,A*65
$GPVTG,11.5,T,,M,18.25,N,33.80,K,A*3E
$HEHDT,7.4,T*2C
$VWVHW,7.4,T,,M,17.25,N,31.94,K*77
$GPGGA,082608.00,5934.43078,N,02450.01656,E,1,12,1.1,18.2,M,21.0,M,,*57
$GPRMC,082608.00,A,5934.43078,N,02450.01656,E,18.33,11.2,140625,,,A*61
$GPVTG,11.2,T,,M,18.33,N,33.94,K,A*3B
$HEHDT,6.8,T*21
$VWVHW,6.8,T,,M,17.28,N,32.00,K*79
$GPGGA,082609.00,5934.43582,N,02450.01937,E,1,12,1.1,18.4,M,21.0,M,,*58
$GPRMC,082609.00,A,5934.43582,N,02450.01937,E,18.20,11.5,140625,,,A*6D
$GPVTG,11.5,T,,M,18.20,N,33.70,K,A*34
$HEHDT,7.7,T*2F
$VWVHW,7.7,T,,M,17.35,N,32.13,K*79
$GPGGA,082610.00,5934.44053,N,02450.02048,E,1,12,1.1,18.1,M,21.0,M,,*59
$GPRMC,082610.00,A,5934.44053,N,02450.02048,E,18.17,11.5,140625,,,A*6D
$GPVTG,11.5,T,,M,18.17,N,33.65,K,A*34
$HEHDT,7.3,T*2B
$VWVHW,7.3,T,,M,17.33,N,32.09,K*70
$GPGSV,2,1,08,03,66,046,49,08,41,101,46,11,22,156,44,14,47,211,47*74
$GPGSV,2,2,08,17,66,268,47,22,22,316,44,28,11,356,43,31,59,126,47*79
$GAGSV,2,1,05,04,50,076,47,09,35,186,45,12,64,241,48,24,09,291,43*64
$GAGSV,2,2,05,31,19,026,44*53
$GPZDA,082610.00,14,06,2025,00,00*6D
$GPGGA,082611.00,5934.44601,N,02450.02318,E,1,12,1.1,18.3,M,21.0,M,,*5D
$GPRMC,082611.00,A,5934.44601,N,02450.02318,E,18.22,11.3,140625,,,A*6B
$GPVTG,11.3,T,,M,18.22,N,33.74,K,A*34
$HEHDT,7.2,T*2A
$VWVHW,7.2,T,,M,17.30,N,32.05,K*7E
$GPGGA,082612.00,5934.45087,N,02450.02462,E,1,12,1.1,18.4,M,21.0,M,,*5A
$GPRMC,082612.00,A,5934.45087,N,02450.02462,E,18.22,11.1,140625,,,A*69
$GPVTG,11.1,T,,M,18.22,N,33.74,K,A*36
$HEHDT,6.9,T*20
$VWVHW,6.9,T,,M,17.28,N,32.00,K*78
$GPGGA,082613.00,5934.45585,N,02450.02644,E,1,12,1.1,18.3,M,21.0,M,,*5D
$GPRMC,082613.00,A,5934.45585,N,02450.02644,E,18.49,11.2,140625,,,A*67
$GPVTG,11.2,T,,M,18.49,N,34.23,K,A*3D
$HEHDT,7.3,T*2B
$VWVHW,7.3,T,,M,17.46,N,32.34,K*7C
$GPGGA,082614.00,5934.46050,N,02450.02831,E,1,12,1.1,18.1,M,21.0,M,,*5A
$GPRMC,082614.00,A,5934.46050,N,02450.02831,E,18.32,11.7,140625,,,A*6B
$GPVTG,11.7,T,,M,18.32,N,33.92,K,A*39
$HEHDT,7.0,T*28
$VWVHW,7.0,T,,M,17.33,N,32.10,K*7B
$GPGGA,082615.00,5934.46579,N,02450.03075,E,1,12,1.1,18.7,M,21.0,M,,*5A
$GPRMC,082615.00,A,5934.46579,N,02450.03075,E,18.24,11.6,140625,,,A*6B
$GPVTG,11.6,T,,M,18.24,N,33.78,K,A*3B
$HEHDT,7.2,T*2A
$VWVHW,7.2,T,,M,17.24,N,31.93,K*77
$GPGSV,2,1,08,03,66,046,47,08,41,101,46,11,22,156,44,14,47,211,46*7B
$GPGSV,2,2,08,17,66,268,46,22,22,316,44,28,11,356,43,31,59,126,47*78
$GAGSV,2,1,05,04,50,076,47,09,35,186,45,12,64,241,48,24,09,291,43*64
$GAGSV,2,2,05,31,19,026,45*52
$GPZDA,082615.00,14,06,2025,00,00*68
$GPGGA,082616.00,5934.47127,N,02450.03239,E,1,12,1.1,18.6,M,21.0,M,,*5C
$GPRMC,082616.00,A,5934.47127,N,02450.03239,E,18.39,11.0,140625,,,A*66
$GPVTG,11.0,T,,M,18.39,N,34.06,K,A*3F
$HEHDT,6.7,T*2E
$VWVHW,6.7,T,,M,17.30,N,32.04,K*7B
$GPGGA,082617.00,5934.47598,N,02450.03453,E,1,12,1.1,18.8,M,21.0,M,,*59
$GPRMC,082617.00,A,5934.47598,N,02450.03453,E,18.23,11.2,140625,,,A*64
$GPVTG,11.2,T,,M,18.23,N,33.76,K,A*36
$HEHDT,7.2,T*2A
$VWVHW,7.2,T,,M,17.37,N,32.18,K*75
$GPGGA,082618.00,5934.48065,N,02450.03584,E,1,12,1.1,18.4,M,21.0,M,,*59
$GPRMC,082618.00,A,5934.48065,N,02450.03584,E,18.41,11.2,140625,,,A*6C
$GPVTG,11.2,T,,M,18.41,N,34.10,K,A*35
$HEHDT,7.0,T*28
$VWVHW,7.0,T,,M,17.27,N,31.99,K*7C
$GPGGA,082619.00,5934.48603,N,02450.03760,E,1,12,1.1,18.8,M,21.0,M,,*5A
$GPRMC,082619.00,A,5934.48603,N,02450.03760,E,18.30,11.6,140625,,,A*61
$GPVTG,11.6,T,,M,18.30,N,33.88,K,A*31
$HEHDT,7.8,T*20
$VWVHW,7.8,T,,M,17.34,N,32.11,K*75
$GPGGA,082620.00,5934.49106,N,02450.04157,E,1,12,1.1,18.2,M,21.0,M,,*5C
$GPRMC,082620.00,A,5934.49106,N,02450.04157,E,18.57,11.5,140625,,,A*6F
$GPVTG,11.5,T,,M,18.57,N,34.40,K,A*30
$HEHDT,7.3,T*2B
$VWVHW,7.3,T,,M,17.40,N,32.22,K*7D
$GPGSV,2,1,08,03,66,046,48,08,41,101,46,11,22,156,45,14,47,211,46*75
$GPGSV,2,2,08,17,66,268,46,22,22,316,44,28,11,356,44,31,59,126,46*7E
$GAGSV,2,1,05,04,50,076,47,09,35,186,46,12,64,241,47,24,09,291,44*6F
$GAGSV,2,2,05,31,19,026,44*53
$GPZDA,082620.00,14,06,2025,00,00*6E
$GPGGA,082621.00,5934.49585,N,02450.04249,E,1,12,1.1,17.1,M,21.0,M,,*52
$GPRMC,082621.00,A,5934.49585,N,02450.04249,E,18.38,12.0,140625,,,A*62
$GPVTG,12.0,T,,M,18.38,N,34.03,K,A*38
$HEHDT,7.1,T*29
$VWVHW,7.1,T,,M,17.31,N,32.05,K*7C
$GPGGA,082622.00,5934.50109,N,02450.04392,E,1,12,1.1,17.7,M,21.0,M,,*58
$GPRMC,082622.00,A,5934.50109,N,02450.04392,E,18.46,11.4,140625,,,A*60
$GPVTG,11.4,T,,M,18.46,N,34.19,K,A*3D
$HEHDT,7.3,T*2B
$VWVHW,7.3,T,,M,17.40,N,32.23,K*7C
$GPGGA,082623.00,5934.50610,N,02450.04585,E,1,12,1.1,18.3,M,21.0,M,,*5D
$GPRMC,082623.00,A,5934.50610,N,02450.04585,E,18.47,12.0,140625,,,A*68
$GPVTG,12.0,T,,M,18.47,N,34.21,K,A*30
$HEHDT,7.6,T*2E
$VWVHW,7.6,T,,M,17.35,N,32.13,K*78
$GPGGA,082624.00,5934.51142,N,02450.04875,E,1,12,1.1,17.9,M,21.0,M,,*5C
$GPRMC,082624.00,A,5934.51142,N,02450.04875,E,18.52,11.9,140625,,,A*62
$GPVTG,11.9,T,,M,18.52,N,34.30,K,A*3E
$HEHDT,6.8,T*21
$VWVHW,6.8,T,,M,17.28,N,32.00,K*79
$GPGGA,082625.00,5934.51629,N,02450.05061,E,1,12,1.1,17.8,M,21.0,M,,*5A
$GPRMC,082625.00,A,5934.51629,N,02450.05061,E,18.34,11.2,140625,,,A*6E
$GPVTG,11.2,T,,M,18.34,N,33.97,K,A*3F
$HEHDT,7.3,T*2B
$VWVHW,7.3,T,,M,17.29,N,32.02,K*70
$GPGSV,2,1,08,03,66,046,47,08,41,101,46,11,22,156,44,14,47,211,47*7A
$GPGSV,2,2,08,17,66,268,47,22,22,316,44,28,11,356,44,31,59,126,47*7E
$GAGSV,2,1,05,04,50,076,46,09,35,186,45,12,64,241,47,24,09,291,44*6D
$GAGSV,2,2,05,31,19,026,45*52
$GPZDA,082625.00,14,06,2025,00,00*6B
$GPGGA,082626.00,5934.52092,N,02450.05239,E,1,12,1.1,18.0,M,21.0,M,,*54
$GPRMC,082626.00,A,5934.52092,N,02450.05239,E,18.59,11.7,140625,,,A*69
$GPVTG,11.7,T,,M,18.59,N,34.42,K,A*3E
$HEHDT,7.4,T*2C
$VWVHW,7.4,T,,M,17.43,N,32.28,K*73
$GPGGA,082627.00,5934.52604,N,02450.05431,E,1,12,1.1,17.4,M,21.0,M,,*59
$GPRMC,082627.00,A,5934.52604,N,02450.05431,E,18.51,11.6,140625,,,A*66
$GPVTG,11.6,T,,M,18.51,N,34.27,K,A*34
$HEHDT,7.1,T*29
$VWVHW,7.1,T,,M,17.32,N,32.08,K*72
$GPGGA,082628.00,5934.53097,N,02450.05638,E,1,12,1.1,18.3,M,21.0,M,,*58
$GPRMC,082628.00,A,5934.53097,N,02450.05638,E,18.58,12.2,140625,,,A*61
$GPVTG,12.2,T,,M,18.58,N,34.40,K,A*3B
$HEHDT,7.2,T*2A
$VWVHW,7.2,T,,M,17.40,N,32.22,K*7C
$GPGGA,082629.00,5934.53650,N,02450.05869,E,1,12,1.1,17.5,M,21.0,M,,*57
$GPRMC,082629.00,A,5934.53650,N,02450.05869,E,18.51,11.9,140625,,,A*66
$GPVTG,11.9,T,,M,18.51,N,34.29,K,A*35
$HEHDT,7.5,T*2D
$VWVHW,7.5,T,,M,17.36,N,32.15,K*7E
$GPGGA,082630.00,5934.54103,N,02450.06093,E,1,12,1.1,17.8,M,21.0,M,,*5A
$GPRMC,082630.00,A,5934.54103,N,02450.06093,E,18.60,11.9,140625,,,A*64
$GPVTG,11.9,T,,M,18.60,N,34.44,K,A*3C
$HEHDT,6.8,T*21
$VWVHW,6.8,T,,M,17.33,N,32.09,K*7A
$GPGSV,2,1,08,03,66,046,47,08,41,101,46,11,22,156,45,14,47,211,46*7A
$GPGSV,2,2,08,17,66,268,47,22,22,316,45,28,11,356,44,31,59,126,46*7E
$GAGSV,2,1,05,04,50,076,46,09,35,186,46,12,64,241,46,24,09,291,44*6F
$GAGSV,2,2,05,31,19,026,45*52
$GPZDA,082630.00,14,06,2025,00,00*6F
$GPGGA,082631.00,5934.54592,N,02450.06307,E,1,12,1.1,17.8,M,21.0,M,,*59
$GPRMC,082631.00,A,5934.54592,N,02450.06307,E,18.61,11.9,140625,,,A*66
$GPVTG,11.9,T,,M,18.61,N,34.46,K,A*3F
$HEHDT,7.1,T*29
$VWVHW,7.1,T,,M,17.26,N,31.97,K*72
$GPGGA,082632.00,5934.55131,N,02450.06529,E,1,12,1.1,18.1,M,21.0,M,,*5A
$GPRMC,082632.00,A,5934.55131,N,02450.06529,E,18.61,11.7,140625,,,A*6D
$GPVTG,11.7,T,,M,18.61,N,34.47,K,A*30
$HEHDT,7.1,T*29
$VWVHW,7.1,T,,M,17.32,N,32.08,K*72
$GPGGA,082633.00,5934.55628,N,02450.06776,E,1,12,1.1,17.9,M,21.0,M,,*5B
$GPRMC,082633.00,A,5934.55628,N,02450.06776,E,18.58,12.1,140625,,,A*64
$GPVTG,12.1,T,,M,18.58,N,34.42,K,A*3A
$HEHDT,7.1,T*29
$VWVHW,7.1,T,,M,17.29,N,32.02,K*72
$GPGGA,082634.00,5934.56169,N,02450.07001,E,1,12,1.1,17.6,M,21.0,M,,*54
$GPRMC,082634.00,A,5934.56169,N,02450.07001,E,18.60,11.8,140625,,,A*65
$GPVTG,11.8,T,,M,18.60,N,34.44,K,A*3D
$HEHDT,7.0,T*28
$VWVHW,7.0,T,,M,17.39,N,32.21,K*73
$GPGGA,082635.00,5934.56605,N,02450.07266,E,1,12,1.1,18.4,M,21.0,M,,*56
$GPRMC,082635.00,A,5934.56605,N,02450.07266,E,18.70,12.1,140625,,,A*61
$GPVTG,12.1,T,,M,18.70,N,34.64,K,A*34
$HEHDT,7.2,T*2A
$VWVHW,7.2,T,,M,17.41,N,32.24,K*7B
$GPGSV,2,1,08,03,66,046,47,08,41,101,45,11,22,156,45,14,46,211,47*79
$GPGSV,2,2,08,17,66,268,46,22,22,316,45,28,11,356,44,31,59,126,47*7E
$GAGSV,2,1,05,04,50,076,47,09,35,186,45,12,64,241,46,24,09,291,44*6D
$GAGSV,2,2,05,31,19,026,45*52
$GPZDA,082635.00,14,06,2025,00,00*6A
$GPGGA,082636.00,5934.57154,N,02450.07362,E,1,12,1.1,18.1,M,21.0,M,,*57
$GPRMC,082636.00,A,5934.57154,N,02450.07362,E,18.73,11.9,140625,,,A*6D
$GPVTG,11.9,T,,M,18.73,N,34.70,K,A*39
$HEHDT,6.9,T*20
$VWVHW,6.9,T,,M,17.23,N,31.91,K*78
$GPGGA,082637.00,5934.57694,N,02450.07608,E,1,12,1.1,18.3,M,21.0,M,,*56
$GPRMC,082637.00,A,5934.57694,N,02450.07608,E,18.64,11.9,140625,,,A*68
$GPVTG,11.9,T,,M,18.64,N,34.53,K,A*3E
$HEHDT,7.1,T*29
$VWVHW,7.1,T,,M,17.41,N,32.25,K*79
$GPGGA,082638.00,5934.58160,N,02450.07865,E,1,12,1.1,17.7,M,21.0,M,,*54
$GPRMC,082638.00,A,5934.58160,N,02450.07865,E,18.76,12.3,140625,,,A*6B
$GPVTG,12.3,T,,M,18.76,N,34.75,K,A*30
$HEHDT,7.4,T*2C
$VWVHW,7.4,T,,M,17.18,N,31.81,K*7D
$GPGGA,082639.00,5934.58706,N,02450.08054,E,1,12,1.1,17.9,M,21.0,M,,*58
$GPRMC,082639.00,A,5934.58706,N,02450.08054,E,18.61,12.1,140625,,,A*6D
$GPVTG,12.1,T,,M,18.61,N,34.46,K,A*34
$HEHDT,7.2,T*2A
$VWVHW,7.2,T,,M,17.47,N,32.36,K*7E
$GPGGA,082640.00,5934.59174,N,02450.08251,E,1,12,1.1,18.0,M,21.0,M,,*55
$GPRMC,082640.00,A,5934.59174,N,02450.08251,E,18.69,12.1,140625,,,A*6E
$GPVTG,12.1,T,,M,18.69,N,34.62,K,A*3A
$HEHDT,7.0,T*28
$VWVHW,7.0,T,,M,17.29,N,32.01,K*70
$GPGSV,2,1,08,03,66,046,47,08,41,101,45,11,22,156,45,14,46,211,46*78
$GPGSV,2,2,08,17,66,268,46,22,22,316,45,28,11,356,45,31,59,126,46*7E
$GAGSV,2,1,05,04,50,076,46,09,35,186,46,12,64,241,46,24,09,291,45*6E
$GAGSV,2,2,05,31,19,026,46*51
$GPZDA,082640.00,14,06,2025,00,00*68
$GPGGA,082641.00,5934.59703,N,02450.08454,E,1,12,1.1,18.1,M,21.0,M,,*50
$GPRMC,082641.00,A,5934.59703,N,02450.08454,E,18.74,12.2,140625,,,A*65
$GPVTG,12.2,T,,M,18.74,N,34.72,K,A*34
$HEHDT,7.2,T*2A
$VWVHW,7.2,T,,M,17.35,N,32.13,K*7C
$GPGGA,082642.00,5934.60150,N,02450.08659,E,1,12,1.1,18.2,M,21.0,M,,*55
$GPRMC,082642.00,A,5934.60150,N,02450.08659,E,18.72,12.6,140625,,,A*61
$GPVTG,12.6,T,,M,18.72,N,34.67,K,A*32
$HEHDT,6.8,T*21
$VWVHW,6.8,T,,M,17.34,N,32.12,K*77
$GPGGA,082643.00,5934.60681,N,02450.08932,E,1,12,1.1,17.6,M,21.0,M,,*56
$GPRMC,082643.00,A,5934.60681,N,02450.08932,E,18.91,12.3,140625,,,A*61
$GPVTG,12.3,T,,M,18.91,N,35.01,K,A*3B
$HEHDT,7.5,T*2D
$VWVHW,7.5,T,,M,17.33,N,32.09,K*76
$GPGGA,082644.00,5934.61208,N,02450.09179,E,1,12,1.1,18.3,M,21.0,M,,*59
$GPRMC,082644.00,A,5934.61208,N,02450.09179,E,18.65,12.0,140625,,,A*6C
$GPVTG,12.0,T,,M,18.65,N,34.55,K,A*33
$HEHDT,6.9,T*20
$VWVHW,6.9,T,,M,17.28,N,32.00,K*78
$GPGGA,082645.00,5934.61724,N,02450.09309,E,1,12,1.1,18.6,M,21.0,M,,*53
$GPRMC,082645.00,A,5934.61724,N,02450.09309,E,18.83,12.4,140625,,,A*6F
$GPVTG,12.4,T,,M,18.83,N,34.87,K,A*30
$HEHDT,7.2,T*2A
$VWVHW,7.2,T,,M,17.26,N,31.96,K*70
$GPGSV,2,1,08,03,66,046,47,08,41,101,46,11,22,156,45,14,46,211,47*7A
$GPGSV,2,2,08,17,66,268,46,22,22,316,45,28,11,356,45,31,59,126,47*7F
$GAGSV,2,1,05,04,50,076,46,09,35,186,46,12,64,241,46,24,09,291,45*6E
$GAGSV,2,2,05,31,19,026,45*52
$GPZDA,082645.00,14,06,2025,00,00*6D
$GPGGA,082646.00,5934.62200,N,02450.09566,E,1,12,1.1,19.1,M,21.0,M,,*59
$GPRMC,082646.00,A,5934.62200,N,02450.09566,E,18.86,12.4,140625,,,A*66
$GPVTG,12.4,T,,M,18.86,N,34.93,K,A*30
$HEHDT,7.5,T*2D
$VWVHW,7.5,T,,M,17.37,N,32.16,K*7C
$GPGGA,082647.00,5934.62750,N,02450.09869,E,1,12,1.1,19.2,M,21.0,M,,*59
$GPRMC,082647.00,A,5934.62750,N,02450.09869,E,18.78,12.6,140625,,,A*66
$GPVTG,12.6,T,,M,18.78,N,34.79,K,A*37
$HEHDT,6.9,T*20
$VWVHW,6.9,T,,M,17.37,N,32.17,K*70
$GPGGA,082648.00,5934.63211,N,02450.10007,E,1,12,1.1,18.8,M,21.0,M,,*54
$GPRMC,082648.00,A,5934.63211,N,02450.10007,E,18.89,12.4,140625,,,A*6C
$GPVTG,12.4,T,,M,18.89,N,34.99,K,A*35
$HEHDT,7.3,T*2B
$VWVHW,7.3,T,,M,17.30,N,32.04,K*7E
$GPGGA,082649.00,5934.63715,N,02450.10276,E,1,12,1.1,18.8,M,21.0,M,,*50
$GPRMC,082649.00,A,5934.63715,N,02450.10276,E,18.81,12.7,140625,,,A*63
$GPVTG,12.7,T,,M,18.81,N,34.84,K,A*32
$HEHDT,7.0,T*28
$VWVHW,7.0,T,,M,17.39,N,32.20,K*72
$GPGGA,082650.00,5934.64201,N,02450.10571,E,1,12,1.1,18.7,M,21.0,M,,*50
$GPRMC,082650.00,A,5934.64201,N,02450.10571,E,18.94,12.8,140625,,,A*67
$GPVTG,12.8,T,,M,18.94,N,35.07,K,A*33
$HEHDT,7.2,T*2A
$VWVHW,7.2,T,,M,17.35,N,32.13,K*7C
$GPGSV,2,1,08,03,66,046,46,08,41,101,46,11,22,156,46,14,46,211,47*78
$GPGSV,2,2,08,17,65,268,46,22,22,316,46,28,11,356,45,31,59,126,46*7E
$GAGSV,2,1,05,04,50,076,46,09,34,186,46,12,64,241,46,24,09,291,46*6C
$GAGSV,2,2,05,31,19,026,46*51
$GPZDA,082650.00,14,06,2025,00,00*69
$GPGGA,082651.00,5934.64807,N,02450.10635,E,1,12,1.1,19.1,M,21.0,M,,*59
$GPRMC,082651.00,A,5934.64807,N,02450.10635,E,18.71,12.9,140625,,,A*63
$GPVTG,12.9,T,,M,18.71,N,34.64,K,A*3D
$HEHDT,7.6,T*2E
$VWVHW,7.6,T,,M,17.31,N,32.06,K*78
$GPGGA,082652.00,5934.65277,N,02450.10885,E,1,12,1.1,18.9,M,21.0,M,,*5A
$GPRMC,082652.00,A,5934.65277,N,02450.10885,E,18.82,12.5,140625,,,A*69
$GPVTG,12.5,T,,M,18.82,N,34.86,K,A*31
$HEHDT,6.9,T*20
$VWVHW,6.9,T,,M,17.08,N,31.64,K*7B
$GPGGA,082653.00,5934.65809,N,02450.11216,E,1,12,1.1,18.8,M,21.0,M,,*58
$GPRMC,082653.00,A,5934.65809,N,02450.11216,E,18.76,13.3,140625,,,A*66
$GPVTG,13.3,T,,M,18.76,N,34.75,K,A*31
$HEHDT,7.5,T*2D
$VWVHW,7.5,T,,M,17.12,N,31.71,K*79
$GPGGA,082654.00,5934.66326,N,02450.11379,E,1,12,1.1,18.6,M,21.0,M,,*5C
$GPRMC,082654.00,A,5934.66326,N,02450.11379,E,18.94,12.9,140625,,,A*6B
$GPVTG,12.9,T,,M,18.94,N,35.08,K,A*3D
$HEHDT,7.3,T*2B
$VWVHW,7.3,T,,M,17.33,N,32.10,K*78
$GPGGA,082655.00,5934.66837,N,02450.11588,E,1,12,1.1,18.8,M,21.0,M,,*50
$GPRMC,082655.00,A,5934.66837,N,02450.11588,E,18.90,13.0,140625,,,A*65
$GPVTG,13.0,T,,M,18.90,N,35.00,K,A*39
$HEHDT,7.4,T*2C
$VWVHW,7.4,T,,M,17.24,N,31.94,K*76
$GPGSV,2,1,08,03,66,046,46,08,41,101,46,11,22,156,46,14,46,211,47*78
$GPGSV,2,2,08,17,65,268,46,22,22,316,46,28,11,356,47,31,59,126,46*7C
$GAGSV,2,1,05,04,50,076,46,09,34,186,45,12,64,241,46,24,09,291,46*6F
$GAGSV,2,2,05,31,19,026,46*51
$GPZDA,082655.00,14,06,2025,00,00*6C
$GPGGA,082656.00,5934.67351,N,02450.11801,E,1,12,1.1,18.6,M,21.0,M,,*5B
$GPRMC,082656.00,A,5934.67351,N,02450.11801,E,18.83,13.2,140625,,,A*60
$GPVTG,13.2,T,,M,18.83,N,34.87,K,A*37
$HEHDT,6.8,T*21
$VWVHW,6.8,T,,M,17.27,N,31.99,K*75
$GPGGA,082657.00,5934.67831,N,02450.12079,E,1,12,1.1,18.0,M,21.0,M,,*55
$GPRMC,082657.00,A,5934.67831,N,02450.12079,E,18.97,13.1,140625,,,A*6E
$GPVTG,13.1,T,,M,18.97,N,35.13,K,A*3D
$HEHDT,7.1,T*29
$VWVHW,7.1,T,,M,17.30,N,32.04,K*7C
$GPGGA,082658.00,5934.68339,N,02450.12345,E,1,12,1.1,18.1,M,21.0,M,,*5B
$GPRMC,082658.00,A,5934.68339,N,02450.12345,E,19.03,13.1,140625,,,A*6D
$GPVTG,13.1,T,,M,19.03,N,35.24,K,A*35
$HEHDT,6.9,T*20
$VWVHW,6.9,T,,M,17.32,N,32.08,K*7B
$GPGGA,082659.00,5934.68875,N,02450.12634,E,1,12,1.1,18.1,M,21.0,M,,*5A
$GPRMC,082659.00,A,5934.68875,N,02450.12634,E,18.92,13.1,140625,,,A*65
$GPVTG,13.1,T,,M,18.92,N,35.05,K,A*3F
$HEHDT,7.0,T*28
$VWVHW,7.0,T,,M,17.25,N,31.95,K*72
$GPGGA,082700.00,5934.69356,N,02450.12874,E,1,12,1.1,18.1,M,21.0,M,,*56
$GPRMC,082700.00,A,5934.69356,N,02450.12874,E,18.90,13.1,140625,,,A*6B
$GPVTG,13.1,T,,M,18.90,N,35.00,K,A*38
$HEHDT,7.3,T*2B
$VWVHW,7.3,T,,M,17.06,N,31.60,K*7A
$GPGSV,2,1,08,03,66,046,47,08,41,101,46,11,22,156,46,14,46,211,46*78
$GPGSV,2,2,08,17,65,268,46,22,22,316,46,28,11,356,46,31,59,126,46*7D
$GAGSV,2,1,05,04,50,076,46,09,34,186,46,12,64,241,46,24,09,291,46*6C
$GAGSV,2,2,05,31,19,026,46*51
$GPZDA,082700.00,14,06,2025,00,00*6D
$GPGGA,082701.00,5934.69861,N,02450.13034,E,1,12,1.1,17.9,M,21.0,M,,*52
$GPRMC,082701.00,A,5934.69861,N,02450.13034,E,19.10,13.0,140625,,,A*60
$GPVTG,13.0,T,,M,19.10,N,35.37,K,A*34
$HEHDT,7.5,T*2D
$VWVHW,7.5,T,,M,17.20,N,31.86,K*70
$GPGGA,082702.00,5934.70410,N,02450.13162,E,1,12,1.1,18.0,M,21.0,M,,*57
$GPRMC,082702.00,A,5934.70410,N,02450.13162,E,18.94,13.0,140625,,,A*6E
$GPVTG,13.0,T,,M,18.94,N,35.08,K,A*35
$HEHDT,7.2,T*2A
$VWVHW,7.2,T,,M,17.22,N,31.90,K*72
$GPGGA,082703.00,5934.70958,N,02450.13422,E,1,12,1.1,17.9,M,21.0,M,,*50
$GPRMC,082703.00,A,5934.70958,N,02450.13422,E,18.94,13.4,140625,,,A*6B
$GPVTG,13.4,T,,M,18.94,N,35.09,K,A*30
$HEHDT,6.8,T*21
$VWVHW,6.8,T,,M,17.14,N,31.75,K*77
$GPGGA,082704.00,5934.71442,N,02450.13728,E,1,12,1.1,17.2,M,21.0,M,,*52
$GPRMC,082704.00,A,5934.71442,N,02450.13728,E,19.15,13.2,140625,,,A*6C
$GPVTG,13.2,T,,M,19.15,N,35.47,K,A*34
$HEHDT,7.3,T*2B
$VWVHW,7.3,T,,M,17.24,N,31.92,K*77
$GPGGA,082705.00,5934.71974,N,02450.13974,E,1,12,1.1,17.9,M,21.0,M,,*57
$GPRMC,082705.00,A,5934.71974,N,02450.13974,E,19.03,12.9,140625,,,A*6F
$GPVTG,12.9,T,,M,19.03,N,35.24,K,A*3C
$HEHDT,7.1,T*29
$VWVHW,7.1,T,,M,17.30,N,32.05,K*7D
$GPGSV,2,1,08,03,66,046,46,08,41,102,46,11,22,156,45,14,46,212,46*7A
$GPGSV,2,2,08,17,65,268,46,22,22,316,46,28,11,356,46,31,59,126,46*7D
$GAGSV,2,1,05,04,50,076,46,09,34,186,46,12,64,242,46,24,09,292,46*6C
$GAGSV,2,2,05,31,19,026,46*51
$GPZDA,082705.00,14,06,2025,00,00*68
$GPGGA,082706.00,5934.72441,N,02450.14197,E,1,12,1.1,17.9,M,21.0,M,,*5E
$GPRMC,082706.00,A,5934.72441,N,02450.14197,E,18.95,13.3,140625,,,A*63
$GPVTG,13.3,T,,M,18.95,N,35.09,K,A*36
$HEHDT,6.9,T*20
$VWVHW,6.9,T,,M,17.34,N,32.11,K*75
$GPGGA,082707.00,5934.72972,N,02450.14453,E,1,12,1.1,18.2,M,21.0,M,,*5B
$GPRMC,082707.00,A,5934.72972,N,02450.14453,E,19.04,13.6,140625,,,A*6E
$GPVTG,13.6,T,,M,19.04,N,35.26,K,A*37
$HEHDT,6.9,T*20
$VWVHW,6.9,T,,M,17.29,N,32.01,K*78
$GPGGA,082708.00,5934.73487,N,02450.14602,E,1,12,1.1,18.0,M,21.0,M,,*56
$GPRMC,082708.00,A,5934.73487,N,02450.14602,E,19.13,13.4,140625,,,A*65
$GPVTG,13.4,T,,M,19.13,N,35.42,K,A*31
$HEHDT,7.1,T*29
$VWVHW,7.1,T,,M,17.26,N,31.97,K*72
$GPGGA,082709.00,5934.74076,N,02450.14871,E,1,12,1.1,17.4,M,21.0,M,,*5B
$GPRMC,082709.00,A,5934.74076,N,02450.14871,E,19.06,13.3,140625,,,A*60
$GPVTG,13.3,T,,M,19.06,N,35.30,K,A*37
$HEHDT,6.8,T*21
$VWVHW,6.8,T,,M,17.25,N,31.94,K*7A
$GPGGA,082710.00,5934.74554,N,02450.15239,E,1,12,1.1,17.7,M,21.0,M,,*52
$GPRMC,082710.00,A,5934.74554,N,02450.15239,E,19.03,13.6,140625,,,A*6A
$GPVTG,13.6,T,,M,19.03,N,35.24,K,A*32
$HEHDT,7.0,T*28
$VWVHW,7.0,T,,M,17.14,N,31.75,K*7E
$GPGSV,2,1,08,03,66,047,46,08,41,102,46,11,22,157,46,14,46,212,46*79
$GPGSV,2,2,08,17,65,269,47,22,22,317,45,28,11,357,46,31,59,127,46*7F
$GAGSV,2,1,05,04,50,077,46,09,34,187,46,12,64,242,47,24,09,292,45*6E
$GAGSV,2,2,05,31,19,027,45*53
$GPZDA,082710.00,14,06,2025,00,00*6C
$GPGGA,082711.00,5934.75040,N,02450.15473,E,1,12,1.1,17.2,M,21.0,M,,*5F
$GPRMC,082711.00,A,5934.75040,N,02450.15473,E,18.98,13.6,140625,,,A*61
$GPVTG,13.6,T,,M,18.98,N,35.15,K,A*33
$HEHDT,7.3,T*2B
$VWVHW,7.3,T,,M,17.24,N,31.94,K*71
$GPGGA,082712.00,5934.75550,N,02450.15729,E,1,12,1.1,17.0,M,21.0,M,,*56
$GPRMC,082712.00,A,5934.75550,N,02450.15729,E,19.05,13.6,140625,,,A*6F
$GPVTG,13.6,T,,M,19.05,N,35.28,K,A*38
$HEHDT,7.1,T*29
$VWVHW,7.1,T,,M,17.15,N,31.77,K*7C
$GPGGA,082713.00,5934.76078,N,02450.15930,E,1,12,1.1,17.1,M,21.0,M,,*5C
$GPRMC,082713.00,A,5934.76078,N,02450.15930,E,19.17,13.5,140625,,,A*64
$GPVTG,13.5,T,,M,19.17,N,35.51,K,A*36
$HEHDT,7.3,T*2B
$VWVHW,7.3,T,,M,17.33,N,32.09,K*70
$GPGGA,082714.00,5934.76640,N,02450.16239,E,1,12,1.1,17.4,M,21.0,M,,*52
$GPRMC,082714.00,A,5934.76640,N,02450.16239,E,19.18,13.4,140625,,,A*61
$GPVTG,13.4,T,,M,19.18,N,35.52,K,A*3B
$HEHDT,6.4,T*2D
$VWVHW,6.4,T,,M,17.29,N,32.01,K*75
$GPGGA,082715.00,5934.77148,N,02450.16385,E,1,12,1.1,17.3,M,21.0,M,,*5C
$GPRMC,082715.00,A,5934.77148,N,02450.16385,E,19.18,13.6,140625,,,A*6A
$GPVTG,13.6,T,,M,19.18,N,35.52,K,A*39
$HEHDT,7.4,T*2C
$VWVHW,7.4,T,,M,17.24,N,31.93,K*71
$GPGSV,2,1,08,03,66,047,45,08,41,102,45,11,22,157,46,14,46,212,46*79
$GPGSV,2,2,08,17,65,269,46,22,22,317,46,28,11,357,47,31,59,127,46*7C
$GAGSV,2,1,05,04,50,077,46,09,34,187,46,12,64,242,47,24,09,292,46*6D
$GAGSV,2,2,05,31,19,027,47*51
$GPZDA,082715.00,14,06,2025,00,00*69
$GPGGA,082716.00,5934.77657,N,02450.16722,E,1,12,1.1,17.9,M,21.0,M,,*55
$GPRMC,082716.00,A,5934.77657,N,02450.16722,E,19.34,14.0,140625,,,A*66
$GPVTG,14.0,T,,M,19.34,N,35.81,K,A*38
$HEHDT,7.3,T*2B
$VWVHW,7.3,T,,M,17.30,N,32.04,K*7E
$GPGGA,082717.00,5934.78146,N,02450.16976,E,1,12,1.1,17.2,M,21.0,M,,*58
$GPRMC,082717.00,A,5934.78146,N,02450.16976,E,19.17,13.5,140625,,,A*63
$GPVTG,13.5,T,,M,19.17,N,35.50,K,A*37
$HEHDT,6.8,T*21
$VWVHW,6.8,T,,M,17.32,N,32.07,K*75
$GPGGA,082718.00,5934.78692,N,02450.17318,E,1,12,1.1,17.2,M,21.0,M,,*5A
$GPRMC,082718.00,A,5934.78692,N,02450.17318,E,19.21,13.7,140625,,,A*66
$GPVTG,13.7,T,,M,19.21,N,35.57,K,A*37
$HEHDT,7.5,T*2D
$VWVHW,7.5,T,,M,17.29,N,32.02,K*76
$GPGGA,082719.00,5934.79197,N,02450.17514,E,1,12,1.1,17.8,M,21.0,M,,*58
$GPRMC,082719.00,A,5934.79197,N,02450.17514,E,19.03,13.9,140625,,,A*60
$GPVTG,13.9,T,,M,19.03,N,35.24,K,A*3D
$HEHDT,7.2,T*2A
$VWVHW,7.2,T,,M,17.41,N,32.24,K*7B
$GPGGA,082720.00,5934.79720,N,02450.17744,E,1,12,1.1,17.2,M,21.0,M,,*55
$GPRMC,082720.00,A,5934.79720,N,02450.17744,E,19.23,13.6,140625,,,A*6A
$GPVTG,13.6,T,,M,19.23,N,35.62,K,A*32
$HEHDT,6.9,T*20
$VWVHW,6.9,T,,M,17.26,N,31.96,K*7A
$GPGSV,2,1,08,03,66,047,46,08,41,102,46,11,22,157,47,14,46,212,46*78
$GPGSV,2,2,08,17,65,269,45,22,22,317,46,28,11,357,47,31,59,127,46*7F
$GAGSV,2,1,05,04,50,077,46,09,34,187,46,12,64,242,45,24,09,292,46*6F
$GAGSV,2,2,05,31,19,027,46*50
$GPZDA,082720.00,14,06,2025,00,00*6F
$GPGGA,082721.00,5934.80214,N,02450.17979,E,1,12,1.1,17.2,M,21.0,M,,*50
$GPRMC,082721.00,A,5934.80214,N,02450.17979,E,19.23,13.8,140625,,,A*61
$GPVTG,13.8,T,,M,19.23,N,35.62,K,A*3C
$HEHDT,6.9,T*20
$VWVHW,6.9,T,,M,17.24,N,31.93,K*7D
$GPGGA,082722.00,5934.80767,N,02450.18211,E,1,12,1.1,17.1,M,21.0,M,,*5B
$GPRMC,082722.00,A,5934.80767,N,02450.18211,E,19.24,14.1,140625,,,A*60
$GPVTG,14.1,T,,M,19.24,N,35.63,K,A*34
$HEHDT,6.9,T*20
$VWVHW,6.9,T,,M,17.24,N,31.94,K*7A
$GPGGA,082723.00,5934.81234,N,02450.18539,E,1,12,1.1,17.5,M,21.0,M,,*51
$GPRMC,082723.00,A,5934.81234,N,02450.18539,E,19.30,13.8,140625,,,A*65
$GPVTG,13.8,T,,M,19.30,N,35.75,K,A*38
$HEHDT,7.1,T*29
$VWVHW,7.1,T,,M,17.40,N,32.23,K*7E
$GPGGA,082724.00,5934.81757,N,02450.18759,E,1,12,1.1,17.0,M,21.0,M,,*57
$GPRMC,082724.00,A,5934.81757,N,02450.18759,E,19.22,14.3,140625,,,A*69
$GPVTG,14.3,T,,M,19.22,N,35.59,K,A*39
$HEHDT,6.8,T*21
$VWVHW,6.8,T,,M,17.23,N,31.91,K*79
$GPGGA,082725.00,5934.82270,N,02450.19069,E,1,12,1.1,17.3,M,21.0,M,,*53
$GPRMC,082725.00,A,5934.82270,N,02450.19069,E,19.15,13.8,140625,,,A*66
$GPVTG,13.8,T,,M,19.15,N,35.47,K,A*3E
$HEHDT,7.5,T*2D
$VWVHW,7.5,T,,M,17.17,N,31.80,K*72
$GPGSV,2,1,08,03,66,047,46,08,41,102,46,11,22,157,46,14,46,212,46*79
$GPGSV,2,2,08,17,65,269,45,22,22,317,46,28,11,357,46,31,59,127,46*7E
$GAGSV,2,1,05,04,50,077,45,09,34,187,46,12,64,242,46,24,09,292,46*6F
$GAGSV,2,2,05,31,19,027,45*53
$GPZDA,082725.00,14,06,2025,00,00*6A
$GPGGA,082726.00,5934.82841,N,02450.19227,E,1,12,1.1,16.9,M,21.0,M,,*5B
$GPRMC,082726.00,A,5934.82841,N,02450.19227,E,19.36,14.1,140625,,,A*6A
$GPVTG,14.1,T,,M,19.36,N,35.86,K,A*3C
$HEHDT,7.0,T*28
$VWVHW,7.0,T,,M,17.25,N,31.94,K*73
$GPGGA,082727.00,5934.83329,N,02450.19532,E,1,12,1.1,17.0,M,21.0,M,,*55
$GPRMC,082727.00,A,5934.83329,N,02450.19532,E,19.31,13.9,140625,,,A*64
$GPVTG,13.9,T,,M,19.31,N,35.76,K,A*3B
$HEHDT,7.5,T*2D
$VWVHW,7.5,T,,M,17.27,N,31.98,K*78
$GPGGA,082728.00,5934.83860,N,02450.19739,E,1,12,1.1,16.7,M,21.0,M,,*53
$GPRMC,082728.00,A,5934.83860,N,02450.19739,E,19.40,14.3,140625,,,A*6F
$GPVTG,14.3,T,,M,19.40,N,35.92,K,A*3A
$HEHDT,7.2,T*2A
$VWVHW,7.2,T,,M,17.16,N,31.78,K*73
$GPGGA,082729.00,5934.84383,N,02450.20033,E,1,12,1.1,17.0,M,21.0,M,,*52
$GPRMC,082729.00,A,5934.84383,N,02450.20033,E,19.27,14.3,140625,,,A*69
$GPVTG,14.3,T,,M,19.27,N,35.69,K,A*3F
$HEHDT,7.1,T*29
$VWVHW,7.1,T,,M,17.14,N,31.75,K*7F
$GPGGA,082730.00,5934.84859,N,02450.20220,E,1,12,1.1,16.7,M,21.0,M,,*50
$GPRMC,082730.00,A,5934.84859,N,02450.20220,E,19.35,14.2,140625,,,A*6F
$GPVTG,14.2,T,,M,19.35,N,35.84,K,A*3E
$HEHDT,7.4,T*2C
$VWVHW,7.4,T,,M,17.03,N,31.54,K*7F
$GPGSV,2,1,08,03,66,047,47,08,41,102,46,11,21,157,46,14,46,212,46*7B
$GPGSV,2,2,08,17,65,269,46,22,22,317,46,28,11,357,46,31,59,127,46*7D
$GAGSV,2,1,05,04,50,077,46,09,34,187,46,12,64,242,46,24,09,292,46*6C
$GAGSV,2,2,05,31,19,027,46*50
$GPZDA,082730.00,14,06,2025,00,00*6E
$GPGGA,082731.00,5934.85377,N,02450.20548,E,1,12,1.1,16.0,M,21.0,M,,*59
$GPRMC,082731.00,A,5934.85377,N,02450.20548,E,19.15,14.2,140625,,,A*63
$GPVTG,14.2,T,,M,19.15,N,35.46,K,A*32
$HEHDT,7.0,T*28
$VWVHW,7.0,T,,M,17.13,N,31.72,K*7E
$GPGGA,082732.00,5934.85919,N,02450.20870,E,1,12,1.1,16.5,M,21.0,M,,*5B
$GPRMC,082732.00,A,5934.85919,N,02450.20870,E,19.23,13.7,140625,,,A*63
$GPVTG,13.7,T,,M,19.23,N,35.62,K,A*33
$HEHDT,7.1,T*29
$VWVHW,7.1,T,,M,17.13,N,31.73,K*7E
$GPGGA,082733.00,5934.86464,N,02450.21084,E,1,12,1.1,16.4,M,21.0,M,,*5D
$GPRMC,082733.00,A,5934.86464,N,02450.21084,E,19.43,14.1,140625,,,A*63
$GPVTG,14.1,T,,M,19.43,N,35.98,K,A*31
$HEHDT,7.0,T*28
$VWVHW,7.0,T,,M,17.13,N,31.72,K*7E
$GPGGA,082734.00,5934.86968,N,02450.21333,E,1,12,1.1,16.4,M,21.0,M,,*54
$GPRMC,082734.00,A,5934.86968,N,02450.21333,E,19.35,14.3,140625,,,A*69
$GPVTG,14.3,T,,M,19.35,N,35.84,K,A*3F
$HEHDT,6.9,T*20
$VWVHW,6.9,T,,M,17.05,N,31.58,K*79
$GPGGA,082735.00,5934.87452,N,02450.21630,E,1,12,1.1,16.9,M,21.0,M,,*5B
$GPRMC,082735.00,A,5934.87452,N,02450.21630,E,19.32,14.1,140625,,,A*6E
$GPVTG,14.1,T,,M,19.32,N,35.78,K,A*39
$HEHDT,7.2,T*2A
$VWVHW,7.2,T,,M,17.00,N,31.48,K*77
$GPGSV,2,1,08,03,66,047,47,08,41,102,46,11,21,157,46,14,46,212,46*7B
$GPGSV,2,2,08,17,65,269,45,22,22,317,46,28,11,357,45,31,59,127,45*7E
$GAGSV,2,1,05,04,50,077,46,09,34,187,46,12,64,242,46,24,09,292,46*6C
$GAGSV,2,2,05,31,19,027,46*50
$GPZDA,082735.00,14,06,2025,00,00*6B
$GPGGA,082736.00,5934.88007,N,02450.21833,E,1,12,1.0,16.7,M,21.0,M,,*51
$GPRMC,082736.00,A,5934.88007,N,02450.21833,E,19.47,14.5,140625,,,A*6D
$GPVTG,14.5,T,,M,19.47,N,36.06,K,A*35
$HEHDT,7.6,T*2E
$VWVHW,7.6,T,,M,17.02,N,31.52,K*7A
$GPGGA,082737.00,5934.88544,N,02450.22097,E,1,12,1.0,16.7,M,21.0,M,,*57
$GPRMC,082737.00,A,5934.88544,N,02450.22097,E,19.38,14.2,140625,,,A*64
$GPVTG,14.2,T,,M,19.38,N,35.88,K,A*3F
$HEHDT,7.3,T*2B
$VWVHW,7.3,T,,M,17.10,N,31.67,K*7A
$GPGGA,082738.00,5934.89038,N,02450.22380,E,1,12,1.0,16.7,M,21.0,M,,*52
$GPRMC,082738.00,A,5934.89038,N,02450.22380,E,19.35,14.9,140625,,,A*67
$GPVTG,14.9,T,,M,19.35,N,35.85,K,A*34
$HEHDT,6.7,T*2E
$VWVHW,6.7,T,,M,17.14,N,31.75,K*78
$GPGGA,082739.00,5934.89538,N,02450.22697,E,1,12,1.0,16.8,M,21.0,M,,*5A
$GPRMC,082739.00,A,5934.89538,N,02450.22697,E,19.60,14.9,140625,,,A*60
$GPVTG,14.9,T,,M,19.60,N,36.30,K,A*39
$HEHDT,7.3,T*2B
$VWVHW,7.3,T,,M,17.14,N,31.74,K*7C
$GPGGA,082740.00,5934.90126,N,02450.22960,E,1,12,1.0,16.6,M,21.0,M,,*5E
$GPRMC,082740.00,A,5934.90126,N,02450.22960,E,19.47,14.4,140625,,,A*62
$GPVTG,14.4,T,,M,19.47,N,36.07,K,A*35
$HEHDT,7.0,T*28
$VWVHW,7.0,T,,M,17.06,N,31.60,K*79
$GPGSV,2,1,08,03,66,047,46,08,41,102,46,11,21,157,46,14,46,212,47*7B
$GPGSV,2,2,08,17,65,269,46,22,22,317,46,28,11,357,46,31,59,127,46*7D
$GAGSV,2,1,05,04,50,077,46,09,34,187,46,12,64,242,46,24,09,292,47*6D
$GAGSV,2,2,05,31,19,027,45*53
$GPZDA,082740.00,14,06,2025,00,00*69
$GPGGA,082741.00,5934.90606,N,02450.23245,E,1,12,1.0,17.3,M,21.0,M,,*53
$GPRMC,082741.00,A,5934.90606,N,02450.23245,E,19.43,14.3,140625,,,A*68
$GPVTG,14.3,T,,M,19.43,N,35.99,K,A*32
$HEHDT,6.9,T*20
$VWVHW,6.9,T,,M,17.18,N,31.81,K*71
$GPGGA,082742.00,5934.91099,N,02450.23489,E,1,12,1.0,17.2,M,21.0,M,,*56
$GPRMC,082742.00,A,5934.91099,N,02450.23489,E,19.43,14.3,140625,,,A*6C
$GPVTG,14.3,T,,M,19.43,N,35.99,K,A*32
$HEHDT,6.8,T*21
$VWVHW,6.8,T,,M,17.12,N,31.70,K*74
$GPGGA,082743.00,5934.91646,N,02450.23740,E,1,12,1.0,16.5,M,21.0,M,,*53
$GPRMC,082743.00,A,5934.91646,N,02450.23740,E,19.42,14.4,140625,,,A*69
$GPVTG,14.4,T,,M,19.42,N,35.96,K,A*3B
$HEHDT,7.2,T*2A
$VWVHW,7.2,T,,M,17.29,N,32.02,K*71
$GPGGA,082744.00,5934.92191,N,02450.23973,E,1,12,1.0,16.9,M,21.0,M,,*58
$GPRMC,082744.00,A,5934.92191,N,02450.23973,E,19.48,14.4,140625,,,A*64
$GPVTG,14.4,T,,M,19.48,N,36.07,K,A*3A
$HEHDT,6.6,T*2F
$VWVHW,6.6,T,,M,17.16,N,31.78,K*76
$GPGGA,082745.00,5934.92682,N,02450.24266,E,1,12,1.0,16.1,M,21.0,M,,*5C
$GPRMC,082745.00,A,5934.92682,N,02450.24266,E,19.52,14.4,140625,,,A*63
$GPVTG,14.4,T,,M,19.52,N,36.14,K,A*33
$HEHDT,6.9,T*20
$VWVHW,6.9,T,,M,17.09,N,31.65,K*7B
$GPGSV,2,1,08,03,66,047,46,08,41,102,46,11,21,157,46,14,46,212,45*79
$GPGSV,2,2,08,17,65,269,46,22,22,317,45,28,11,357,46,31,59,127,47*7F
$GAGSV,2,1,05,04,50,077,46,09,34,187,46,12,64,242,46,24,09,292,46*6C
$GAGSV,2,2,05,31,19,027,47*51
$GPZDA,082745.00,14,06,2025,00,00*6C
$GPGGA,082746.00,5934.93172,N,02450.24563,E,1,12,1.0,17.0,M,21.0,M,,*54
$GPRMC,082746.00,A,5934.93172,N,02450.24563,E,19.72,14.6,140625,,,A*6B
$GPVTG,14.6,T,,M,19.72,N,36.53,K,A*30
$HEHDT,7.0,T*28
$VWVHW,7.0,T,,M,17.21,N,31.87,K*75
$GPGGA,082747.00,5934.93748,N,02450.24696,E,1,12,1.0,17.1,M,21.0,M,,*52
$GPRMC,082747.00,A,5934.93748,N,02450.24696,E,19.55,14.7,140625,,,A*68
$GPVTG,14.7,T,,M,19.55,N,36.21,K,A*31
$HEHDT,6.3,T*2A
$VWVHW,6.3,T,,M,17.22,N,31.88,K*7B
$GPGGA,082748.00,5934.94309,N,02450.25091,E,1,12,1.0,17.1,M,21.0,M,,*5B
$GPRMC,082748.00,A,5934.94309,N,02450.25091,E,19.57,14.6,140625,,,A*62
$GPVTG,14.6,T,,M,19.57,N,36.25,K,A*36
$HEHDT,7.7,T*2F
$VWVHW,7.7,T,,M,17.11,N,31.68,K*70
$GPGGA,082749.00,5934.94777,N,02450.25314,E,1,12,1.0,17.2,M,21.0,M,,*5A
$GPRMC,082749.00,A,5934.94777,N,02450.25314,E,19.38,14.8,140625,,,A*67
$GPVTG,14.8,T,,M,19.38,N,35.89,K,A*34
$HEHDT,6.7,T*2E
$VWVHW,6.7,T,,M,17.14,N,31.75,K*78
$GPGGA,082750.00,5934.95288,N,02450.25569,E,1,12,1.0,16.8,M,21.0,M,,*51
$GPRMC,082750.00,A,5934.95288,N,02450.25569,E,19.61,14.7,140625,,,A*64
$GPVTG,14.7,T,,M,19.61,N,36.32,K,A*34
$HEHDT,7.0,T*28
$VWVHW,7.0,T,,M,17.15,N,31.75,K*7F
$GPGSV,2,1,08,03,66,047,46,08,41,102,46,11,21,157,46,14,46,212,46*7A
$GPGSV,2,2,08,17,65,269,47,22,22,317,45,28,11,357,46,31,59,127,46*7F
$GAGSV,2,1,05,04,50,077,46,09,34,187,45,12,64,242,46,24,09,292,45*6C
$GAGSV,2,2,05,31,19,027,45*53
$GPZDA,082750.00,14,06,2025,00,00*68
$GPGGA,082751.00,5934.95902,N,02450.25807,E,1,12,1.0,16.9,M,21.0,M,,*5D
$GPRMC,082751.00,A,5934.95902,N,02450.25807,E,19.54,14.8,140625,,,A*60
$GPVTG,14.8,T,,M,19.54,N,36.19,K,A*34
$HEHDT,7.1,T*29
$VWVHW,7.1,T,,M,16.93,N,31.36,K*76
$GPGGA,082752.00,5934.96377,N,02450.26060,E,1,12,1.0,17.1,M,21.0,M,,*56
$GPRMC,082752.00,A,5934.96377,N,02450.26060,E,19.60,15.0,140625,,,A*6C
$GPVTG,15.0,T,,M,19.60,N,36.29,K,A*39
$HEHDT,7.4,T*2C
$VWVHW,7.4,T,,M,16.92,N,31.33,K*77
$GPGGA,082753.00,5934.96850,N,02450.26268,E,1,12,1.0,16.7,M,21.0,M,,*54
$GPRMC,082753.00,A,5934.96850,N,02450.26268,E,19.50,14.7,140625,,,A*6C
$GPVTG,14.7,T,,M,19.50,N,36.11,K,A*37
$HEHDT,7.1,T*29
$VWVHW,7.1,T,,M,17.16,N,31.78,K*70
$GPGGA,082754.00,5934.97413,N,02450.26631,E,1,12,1.0,16.9,M,21.0,M,,*5F
$GPRMC,082754.00,A,5934.97413,N,02450.26631,E,19.72,14.5,140625,,,A*6B
$GPVTG,14.5,T,,M,19.72,N,36.51,K,A*31
$HEHDT,7.4,T*2C
$VWVHW,7.4,T,,M,17.12,N,31.70,K*79
$GPGGA,082755.00,5934.97940,N,02450.26955,E,1,12,1.0,17.7,M,21.0,M,,*57
$GPRMC,082755.00,A,5934.97940,N,02450.26955,E,19.63,14.9,140625,,,A*60
$GPVTG,14.9,T,,M,19.63,N,36.35,K,A*3F
$HEHDT,7.0,T*28
$VWVHW,7.0,T,,M,17.07,N,31.62,K*7A
$GPGSV,2,1,08,03,66,047,46,08,41,102,46,11,21,157,46,14,46,212,46*7A
$GPGSV,2,2,08,17,65,269,46,22,22,317,45,28,11,357,45,31,59,127,46*7D
$GAGSV,2,1,05,04,50,077,47,09,34,187,46,12,64,242,46,24,09,292,46*6D
$GAGSV,2,2,05,31,19,027,46*50
$GPZDA,082755.00,14,06,2025,00,00*6D
$GPGGA,082756.00,5934.98451,N,02450.27172,E,1,12,1.0,17.0,M,21.0,M,,*5D
$GPRMC,082756.00,A,5934.98451,N,02450.27172,E,19.60,14.9,140625,,,A*6E
$GPVTG,14.9,T,,M,19.60,N,36.29,K,A*31
$HEHDT,7.1,T*29
$VWVHW,7.1,T,,M,17.07,N,31.62,K*7B
$GPGGA,082757.00,5934.98997,N,02450.27587,E,1,12,1.0,17.5,M,21.0,M,,*50
$GPRMC,082757.00,A,5934.98997,N,02450.27587,E,19.61,14.8,140625,,,A*66
$GPVTG,14.8,T,,M,19.61,N,36.32,K,A*3B
$HEHDT,6.9,T*20
$VWVHW,6.9,T,,M,17.23,N,31.91,K*78
$GPGGA,082758.00,5934.99500,N,02450.27759,E,1,12,1.0,17.3,M,21.0,M,,*5B
$GPRMC,082758.00,A,5934.99500,N,02450.27759,E,19.68,14.9,140625,,,A*63
$GPVTG,14.9,T,,M,19.68,N,36.44,K,A*32
$HEHDT,7.4,T*2C
$VWVHW,7.4,T,,M,16.94,N,31.37,K*75
$GPGGA,082759.00,5935.00067,N,02450.28071,E,1,12,1.0,17.1,M,21.0,M,,*5F
$GPRMC,082759.00,A,5935.00067,N,02450.28071,E,19.67,15.1,140625,,,A*63
$GPVTG,15.1,T,,M,19.67,N,36.44,K,A*34
$HEHDT,6.7,T*2E
$VWVHW,6.7,T,,M,16.92,N,31.33,K*75
$GPGGA,082800.00,5935.00558,N,02450.28368,E,1,12,1.0,16.4,M,21.0,M,,*5A
$GPRMC,082800.00,A,5935.00558,N,02450.28368,E,19.76,15.1,140625,,,A*62
$GPVTG,15.1,T,,M,19.76,N,36.60,K,A*32
$HEHDT,6.9,T*20
$VWVHW,6.9,T,,M,17.03,N,31.54,K*73
$GPGSV,2,1,08,03,66,047,46,08,41,102,46,11,21,157,47,14,46,212,46*7B
$GPGSV,2,2,08,17,65,269,46,22,22,317,46,28,11,357,45,31,59,127,45*7D
$GAGSV,2,1,05,04,50,077,46,09,34,187,46,12,64,242,47,24,09,292,46*6D
$GAGSV,2,2,05,31,19,027,47*51
$GPZDA,082800.00,14,06,2025,00,00*62
$GPGGA,082801.00,5935.01159,N,02450.28596,E,1,12,1.0,17.2,M,21.0,M,,*5F
$GPRMC,082801.00,A,5935.01159,N,02450.28596,E,19.67,15.1,140625,,,A*60
$GPVTG,15.1,T,,M,19.67,N,36.43,K,A*33
$HEHDT,7.1,T*29
$VWVHW,7.1,T,,M,16.98,N,31.45,K*79
$GPGGA,082802.00,5935.01665,N,02450.28903,E,1,12,1.0,16.7,M,21.0,M,,*50
$GPRMC,082802.00,A,5935.01665,N,02450.28903,E,19.96,15.1,140625,,,A*65
$GPVTG,15.1,T,,M,19.96,N,36.96,K,A*35
$HEHDT,7.0,T*28
$VWVHW,7.0,T,,M,17.12,N,31.71,K*7C
$GPGGA,082803.00,5935.02165,N,02450.29211,E,1,12,1.0,17.4,M,21.0,M,,*5E
$GPRMC,082803.00,A,5935.02165,N,02450.29211,E,19.77,15.2,140625,,,A*65
$GPVTG,15.2,T,,M,19.77,N,36.61,K,A*31
$HEHDT,6.9,T*20
$VWVHW,6.9,T,,M,17.05,N,31.58,K*79
$GPGGA,082804.00,5935.02683,N,02450.29428,E,1,12,1.0,16.8,M,21.0,M,,*57
$GPRMC,082804.00,A,5935.02683,N,02450.29428,E,19.83,15.1,140625,,,A*69
$GPVTG,15.1,T,,M,19.83,N,36.73,K,A*3A
$HEHDT,6.7,T*2E
$VWVHW,6.7,T,,M,17.02,N,31.52,K*7A
$GPGGA,082805.00,5935.03214,N,02450.29639,E,1,12,1.0,17.3,M,21.0,M,,*55
$GPRMC,082805.00,A,5935.03214,N,02450.29639,E,19.72,15.1,140625,,,A*6F
$GPVTG,15.1,T,,M,19.72,N,36.52,K,A*37
$HEHDT,7.4,T*2C
$VWVHW,7.4,T,,M,16.99,N,31.47,K*7F
$GPGSV,2,1,08,03,66,047,46,08,41,102,46,11,21,157,47,14,46,212,46*7B
$GPGSV,2,2,08,17,65,269,47,22,22,317,46,28,11,357,46,31,59,127,46*7C
$GAGSV,2,1,05,04,50,077,47,09,34,187,46,12,64,242,46,24,09,292,46*6D
$GAGSV,2,2,05,31,19,027,46*50
$GPZDA,082805.00,14,06,2025,00,00*67
$GPGGA,082806.00,5935.03749,N,02450.29938,E,1,12,1.0,16.9,M,21.0,M,,*5E
$GPRMC,082806.00,A,5935.03749,N,02450.29938,E,19.80,15.3,140625,,,A*60
$GPVTG,15.3,T,,M,19.80,N,36.67,K,A*3E
$HEHDT,7.2,T*2A
$VWVHW,7.2,T,,M,17.07,N,31.62,K*78
$GPGGA,082807.00,5935.04217,N,02450.30202,E,1,12,1.0,16.3,M,21.0,M,,*56
$GPRMC,082807.00,A,5935.04217,N,02450.30202,E,19.81,15.1,140625,,,A*61
$GPVTG,15.1,T,,M,19.81,N,36.69,K,A*33
$HEHDT,6.8,T*21
$VWVHW,6.8,T,,M,17.19,N,31.84,K*74
$GPGGA,082808.00,5935.04789,N,02450.30458,E,1,12,1.0,16.6,M,21.0,M,,*57
$GPRMC,082808.00,A,5935.04789,N,02450.30458,E,19.91,15.1,140625,,,A*64
$GPVTG,15.1,T,,M,19.91,N,36.86,K,A*33
$HEHDT,6.9,T*20
$VWVHW,6.9,T,,M,17.02,N,31.52,K*74
$GPGGA,082809.00,5935.05308,N,02450.30783,E,1,12,1.0,16.9,M,21.0,M,,*50
$GPRMC,082809.00,A,5935.05308,N,02450.30783,E,19.84,15.4,140625,,,A*6D
$GPVTG,15.4,T,,M,19.84,N,36.74,K,A*3F
$HEHDT,7.3,T*2B
$VWVHW,7.3,T,,M,16.97,N,31.42,K*73
$GPGGA,082810.00,5935.05872,N,02450.31073,E,1,12,1.0,17.7,M,21.0,M,,*58
$GPRMC,082810.00,A,5935.05872,N,02450.31073,E,19.78,15.3,140625,,,A*6E
$GPVTG,15.3,T,,M,19.78,N,36.63,K,A*3D
$HEHDT,7.0,T*28
$VWVHW,7.0,T,,M,17.12,N,31.71,K*7C
$GPGSV,2,1,08,03,66,047,46,08,41,102,46,11,21,157,46,14,46,212,47*7B
$GPGSV,2,2,08,17,65,269,46,22,22,317,46,28,11,357,46,31,59,127,46*7D
$GAGSV,2,1,05,04,50,077,46,09,34,187,45,12,64,242,47,24,09,292,46*6E
$GAGSV,2,2,05,31,19,027,46*50
$GPZDA,082810.00,14,06,2025,00,00*63
$GPGGA,082811.00,5935.06370,N,02450.31375,E,1,12,1.0,17.0,M,21.0,M,,*51
$GPRMC,082811.00,A,5935.06370,N,02450.31375,E,19.95,15.5,140625,,,A*65
$GPVTG,15.5,T,,M,19.95,N,36.95,K,A*31
$HEHDT,7.1,T*29
$VWVHW,7.1,T,,M,16.99,N,31.47,K*7A
$GPGGA,082812.00,5935.06913,N,02450.31742,E,1,12,1.0,16.8,M,21.0,M,,*54
$GPRMC,082812.00,A,5935.06913,N,02450.31742,E,19.75,15.4,140625,,,A*66
$GPVTG,15.4,T,,M,19.75,N,36.58,K,A*3F
$HEHDT,7.3,T*2B
$VWVHW,7.3,T,,M,16.93,N,31.36,K*74
$GPGGA,082813.00,5935.07443,N,02450.31974,E,1,12,1.0,16.7,M,21.0,M,,*58
$GPRMC,082813.00,A,5935.07443,N,02450.31974,E,19.99,15.6,140625,,,A*65
$GPVTG,15.6,T,,M,19.99,N,37.03,K,A*30
$HEHDT,7.3,T*2B
$VWVHW,7.3,T,,M,17.10,N,31.67,K*7A
$GPGGA,082814.00,5935.08013,N,02450.32191,E,1,12,1.0,16.7,M,21.0,M,,*51
$GPRMC,082814.00,A,5935.08013,N,02450.32191,E,19.79,15.3,140625,,,A*67
$GPVTG,15.3,T,,M,19.79,N,36.66,K,A*39
$HEHDT,6.6,T*2F
$VWVHW,6.6,T,,M,16.95,N,31.39,K*79
$GPGGA,082815.00,5935.08525,N,02450.32529,E,1,12,1.0,16.6,M,21.0,M,,*56
$GPRMC,082815.00,A,5935.08525,N,02450.32529,E,19.97,15.8,140625,,,A*6A
$GPVTG,15.8,T,,M,19.97,N,36.99,K,A*32
$HEHDT,6.8,T*21
$VWVHW,6.8,T,,M,16.91,N,31.32,K*78
$GPGSV,2,1,08,03,66,047,46,08,41,102,46,11,21,157,46,14,46,212,46*7A
$GPGSV,2,2,08,17,65,269,45,22,22,317,46,28,11,357,46,31,59,127,46*7E
$GAGSV,2,1,05,04,50,077,46,09,34,187,46,12,64,242,46,24,09,292,45*6F
$GAGSV,2,2,05,31,19,027,46*50
$GPZDA,082815.00,14,06,2025,00,00*66
$GPGGA,082816.00,5935.09000,N,02450.32761,E,1,12,1.0,17.5,M,21.0,M,,*5A
$GPRMC,082816.00,A,5935.09000,N,02450.32761,E,19.96,15.7,140625,,,A*6A
$GPVTG,15.7,T,,M,19.96,N,36.96,K,A*33
$HEHDT,6.4,T*2D
$VWVHW,6.4,T,,M,16.92,N,31.33,K*76
$GPGGA,082817.00,5935.09575,N,02450.33011,E,1,12,1.0,16.7,M,21.0,M,,*5E
$GPRMC,082817.00,A,5935.09575,N,02450.33011,E,19.93,16.3,140625,,,A*6F
$GPVTG,16.3,T,,M,19.93,N,36.91,K,A*36
$HEHDT,7.1,T*29
$VWVHW,7.1,T,,M,17.00,N,31.49,K*75
$GPGGA,082818.00,5935.10115,N,02450.33363,E,1,12,1.0,16.8,M,21.0,M,,*52
$GPRMC,082818.00,A,5935.10115,N,02450.33363,E,19.88,15.7,140625,,,A*61
$GPVTG,15.7,T,,M,19.88,N,36.81,K,A*3A
$HEHDT,7.0,T*28
$VWVHW,7.0,T,,M,16.97,N,31.42,K*70
$GPGGA,082819.00,5935.10579,N,02450.33592,E,1,12,1.0,17.0,M,21.0,M,,*5C
$GPRMC,082819.00,A,5935.10579,N,02450.33592,E,20.00,16.0,140625,,,A*68
$GPVTG,16.0,T,,M,20.00,N,37.05,K,A*39
$HEHDT,7.1,T*29
$VWVHW,7.1,T,,M,16.99,N,31.47,K*7A
$GPGGA,082820.00,5935.11177,N,02450.33904,E,1,12,1.0,16.8,M,21.0,M,,*57
$GPRMC,082820.00,A,5935.11177,N,02450.33904,E,20.05,16.1,140625,,,A*6E
$GPVTG,16.1,T,,M,20.05,N,37.14,K,A*3D
$HEHDT,6.5,T*2C
$VWVHW,6.5,T,,M,16.97,N,31.43,K*75
$GPGSV,2,1,08,03,66,047,46,08,41,102,46,11,21,157,45,14,46,212,46*79
$GPGSV,2,2,08,17,65,269,46,22,22,317,46,28,11,357,46,31,59,127,46*7D
$GAGSV,2,1,05,04,50,077,46,09,34,187,47,12,64,242,46,24,09,292,46*6D
$GAGSV,2,2,05,31,19,027,45*53
$GPZDA,082820.00,14,06,2025,00,00*60
$GPGGA,082821.00,5935.11715,N,02450.34162,E,1,12,1.0,17.2,M,21.0,M,,*50
$GPRMC,082821.00,A,5935.11715,N,02450.34162,E,20.06,15.7,140625,,,A*64
$GPVTG,15.7,T,,M,20.06,N,37.16,K,A*39
$HEHDT,6.7,T*2E
$VWVHW,6.7,T,,M,16.90,N,31.30,K*74
$GPGGA,082822.00,5935.12264,N,02450.34572,E,1,12,1.0,16.8,M,21.0,M,,*5D
$GPRMC,082822.00,A,5935.12264,N,02450.34572,E,19.81,16.0,140625,,,A*63
$GPVTG,16.0,T,,M,19.81,N,36.68,K,A*30
$HEHDT,7.3,T*2B
$VWVHW,7.3,T,,M,17.00,N,31.48,K*76
$GPGGA,082823.00,5935.12803,N,02450.34862,E,1,12,1.0,16.7,M,21.0,M,,*54
$GPRMC,082823.00,A,5935.12803,N,02450.34862,E,20.09,15.9,140625,,,A*65
$GPVTG,15.9,T,,M,20.09,N,37.22,K,A*3F
$HEHDT,6.6,T*2F
$VWVHW,6.6,T,,M,17.04,N,31.55,K*7A
$GPGGA,082824.00,5935.13330,N,02450.35204,E,1,12,1.0,16.8,M,21.0,M,,*5D
$GPRMC,082824.00,A,5935.13330,N,02450.35204,E,20.14,15.8,140625,,,A*6E
$GPVTG,15.8,T,,M,20.14,N,37.30,K,A*31
$HEHDT,7.2,T*2A
$VWVHW,7.2,T,,M,17.12,N,31.71,K*7E
$GPGGA,082825.00,5935.13856,N,02450.35444,E,1,12,1.0,16.5,M,21.0,M,,*58
$GPRMC,082825.00,A,5935.13856,N,02450.35444,E,20.12,15.9,140625,,,A*61
$GPVTG,15.9,T,,M,20.12,N,37.26,K,A*31
$HEHDT,7.4,T*2C
$VWVHW,7.4,T,,M,16.87,N,31.24,K*75
$GPGSV,2,1,08,03,66,047,47,08,41,102,47,11,21,157,46,14,46,212,46*7A
$GPGSV,2,2,08,17,65,269,46,22,22,317,46,28,11,357,47,31,59,127,46*7C
$GAGSV,2,1,05,04,50,077,47,09,34,187,46,12,64,242,46,24,09,292,47*6C
$GAGSV,2,2,05,31,19,027,46*50
$GPZDA,082825.00,14,06,2025,00,00*65
$GPGGA,082826.00,5935.14430,N,02450.35659,E,1,12,1.0,16.0,M,21.0,M,,*5B
$GPRMC,082826.00,A,5935.14430,N,02450.35659,E,20.10,16.2,140625,,,A*6D
$GPVTG,16.2,T,,M,20.10,N,37.23,K,A*3E
$HEHDT,7.4,T*2C
$VWVHW,7.4,T,,M,16.87,N,31.24,K*75
$GPGGA,082827.00,5935.14921,N,02450.36012,E,1,12,1.0,16.0,M,21.0,M,,*5D
$GPRMC,082827.00,A,5935.14921,N,02450.36012,E,19.94,15.9,140625,,,A*65
$GPVTG,15.9,T,,M,19.94,N,36.93,K,A*3A
$HEHDT,7.5,T*2D
$VWVHW,7.5,T,,M,17.07,N,31.62,K*7F
$GPGGA,082828.00,5935.15483,N,02450.36310,E,1,12,1.0,16.9,M,21.0,M,,*5E
$GPRMC,082828.00,A,5935.15483,N,02450.36310,E,20.28,15.8,140625,,,A*63
$GPVTG,15.8,T,,M,20.28,N,37.56,K,A*3E
$HEHDT,7.0,T*28
$VWVHW,7.0,T,,M,16.85,N,31.21,K*76
$GPGGA,082829.00,5935.15981,N,02450.36654,E,1,12,1.0,16.1,M,21.0,M,,*5D
$GPRMC,082829.00,A,5935.15981,N,02450.36654,E,20.10,15.9,140625,,,A*62
$GPVTG,15.9,T,,M,20.10,N,37.23,K,A*36
$HEHDT,7.1,T*29
$VWVHW,7.1,T,,M,16.92,N,31.33,K*72
$GPGGA,082830.00,5935.16544,N,02450.36843,E,1,12,1.0,16.8,M,21.0,M,,*52
$GPRMC,082830.00,A,5935.16544,N,02450.36843,E,20.09,16.4,140625,,,A*62
$GPVTG,16.4,T,,M,20.09,N,37.21,K,A*32
$HEHDT,7.3,T*2B
$VWVHW,7.3,T,,M,16.80,N,31.12,K*70
$GPGSV,2,1,08,03,66,047,46,08,41,102,45,11,21,157,46,14,46,212,46*79
$GPGSV,2,2,08,17,65,269,47,22,22,317,46,28,11,357,46,31,59,127,46*7C
$GAGSV,2,1,05,04,50,077,46,09,34,187,46,12,64,242,46,24,09,292,46*6C
$GAGSV,2,2,05,31,19,027,47*51
$GPZDA,082830.00,14,06,2025,00,00*61
$GPGGA,082831.00,5935.17055,N,02450.37162,E,1,12,1.0,16.8,M,21.0,M,,*5C
$GPRMC,082831.00,A,5935.17055,N,02450.37162,E,20.15,15.7,140625,,,A*61
$GPVTG,15.7,T,,M,20.15,N,37.31,K,A*3E
$HEHDT,7.1,T*29
$VWVHW,7.1,T,,M,17.09,N,31.64,K*73
$GPGGA,082832.00,5935.17591,N,02450.37573,E,1,12,1.0,16.7,M,21.0,M,,*59
$GPRMC,082832.00,A,5935.17591,N,02450.37573,E,20.14,16.0,140625,,,A*6E
$GPVTG,16.0,T,,M,20.14,N,37.31,K,A*3B
$HEHDT,6.9,T*20
$VWVHW,6.9,T,,M,16.90,N,31.30,K*7A
$GPGGA,082833.00,5935.18188,N,02450.37813,E,1,12,1.0,16.9,M,21.0,M,,*5E
$GPRMC,082833.00,A,5935.18188,N,02450.37813,E,20.10,16.0,140625,,,A*63
$GPVTG,16.0,T,,M,20.10,N,37.23,K,A*3C
$HEHDT,7.2,T*2A
$VWVHW,7.2,T,,M,17.01,N,31.50,K*7F
$GPGGA,082834.00,5935.18718,N,02450.38056,E,1,12,1.0,17.2,M,21.0,M,,*5A
$GPRMC,082834.00,A,5935.18718,N,02450.38056,E,20.18,16.2,140625,,,A*67
$GPVTG,16.2,T,,M,20.18,N,37.37,K,A*33
$HEHDT,7.5,T*2D
$VWVHW,7.5,T,,M,16.99,N,31.46,K*7F
$GPGGA,082835.00,5935.19197,N,02450.38367,E,1,12,1.0,16.7,M,21.0,M,,*5E
$GPRMC,082835.00,A,5935.19197,N,02450.38367,E,20.01,15.9,140625,,,A*67
$GPVTG,15.9,T,,M,20.01,N,37.06,K,A*31
$HEHDT,7.0,T*28
$VWVHW,7.0,T,,M,16.84,N,31.18,K*7D
$GPGSV,2,1,08,03,66,047,46,08,41,102,46,11,21,157,46,14,46,212,46*7A
$GPGSV,2,2,08,17,65,269,45,22,22,317,46,28,11,357,46,31,59,127,47*7F
$GAGSV,2,1,05,04,50,077,47,09,34,187,47,12,64,242,46,24,09,292,46*6C
$GAGSV,2,2,05,31,19,027,46*50
$GPZDA,082835.00,14,06,2025,00,00*64
$GPGGA,082836.00,5935.19748,N,02450.38695,E,1,12,1.0,17.0,M,21.0,M,,*57
$GPRMC,082836.00,A,5935.19748,N,02450.38695,E,20.29,16.2,140625,,,A*6A
$GPVTG,16.2,T,,M,20.29,N,37.57,K,A*37
$HEHDT,6.7,T*2E
$VWVHW,6.7,T,,M,16.78,N,31.08,K*79
$GPGGA,082837.00,5935.20264,N,02450.38980,E,1,12,1.0,17.4,M,21.0,M,,*58
$GPRMC,082837.00,A,5935.20264,N,02450.38980,E,20.26,16.2,140625,,,A*6E
$GPVTG,16.2,T,,M,20.26,N,37.52,K,A*3D
$HEHDT,7.0,T*28
$VWVHW,7.0,T,,M,16.91,N,31.32,K*71
$GPGGA,082838.00,5935.20833,N,02450.39257,E,1,12,1.0,16.9,M,21.0,M,,*53
$GPRMC,082838.00,A,5935.20833,N,02450.39257,E,20.23,16.2,140625,,,A*6C
$GPVTG,16.2,T,,M,20.23,N,37.47,K,A*3C
$HEHDT,7.3,T*2B
$VWVHW,7.3,T,,M,16.99,N,31.46,K*79
$GPGGA,082839.00,5935.21377,N,02450.39620,E,1,12,1.0,17.6,M,21.0,M,,*52
$GPRMC,082839.00,A,5935.21377,N,02450.39620,E,20.32,16.6,140625,,,A*67
$GPVTG,16.6,T,,M,20.32,N,37.63,K,A*3E
$HEHDT,7.5,T*2D
$VWVHW,7.5,T,,M,16.89,N,31.29,K*77
$GPGGA,082840.00,5935.21897,N,02450.39939,E,1,12,1.0,17.1,M,21.0,M,,*59
$GPRMC,082840.00,A,5935.21897,N,02450.39939,E,20.41,16.4,140625,,,A*6D
$GPVTG,16.4,T,,M,20.41,N,37.80,K,A*35
$HEHDT,7.4,T*2C
$VWVHW,7.4,T,,M,16.99,N,31.47,K*7F
$GPGSV,2,1,08,03,66,047,46,08,41,102,46,11,21,157,46,14,46,212,46*7A
$GPGSV,2,2,08,17,65,269,46,22,22,317,46,28,11,357,46,31,59,127,46*7D
$GAGSV,2,1,05,04,50,077,46,09,34,187,46,12,64,242,46,24,09,292,46*6C
$GAGSV,2,2,05,31,19,027,46*50
$GPZDA,082840.00,14,06,2025,00,00*66
$GPGGA,082841.00,5935.22478,N,02450.40344,E,1,12,1.0,17.3,M,21.0,M,,*5A
$GPRMC,082841.00,A,5935.22478,N,02450.40344,E,20.17,16.3,140625,,,A*68
$GPVTG,16.3,T,,M,20.17,N,37.36,K,A*3C
$HEHDT,6.7,T*2E
$VWVHW,6.7,T,,M,16.90,N,31.29,K*7C
$GPGGA,082842.00,5935.22982,N,02450.40601,E,1,12,0.9,17.6,M,21.0,M,,*58
$GPRMC,082842.00,A,5935.22982,N,02450.40601,E,20.34,16.5,140625,,,A*60
$GPVTG,16.5,T,,M,20.34,N,37.67,K,A*3F
$HEHDT,7.0,T*28
$VWVHW,7.0,T,,M,16.93,N,31.35,K*74
$GPGGA,082843.00,5935.23513,N,02450.40895,E,1,12,0.9,17.4,M,21.0,M,,*5D
$GPRMC,082843.00,A,5935.23513,N,02450.40895,E,20.36,16.5,140625,,,A*65
$GPVTG,16.5,T,,M,20.36,N,37.71,K,A*3A
$HEHDT,6.7,T*2E
$VWVHW,6.7,T,,M,17.00,N,31.49,K*72
$GPGGA,082844.00,5935.24094,N,02450.41201,E,1,12,0.9,16.8,M,21.0,M,,*5C
$GPRMC,082844.00,A,5935.24094,N,02450.41201,E,20.41,16.2,140625,,,A*6E
$GPVTG,16.2,T,,M,20.41,N,37.81,K,A*32
$HEHDT,7.0,T*28
$VWVHW,7.0,T,,M,17.01,N,31.50,K*7D
$GPGGA,082845.00,5935.24603,N,02450.41451,E,1,12,0.9,17.5,M,21.0,M,,*5A
$GPRMC,082845.00,A,5935.24603,N,02450.41451,E,20.34,16.7,140625,,,A*63
$GPVTG,16.7,T,,M,20.34,N,37.67,K,A*3D
$HEHDT,7.3,T*2B
$VWVHW,7.3,T,,M,16.97,N,31.44,K*75
$GPGSV,2,1,08,03,66,047,47,08,41,102,46,11,21,157,46,14,46,212,46*7B
$GPGSV,2,2,08,17,65,269,46,22,22,317,46,28,11,357,46,31,59,127,46*7D
$GAGSV,2,1,05,04,50,077,46,09,34,187,46,12,64,242,47,24,09,292,46*6D
$GAGSV,2,2,05,31,19,027,46*50
$GPZDA,082845.00,14,06,2025,00,00*63
$GPGGA,082846.00,5935.25148,N,02450.41841,E,1,12,0.9,17.2,M,21.0,M,,*5A
$GPRMC,082846.00,A,5935.25148,N,02450.41841,E,20.36,16.4,140625,,,A*65
$GPVTG,16.4,T,,M,20.36,N,37.70,K,A*3A
$HEHDT,6.8,T*21
$VWVHW,6.8,T,,M,16.99,N,31.47,K*72
$GPGGA,082847.00,5935.25673,N,02450.42119,E,1,12,0.9,17.1,M,21.0,M,,*50
$GPRMC,082847.00,A,5935.25673,N,02450.42119,E,20.31,16.7,140625,,,A*68
$GPVTG,16.7,T,,M,20.31,N,37.61,K,A*3E
$HEHDT,7.1,T*29
$VWVHW,7.1,T,,M,16.95,N,31.40,K*71
$GPGGA,082848.00,5935.26243,N,02450.42404,E,1,12,0.9,17.4,M,21.0,M,,*57
$GPRMC,082848.00,A,5935.26243,N,02450.42404,E,20.34,16.3,140625,,,A*6B
$GPVTG,16.3,T,,M,20.34,N,37.68,K,A*36
$HEHDT,7.2,T*2A
$VWVHW,7.2,T,,M,17.04,N,31.56,K*7C
$GPGGA,082849.00,5935.26789,N,02450.42807,E,1,12,0.9,18.0,M,21.0,M,,*51
$GPRMC,082849.00,A,5935.26789,N,02450.42807,E,20.38,16.7,140625,,,A*6E
$GPVTG,16.7,T,,M,20.38,N,37.74,K,A*33
$HEHDT,7.4,T*2C
$VWVHW,7.4,T,,M,16.95,N,31.39,K*7A
$GPGGA,082850.00,5935.27324,N,02450.43053,E,1,12,0.9,17.1,M,21.0,M,,*5D
$GPRMC,082850.00,A,5935.27324,N,02450.43053,E,20.46,16.6,140625,,,A*64
$GPVTG,16.6,T,,M,20.46,N,37.89,K,A*39
$HEHDT,6.8,T*21
$VWVHW,6.8,T,,M,16.92,N,31.34,K*7D
$GPGSV,2,1,08,03,66,047,46,08,41,102,46,11,21,157,46,14,46,212,47*7B
$GPGSV,2,2,08,17,65,269,46,22,22,317,46,28,11,357,47,31,59,127,46*7C
$GAGSV,2,1,05,04,50,077,46,09,34,187,46,12,64,242,46,24,09,292,45*6F
$GAGSV,2,2,05,31,19,027,47*51
$GPZDA,082850.00,14,06,2025,00,00*67
$GPGGA,082851.00,5935.27878,N,02450.43336,E,1,12,0.9,17.5,M,21.0,M,,*5A
$GPRMC,082851.00,A,5935.27878,N,02450.43336,E,20.34,16.3,140625,,,A*67
$GPVTG,16.3,T,,M,20.34,N,37.67,K,A*39
$HEHDT,7.0,T*28
$VWVHW,7.0,T,,M,17.03,N,31.54,K*7B
$GPGGA,082852.00,5935.28422,N,02450.43766,E,1,12,0.9,18.1,M,21.0,M,,*5F
$GPRMC,082852.00,A,5935.28422,N,02450.43766,E,20.57,16.8,140625,,,A*67
$GPVTG,16.8,T,,M,20.57,N,38.09,K,A*30
$HEHDT,7.5,T*2D
$VWVHW,7.5,T,,M,16.96,N,31.42,K*74
$GPGGA,082853.00,5935.28999,N,02450.44061,E,1,12,0.9,18.1,M,21.0,M,,*54
$GPRMC,082853.00,A,5935.28999,N,02450.44061,E,20.41,17.1,140625,,,A*63
$GPVTG,17.1,T,,M,20.41,N,37.79,K,A*37
$HEHDT,7.2,T*2A
$VWVHW,7.2,T,,M,16.99,N,31.47,K*79
$GPGGA,082854.00,5935.29505,N,02450.44426,E,1,12,0.9,17.3,M,21.0,M,,*51
$GPRMC,082854.00,A,5935.29505,N,02450.44426,E,20.38,16.7,140625,,,A*62
$GPVTG,16.7,T,,M,20.38,N,37.74,K,A*33
$HEHDT,7.2,T*2A
$VWVHW,7.2,T,,M,16.93,N,31.36,K*75
$GPGGA,082855.00,5935.30030,N,02450.44785,E,1,12,0.9,18.2,M,21.0,M,,*5F
$GPRMC,082855.00,A,5935.30030,N,02450.44785,E,20.54,17.2,140625,,,A*6C
$GPVTG,17.2,T,,M,20.54,N,38.04,K,A*35
$HEHDT,7.3,T*2B
$VWVHW,7.3,T,,M,16.92,N,31.34,K*77
$GPGSV,2,1,08,03,66,047,46,08,41,102,46,11,21,157,47,14,46,212,46*7B
$GPGSV,2,2,08,17,65,269,46,22,22,317,45,28,11,357,46,31,59,127,46*7E
$GAGSV,2,1,05,04,50,077,46,09,34,187,46,12,64,242,46,24,09,292,46*6C
$GAGSV,2,2,05,31,19,027,46*50
$GPZDA,082855.00,14,06,2025,00,00*62
$GPGGA,082856.00,5935.30586,N,02450.45107,E,1,12,0.9,17.8,M,21.0,M,,*5C
$GPRMC,082856.00,A,5935.30586,N,02450.45107,E,20.48,16.7,140625,,,A*63
$GPVTG,16.7,T,,M,20.48,N,37.92,K,A*3C
$HEHDT,7.3,T*2B
$VWVHW,7.3,T,,M,16.90,N,31.29,K*79
$GPGGA,082857.00,5935.31116,N,02450.45381,E,1,12,0.9,18.5,M,21.0,M,,*5F
$GPRMC,082857.00,A,5935.31116,N,02450.45381,E,20.51,16.8,140625,,,A*65
$GPVTG,16.8,T,,M,20.51,N,37.99,K,A*30
$HEHDT,6.9,T*20
$VWVHW,6.9,T,,M,16.90,N,31.29,K*72
$GPGGA,082858.00,5935.31640,N,02450.45655,E,1,12,0.9,17.4,M,21.0,M,,*56
$GPRMC,082858.00,A,5935.31640,N,02450.45655,E,20.30,16.9,140625,,,A*64
$GPVTG,16.9,T,,M,20.30,N,37.60,K,A*30
$HEHDT,7.1,T*29
$VWVHW,7.1,T,,M,17.00,N,31.48,K*74
$GPGGA,082859.00,5935.32164,N,02450.46107,E,1,12,0.9,17.7,M,21.0,M,,*55
$GPRMC,082859.00,A,5935.32164,N,02450.46107,E,20.67,16.8,140625,,,A*67
$GPVTG,16.8,T,,M,20.67,N,38.28,K,A*30
$HEHDT,6.9,T*20
$VWVHW,6.9,T,,M,16.89,N,31.27,K*74
$GPGGA,082900.00,5935.32707,N,02450.46329,E,1,12,0.9,18.0,M,21.0,M,,*5D
$GPRMC,082900.00,A,5935.32707,N,02450.46329,E,20.59,17.2,140625,,,A*61
$GPVTG,17.2,T,,M,20.59,N,38.14,K,A*39
$HEHDT,7.1,T*29
$VWVHW,7.1,T,,M,16.93,N,31.35,K*75
$GPGSV,2,1,08,03,66,047,46,08,41,102,46,11,21,157,47,14,46,212,46*7B
$GPGSV,2,2,08,17,65,269,46,22,22,317,46,28,11,357,46,31,59,127,46*7D
$GAGSV,2,1,05,04,50,077,46,09,34,187,46,12,64,242,47,24,09,292,47*6C
$GAGSV,2,2,05,31,19,027,46*50
$GPZDA,082900.00,14,06,2025,00,00*63
$GPGGA,082901.00,5935.33328,N,02450.46776,E,1,12,0.9,17.3,M,21.0,M,,*56
$GPRMC,082901.00,A,5935.33328,N,02450.46776,E,20.71,16.9,140625,,,A*66
$GPVTG,16.9,T,,M,20.71,N,38.35,K,A*3A
$HEHDT,7.3,T*2B
$VWVHW,7.3,T,,M,16.97,N,31.43,K*72
$GPGGA,082902.00,5935.33850,N,02450.47061,E,1,12,0.9,17.7,M,21.0,M,,*55
$GPRMC,082902.00,A,5935.33850,N,02450.47061,E,20.62,17.0,140625,,,A*6B
$GPVTG,17.0,T,,M,20.62,N,38.19,K,A*3E
$HEHDT,7.1,T*29
$VWVHW,7.1,T,,M,16.85,N,31.20,K*76
$GPGGA,082903.00,5935.34404,N,02450.47377,E,1,12,0.9,17.8,M,21.0,M,,*55
$GPRMC,082903.00,A,5935.34404,N,02450.47377,E,20.56,16.5,140625,,,A*67
$GPVTG,16.5,T,,M,20.56,N,38.08,K,A*3D
$HEHDT,6.7,T*2E
$VWVHW,6.7,T,,M,16.92,N,31.34,K*72
$GPGGA,082904.00,5935.34951,N,02450.47860,E,1,12,0.9,17.6,M,21.0,M,,*5C
$GPRMC,082904.00,A,5935.34951,N,02450.47860,E,20.73,16.7,140625,,,A*65
$GPVTG,16.7,T,,M,20.73,N,38.38,K,A*3B
$HEHDT,7.4,T*2C
$VWVHW,7.4,T,,M,16.96,N,31.40,K*77
$GPGGA,082905.00,5935.35438,N,02450.48162,E,1,12,0.9,17.7,M,21.0,M,,*5B
$GPRMC,082905.00,A,5935.35438,N,02450.48162,E,20.55,17.0,140625,,,A*61
$GPVTG,17.0,T,,M,20.55,N,38.07,K,A*35
$HEHDT,7.6,T*2E
$VWVHW,7.6,T,,M,16.93,N,31.36,K*71
$GPGSV,2,1,08,03,66,047,46,08,41,102,46,11,21,157,46,14,46,212,46*7A
$GPGSV,2,2,08,17,65,269,46,22,22,317,45,28,11,357,46,31,59,127,46*7E
$GAGSV,2,1,05,04,50,077,47,09,34,187,46,12,64,242,46,24,09,292,46*6D
$GAGSV,2,2,05,31,19,027,46*50
$GPZDA,082905.00,14,06,2025,00,00*66
$GPGGA,082906.00,5935.36022,N,02450.48459,E,1,12,0.9,17.2,M,21.0,M,,*5C
$GPRMC,082906.00,A,5935.36022,N,02450.48459,E,20.69,16.9,140625,,,A*64
$GPVTG,16.9,T,,M,20.69,N,38.31,K,A*37
$HEHDT,6.9,T*20
$VWVHW,6.9,T,,M,16.89,N,31.28,K*7B
$GPGGA,082907.00,5935.36574,N,02450.48819,E,1,12,0.9,17.7,M,21.0,M,,*56
$GPRMC,082907.00,A,5935.36574,N,02450.48819,E,20.78,17.2,140625,,,A*61
$GPVTG,17.2,T,,M,20.78,N,38.49,K,A*32
$HEHDT,7.0,T*28
$VWVHW,7.0,T,,M,17.06,N,31.59,K*73
$GPGGA,082908.00,5935.37152,N,02450.49057,E,1,12,0.9,18.1,M,21.0,M,,*52
$GPRMC,082908.00,A,5935.37152,N,02450.49057,E,20.82,16.9,140625,,,A*63
$GPVTG,16.9,T,,M,20.82,N,38.56,K,A*33
$HEHDT,7.1,T*29
$VWVHW,7.1,T,,M,16.94,N,31.38,K*7F
$GPGGA,082909.00,5935.37693,N,02450.49397,E,1,12,0.9,18.0,M,21.0,M,,*57
$GPRMC,082909.00,A,5935.37693,N,02450.49397,E,20.69,17.6,140625,,,A*6C
$GPVTG,17.6,T,,M,20.69,N,38.32,K,A*3A
$HEHDT,7.3,T*2B
$VWVHW,7.3,T,,M,16.88,N,31.26,K*7F
$GPGGA,082910.00,5935.38230,N,02450.49787,E,1,12,0.9,18.3,M,21.0,M,,*5B
$GPRMC,082910.00,A,5935.38230,N,02450.49787,E,20.75,16.9,140625,,,A*60
$GPVTG,16.9,T,,M,20.75,N,38.44,K,A*38
$HEHDT,7.3,T*2B
$VWVHW,7.3,T,,M,16.89,N,31.28,K*70
$GPGSV,2,1,08,03,66,047,46,08,41,102,46,11,21,157,45,14,46,212,46*79
$GPGSV,2,2,08,17,65,269,45,22,22,317,46,28,11,357,46,31,59,127,45*7D
$GAGSV,2,1,05,04,50,077,46,09,34,187,45,12,64,242,46,24,09,292,46*6F
$GAGSV,2,2,05,31,19,027,46*50
$GPZDA,082910.00,14,06,2025,00,00*62
$GPGGA,082911.00,5935.38796,N,02450.50034,E,1,12,0.9,17.8,M,21.0,M,,*50
$GPRMC,082911.00,A,5935.38796,N,02450.50034,E,20.88,17.0,140625,,,A*65
$GPVTG,17.0,T,,M,20.88,N,38.68,K,A*3C
$HEHDT,7.5,T*2D
$VWVHW,7.5,T,,M,17.13,N,31.72,K*7B
$GPGGA,082912.00,5935.39300,N,02450.50464,E,1,12,0.9,18.1,M,21.0,M,,*5E
$GPRMC,082912.00,A,5935.39300,N,02450.50464,E,20.86,17.1,140625,,,A*62
$GPVTG,17.1,T,,M,20.86,N,38.63,K,A*38
$HEHDT,6.8,T*21
$VWVHW,6.8,T,,M,16.81,N,31.14,K*7D
$GPGGA,082913.00,5935.39868,N,02450.50722,E,1,12,0.9,17.2,M,21.0,M,,*57
$GPRMC,082913.00,A,5935.39868,N,02450.50722,E,20.74,17.1,140625,,,A*6A
$GPVTG,17.1,T,,M,20.74,N,38.41,K,A*35
$HEHDT,6.6,T*2F
$VWVHW,6.6,T,,M,16.93,N,31.36,K*70
$GPGGA,082914.00,5935.40461,N,02450.51168,E,1,12,0.9,17.2,M,21.0,M,,*52
$GPRMC,082914.00,A,5935.40461,N,02450.51168,E,20.81,17.0,140625,,,A*64
$GPVTG,17.0,T,,M,20.81,N,38.54,K,A*3A
$HEHDT,7.1,T*29
$VWVHW,7.1,T,,M,16.94,N,31.36,K*71
$GPGGA,082915.00,5935.41035,N,02450.51508,E,1,12,0.9,17.2,M,21.0,M,,*55
$GPRMC,082915.00,A,5935.41035,N,02450.51508,E,20.80,17.5,140625,,,A*67
$GPVTG,17.5,T,,M,20.80,N,38.53,K,A*39
$HEHDT,6.7,T*2E
$VWVHW,6.7,T,,M,16.88,N,31.26,K*7A
$GPGSV,2,1,08,03,66,047,46,08,41,102,46,11,21,157,46,14,46,212,46*7A
$GPGSV,2,2,08,17,65,269,46,22,22,317,46,28,11,357,46,31,59,127,46*7D
$GAGSV,2,1,05,04,50,077,45,09,34,187,46,12,64,242,46,24,09,292,47*6E
$GAGSV,2,2,05,31,19,027,46*50
$GPZDA,082915.00,14,06,2025,00,00*67
$GPGGA,082916.00,5935.41583,N,02450.51783,E,1,12,0.9,17.0,M,21.0,M,,*5D
$GPRMC,082916.00,A,5935.41583,N,02450.51783,E,20.78,17.1,140625,,,A*6E
$GPVTG,17.1,T,,M,20.78,N,38.48,K,A*30
$HEHDT,6.7,T*2E
$VWVHW,6.7,T,,M,16.82,N,31.15,K*70
$GPGGA,082917.00,5935.42057,N,02450.52130,E,1,12,0.9,17.1,M,21.0,M,,*5F
$GPRMC,082917.00,A,5935.42057,N,02450.52130,E,20.87,17.5,140625,,,A*69
$GPVTG,17.5,T,,M,20.87,N,38.66,K,A*38
$HEHDT,7.1,T*29
$VWVHW,7.1,T,,M,16.93,N,31.36,K*76
$GPGGA,082918.00,5935.42611,N,02450.52545,E,1,12,0.9,17.5,M,21.0,M,,*56
$GPRMC,082918.00,A,5935.42611,N,02450.52545,E,20.86,17.4,140625,,,A*64
$GPVTG,17.4,T,,M,20.86,N,38.63,K,A*3D
$HEHDT,7.2,T*2A
$VWVHW,7.2,T,,M,16.98,N,31.45,K*7A
$GPGGA,082919.00,5935.43160,N,02450.52834,E,1,12,0.9,17.7,M,21.0,M,,*5E
$GPRMC,082919.00,A,5935.43160,N,02450.52834,E,20.86,17.4,140625,,,A*6E
$GPVTG,17.4,T,,M,20.86,N,38.63,K,A*3D
$HEHDT,7.0,T*28
$VWVHW,7.0,T,,M,16.86,N,31.23,K*77
$GPGGA,082920.00,5935.43785,N,02450.53131,E,1,12,0.9,17.3,M,21.0,M,,*50
$GPRMC,082920.00,A,5935.43785,N,02450.53131,E,20.93,17.3,140625,,,A*67
$GPVTG,17.3,T,,M,20.93,N,38.76,K,A*3A
$HEHDT,7.1,T*29
$VWVHW,7.1,T,,M,17.03,N,31.54,K*7A
$GPGSV,2,1,08,03,66,047,45,08,41,102,46,11,21,157,46,14,46,212,46*79
$GPGSV,2,2,08,17,65,269,46,22,22,317,46,28,11,357,45,31,59,127,46*7E
$GAGSV,2,1,05,04,50,077,46,09,34,187,46,12,64,242,46,24,09,292,46*6C
$GAGSV,2,2,05,31,19,027,45*53
$GPZDA,082920.00,14,06,2025,00,00*61
$GPGGA,082921.00,5935.44282,N,02450.53469,E,1,12,0.9,17.9,M,21.0,M,,*56
$GPRMC,082921.00,A,5935.44282,N,02450.53469,E,20.89,17.0,140625,,,A*63
$GPVTG,17.0,T,,M,20.89,N,38.69,K,A*3C
$HEHDT,6.9,T*20
$VWVHW,6.9,T,,M,16.87,N,31.24,K*79
$GPGGA,082922.00,5935.44834,N,02450.53836,E,1,12,0.9,18.0,M,21.0,M,,*52
$GPRMC,082922.00,A,5935.44834,N,02450.53836,E,20.74,17.2,140625,,,A*61
$GPVTG,17.2,T,,M,20.74,N,38.42,K,A*35
$HEHDT,7.2,T*2A
$VWVHW,7.2,T,,M,17.01,N,31.50,K*7F
$GPGGA,082923.00,5935.45400,N,02450.54161,E,1,12,0.9,17.4,M,21.0,M,,*5E
$GPRMC,082923.00,A,5935.45400,N,02450.54161,E,20.87,17.1,140625,,,A*69
$GPVTG,17.1,T,,M,20.87,N,38.65,K,A*3F
$HEHDT,7.3,T*2B
$VWVHW,7.3,T,,M,17.20,N,31.85,K*75
$GPGGA,082924.00,5935.45972,N,02450.54587,E,1,12,0.9,17.5,M,21.0,M,,*5C
$GPRMC,082924.00,A,5935.45972,N,02450.54587,E,20.97,17.1,140625,,,A*6B
$GPVTG,17.1,T,,M,20.97,N,38.84,K,A*31
$HEHDT,7.2,T*2A
$VWVHW,7.2,T,,M,16.91,N,31.32,K*73
$GPGGA,082925.00,5935.46523,N,02450.54864,E,1,12,0.9,17.7,M,21.0,M,,*54
$GPRMC,082925.00,A,5935.46523,N,02450.54864,E,20.71,17.2,140625,,,A*6A
$GPVTG,17.2,T,,M,20.71,N,38.36,K,A*33
$HEHDT,6.9,T*20
$VWVHW,6.9,T,,M,16.96,N,31.41,K*7A
$GPGSV,2,1,08,03,66,047,46,08,41,102,47,11,21,157,47,14,46,212,46*7A
$GPGSV,2,2,08,17,65,269,46,22,22,317,46,28,11,357,46,31,59,127,46*7D
$GAGSV,2,1,05,04,50,077,46,09,34,187,45,12,64,242,46,24,09,292,46*6F
$GAGSV,2,2,05,31,19,027,45*53
$GPZDA,082925.00,14,06,2025,00,00*64
$GPGGA,082926.00,5935.47090,N,02450.55252,E,1,12,0.9,18.1,M,21.0,M,,*5C
$GPRMC,082926.00,A,5935.47090,N,02450.55252,E,20.78,17.1,140625,,,A*61
$GPVTG,17.1,T,,M,20.78,N,38.49,K,A*31
$HEHDT,7.2,T*2A
$VWVHW,7.2,T,,M,16.93,N,31.35,K*76
$GPGGA,082927.00,5935.47661,N,02450.55633,E,1,12,0.9,17.6,M,21.0,M,,*5E
$GPRMC,082927.00,A,5935.47661,N,02450.55633,E,20.73,17.2,140625,,,A*63
$GPVTG,17.2,T,,M,20.73,N,38.39,K,A*3E
$HEHDT,7.0,T*28
$VWVHW,7.0,T,,M,17.02,N,31.53,K*7D
$GPGGA,082928.00,5935.48187,N,02450.55945,E,1,12,0.9,18.3,M,21.0,M,,*55
$GPRMC,082928.00,A,5935.48187,N,02450.55945,E,20.83,17.4,140625,,,A*6B
$GPVTG,17.4,T,,M,20.83,N,38.58,K,A*30
$HEHDT,7.0,T*28
$VWVHW,7.0,T,,M,16.96,N,31.41,K*72
$GPGGA,082929.00,5935.48696,N,02450.56341,E,1,12,0.9,17.6,M,21.0,M,,*54
$GPRMC,082929.00,A,5935.48696,N,02450.56341,E,20.77,17.0,140625,,,A*6F
$GPVTG,17.0,T,,M,20.77,N,38.46,K,A*30
$HEHDT,7.2,T*2A
$VWVHW,7.2,T,,M,17.01,N,31.50,K*7F
$GPGGA,082930.00,5935.49300,N,02450.56567,E,1,12,0.9,18.0,M,21.0,M,,*5C
$GPRMC,082930.00,A,5935.49300,N,02450.56567,E,20.75,17.4,140625,,,A*68
$GPVTG,17.4,T,,M,20.75,N,38.42,K,A*32
$HEHDT,6.9,T*20
$VWVHW,6.9,T,,M,17.00,N,31.48,K*7D
$GPGSV,2,1,08,03,66,047,47,08,41,102,46,11,21,157,45,14,46,212,46*78
$GPGSV,2,2,08,17,65,269,46,22,22,317,46,28,11,357,46,31,59,127,47*7C
$GAGSV,2,1,05,04,50,077,46,09,34,187,46,12,64,242,46,24,09,292,46*6C
$GAGSV,2,2,05,31,19,027,47*51
$GPZDA,082930.00,14,06,2025,00,00*60
$GPGGA,082931.00,5935.49813,N,02450.56872,E,1,12,0.9,17.6,M,21.0,M,,*54
$GPRMC,082931.00,A,5935.49813,N,02450.56872,E,20.80,16.9,140625,,,A*6F
$GPVTG,16.9,T,,M,20.80,N,38.52,K,A*35
$HEHDT,7.1,T*29
$VWVHW,7.1,T,,M,16.91,N,31.32,K*70
$GPGGA,082932.00,5935.50431,N,02450.57270,E,1,12,0.9,17.9,M,21.0,M,,*55
$GPRMC,082932.00,A,5935.50431,N,02450.57270,E,20.99,17.4,140625,,,A*65
$GPVTG,17.4,T,,M,20.99,N,38.88,K,A*36
$HEHDT,7.2,T*2A
$VWVHW,7.2,T,,M,16.98,N,31.44,K*7B
$GPGGA,082933.00,5935.50912,N,02450.57656,E,1,12,0.9,17.7,M,21.0,M,,*56
$GPRMC,082933.00,A,5935.50912,N,02450.57656,E,20.89,16.7,140625,,,A*6B
$GPVTG,16.7,T,,M,20.89,N,38.68,K,A*3B
$HEHDT,7.1,T*29
$VWVHW,7.1,T,,M,16.91,N,31.32,K*70
$GPGGA,082934.00,5935.51479,N,02450.58009,E,1,12,0.9,17.2,M,21.0,M,,*56
$GPRMC,082934.00,A,5935.51479,N,02450.58009,E,20.93,17.1,140625,,,A*62
$GPVTG,17.1,T,,M,20.93,N,38.76,K,A*38
$HEHDT,7.3,T*2B
$VWVHW,7.3,T,,M,17.14,N,31.75,K*7D
$GPGGA,082935.00,5935.52022,N,02450.58305,E,1,12,0.9,17.0,M,21.0,M,,*53
$GPRMC,082935.00,A,5935.52022,N,02450.58305,E,20.91,17.3,140625,,,A*65
$GPVTG,17.3,T,,M,20.91,N,38.72,K,A*3C
$HEHDT,7.5,T*2D
$VWVHW,7.5,T,,M,17.08,N,31.64,K*76
$GPGSV,2,1,08,03,66,047,46,08,41,102,47,11,21,157,46,14,46,212,47*7A
$GPGSV,2,2,08,17,65,269,46,22,22,317,46,28,11,357,46,31,59,127,46*7D
$GAGSV,2,1,05,04,50,077,46,09,34,187,46,12,64,242,46,24,09,292,45*6F
$GAGSV,2,2,05,31,19,027,45*53
$GPZDA,082935.00,14,06,2025,00,00*65
$GPGGA,082936.00,5935.52588,N,02450.58607,E,1,12,0.9,17.3,M,21.0,M,,*51
$GPRMC,082936.00,A,5935.52588,N,02450.58607,E,20.87,17.5,140625,,,A*65
$GPVTG,17.5,T,,M,20.87,N,38.64,K,A*3A
$HEHDT,7.2,T*2A
$VWVHW,7.2,T,,M,17.02,N,31.53,K*7F
$GPGGA,082937.00,5935.53138,N,02450.58954,E,1,12,0.9,17.7,M,21.0,M,,*53
$GPRMC,082937.00,A,5935.53138,N,02450.58954,E,20.88,17.2,140625,,,A*6B
$GPVTG,17.2,T,,M,20.88,N,38.67,K,A*31
$HEHDT,7.4,T*2C
$VWVHW,7.4,T,,M,16.86,N,31.23,K*73
$GPGGA,082938.00,5935.53702,N,02450.59320,E,1,12,0.9,17.4,M,21.0,M,,*58
$GPRMC,082938.00,A,5935.53702,N,02450.59320,E,21.02,16.9,140625,,,A*6A
$GPVTG,16.9,T,,M,21.02,N,38.92,K,A*32
$HEHDT,7.3,T*2B
$VWVHW,7.3,T,,M,17.02,N,31.52,K*7F
$GPGGA,082939.00,5935.54278,N,02450.59711,E,1,12,1.0,17.6,M,21.0,M,,*5A
$GPRMC,082939.00,A,5935.54278,N,02450.59711,E,20.92,17.1,140625,,,A*63
$GPVTG,17.1,T,,M,20.92,N,38.74,K,A*3B
$HEHDT,7.0,T*28
$VWVHW,7.0,T,,M,17.16,N,31.77,K*7E
$GPGGA,082940.00,5935.54841,N,02450.60064,E,1,12,1.0,17.8,M,21.0,M,,*55
$GPRMC,082940.00,A,5935.54841,N,02450.60064,E,20.82,17.2,140625,,,A*60
$GPVTG,17.2,T,,M,20.82,N,38.57,K,A*38
$HEHDT,7.0,T*28
$VWVHW,7.0,T,,M,16.96,N,31.41,K*72
$GPGSV,2,1,08,03,66,047,46,08,41,102,46,11,21,157,46,14,46,212,46*7A
$GPGSV,2,2,08,17,65,269,47,22,22,317,46,28,11,357,46,31,59,127,46*7C
$GAGSV,2,1,05,04,50,077,46,09,34,187,46,12,64,242,46,24,09,292,47*6D
$GAGSV,2,2,05,31,19,027,46*50
$GPZDA,082940.00,14,06,2025,00,00*67
$GPGGA,082941.00,5935.55381,N,02450.60376,E,1,12,1.0,17.5,M,21.0,M,,*5F
$GPRMC,082941.00,A,5935.55381,N,02450.60376,E,20.92,17.0,140625,,,A*64
$GPVTG,17.0,T,,M,20.92,N,38.74,K,A*3A
$HEHDT,6.9,T*20
$VWVHW,6.9,T,,M,17.09,N,31.64,K*7A
$GPGGA,082942.00,5935.55892,N,02450.60737,E,1,12,1.0,17.4,M,21.0,M,,*55
$GPRMC,082942.00,A,5935.55892,N,02450.60737,E,20.94,17.1,140625,,,A*68
$GPVTG,17.1,T,,M,20.94,N,38.77,K,A*3E
$HEHDT,7.0,T*28
$VWVHW,7.0,T,,M,17.05,N,31.58,K*71
$GPGGA,082943.00,5935.56471,N,02450.61025,E,1,12,1.0,17.2,M,21.0,M,,*55
$GPRMC,082943.00,A,5935.56471,N,02450.61025,E,20.98,17.0,140625,,,A*63
$GPVTG,17.0,T,,M,20.98,N,38.86,K,A*3D
$HEHDT,6.4,T*2D
$VWVHW,6.4,T,,M,17.03,N,31.53,K*79
$GPGGA,082944.00,5935.57024,N,02450.61335,E,1,12,1.0,16.9,M,21.0,M,,*5F
$GPRMC,082944.00,A,5935.57024,N,02450.61335,E,20.89,17.3,140625,,,A*60
$GPVTG,17.3,T,,M,20.89,N,38.68,K,A*3E
$HEHDT,6.7,T*2E
$VWVHW,6.7,T,,M,17.07,N,31.62,K*7C
$GPGGA,082945.00,5935.57601,N,02450.61766,E,1,12,1.0,16.9,M,21.0,M,,*5D
$GPRMC,082945.00,A,5935.57601,N,02450.61766,E,20.93,17.1,140625,,,A*6B
$GPVTG,17.1,T,,M,20.93,N,38.76,K,A*38
$HEHDT,6.7,T*2E
$VWVHW,6.7,T,,M,17.17,N,31.80,K*71
$GPGSV,2,1,08,03,66,047,46,08,41,102,45,11,21,157,46,14,46,212,46*79
$GPGSV,2,2,08,17,65,269,45,22,22,317,46,28,11,357,45,31,59,127,46*7D
$GAGSV,2,1,05,04,50,077,46,09,34,187,46,12,64,242,46,24,09,292,47*6D
$GAGSV,2,2,05,31,19,027,46*50
$GPZDA,082945.00,14,06,2025,00,00*62
$GPGGA,082946.00,5935.58162,N,02450.62087,E,1,12,1.0,17.2,M,21.0,M,,*52
$GPRMC,082946.00,A,5935.58162,N,02450.62087,E,20.83,16.8,140625,,,A*67
$GPVTG,16.8,T,,M,20.83,N,38.58,K,A*3D
$HEHDT,6.7,T*2E
$VWVHW,6.7,T,,M,17.12,N,31.71,K*7A
$GPGGA,082947.00,5935.58696,N,02450.62360,E,1,12,1.0,17.0,M,21.0,M,,*57
$GPRMC,082947.00,A,5935.58696,N,02450.62360,E,20.83,17.0,140625,,,A*69
$GPVTG,17.0,T,,M,20.83,N,38.57,K,A*3B
$HEHDT,7.4,T*2C
$VWVHW,7.4,T,,M,17.04,N,31.56,K*7A
$GPGGA,082948.00,5935.59255,N,02450.62799,E,1,12,1.0,16.6,M,21.0,M,,*57
$GPRMC,082948.00,A,5935.59255,N,02450.62799,E,20.98,17.1,140625,,,A*65
$GPVTG,17.1,T,,M,20.98,N,38.86,K,A*3C
$HEHDT,7.6,T*2E
$VWVHW,7.6,T,,M,16.99,N,31.46,K*7C
$GPGGA,082949.00,5935.59800,N,02450.63112,E,1,12,1.0,16.8,M,21.0,M,,*56
$GPRMC,082949.00,A,5935.59800,N,02450.63112,E,20.90,17.3,140625,,,A*60
$GPVTG,17.3,T,,M,20.90,N,38.70,K,A*3F
$HEHDT,7.0,T*28
$VWVHW,7.0,T,,M,17.09,N,31.64,K*72
$GPGGA,082950.00,5935.60394,N,02450.63492,E,1,12,1.0,17.4,M,21.0,M,,*52
$GPRMC,082950.00,A,5935.60394,N,02450.63492,E,20.95,17.2,140625,,,A*6D
$GPVTG,17.2,T,,M,20.95,N,38.80,K,A*34
$HEHDT,7.1,T*29
$VWVHW,7.1,T,,M,17.07,N,31.62,K*7B
$GPGSV,2,1,08,03,66,047,46,08,41,102,46,11,21,157,46,14,46,212,46*7A
$GPGSV,2,2,08,17,65,269,46,22,22,317,46,28,11,357,46,31,59,127,46*7D
$GAGSV,2,1,05,04,50,077,47,09,34,187,46,12,64,242,45,24,09,292,46*6E
$GAGSV,2,2,05,31,19,027,46*50
$GPZDA,082950.00,14,06,2025,00,00*66
$GPGGA,082951.00,5935.60932,N,02450.63892,E,1,12,1.0,16.5,M,21.0,M,,*59
$GPRMC,082951.00,A,5935.60932,N,02450.63892,E,20.97,16.8,140625,,,A*6F
$GPVTG,16.8,T,,M,20.97,N,38.83,K,A*3E
$HEHDT,6.6,T*2F
$VWVHW,6.6,T,,M,17.10,N,31.66,K*7F
$GPGGA,082952.00,5935.61480,N,02450.64144,E,1,12,1.0,17.0,M,21.0,M,,*5E
$GPRMC,082952.00,A,5935.61480,N,02450.64144,E,20.93,16.8,140625,,,A*68
$GPVTG,16.8,T,,M,20.93,N,38.76,K,A*30
$HEHDT,7.1,T*29
$VWVHW,7.1,T,,M,17.22,N,31.88,K*78
$GPGGA,082953.00,5935.62050,N,02450.64476,E,1,12,1.0,16.6,M,21.0,M,,*56
$GPRMC,082953.00,A,5935.62050,N,02450.64476,E,20.82,17.0,140625,,,A*6E
$GPVTG,17.0,T,,M,20.82,N,38.55,K,A*38
$HEHDT,7.3,T*2B
$VWVHW,7.3,T,,M,17.16,N,31.78,K*72
$GPGGA,082954.00,5935.62556,N,02450.64880,E,1,12,1.0,16.2,M,21.0,M,,*53
$GPRMC,082954.00,A,5935.62556,N,02450.64880,E,20.79,17.3,140625,,,A*68
$GPVTG,17.3,T,,M,20.79,N,38.50,K,A*3A
$HEHDT,7.0,T*28
$VWVHW,7.0,T,,M,17.15,N,31.76,K*7C
$GPGGA,082955.00,5935.63119,N,02450.65148,E,1,12,1.0,17.1,M,21.0,M,,*52
$GPRMC,082955.00,A,5935.63119,N,02450.65148,E,20.79,17.1,140625,,,A*69
$GPVTG,17.1,T,,M,20.79,N,38.51,K,A*39
$HEHDT,7.1,T*29
$VWVHW,7.1,T,,M,17.09,N,31.65,K*72
$GPGSV,2,1,08,03,66,047,46,08,41,102,46,11,21,157,46,14,46,212,47*7B
$GPGSV,2,2,08,17,65,269,45,22,22,317,46,28,11,357,46,31,59,127,46*7E
$GAGSV,2,1,05,04,50,077,45,09,34,187,46,12,64,242,45,24,09,292,46*6C
$GAGSV,2,2,05,31,19,027,46*50
$GPZDA,082955.00,14,06,2025,00,00*63
$GPGGA,082956.00,5935.63697,N,02450.65502,E,1,12,1.0,16.2,M,21.0,M,,*58
$GPRMC,082956.00,A,5935.63697,N,02450.65502,E,20.89,17.4,140625,,,A*6B
$GPVTG,17.4,T,,M,20.89,N,38.68,K,A*39
$HEHDT,6.9,T*20
$VWVHW,6.9,T,,M,17.17,N,31.80,K*7F
$GPGGA,082957.00,5935.64248,N,02450.65821,E,1,12,1.0,17.1,M,21.0,M,,*56
$GPRMC,082957.00,A,5935.64248,N,02450.65821,E,20.96,17.2,140625,,,A*6F
$GPVTG,17.2,T,,M,20.96,N,38.81,K,A*36
$HEHDT,6.4,T*2D
$VWVHW,6.4,T,,M,17.17,N,31.80,K*72
$GPGGA,082958.00,5935.64766,N,02450.66102,E,1,12,1.0,17.0,M,21.0,M,,*5A
$GPRMC,082958.00,A,5935.64766,N,02450.66102,E,20.96,16.9,140625,,,A*68
$GPVTG,16.9,T,,M,20.96,N,38.81,K,A*3C
$HEHDT,7.1,T*29
$VWVHW,7.1,T,,M,17.04,N,31.56,K*7F
$GPGGA,082959.00,5935.65424,N,02450.66491,E,1,12,1.0,16.7,M,21.0,M,,*56
$GPRMC,082959.00,A,5935.65424,N,02450.66491,E,20.98,17.2,140625,,,A*66
$GPVTG,17.2,T,,M,20.98,N,38.86,K,A*3F
$HEHDT,7.0,T*28
$VWVHW,7.0,T,,M,17.15,N,31.76,K*7C
$GPGGA,083000.00,5935.65905,N,02450.66755,E,1,12,1.0,17.1,M,21.0,M,,*50
$GPRMC,083000.00,A,5935.65905,N,02450.66755,E,21.01,17.1,140625,,,A*65
$GPVTG,17.1,T,,M,21.01,N,38.90,K,A*3A
$HEHDT,7.0,T*28
$VWVHW,7.0,T,,M,17.12,N,31.70,K*7D
$GPGSV,2,1,08,03,66,047,46,08,41,102,46,11,21,157,46,14,46,212,47*7B
$GPGSV,2,2,08,17,65,269,46,22,22,317,46,28,11,357,46,31,59,127,46*7D
$GAGSV,2,1,05,04,50,077,45,09,34,187,47,12,64,242,46,24,09,292,45*6D
$GAGSV,2,2,05,31,19,027,46*50
$GPZDA,083000.00,14,06,2025,00,00*6B
$GPGGA,083001.00,5935.66460,N,02450.67144,E,1,12,1.0,17.0,M,21.0,M,,*5A
$GPRMC,083001.00,A,5935.66460,N,02450.67144,E,20.91,17.0,140625,,,A*67
$GPVTG,17.0,T,,M,20.91,N,38.73,K,A*3E
$HEHDT,7.0,T*28
$VWVHW,7.0,T,,M,17.27,N,31.99,K*7C
$GPGGA,083002.00,5935.67014,N,02450.67455,E,1,12,1.0,16.8,M,21.0,M,,*53
$GPRMC,083002.00,A,5935.67014,N,02450.67455,E,21.05,17.1,140625,,,A*6A
$GPVTG,17.1,T,,M,21.05,N,38.99,K,A*37
$HEHDT,6.9,T*20
$VWVHW,6.9,T,,M,17.29,N,32.02,K*7B
$GPGGA,083003.00,5935.67595,N,02450.67773,E,1,12,1.0,17.1,M,21.0,M,,*51
$GPRMC,083003.00,A,5935.67595,N,02450.67773,E,20.80,17.0,140625,,,A*6D
$GPVTG,17.0,T,,M,20.80,N,38.52,K,A*3D
$HEHDT,7.4,T*2C
$VWVHW,7.4,T,,M,17.16,N,31.78,K*75
$GPGGA,083004.00,5935.68140,N,02450.68213,E,1,12,1.0,18.0,M,21.0,M,,*57
$GPRMC,083004.00,A,5935.68140,N,02450.68213,E,21.03,17.1,140625,,,A*6E
$GPVTG,17.1,T,,M,21.03,N,38.96,K,A*3E
$HEHDT,7.2,T*2A
$VWVHW,7.2,T,,M,17.11,N,31.69,K*74
$GPGGA,083005.00,5935.68689,N,02450.68501,E,1,12,1.0,17.9,M,21.0,M,,*56
$GPRMC,083005.00,A,5935.68689,N,02450.68501,E,20.98,17.2,140625,,,A*69
$GPVTG,17.2,T,,M,20.98,N,38.86,K,A*3F
$HEHDT,7.0,T*28
$VWVHW,7.0,T,,M,17.28,N,31.99,K*73
$GPGSV,2,1,08,03,66,047,47,08,41,102,46,11,21,157,46,14,46,212,46*7B
$GPGSV,2,2,08,17,65,269,46,22,22,317,46,28,11,357,46,31,59,127,46*7D
$GAGSV,2,1,05,04,50,077,46,09,34,187,46,12,64,242,47,24,09,292,46*6D
$GAGSV,2,2,05,31,19,027,46*50
$GPZDA,083005.00,14,06,2025,00,00*6E
$GPGGA,083006.00,5935.69280,N,02450.68762,E,1,12,1.0,18.2,M,21.0,M,,*5A
$GPRMC,083006.00,A,5935.69280,N,02450.68762,E,21.00,17.1,140625,,,A*62
$GPVTG,17.1,T,,M,21.00,N,38.89,K,A*33
$HEHDT,7.2,T*2A
$VWVHW,7.2,T,,M,17.06,N,31.59,K*71
$GPGGA,083007.00,5935.69852,N,02450.69134,E,1,12,1.0,17.7,M,21.0,M,,*50
$GPRMC,083007.00,A,5935.69852,N,02450.69134,E,21.02,17.5,140625,,,A*64
$GPVTG,17.5,T,,M,21.02,N,38.93,K,A*3E
$HEHDT,6.9,T*20
$VWVHW,6.9,T,,M,17.16,N,31.78,K*79
$GPGGA,083008.00,5935.70375,N,02450.69464,E,1,12,1.0,18.1,M,21.0,M,,*50
$GPRMC,083008.00,A,5935.70375,N,02450.69464,E,20.97,17.2,140625,,,A*67
$GPVTG,17.2,T,,M,20.97,N,38.84,K,A*32
$HEHDT,7.1,T*29
$VWVHW,7.1,T,,M,17.25,N,31.94,K*72
$GPGGA,083009.00,5935.70945,N,02450.69772,E,1,12,1.0,18.0,M,21.0,M,,*5D
$GPRMC,083009.00,A,5935.70945,N,02450.69772,E,21.20,17.0,140625,,,A*64
$GPVTG,17.0,T,,M,21.20,N,39.27,K,A*35
$HEHDT,6.9,T*20
$VWVHW,6.9,T,,M,17.14,N,31.74,K*77
$GPGGA,083010.00,5935.71473,N,02450.70152,E,1,12,1.0,18.2,M,21.0,M,,*52
$GPRMC,083010.00,A,5935.71473,N,02450.70152,E,21.03,16.9,140625,,,A*60
$GPVTG,16.9,T,,M,21.03,N,38.94,K,A*35
$HEHDT,7.3,T*2B
$VWVHW,7.3,T,,M,17.18,N,31.82,K*79
$GPGSV,2,1,08,03,66,047,46,08,41,102,46,11,21,157,46,14,46,212,46*7A
$GPGSV,2,2,08,17,65,269,46,22,22,317,46,28,11,357,46,31,59,127,46*7D
$GAGSV,2,1,05,04,50,077,45,09,34,187,46,12,64,242,46,24,09,292,46*6F
$GAGSV,2,2,05,31,19,027,46*50
$GPZDA,083010.00,14,06,2025,00,00*6A
$GPGGA,083011.00,5935.72059,N,02450.70451,E,1,12,1.0,17.6,M,21.0,M,,*51
$GPRMC,083011.00,A,5935.72059,N,02450.70451,E,20.99,17.0,140625,,,A*62
$GPVTG,17.0,T,,M,20.99,N,38.87,K,A*3D
$HEHDT,7.2,T*2A
$VWVHW,7.2,T,,M,17.22,N,31.90,K*72
$GPGGA,083012.00,5935.72578,N,02450.70754,E,1,12,1.0,17.5,M,21.0,M,,*51
$GPRMC,083012.00,A,5935.72578,N,02450.70754,E,21.08,17.1,140625,,,A*69
$GPVTG,17.1,T,,M,21.08,N,39.04,K,A*3F
$HEHDT,6.6,T*2F
$VWVHW,6.6,T,,M,17.21,N,31.87,K*72
$GPGGA,083013.00,5935.73198,N,02450.71173,E,1,12,1.0,17.2,M,21.0,M,,*5E
$GPRMC,083013.00,A,5935.73198,N,02450.71173,E,21.08,17.0,140625,,,A*60
$GPVTG,17.0,T,,M,21.08,N,39.05,K,A*3F
$HEHDT,6.9,T*20
$VWVHW,6.9,T,,M,17.05,N,31.57,K*76
$GPGGA,083014.00,5935.73738,N,02450.71568,E,1,12,1.0,17.9,M,21.0,M,,*50
$GPRMC,083014.00,A,5935.73738,N,02450.71568,E,21.04,17.1,140625,,,A*68
$GPVTG,17.1,T,,M,21.04,N,38.96,K,A*39
$HEHDT,7.2,T*2A
$VWVHW,7.2,T,,M,17.28,N,32.00,K*72
$GPGGA,083015.00,5935.74285,N,02450.71863,E,1,12,1.0,17.6,M,21.0,M,,*5C
$GPRMC,083015.00,A,5935.74285,N,02450.71863,E,21.09,17.0,140625,,,A*67
$GPVTG,17.0,T,,M,21.09,N,39.05,K,A*3E
$HEHDT,7.2,T*2A
$VWVHW,7.2,T,,M,17.33,N,32.09,K*71
$GPGSV,2,1,08,03,66,047,46,08,41,102,45,11,21,157,45,14,46,212,46*7A
$GPGSV,2,2,08,17,65,269,46,22,22,317,46,28,11,357,46,31,59,127,46*7D
$GAGSV,2,1,05,04,50,077,46,09,34,187,45,12,64,242,46,24,09,292,46*6F
$GAGSV,2,2,05,31,19,027,46*50
$GPZDA,083015.00,14,06,2025,00,00*6F
$GPGGA,083016.00,5935.74768,N,02450.72256,E,1,12,1.0,17.5,M,21.0,M,,*55
$GPRMC,083016.00,A,5935.74768,N,02450.72256,E,21.06,17.1,140625,,,A*63
$GPVTG,17.1,T,,M,21.06,N,39.01,K,A*34
$HEHDT,6.6,T*2F
$VWVHW,6.6,T,,M,17.18,N,31.82,K*7D
$GPGGA,083017.00,5935.75376,N,02450.72418,E,1,12,1.0,17.9,M,21.0,M,,*5E
$GPRMC,083017.00,A,5935.75376,N,02450.72418,E,20.99,16.8,140625,,,A*6B
$GPVTG,16.8,T,,M,20.99,N,38.87,K,A*34
$HEHDT,7.2,T*2A
$VWVHW,7.2,T,,M,17.25,N,31.95,K*70
$GPGGA,083018.00,5935.75986,N,02450.72742,E,1,12,1.0,17.7,M,21.0,M,,*56
$GPRMC,083018.00,A,5935.75986,N,02450.72742,E,20.86,16.9,140625,,,A*62
$GPVTG,16.9,T,,M,20.86,N,38.63,K,A*31
$HEHDT,7.2,T*2A
$VWVHW,7.2,T,,M,17.23,N,31.92,K*71
$GPGGA,083019.00,5935.76477,N,02450.73155,E,1,12,1.0,17.7,M,21.0,M,,*56
$GPRMC,083019.00,A,5935.76477,N,02450.73155,E,21.02,17.0,140625,,,A*67
$GPVTG,17.0,T,,M,21.02,N,38.93,K,A*3B
$HEHDT,7.5,T*2D
$VWVHW,7.5,T,,M,17.27,N,31.98,K*78
$GPGGA,083020.00,5935.77083,N,02450.73462,E,1,12,1.0,17.2,M,21.0,M,,*56
$GPRMC,083020.00,A,5935.77083,N,02450.73462,E,21.07,16.8,140625,,,A*6E
$GPVTG,16.8,T,,M,21.07,N,39.02,K,A*3E
$HEHDT,7.4,T*2C
$VWVHW,7.4,T,,M,17.20,N,31.85,K*72
$GPGSV,2,1,08,03,66,047,46,08,41,102,46,11,21,157,47,14,46,212,46*7B
$GPGSV,2,2,08,17,65,269,46,22,22,317,46,28,11,357,46,31,59,127,46*7D
$GAGSV,2,1,05,04,50,077,46,09,34,187,45,12,64,242,46,24,09,292,45*6C
$GAGSV,2,2,05,31,19,027,45*53
$GPZDA,083020.00,14,06,2025,00,00*69
$GPGGA,083021.00,5935.77613,N,02450.73743,E,1,12,1.0,17.1,M,21.0,M,,*5B
$GPRMC,083021.00,A,5935.77613,N,02450.73743,E,21.20,17.0,140625,,,A*6C
$GPVTG,17.0,T,,M,21.20,N,39.27,K,A*35
$HEHDT,7.2,T*2A
$VWVHW,7.2,T,,M,17.22,N,31.90,K*72
$GPGGA,083022.00,5935.78215,N,02450.74060,E,1,12,1.0,17.0,M,21.0,M,,*55
$GPRMC,083022.00,A,5935.78215,N,02450.74060,E,20.98,17.0,140625,,,A*61
$GPVTG,17.0,T,,M,20.98,N,38.86,K,A*3D
$HEHDT,7.3,T*2B
$VWVHW,7.3,T,,M,17.29,N,32.02,K*70
$GPGGA,083023.00,5935.78738,N,02450.74442,E,1,12,1.0,16.8,M,21.0,M,,*53
$GPRMC,083023.00,A,5935.78738,N,02450.74442,E,20.93,16.8,140625,,,A*6C
$GPVTG,16.8,T,,M,20.93,N,38.75,K,A*33
$HEHDT,6.9,T*20
$VWVHW,6.9,T,,M,17.21,N,31.87,K*7D
$GPGGA,083024.00,5935.79273,N,02450.74756,E,1,12,1.0,17.0,M,21.0,M,,*50
$GPRMC,083024.00,A,5935.79273,N,02450.74756,E,20.95,16.9,140625,,,A*61
$GPVTG,16.9,T,,M,20.95,N,38.81,K,A*3F
$HEHDT,6.9,T*20
$VWVHW,6.9,T,,M,17.22,N,31.89,K*70
$GPGGA,083025.00,5935.79870,N,02450.75045,E,1,12,1.0,17.3,M,21.0,M,,*5F
$GPRMC,083025.00,A,5935.79870,N,02450.75045,E,20.97,16.8,140625,,,A*6E
$GPVTG,16.8,T,,M,20.97,N,38.83,K,A*3E
$HEHDT,7.0,T*28
$VWVHW,7.0,T,,M,17.18,N,31.81,K*79
$GPGSV,2,1,08,03,66,047,47,08,41,102,46,11,21,157,46,14,46,212,46*7B
$GPGSV,2,2,08,17,65,269,46,22,22,317,46,28,11,357,46,31,59,127,45*7E
$GAGSV,2,1,05,04,50,077,47,09,34,187,46,12,64,242,47,24,09,292,46*6C
$GAGSV,2,2,05,31,19,027,46*50
$GPZDA,083025.00,14,06,2025,00,00*6C
$GPGGA,083026.00,5935.80377,N,02450.75412,E,1,12,1.0,17.5,M,21.0,M,,*56
$GPRMC,083026.00,A,5935.80377,N,02450.75412,E,21.01,17.1,140625,,,A*67
$GPVTG,17.1,T,,M,21.01,N,38.92,K,A*38
$HEHDT,7.1,T*29
$VWVHW,7.1,T,,M,17.13,N,31.72,K*7F
$GPGGA,083027.00,5935.80963,N,02450.75698,E,1,12,1.0,17.0,M,21.0,M,,*5D
$GPRMC,083027.00,A,5935.80963,N,02450.75698,E,21.03,17.2,140625,,,A*68
$GPVTG,17.2,T,,M,21.03,N,38.95,K,A*3E
$HEHDT,7.4,T*2C
$VWVHW,7.4,T,,M,17.14,N,31.75,K*7A
$GPGGA,083028.00,5935.81512,N,02450.76158,E,1,12,1.0,16.8,M,21.0,M,,*58
$GPRMC,083028.00,A,5935.81512,N,02450.76158,E,20.92,16.9,140625,,,A*67
$GPVTG,16.9,T,,M,20.92,N,38.74,K,A*32
$HEHDT,7.3,T*2B
$VWVHW,7.3,T,,M,17.30,N,32.03,K*79
$GPGGA,083029.00,5935.82072,N,02450.76429,E,1,12,1.0,16.9,M,21.0,M,,*5B
$GPRMC,083029.00,A,5935.82072,N,02450.76429,E,21.11,16.9,140625,,,A*6F
$GPVTG,16.9,T,,M,21.11,N,39.10,K,A*3B
$HEHDT,6.7,T*2E
$VWVHW,6.7,T,,M,17.07,N,31.61,K*7F
$GPGGA,083030.00,5935.82625,N,02450.76771,E,1,12,1.0,16.8,M,21.0,M,,*58
$GPRMC,083030.00,A,5935.82625,N,02450.76771,E,20.95,17.3,140625,,,A*6B
$GPVTG,17.3,T,,M,20.95,N,38.80,K,A*35
$HEHDT,7.1,T*29
$VWVHW,7.1,T,,M,17.28,N,32.00,K*71
$GPGSV,2,1,08,03,66,047,46,08,41,102,45,11,21,157,46,14,46,212,45*7A
$GPGSV,2,2,08,17,65,269,46,22,22,317,46,28,11,357,46,31,59,127,46*7D
$GAGSV,2,1,05,04,50,077,46,09,34,187,46,12,64,242,46,24,09,292,45*6F
$GAGSV,2,2,05,31,19,027,46*50
$GPZDA,083030.00,14,06,2025,00,00*68
$GPGGA,083031.00,5935.83202,N,02450.77119,E,1,12,1.0,17.2,M,21.0,M,,*5B
$GPRMC,083031.00,A,5935.83202,N,02450.77119,E,21.13,16.9,140625,,,A*67
$GPVTG,16.9,T,,M,21.13,N,39.14,K,A*3D
$HEHDT,7.3,T*2B
$VWVHW,7.3,T,,M,17.36,N,32.15,K*78
$GPGGA,083032.00,5935.83757,N,02450.77312,E,1,12,1.0,17.1,M,21.0,M,,*57
$GPRMC,083032.00,A,5935.83757,N,02450.77312,E,20.82,16.6,140625,,,A*6E
$GPVTG,16.6,T,,M,20.82,N,38.56,K,A*3C
$HEHDT,7.2,T*2A
$VWVHW,7.2,T,,M,17.15,N,31.76,K*7E
$GPGGA,083033.00,5935.84312,N,02450.77783,E,1,12,1.0,16.5,M,21.0,M,,*5D
$GPRMC,083033.00,A,5935.84312,N,02450.77783,E,21.17,17.0,140625,,,A*6B
$GPVTG,17.0,T,,M,21.17,N,39.21,K,A*37
$HEHDT,6.9,T*20
$VWVHW,6.9,T,,M,17.36,N,32.15,K*73
$GPGGA,083034.00,5935.84881,N,02450.78114,E,1,12,1.0,17.3,M,21.0,M,,*5B
$GPRMC,083034.00,A,5935.84881,N,02450.78114,E,21.01,17.2,140625,,,A*6F
$GPVTG,17.2,T,,M,21.01,N,38.90,K,A*39
$HEHDT,6.8,T*21
$VWVHW,6.8,T,,M,17.23,N,31.92,K*7A
$GPGGA,083035.00,5935.85375,N,02450.78472,E,1,12,1.0,17.0,M,21.0,M,,*5D
$GPRMC,083035.00,A,5935.85375,N,02450.78472,E,21.07,16.8,140625,,,A*67
$GPVTG,16.8,T,,M,21.07,N,39.02,K,A*3E
$HEHDT,7.2,T*2A
$VWVHW,7.2,T,,M,17.20,N,31.85,K*74
$GPGSV,2,1,08,03,66,047,47,08,41,102,45,11,21,157,46,14,46,212,47*79
$GPGSV,2,2,08,17,65,269,47,22,22,317,47,28,12,357,46,31,59,127,46*7E
$GAGSV,2,1,05,04,50,077,46,09,34,187,46,12,64,242,47,24,09,292,46*6D
$GAGSV,2,2,05,31,19,027,46*50
$GPZDA,083035.00,14,06,2025,00,00*6D
$GPGGA,083036.00,5935.85960,N,02450.78862,E,1,12,1.0,17.0,M,21.0,M,,*5D
$GPRMC,083036.00,A,5935.85960,N,02450.78862,E,21.11,16.7,140625,,,A*6F
$GPVTG,16.7,T,,M,21.11,N,39.10,K,A*35
$HEHDT,6.6,T*2F
$VWVHW,6.6,T,,M,17.22,N,31.89,K*7F
$GPGGA,083037.00,5935.86565,N,02450.79198,E,1,12,1.0,17.1,M,21.0,M,,*5A
$GPRMC,083037.00,A,5935.86565,N,02450.79198,E,21.06,17.5,140625,,,A*6C
$GPVTG,17.5,T,,M,21.06,N,39.01,K,A*30
$HEHDT,7.2,T*2A
$VWVHW,7.2,T,,M,17.27,N,31.98,K*7F
$GPGGA,083038.00,5935.87063,N,02450.79479,E,1,12,1.0,17.4,M,21.0,M,,*58
$GPRMC,083038.00,A,5935.87063,N,02450.79479,E,21.14,17.1,140625,,,A*6C
$GPVTG,17.1,T,,M,21.14,N,39.14,K,A*33
$HEHDT,6.5,T*2C
$VWVHW,6.5,T,,M,17.33,N,32.09,K*77
$GPGGA,083039.00,5935.87638,N,02450.79817,E,1,12,1.0,17.1,M,21.0,M,,*50
$GPRMC,083039.00,A,5935.87638,N,02450.79817,E,21.12,17.3,140625,,,A*65
$GPVTG,17.3,T,,M,21.12,N,39.12,K,A*31
$HEHDT,7.3,T*2B
$VWVHW,7.3,T,,M,17.24,N,31.93,K*76
$GPGGA,083040.00,5935.88186,N,02450.80258,E,1,12,1.0,17.6,M,21.0,M,,*53
$GPRMC,083040.00,A,5935.88186,N,02450.80258,E,21.06,16.8,140625,,,A*6E
$GPVTG,16.8,T,,M,21.06,N,39.00,K,A*3D
$HEHDT,6.8,T*21
$VWVHW,6.8,T,,M,17.18,N,31.82,K*73
$GPGSV,2,1,08,03,66,047,47,08,41,102,46,11,21,157,46,14,46,212,46*7B
$GPGSV,2,2,08,17,65,269,46,22,22,317,46,28,12,357,46,31,59,127,46*7E
$GAGSV,2,1,05,04,50,077,46,09,34,187,46,12,64,242,46,24,09,292,46*6C
$GAGSV,2,2,05,31,19,027,46*50
$GPZDA,083040.00,14,06,2025,00,00*6F
$GPGGA,083041.00,5935.88776,N,02450.80551,E,1,12,1.0,17.6,M,21.0,M,,*55
$GPRMC,083041.00,A,5935.88776,N,02450.80551,E,20.99,16.9,140625,,,A*6E
$GPVTG,16.9,T,,M,20.99,N,38.87,K,A*35
$HEHDT,7.3,T*2B
$VWVHW,7.3,T,,M,17.24,N,31.93,K*76
$GPGGA,083042.00,5935.89285,N,02450.80942,E,1,12,1.0,17.1,M,21.0,M,,*57
$GPRMC,083042.00,A,5935.89285,N,02450.80942,E,21.08,17.1,140625,,,A*6B
$GPVTG,17.1,T,,M,21.08,N,39.04,K,A*3F
$HEHDT,7.2,T*2A
$VWVHW,7.2,T,,M,17.35,N,32.14,K*7B
$GPGGA,083043.00,5935.89892,N,02450.81295,E,1,12,1.0,16.2,M,21.0,M,,*58
$GPRMC,083043.00,A,5935.89892,N,02450.81295,E,21.00,17.3,140625,,,A*6C
$GPVTG,17.3,T,,M,21.00,N,38.89,K,A*31
$HEHDT,6.9,T*20
$VWVHW,6.9,T,,M,17.25,N,31.95,K*7A
$GPGGA,083044.00,5935.90457,N,02450.81526,E,1,12,1.0,16.9,M,21.0,M,,*56
$GPRMC,083044.00,A,5935.90457,N,02450.81526,E,21.12,16.9,140625,,,A*61
$GPVTG,16.9,T,,M,21.12,N,39.12,K,A*3A
$HEHDT,7.0,T*28
$VWVHW,7.0,T,,M,17.25,N,31.95,K*72
$GPGGA,083045.00,5935.90990,N,02450.81879,E,1,12,1.1,17.4,M,21.0,M,,*5B
$GPRMC,083045.00,A,5935.90990,N,02450.81879,E,21.01,17.0,140625,,,A*6B
$GPVTG,17.0,T,,M,21.01,N,38.91,K,A*3A
$HEHDT,6.7,T*2E
$VWVHW,6.7,T,,M,17.26,N,31.97,K*75
$GPGSV,2,1,08,03,66,047,46,08,41,102,46,11,21,157,46,14,46,212,46*7A
$GPGSV,2,2,08,17,65,269,46,22,22,317,46,28,12,357,47,31,59,127,45*7C
$GAGSV,2,1,05,04,50,077,46,09,34,187,46,12,64,242,46,24,09,292,46*6C
$GAGSV,2,2,05,31,19,027,46*50
$GPZDA,083045.00,14,06,2025,00,00*6A
$GPGGA,083046.00,5935.91582,N,02450.82143,E,1,12,1.1,16.7,M,21.0,M,,*57
$GPRMC,083046.00,A,5935.91582,N,02450.82143,E,21.07,17.5,140625,,,A*66
$GPVTG,17.5,T,,M,21.07,N,39.02,K,A*32
$HEHDT,7.2,T*2A
$VWVHW,7.2,T,,M,17.27,N,31.98,K*7F
$GPGGA,083047.00,5935.92118,N,02450.82504,E,1,12,1.1,17.2,M,21.0,M,,*51
$GPRMC,083047.00,A,5935.92118,N,02450.82504,E,21.27,16.8,140625,,,A*6A
$GPVTG,16.8,T,,M,21.27,N,39.39,K,A*34
$HEHDT,7.4,T*2C
$VWVHW,7.4,T,,M,17.33,N,32.10,K*7F
$GPGGA,083048.00,5935.92711,N,02450.82882,E,1,12,1.1,17.3,M,21.0,M,,*53
$GPRMC,083048.00,A,5935.92711,N,02450.82882,E,21.14,16.9,140625,,,A*68
$GPVTG,16.9,T,,M,21.14,N,39.15,K,A*3B
$HEHDT,6.7,T*2E
$VWVHW,6.7,T,,M,17.28,N,32.01,K*77
$GPGGA,083049.00,5935.93266,N,02450.83188,E,1,12,1.1,16.9,M,21.0,M,,*5F
$GPRMC,083049.00,A,5935.93266,N,02450.83188,E,21.10,17.1,140625,,,A*62
$GPVTG,17.1,T,,M,21.10,N,39.07,K,A*35
$HEHDT,7.4,T*2C
$VWVHW,7.4,T,,M,17.28,N,32.00,K*74
$GPGGA,083050.00,5935.93801,N,02450.83547,E,1,12,1.1,17.3,M,21.0,M,,*50
$GPRMC,083050.00,A,5935.93801,N,02450.83547,E,21.01,16.9,140625,,,A*6F
$GPVTG,16.9,T,,M,21.01,N,38.91,K,A*32
$HEHDT,7.3,T*2B
$VWVHW,7.3,T,,M,17.36,N,32.15,K*78
$GPGSV,2,1,08,03,66,047,46,08,41,102,46,11,21,157,46,14,46,212,46*7A
$GPGSV,2,2,08,17,65,269,46,22,22,317,46,28,12,357,46,31,59,127,46*7E
$GAGSV,2,1,05,04,50,077,46,09,34,187,46,12,64,242,46,24,09,292,45*6F
$GAGSV,2,2,05,31,19,027,47*51
$GPZDA,083050.00,14,06,2025,00,00*6E
$GPGGA,083051.00,5935.94331,N,02450.83810,E,1,12,1.1,17.5,M,21.0,M,,*57
$GPRMC,083051.00,A,5935.94331,N,02450.83810,E,21.19,17.3,140625,,,A*6C
$GPVTG,17.3,T,,M,21.19,N,39.25,K,A*3E
$HEHDT,7.3,T*2B
$VWVHW,7.3,T,,M,17.22,N,31.89,K*7B
$GPGGA,083052.00,5935.94904,N,02450.84267,E,1,12,1.1,17.0,M,21.0,M,,*50
$GPRMC,083052.00,A,5935.94904,N,02450.84267,E,21.13,16.9,140625,,,A*6F
$GPVTG,16.9,T,,M,21.13,N,39.13,K,A*3A
$HEHDT,7.0,T*28
$VWVHW,7.0,T,,M,17.28,N,32.00,K*70
$GPGGA,083053.00,5935.95402,N,02450.84480,E,1,12,1.1,16.5,M,21.0,M,,*50
$GPRMC,083053.00,A,5935.95402,N,02450.84480,E,21.13,17.0,140625,,,A*63
$GPVTG,17.0,T,,M,21.13,N,39.13,K,A*32
$HEHDT,6.9,T*20
$VWVHW,6.9,T,,M,17.13,N,31.72,K*76
$GPGGA,083054.00,5935.96010,N,02450.84901,E,1,12,1.1,17.2,M,21.0,M,,*51
$GPRMC,083054.00,A,5935.96010,N,02450.84901,E,21.01,16.9,140625,,,A*6F
$GPVTG,16.9,T,,M,21.01,N,38.92,K,A*31
$HEHDT,7.1,T*29
$VWVHW,7.1,T,,M,17.40,N,32.22,K*7F
$GPGGA,083055.00,5935.96598,N,02450.85292,E,1,12,1.1,17.1,M,21.0,M,,*56
$GPRMC,083055.00,A,5935.96598,N,02450.85292,E,21.04,17.1,140625,,,A*67
$GPVTG,17.1,T,,M,21.04,N,38.97,K,A*38
$HEHDT,7.4,T*2C
$VWVHW,7.4,T,,M,17.38,N,32.19,K*7D
$GPGSV,2,1,08,03,66,047,46,08,41,102,46,11,21,157,46,14,46,212,46*7A
$GPGSV,2,2,08,17,65,269,46,22,22,317,46,28,12,357,46,31,59,127,46*7E
$GAGSV,2,1,05,04,50,077,46,09,34,187,46,12,64,242,46,24,09,292,47*6D
$GAGSV,2,2,05,31,19,027,46*50
$GPZDA,083055.00,14,06,2025,00,00*6B
$GPGGA,083056.00,5935.97138,N,02450.85555,E,1,12,1.1,17.5,M,21.0,M,,*52
$GPRMC,083056.00,A,5935.97138,N,02450.85555,E,21.28,17.3,140625,,,A*6B
$GPVTG,17.3,T,,M,21.28,N,39.42,K,A*3D
$HEHDT,6.9,T*20
$VWVHW,6.9,T,,M,17.30,N,32.03,K*72
$GPGGA,083057.00,5935.97697,N,02450.85937,E,1,12,1.1,17.4,M,21.0,M,,*58
$GPRMC,083057.00,A,5935.97697,N,02450.85937,E,21.16,17.0,140625,,,A*6E
$GPVTG,17.0,T,,M,21.16,N,39.18,K,A*3C
$HEHDT,7.4,T*2C
$VWVHW,7.4,T,,M,17.32,N,32.07,K*78
$GPGGA,083058.00,5935.98302,N,02450.86220,E,1,12,1.1,17.9,M,21.0,M,,*52
$GPRMC,083058.00,A,5935.98302,N,02450.86220,E,21.07,16.5,140625,,,A*6D
$GPVTG,16.5,T,,M,21.07,N,39.02,K,A*33
$HEHDT,7.1,T*29
$VWVHW,7.1,T,,M,17.32,N,32.07,K*7D
$GPGGA,083059.00,5935.98783,N,02450.86595,E,1,12,1.1,17.1,M,21.0,M,,*5F
$GPRMC,083059.00,A,5935.98783,N,02450.86595,E,21.08,16.6,140625,,,A*64
$GPVTG,16.6,T,,M,21.08,N,39.03,K,A*3E
$HEHDT,7.2,T*2A
$VWVHW,7.2,T,,M,17.54,N,32.48,K*75
$GPGGA,083100.00,5935.99428,N,02450.86959,E,1,12,1.1,17.2,M,21.0,M,,*5E
$GPRMC,083100.00,A,5935.99428,N,02450.86959,E,21.05,17.4,140625,,,A*68
$GPVTG,17.4,T,,M,21.05,N,38.99,K,A*32
$HEHDT,7.0,T*28
$VWVHW,7.0,T,,M,17.30,N,32.05,K*7C
$GPGSV,2,1,08,03,66,047,46,08,41,102,46,11,21,157,46,14,46,212,47*7B
$GPGSV,2,2,08,17,65,269,46,22,22,317,46,28,12,357,46,31,59,127,46*7E
$GAGSV,2,1,05,04,50,077,46,09,34,187,46,12,64,242,45,24,09,292,46*6F
$GAGSV,2,2,05,31,19,027,47*51
$GPZDA,083100.00,14,06,2025,00,00*6A
$GPGGA,083101.00,5935.99945,N,02450.87355,E,1,12,1.1,17.0,M,21.0,M,,*5C
$GPRMC,083101.00,A,5935.99945,N,02450.87355,E,21.21,17.2,140625,,,A*68
$GPVTG,17.2,T,,M,21.21,N,39.27,K,A*36
$HEHDT,6.6,T*2F
$VWVHW,6.6,T,,M,17.34,N,32.12,K*79
$GPGGA,083102.00,5936.00480,N,02450.87650,E,1,12,1.1,17.8,M,21.0,M,,*50
$GPRMC,083102.00,A,5936.00480,N,02450.87650,E,21.20,17.1,140625,,,A*6E
$GPVTG,17.1,T,,M,21.20,N,39.27,K,A*34
$HEHDT,6.9,T*20
$VWVHW,6.9,T,,M,17.37,N,32.18,K*7F
$GPGGA,083103.00,5936.01065,N,02450.87983,E,1,12,1.1,16.5,M,21.0,M,,*52
$GPRMC,083103.00,A,5936.01065,N,02450.87983,E,21.01,17.2,140625,,,A*60
$GPVTG,17.2,T,,M,21.01,N,38.92,K,A*3B
$HEHDT,7.0,T*28
$VWVHW,7.0,T,,M,17.30,N,32.05,K*7C
$GPGGA,083104.00,5936.01649,N,02450.88361,E,1,12,1.1,16.6,M,21.0,M,,*57
$GPRMC,083104.00,A,5936.01649,N,02450.88361,E,21.18,17.3,140625,,,A*6F
$GPVTG,17.3,T,,M,21.18,N,39.23,K,A*39
$HEHDT,7.3,T*2B
$VWVHW,7.3,T,,M,17.36,N,32.16,K*7B
$GPGGA,083105.00,5936.02177,N,02450.88666,E,1,12,1.1,17.5,M,21.0,M,,*5F
$GPRMC,083105.00,A,5936.02177,N,02450.88666,E,21.12,16.8,140625,,,A*65
$GPVTG,16.8,T,,M,21.12,N,39.12,K,A*3B
$HEHDT,7.1,T*29
$VWVHW,7.1,T,,M,17.31,N,32.07,K*7E
$GPGSV,2,1,08,03,66,047,46,08,41,102,46,11,21,157,46,14,46,212,46*7A
$GPGSV,2,2,08,17,65,269,46,22,22,317,46,28,12,357,46,31,59,127,46*7E
$GAGSV,2,1,05,04,50,077,47,09,34,187,46,12,64,242,46,24,09,292,45*6E
$GAGSV,2,2,05,31,19,027,46*50
$GPZDA,083105.00,14,06,2025,00,00*6F
$GPGGA,083106.00,5936.02746,N,02450.89015,E,1,12,1.1,17.4,M,21.0,M,,*5A
$GPRMC,083106.00,A,5936.02746,N,02450.89015,E,21.25,17.1,140625,,,A*6D
$GPVTG,17.1,T,,M,21.25,N,39.36,K,A*31
$HEHDT,6.6,T*2F
$VWVHW,6.6,T,,M,17.31,N,32.05,K*7A
$GPGGA,083107.00,5936.03298,N,02450.89321,E,1,12,1.1,17.1,M,21.0,M,,*5D
$GPRMC,083107.00,A,5936.03298,N,02450.89321,E,21.23,16.6,140625,,,A*6F
$GPVTG,16.6,T,,M,21.23,N,39.32,K,A*35
$HEHDT,7.3,T*2B
$VWVHW,7.3,T,,M,17.40,N,32.22,K*7D
$GPGGA,083108.00,5936.03900,N,02450.89675,E,1,12,1.1,16.8,M,21.0,M,,*54
$GPRMC,083108.00,A,5936.03900,N,02450.89675,E,21.09,17.1,140625,,,A*60
$GPVTG,17.1,T,,M,21.09,N,39.06,K,A*3C
$HEHDT,6.6,T*2F
$VWVHW,6.6,T,,M,17.46,N,32.34,K*78
$GPGGA,083109.00,5936.04437,N,02450.90127,E,1,12,1.1,17.5,M,21.0,M,,*5F
$GPRMC,083109.00,A,5936.04437,N,02450.90127,E,21.08,17.1,140625,,,A*66
$GPVTG,17.1,T,,M,21.08,N,39.03,K,A*38
$HEHDT,7.0,T*28
$VWVHW,7.0,T,,M,17.33,N,32.09,K*73
$GPGGA,083110.00,5936.05010,N,02450.90375,E,1,12,1.1,17.0,M,21.0,M,,*57
$GPRMC,083110.00,A,5936.05010,N,02450.90375,E,21.02,17.3,140625,,,A*63
$GPVTG,17.3,T,,M,21.02,N,38.93,K,A*38
$HEHDT,7.0,T*28
$VWVHW,7.0,T,,M,17.45,N,32.31,K*79
$GPGSV,2,1,08,03,66,047,46,08,41,102,46,11,21,157,46,14,46,212,46*7A
$GPGSV,2,2,08,17,65,269,46,22,22,317,46,28,12,357,45,31,59,127,46*7D
$GAGSV,2,1,05,04,50,077,46,09,34,187,45,12,64,242,45,24,09,292,45*6F
$GAGSV,2,2,05,31,19,027,46*50
$GPZDA,083110.00,14,06,2025,00,00*6B
$GPGGA,083111.00,5936.05584,N,02450.90714,E,1,12,1.1,17.0,M,21.0,M,,*5D
$GPRMC,083111.00,A,5936.05584,N,02450.90714,E,21.16,16.9,140625,,,A*67
$GPVTG,16.9,T,,M,21.16,N,39.18,K,A*34
$HEHDT,7.0,T*28
$VWVHW,7.0,T,,M,17.48,N,32.37,K*72
$GPGGA,083112.00,5936.06068,N,02450.91096,E,1,12,1.1,16.6,M,21.0,M,,*51
$GPRMC,083112.00,A,5936.06068,N,02450.91096,E,21.07,16.9,140625,,,A*6C
$GPVTG,16.9,T,,M,21.07,N,39.01,K,A*3C
$HEHDT,7.4,T*2C
$VWVHW,7.4,T,,M,17.40,N,32.23,K*7B
$GPGGA,083113.00,5936.06706,N,02450.91384,E,1,12,1.1,17.1,M,21.0,M,,*59
$GPRMC,083113.00,A,5936.06706,N,02450.91384,E,21.24,17.0,140625,,,A*6B
$GPVTG,17.0,T,,M,21.24,N,39.33,K,A*34
$HEHDT,6.9,T*20
$VWVHW,6.9,T,,M,17.44,N,32.29,K*79
$GPGGA,083114.00,5936.07238,N,02450.91767,E,1,12,1.1,16.7,M,21.0,M,,*59
$GPRMC,083114.00,A,5936.07238,N,02450.91767,E,21.00,16.7,140625,,,A*6C
$GPVTG,16.7,T,,M,21.00,N,38.89,K,A*34
$HEHDT,7.2,T*2A
$VWVHW,7.2,T,,M,17.30,N,32.05,K*7E
$GPGGA,083115.00,5936.07804,N,02450.92078,E,1,12,1.1,16.3,M,21.0,M,,*53
$GPRMC,083115.00,A,5936.07804,N,02450.92078,E,21.21,17.3,140625,,,A*64
$GPVTG,17.3,T,,M,21.21,N,39.29,K,A*39
$HEHDT,7.6,T*2E
$VWVHW,7.6,T,,M,17.44,N,32.30,K*7F
$GPGSV,2,1,08,03,66,048,47,08,41,102,46,11,21,158,46,14,46,212,47*7A
$GPGSV,2,2,08,17,65,270,46,22,22,318,46,28,12,358,46,31,59,128,46*79
$GAGSV,2,1,05,04,50,078,45,09,34,188,46,12,64,242,46,24,09,292,46*6F
$GAGSV,2,2,05,31,19,028,47*5E
$GPZDA,083115.00,14,06,2025,00,00*6E
$GPGGA,083116.00,5936.08377,N,02450.92406,E,1,12,1.1,16.7,M,21.0,M,,*59
$GPRMC,083116.00,A,5936.08377,N,02450.92406,E,21.17,16.6,140625,,,A*6B
$GPVTG,16.6,T,,M,21.17,N,39.20,K,A*31
$HEHDT,7.7,T*2F
$VWVHW,7.7,T,,M,17.36,N,32.14,K*7D
$GPGGA,083117.00,5936.08928,N,02450.92718,E,1,12,1.1,16.5,M,21.0,M,,*56
$GPRMC,083117.00,A,5936.08928,N,02450.92718,E,21.25,17.0,140625,,,A*60
$GPVTG,17.0,T,,M,21.25,N,39.35,K,A*33
$HEHDT,7.3,T*2B
$VWVHW,7.3,T,,M,17.28,N,32.01,K*72
$GPGGA,083118.00,5936.09469,N,02450.93103,E,1,12,1.1,17.4,M,21.0,M,,*5D
$GPRMC,083118.00,A,5936.09469,N,02450.93103,E,21.13,17.1,140625,,,A*6F
$GPVTG,17.1,T,,M,21.13,N,39.13,K,A*33
$HEHDT,7.0,T*28
$VWVHW,7.0,T,,M,17.26,N,31.96,K*72
$GPGGA,083119.00,5936.10078,N,02450.93418,E,1,12,1.1,17.0,M,21.0,M,,*5B
$GPRMC,083119.00,A,5936.10078,N,02450.93418,E,21.17,16.9,140625,,,A*60
$GPVTG,16.9,T,,M,21.17,N,39.20,K,A*3E
$HEHDT,7.1,T*29
$VWVHW,7.1,T,,M,17.19,N,31.83,K*7B
$GPGGA,083120.00,5936.10589,N,02450.93685,E,1,12,1.1,16.8,M,21.0,M,,*55
$GPRMC,083120.00,A,5936.10589,N,02450.93685,E,21.23,16.7,140625,,,A*6E
$GPVTG,16.7,T,,M,21.23,N,39.32,K,A*34
$HEHDT,7.1,T*29
$VWVHW,7.1,T,,M,17.24,N,31.92,K*75
$GPGSV,2,1,08,03,66,048,45,08,41,103,47,11,21,158,45,14,46,213,46*7B
$GPGSV,2,2,08,17,65,270,45,22,22,318,46,28,12,358,46,31,59,128,46*7A
$GAGSV,2,1,05,04,50,078,46,09,34,188,46,12,64,243,46,24,09,293,46*6C
$GAGSV,2,2,05,31,19,028,47*5E
$GPZDA,083120.00,14,06,2025,00,00*68
$GPGGA,083121.00,5936.11146,N,02450.94163,E,1,12,1.1,16.6,M,21.0,M,,*54
$GPRMC,083121.00,A,5936.11146,N,02450.94163,E,21.23,16.8,140625,,,A*6E
$GPVTG,16.8,T,,M,21.23,N,39.31,K,A*38
$HEHDT,6.9,T*20
$VWVHW,6.9,T,,M,17.31,N,32.06,K*76
$GPGGA,083122.00,5936.11693,N,02450.94374,E,1,12,1.1,16.6,M,21.0,M,,*5C
$GPRMC,083122.00,A,5936.11693,N,02450.94374,E,21.09,16.7,140625,,,A*61
$GPVTG,16.7,T,,M,21.09,N,39.07,K,A*3A
$HEHDT,7.3,T*2B
$VWVHW,7.3,T,,M,17.38,N,32.18,K*7B
$GPGGA,083123.00,5936.12228,N,02450.94772,E,1,12,1.1,17.0,M,21.0,M,,*5F
$GPRMC,083123.00,A,5936.12228,N,02450.94772,E,21.12,17.1,140625,,,A*68
$GPVTG,17.1,T,,M,21.12,N,39.12,K,A*33
$HEHDT,6.8,T*21
$VWVHW,6.8,T,,M,17.42,N,32.27,K*70
$GPGGA,083124.00,5936.12830,N,02450.95153,E,1,12,1.1,15.9,M,21.0,M,,*54
$GPRMC,083124.00,A,5936.12830,N,02450.95153,E,21.19,16.8,140625,,,A*6B
$GPVTG,16.8,T,,M,21.19,N,39.24,K,A*35
$HEHDT,7.2,T*2A
$VWVHW,7.2,T,,M,17.42,N,32.26,K*7A
$GPGGA,083125.00,5936.13362,N,02450.95520,E,1,12,1.1,16.8,M,21.0,M,,*5A
$GPRMC,083125.00,A,5936.13362,N,02450.95520,E,21.10,16.8,140625,,,A*6E
$GPVTG,16.8,T,,M,21.10,N,39.08,K,A*32
$HEHDT,6.7,T*2E
$VWVHW,6.7,T,,M,17.26,N,31.97,K*75
$GPGSV,2,1,08,03,66,048,47,08,41,103,46,11,21,158,46,14,46,213,45*78
$GPGSV,2,2,08,17,65,270,46,22,22,318,46,28,12,358,46,31,59,128,46*79
$GAGSV,2,1,05,04,50,078,46,09,34,188,46,12,64,243,46,24,09,293,46*6C
$GAGSV,2,2,05,31,19,028,46*5F
$GPZDA,083125.00,14,06,2025,00,00*6D
$GPGGA,083126.00,5936.13982,N,02450.95863,E,1,12,1.1,16.8,M,21.0,M,,*57
$GPRMC,083126.00,A,5936.13982,N,02450.95863,E,21.07,17.2,140625,,,A*6E
$GPVTG,17.2,T,,M,21.07,N,39.03,K,A*34
$HEHDT,7.4,T*2C
$VWVHW,7.4,T,,M,17.26,N,31.97,K*77
$GPGGA,083127.00,5936.14512,N,02450.96159,E,1,12,1.1,16.4,M,21.0,M,,*5B
$GPRMC,083127.00,A,5936.14512,N,02450.96159,E,21.10,17.0,140625,,,A*6A
$GPVTG,17.0,T,,M,21.10,N,39.08,K,A*3B
$HEHDT,6.7,T*2E
$VWVHW,6.7,T,,M,17.30,N,32.05,K*7A
$GPGGA,083128.00,5936.15055,N,02450.96560,E,1,12,1.1,16.0,M,21.0,M,,*59
$GPRMC,083128.00,A,5936.15055,N,02450.96560,E,21.15,16.9,140625,,,A*61
$GPVTG,16.9,T,,M,21.15,N,39.16,K,A*39
$HEHDT,7.3,T*2B
$VWVHW,7.3,T,,M,17.23,N,31.91,K*73
$GPGGA,083129.00,5936.15543,N,02450.96852,E,1,12,1.1,16.3,M,21.0,M,,*55
$GPRMC,083129.00,A,5936.15543,N,02450.96852,E,21.23,16.9,140625,,,A*6B
$GPVTG,16.9,T,,M,21.23,N,39.32,K,A*3A
$HEHDT,7.3,T*2B
$VWVHW,7.3,T,,M,17.28,N,32.00,K*73
$GPGGA,083130.00,5936.16200,N,02450.97221,E,1,12,1.1,16.4,M,21.0,M,,*56
$GPRMC,083130.00,A,5936.16200,N,02450.97221,E,21.15,17.1,140625,,,A*63
$GPVTG,17.1,T,,M,21.15,N,39.17,K,A*31
$HEHDT,7.7,T*2F
$VWVHW,7.7,T,,M,17.46,N,32.33,K*7F
$GPGSV,2,1,08,03,66,048,46,08,41,103,46,11,21,158,46,14,46,213,45*79
$GPGSV,2,2,08,17,65,270,46,22,22,318,46,28,12,358,46,31,59,128,46*79
$GAGSV,2,1,05,04,50,078,47,09,34,188,47,12,64,243,46,24,09,293,46*6C
$GAGSV,2,2,05,31,19,028,46*5F
$GPZDA,083130.00,14,06,2025,00,00*69
$GPGGA,083131.00,5936.16762,N,02450.97488,E,1,12,1.1,16.8,M,21.0,M,,*5F
$GPRMC,083131.00,A,5936.16762,N,02450.97488,E,21.11,17.2,140625,,,A*61
$GPVTG,17.2,T,,M,21.11,N,39.10,K,A*31
$HEHDT,7.0,T*28
$VWVHW,7.0,T,,M,17.51,N,32.43,K*79
$GPGGA,083132.00,5936.17324,N,02450.97908,E,1,12,1.1,16.4,M,21.0,M,,*52
$GPRMC,083132.00,A,5936.17324,N,02450.97908,E,21.15,16.5,140625,,,A*62
$GPVTG,16.5,T,,M,21.15,N,39.18,K,A*3B
$HEHDT,7.4,T*2C
$VWVHW,7.4,T,,M,17.42,N,32.26,K*7C
$GPGGA,083133.00,5936.17839,N,02450.98258,E,1,12,1.1,17.0,M,21.0,M,,*50
$GPRMC,083133.00,A,5936.17839,N,02450.98258,E,21.21,16.9,140625,,,A*6E
$GPVTG,16.9,T,,M,21.21,N,39.28,K,A*33
$HEHDT,6.8,T*21
$VWVHW,6.8,T,,M,17.35,N,32.13,K*77
$GPGGA,083134.00,5936.18427,N,02450.98596,E,1,12,1.1,16.9,M,21.0,M,,*56
$GPRMC,083134.00,A,5936.18427,N,02450.98596,E,21.12,17.0,140625,,,A*68
$GPVTG,17.0,T,,M,21.12,N,39.11,K,A*31
$HEHDT,7.1,T*29
$VWVHW,7.1,T,,M,17.36,N,32.16,K*79
$GPGGA,083135.00,5936.18998,N,02450.98938,E,1,12,1.1,17.1,M,21.0,M,,*5F
$GPRMC,083135.00,A,5936.18998,N,02450.98938,E,21.12,17.3,140625,,,A*6B
$GPVTG,17.3,T,,M,21.12,N,39.11,K,A*32
$HEHDT,7.0,T*28
$VWVHW,7.0,T,,M,17.31,N,32.05,K*7D
$GPGSV,2,1,08,03,66,048,46,08,41,103,46,11,21,158,47,14,46,213,47*7A
$GPGSV,2,2,08,17,65,270,45,22,22,318,46,28,12,358,46,31,59,128,46*7A
$GAGSV,2,1,05,04,50,078,46,09,34,188,46,12,64,243,46,24,09,293,46*6C
$GAGSV,2,2,05,31,19,028,46*5F
$GPZDA,083135.00,14,06,2025,00,00*6C
$GPGGA,083136.00,5936.19587,N,02450.99288,E,1,12,1.1,17.0,M,21.0,M,,*5F
$GPRMC,083136.00,A,5936.19587,N,02450.99288,E,21.22,16.9,140625,,,A*62
$GPVTG,16.9,T,,M,21.22,N,39.30,K,A*39
$HEHDT,6.6,T*2F
$VWVHW,6.6,T,,M,17.34,N,32.11,K*7A
$GPGGA,083137.00,5936.20134,N,02450.99666,E,1,12,1.1,16.8,M,21.0,M,,*55
$GPRMC,083137.00,A,5936.20134,N,02450.99666,E,21.07,16.8,140625,,,A*67
$GPVTG,16.8,T,,M,21.07,N,39.02,K,A*3E
$HEHDT,7.3,T*2B
$VWVHW,7.3,T,,M,17.32,N,32.08,K*70
$GPGGA,083138.00,5936.20706,N,02450.99996,E,1,12,1.1,17.1,M,21.0,M,,*55
$GPRMC,083138.00,A,5936.20706,N,02450.99996,E,21.25,16.9,140625,,,A*6E
$GPVTG,16.9,T,,M,21.25,N,39.35,K,A*3B
$HEHDT,7.3,T*2B
$VWVHW,7.3,T,,M,17.39,N,32.21,K*70
$GPGGA,083139.00,5936.21265,N,02451.00307,E,1,12,1.1,17.1,M,21.0,M,,*56
$GPRMC,083139.00,A,5936.21265,N,02451.00307,E,21.14,16.7,140625,,,A*61
$GPVTG,16.7,T,,M,21.14,N,39.15,K,A*35
$HEHDT,7.2,T*2A
$VWVHW,7.2,T,,M,17.18,N,31.82,K*78
$GPGGA,083140.00,5936.21826,N,02451.00670,E,1,12,1.1,17.3,M,21.0,M,,*52
$GPRMC,083140.00,A,5936.21826,N,02451.00670,E,21.07,16.7,140625,,,A*65
$GPVTG,16.7,T,,M,21.07,N,39.03,K,A*30
$HEHDT,7.0,T*28
$VWVHW,7.0,T,,M,17.33,N,32.09,K*73
$GPGSV,2,1,08,03,66,048,45,08,41,103,47,11,21,158,46,14,46,213,45*7B
$GPGSV,2,2,08,17,65,270,46,22,22,318,46,28,12,358,46,31,59,128,46*79
$GAGSV,2,1,05,04,50,078,46,09,34,188,46,12,64,243,46,24,09,293,46*6C
$GAGSV,2,2,05,31,19,028,45*5C
$GPZDA,083140.00,14,06,2025,00,00*6E
$GPGGA,083141.00,5936.22379,N,02451.01024,E,1,12,1.1,17.1,M,21.0,M,,*55
$GPRMC,083141.00,A,5936.22379,N,02451.01024,E,21.25,16.7,140625,,,A*60
$GPVTG,16.7,T,,M,21.25,N,39.35,K,A*35
$HEHDT,7.4,T*2C
$VWVHW,7.4,T,,M,17.31,N,32.07,K*7B
$GPGGA,083142.00,5936.22999,N,02451.01271,E,1,12,1.1,17.2,M,21.0,M,,*53
$GPRMC,083142.00,A,5936.22999,N,02451.01271,E,21.01,16.7,140625,,,A*63
$GPVTG,16.7,T,,M,21.01,N,38.91,K,A*3C
$HEHDT,7.3,T*2B
$VWVHW,7.3,T,,M,17.29,N,32.03,K*71
$GPGGA,083143.00,5936.23530,N,02451.01691,E,1,12,1.1,17.2,M,21.0,M,,*56
$GPRMC,083143.00,A,5936.23530,N,02451.01691,E,21.15,17.1,140625,,,A*64
$GPVTG,17.1,T,,M,21.15,N,39.16,K,A*30
$HEHDT,6.6,T*2F
$VWVHW,6.6,T,,M,17.30,N,32.04,K*7A
$GPGGA,083144.00,5936.24085,N,02451.02063,E,1,12,1.1,17.6,M,21.0,M,,*51
$GPRMC,083144.00,A,5936.24085,N,02451.02063,E,21.06,16.9,140625,,,A*6C
$GPVTG,16.9,T,,M,21.06,N,39.00,K,A*3C
$HEHDT,6.8,T*21
$VWVHW,6.8,T,,M,17.26,N,31.96,K*7B
$GPGGA,083145.00,5936.24696,N,02451.02393,E,1,12,1.1,17.2,M,21.0,M,,*5C
$GPRMC,083145.00,A,5936.24696,N,02451.02393,E,21.02,17.3,140625,,,A*6A
$GPVTG,17.3,T,,M,21.02,N,38.93,K,A*38
$HEHDT,6.9,T*20
$VWVHW,6.9,T,,M,17.38,N,32.18,K*70
$GPGSV,2,1,08,03,66,048,46,08,41,103,45,11,21,158,47,14,46,213,46*78
$GPGSV,2,2,08,17,65,270,47,22,22,318,46,28,12,358,46,31,59,128,45*7B
$GAGSV,2,1,05,04,50,078,46,09,34,188,46,12,64,243,46,24,09,293,46*6C
$GAGSV,2,2,05,31,19,028,46*5F
$GPZDA,083145.00,14,06,2025,00,00*6B
$GPGGA,083146.00,5936.25225,N,02451.02744,E,1,12,1.1,16.7,M,21.0,M,,*58
$GPRMC,083146.00,A,5936.25225,N,02451.02744,E,21.02,17.2,140625,,,A*6B
$GPVTG,17.2,T,,M,21.02,N,38.93,K,A*39
$HEHDT,7.1,T*29
$VWVHW,7.1,T,,M,17.24,N,31.93,K*74
$GPGGA,083147.00,5936.25793,N,02451.03091,E,1,12,1.1,17.1,M,21.0,M,,*58
$GPRMC,083147.00,A,5936.25793,N,02451.03091,E,21.14,17.4,140625,,,A*6D
$GPVTG,17.4,T,,M,21.14,N,39.15,K,A*37
$HEHDT,7.6,T*2E
$VWVHW,7.6,T,,M,17.28,N,32.01,K*77
$GPGGA,083148.00,5936.26363,N,02451.03425,E,1,12,1.1,16.9,M,21.0,M,,*5D
$GPRMC,083148.00,A,5936.26363,N,02451.03425,E,21.22,17.3,140625,,,A*63
$GPVTG,17.3,T,,M,21.22,N,39.29,K,A*3A
$HEHDT,6.8,T*21
$VWVHW,6.8,T,,M,17.26,N,31.97,K*7A
$GPGGA,083149.00,5936.26895,N,02451.03701,E,1,12,1.1,17.0,M,21.0,M,,*53
$GPRMC,083149.00,A,5936.26895,N,02451.03701,E,21.18,17.0,140625,,,A*6F
$GPVTG,17.0,T,,M,21.18,N,39.22,K,A*3B
$HEHDT,7.4,T*2C
$VWVHW,7.4,T,,M,17.38,N,32.18,K*7C
$GPGGA,083150.00,5936.27433,N,02451.04171,E,1,12,1.1,16.7,M,21.0,M,,*5A
$GPRMC,083150.00,A,5936.27433,N,02451.04171,E,21.13,17.1,140625,,,A*6A
$GPVTG,17.1,T,,M,21.13,N,39.13,K,A*33
$HEHDT,7.7,T*2F
$VWVHW,7.7,T,,M,17.33,N,32.09,K*74
$GPGSV,2,1,08,03,66,048,46,08,41,103,46,11,21,158,45,14,46,213,47*78
$GPGSV,2,2,08,17,65,270,47,22,22,318,46,28,12,358,46,31,60,128,46*72
$GAGSV,2,1,05,04,50,078,46,09,34,188,46,12,64,243,46,24,09,293,46*6C
$GAGSV,2,2,05,31,19,028,46*5F
$GPZDA,083150.00,14,06,2025,00,00*6F
$GPGGA,083151.00,5936.27994,N,02451.04384,E,1,12,1.1,16.8,M,21.0,M,,*5C
$GPRMC,083151.00,A,5936.27994,N,02451.04384,E,21.20,17.0,140625,,,A*62
$GPVTG,17.0,T,,M,21.20,N,39.26,K,A*34
$HEHDT,7.4,T*2C
$VWVHW,7.4,T,,M,17.23,N,31.91,K*74
$GPGGA,083152.00,5936.28587,N,02451.04692,E,1,12,1.1,17.1,M,21.0,M,,*54
$GPRMC,083152.00,A,5936.28587,N,02451.04692,E,21.12,16.9,140625,,,A*6B
$GPVTG,16.9,T,,M,21.12,N,39.11,K,A*39
$HEHDT,6.7,T*2E
$VWVHW,6.7,T,,M,17.34,N,32.11,K*7B
$GPGGA,083153.00,5936.29158,N,02451.05019,E,1,12,1.1,17.1,M,21.0,M,,*56
$GPRMC,083153.00,A,5936.29158,N,02451.05019,E,20.96,17.0,140625,,,A*6C
$GPVTG,17.0,T,,M,20.96,N,38.81,K,A*34
$HEHDT,7.0,T*28
$VWVHW,7.0,T,,M,17.34,N,32.12,K*7E
$GPGGA,083154.00,5936.29709,N,02451.05366,E,1,12,1.1,17.8,M,21.0,M,,*51
$GPRMC,083154.00,A,5936.29709,N,02451.05366,E,21.20,16.6,140625,,,A*69
$GPVTG,16.6,T,,M,21.20,N,39.26,K,A*33
$HEHDT,7.2,T*2A
$VWVHW,7.2,T,,M,17.20,N,31.86,K*77
$GPGGA,083155.00,5936.30287,N,02451.05671,E,1,12,1.1,18.1,M,21.0,M,,*5E
$GPRMC,083155.00,A,5936.30287,N,02451.05671,E,21.24,17.2,140625,,,A*61
$GPVTG,17.2,T,,M,21.24,N,39.34,K,A*31
$HEHDT,7.4,T*2C
$VWVHW,7.4,T,,M,17.20,N,31.86,K*71
$GPGSV,2,1,08,03,66,048,46,08,41,103,46,11,21,158,46,14,46,213,46*7A
$GPGSV,2,2,08,17,65,270,46,22,22,318,46,28,12,358,46,31,60,128,46*73
$GAGSV,2,1,05,04,50,078,47,09,34,188,46,12,64,243,46,24,09,293,46*6D
$GAGSV,2,2,05,31,19,028,46*5F
$GPZDA,083155.00,14,06,2025,00,00*6A
$GPGGA,083156.00,5936.30839,N,02451.06034,E,1,12,1.1,17.3,M,21.0,M,,*5B
$GPRMC,083156.00,A,5936.30839,N,02451.06034,E,21.10,16.7,140625,,,A*6A
$GPVTG,16.7,T,,M,21.10,N,39.07,K,A*32
$HEHDT,6.9,T*20
$VWVHW,6.9,T,,M,17.22,N,31.90,K*78
$GPGGA,083157.00,5936.31381,N,02451.06464,E,1,12,1.1,17.6,M,21.0,M,,*57
$GPRMC,083157.00,A,5936.31381,N,02451.06464,E,21.33,16.6,140625,,,A*63
$GPVTG,16.6,T,,M,21.33,N,39.51,K,A*31
$HEHDT,7.4,T*2C
$VWVHW,7.4,T,,M,17.36,N,32.16,K*7C
$GPGGA,083158.00,5936.31955,N,02451.06810,E,1,12,1.1,17.0,M,21.0,M,,*52
$GPRMC,083158.00,A,5936.31955,N,02451.06810,E,21.06,17.2,140625,,,A*63
$GPVTG,17.2,T,,M,21.06,N,39.00,K,A*36
$HEHDT,7.3,T*2B
$VWVHW,7.3,T,,M,17.21,N,31.88,K*79
$GPGGA,083159.00,5936.32500,N,02451.07114,E,1,12,1.1,17.4,M,21.0,M,,*54
$GPRMC,083159.00,A,5936.32500,N,02451.07114,E,21.12,16.9,140625,,,A*6E
$GPVTG,16.9,T,,M,21.12,N,39.11,K,A*39
$HEHDT,7.4,T*2C
$VWVHW,7.4,T,,M,17.24,N,31.93,K*71
$GPGGA,083200.00,5936.33103,N,02451.07419,E,1,12,1.1,17.5,M,21.0,M,,*54
$GPRMC,083200.00,A,5936.33103,N,02451.07419,E,21.01,17.1,140625,,,A*64
$GPVTG,17.1,T,,M,21.01,N,38.91,K,A*3B
$HEHDT,7.4,T*2C
$VWVHW,7.4,T,,M,17.23,N,31.92,K*77
$GPGSV,2,1,08,03,66,048,46,08,41,103,46,11,21,158,45,14,46,213,46*79
$GPGSV,2,2,08,17,65,270,47,22,22,318,46,28,12,358,47,31,60,128,46*73
$GAGSV,2,1,05,04,50,078,46,09,34,188,46,12,64,243,46,24,09,293,46*6C
$GAGSV,2,2,05,31,19,028,46*5F
$GPZDA,083200.00,14,06,2025,00,00*69
$GPGGA,083201.00,5936.33594,N,02451.07837,E,1,12,1.1,16.8,M,21.0,M,,*53
$GPRMC,083201.00,A,5936.33594,N,02451.07837,E,21.15,16.7,140625,,,A*6D
$GPVTG,16.7,T,,M,21.15,N,39.17,K,A*36
$HEHDT,7.2,T*2A
$VWVHW,7.2,T,,M,17.33,N,32.10,K*79
$GPGGA,083202.00,5936.34216,N,02451.08132,E,1,12,1.1,18.2,M,21.0,M,,*5D
$GPRMC,083202.00,A,5936.34216,N,02451.08132,E,20.99,17.3,140625,,,A*67
$GPVTG,17.3,T,,M,20.99,N,38.87,K,A*3E
$HEHDT,7.3,T*2B
$VWVHW,7.3,T,,M,17.24,N,31.93,K*76
$GPGGA,083203.00,5936.34792,N,02451.08529,E,1,12,1.1,18.1,M,21.0,M,,*58
$GPRMC,083203.00,A,5936.34792,N,02451.08529,E,21.17,17.2,140625,,,A*67
$GPVTG,17.2,T,,M,21.17,N,39.20,K,A*34
$HEHDT,6.8,T*21
$VWVHW,6.8,T,,M,17.29,N,32.02,K*7A
$GPGGA,083204.00,5936.35357,N,02451.08788,E,1,12,1.1,18.0,M,21.0,M,,*5B
$GPRMC,083204.00,A,5936.35357,N,02451.08788,E,21.00,16.8,140625,,,A*68
$GPVTG,16.8,T,,M,21.00,N,38.88,K,A*3A
$HEHDT,7.0,T*28
$VWVHW,7.0,T,,M,17.32,N,32.07,K*7C
$GPGGA,083205.00,5936.35869,N,02451.09121,E,1,12,1.1,17.7,M,21.0,M,,*50
$GPRMC,083205.00,A,5936.35869,N,02451.09121,E,20.92,16.8,140625,,,A*61
$GPVTG,16.8,T,,M,20.92,N,38.74,K,A*33
$HEHDT,7.2,T*2A
$VWVHW,7.2,T,,M,17.15,N,31.75,K*7D
$GPGSV,2,1,08,03,66,048,47,08,41,103,46,11,21,158,46,14,46,213,46*7B
$GPGSV,2,2,08,17,65,270,46,22,22,318,46,28,12,358,46,31,60,128,45*70
$GAGSV,2,1,05,04,50,078,45,09,34,188,46,12,64,243,46,24,09,293,46*6F
$GAGSV,2,2,05,31,19,028,46*5F
$GPZDA,083205.00,14,06,2025,00,00*6C
$GPGGA,083206.00,5936.36405,N,02451.09485,E,1,12,1.1,17.4,M,21.0,M,,*5E
$GPRMC,083206.00,A,5936.36405,N,02451.09485,E,20.94,17.1,140625,,,A*62
$GPVTG,17.1,T,,M,20.94,N,38.79,K,A*30
$HEHDT,6.5,T*2C
$VWVHW,6.5,T,,M,17.25,N,31.94,K*77
$GPGGA,083207.00,5936.37013,N,02451.09799,E,1,12,1.1,17.2,M,21.0,M,,*55
$GPRMC,083207.00,A,5936.37013,N,02451.09799,E,21.08,16.9,140625,,,A*62
$GPVTG,16.9,T,,M,21.08,N,39.04,K,A*36
$HEHDT,7.2,T*2A
$VWVHW,7.2,T,,M,17.28,N,32.01,K*73
$GPGGA,083208.00,5936.37529,N,02451.10156,E,1,12,1.1,16.7,M,21.0,M,,*5F
$GPRMC,083208.00,A,5936.37529,N,02451.10156,E,20.87,17.0,140625,,,A*62
$GPVTG,17.0,T,,M,20.87,N,38.65,K,A*3E
$HEHDT,6.9,T*20
$VWVHW,6.9,T,,M,17.22,N,31.89,K*70
$GPGGA,083209.00,5936.38089,N,02451.10434,E,1,12,1.1,17.1,M,21.0,M,,*58
$GPRMC,083209.00,A,5936.38089,N,02451.10434,E,21.08,17.2,140625,,,A*66
$GPVTG,17.2,T,,M,21.08,N,39.03,K,A*3B
$HEHDT,7.5,T*2D
$VWVHW,7.5,T,,M,17.26,N,31.96,K*77
$GPGGA,083210.00,5936.38676,N,02451.10859,E,1,12,1.1,17.6,M,21.0,M,,*56
$GPRMC,083210.00,A,5936.38676,N,02451.10859,E,20.86,16.8,140625,,,A*63
$GPVTG,16.8,T,,M,20.86,N,38.63,K,A*30
$HEHDT,7.4,T*2C
$VWVHW,7.4,T,,M,17.17,N,31.80,K*73
$GPGSV,2,1,08,03,66,048,47,08,41,103,46,11,21,158,46,14,46,213,46*7B
$GPGSV,2,2,08,17,65,270,46,22,22,318,46,28,12,358,46,31,60,128,46*73
$GAGSV,2,1,05,04,50,078,46,09,34,188,46,12,64,243,47,24,09,293,46*6D
$GAGSV,2,2,05,31,19,028,46*5F
$GPZDA,083210.00,14,06,2025,00,00*68
$GPGGA,083211.00,5936.39233,N,02451.11267,E,1,12,1.1,17.7,M,21.0,M,,*54
$GPRMC,083211.00,A,5936.39233,N,02451.11267,E,21.07,17.1,140625,,,A*60
$GPVTG,17.1,T,,M,21.07,N,39.01,K,A*35
$HEHDT,6.7,T*2E
$VWVHW,6.7,T,,M,17.25,N,31.95,K*74
$GPGGA,083212.00,5936.39783,N,02451.11483,E,1,12,1.1,17.6,M,21.0,M,,*54
$GPRMC,083212.00,A,5936.39783,N,02451.11483,E,21.02,16.9,140625,,,A*6D
$GPVTG,16.9,T,,M,21.02,N,38.93,K,A*33
$HEHDT,7.4,T*2C
$VWVHW,7.4,T,,M,17.26,N,31.97,K*77
$GPGGA,083213.00,5936.40387,N,02451.11905,E,1,12,1.1,17.0,M,21.0,M,,*5E
$GPRMC,083213.00,A,5936.40387,N,02451.11905,E,20.97,17.1,140625,,,A*65
$GPVTG,17.1,T,,M,20.97,N,38.83,K,A*36
$HEHDT,7.5,T*2D
$VWVHW,7.5,T,,M,17.20,N,31.86,K*70
$GPGGA,083214.00,5936.40819,N,02451.12278,E,1,12,1.1,16.8,M,21.0,M,,*5E
$GPRMC,083214.00,A,5936.40819,N,02451.12278,E,21.00,17.1,140625,,,A*63
$GPVTG,17.1,T,,M,21.00,N,38.90,K,A*3B
$HEHDT,7.1,T*29
$VWVHW,7.1,T,,M,17.09,N,31.64,K*73
$GPGGA,083215.00,5936.41426,N,02451.12584,E,1,12,1.1,17.7,M,21.0,M,,*54
$GPRMC,083215.00,A,5936.41426,N,02451.12584,E,20.95,16.8,140625,,,A*62
$GPVTG,16.8,T,,M,20.95,N,38.80,K,A*3F
$HEHDT,6.8,T*21
$VWVHW,6.8,T,,M,17.33,N,32.09,K*7A
$GPGSV,2,1,08,03,66,048,45,08,41,103,46,11,21,158,46,14,46,213,46*79
$GPGSV,2,2,08,17,65,270,47,22,22,318,46,28,12,358,46,31,60,128,46*72
$GAGSV,2,1,05,04,50,078,46,09,34,188,45,12,64,243,46,24,09,293,46*6F
$GAGSV,2,2,05,31,19,028,46*5F
$GPZDA,083215.00,14,06,2025,00,00*6D
$GPGGA,083216.00,5936.41959,N,02451.12886,E,1,12,1.1,17.4,M,21.0,M,,*5E
$GPRMC,083216.00,A,5936.41959,N,02451.12886,E,21.12,17.0,140625,,,A*6C
$GPVTG,17.0,T,,M,21.12,N,39.11,K,A*31
$HEHDT,6.7,T*2E
$VWVHW,6.7,T,,M,17.31,N,32.06,K*78
$GPGGA,083217.00,5936.42564,N,02451.13238,E,1,12,1.1,17.7,M,21.0,M,,*53
$GPRMC,083217.00,A,5936.42564,N,02451.13238,E,20.93,17.0,140625,,,A*6A
$GPVTG,17.0,T,,M,20.93,N,38.76,K,A*39
$HEHDT,6.9,T*20
$VWVHW,6.9,T,,M,17.07,N,31.61,K*71
$GPGGA,083218.00,5936.43113,N,02451.13585,E,1,12,1.1,18.0,M,21.0,M,,*50
$GPRMC,083218.00,A,5936.43113,N,02451.13585,E,20.91,17.4,140625,,,A*67
$GPVTG,17.4,T,,M,20.91,N,38.72,K,A*3B
$HEHDT,6.8,T*21
$VWVHW,6.8,T,,M,17.23,N,31.91,K*79
$GPGGA,083219.00,5936.43667,N,02451.13936,E,1,12,1.1,17.4,M,21.0,M,,*5A
$GPRMC,083219.00,A,5936.43667,N,02451.13936,E,21.02,17.1,140625,,,A*68
$GPVTG,17.1,T,,M,21.02,N,38.94,K,A*3D
$HEHDT,7.7,T*2F
$VWVHW,7.7,T,,M,17.13,N,31.72,K*79
$GPGGA,083220.00,5936.44212,N,02451.14227,E,1,12,1.1,17.8,M,21.0,M,,*51
$GPRMC,083220.00,A,5936.44212,N,02451.14227,E,20.97,17.1,140625,,,A*62
$GPVTG,17.1,T,,M,20.97,N,38.84,K,A*31
$HEHDT,7.1,T*29
$VWVHW,7.1,T,,M,17.13,N,31.72,K*7F
$GPGSV,2,1,08,03,66,048,46,08,41,103,47,11,21,158,45,14,46,213,46*78
$GPGSV,2,2,08,17,65,270,46,22,22,318,46,28,12,358,47,31,60,128,46*72
$GAGSV,2,1,05,04,50,078,46,09,34,188,46,12,64,243,46,24,09,293,46*6C
$GAGSV,2,2,05,31,19,028,46*5F
$GPZDA,083220.00,14,06,2025,00,00*6B
$GPGGA,083221.00,5936.44754,N,02451.14547,E,1,12,1.1,17.6,M,21.0,M,,*58
$GPRMC,083221.00,A,5936.44754,N,02451.14547,E,20.95,17.0,140625,,,A*66
$GPVTG,17.0,T,,M,20.95,N,38.80,K,A*36
$HEHDT,7.0,T*28
$VWVHW,7.0,T,,M,17.28,N,32.00,K*70
$GPGGA,083222.00,5936.45258,N,02451.14860,E,1,12,1.1,18.3,M,21.0,M,,*51
$GPRMC,083222.00,A,5936.45258,N,02451.14860,E,20.85,16.9,140625,,,A*6C
$GPVTG,16.9,T,,M,20.85,N,38.61,K,A*30
$HEHDT,7.2,T*2A
$VWVHW,7.2,T,,M,17.30,N,32.04,K*7F
$GPGGA,083223.00,5936.45840,N,02451.15338,E,1,12,1.1,18.3,M,21.0,M,,*54
$GPRMC,083223.00,A,5936.45840,N,02451.15338,E,20.95,16.8,140625,,,A*69
$GPVTG,16.8,T,,M,20.95,N,38.79,K,A*39
$HEHDT,6.8,T*21
$VWVHW,6.8,T,,M,17.29,N,32.02,K*7A
$GPGGA,083224.00,5936.46391,N,02451.15593,E,1,12,1.1,18.2,M,21.0,M,,*51
$GPRMC,083224.00,A,5936.46391,N,02451.15593,E,20.91,16.9,140625,,,A*68
$GPVTG,16.9,T,,M,20.91,N,38.73,K,A*36
$HEHDT,7.3,T*2B
$VWVHW,7.3,T,,M,17.20,N,31.85,K*75
$GPGGA,083225.00,5936.46955,N,02451.15958,E,1,12,1.1,18.6,M,21.0,M,,*5D
$GPRMC,083225.00,A,5936.46955,N,02451.15958,E,20.96,17.0,140625,,,A*6F
$GPVTG,17.0,T,,M,20.96,N,38.82,K,A*37
$HEHDT,6.9,T*20
$VWVHW,6.9,T,,M,17.21,N,31.87,K*7D
$GPGSV,2,1,08,03,67,048,46,08,41,103,46,11,21,158,46,14,46,213,46*7B
$GPGSV,2,2,08,17,65,270,46,22,22,318,46,28,12,358,46,31,60,128,46*73
$GAGSV,2,1,05,04,50,078,45,09,34,188,46,12,64,243,46,24,09,293,46*6F
$GAGSV,2,2,05,31,19,028,46*5F
$GPZDA,083225.00,14,06,2025,00,00*6E
$GPGGA,083226.00,5936.47568,N,02451.16253,E,1,12,1.1,18.6,M,21.0,M,,*5E
$GPRMC,083226.00,A,5936.47568,N,02451.16253,E,21.07,17.4,140625,,,A*61
$GPVTG,17.4,T,,M,21.07,N,39.02,K,A*33
$HEHDT,7.1,T*29
$VWVHW,7.1,T,,M,17.27,N,31.98,K*7C
$GPGGA,083227.00,5936.48056,N,02451.16635,E,1,12,1.1,18.2,M,21.0,M,,*58
$GPRMC,083227.00,A,5936.48056,N,02451.16635,E,20.97,16.8,140625,,,A*66
$GPVTG,16.8,T,,M,20.97,N,38.83,K,A*3E
$HEHDT,7.4,T*2C
$VWVHW,7.4,T,,M,17.04,N,31.55,K*79
$GPGGA,083228.00,5936.48652,N,02451.17000,E,1,12,1.1,18.2,M,21.0,M,,*54
$GPRMC,083228.00,A,5936.48652,N,02451.17000,E,20.71,16.9,140625,,,A*63
$GPVTG,16.9,T,,M,20.71,N,38.36,K,A*39
$HEHDT,6.9,T*20
$VWVHW,6.9,T,,M,17.22,N,31.89,K*70
$GPGGA,083229.00,5936.49194,N,02451.17333,E,1,12,1.1,17.8,M,21.0,M,,*5F
$GPRMC,083229.00,A,5936.49194,N,02451.17333,E,21.04,17.0,140625,,,A*66
$GPVTG,17.0,T,,M,21.04,N,38.96,K,A*38
$HEHDT,6.9,T*20
$VWVHW,6.9,T,,M,17.03,N,31.54,K*73
$GPGGA,083230.00,5936.49741,N,02451.17571,E,1,12,1.1,18.5,M,21.0,M,,*5B
$GPRMC,083230.00,A,5936.49741,N,02451.17571,E,20.93,17.4,140625,,,A*6B
$GPVTG,17.4,T,,M,20.93,N,38.76,K,A*3D
$HEHDT,7.0,T*28
$VWVHW,7.0,T,,M,17.15,N,31.77,K*7D
$GPGSV,2,1,08,03,67,048,46,08,41,103,46,11,21,158,46,14,46,213,46*7B
$GPGSV,2,2,08,17,65,270,46,22,22,318,46,28,12,358,46,31,60,128,46*73
$GAGSV,2,1,05,04,50,078,46,09,34,188,46,12,64,243,46,24,09,293,46*6C
$GAGSV,2,2,05,31,19,028,46*5F
$GPZDA,083230.00,14,06,2025,00,00*6A
$GPGGA,083231.00,5936.50329,N,02451.18017,E,1,12,1.1,18.3,M,21.0,M,,*54
$GPRMC,083231.00,A,5936.50329,N,02451.18017,E,20.96,17.3,140625,,,A*60
$GPVTG,17.3,T,,M,20.96,N,38.82,K,A*34
$HEHDT,6.9,T*20
$VWVHW,6.9,T,,M,16.99,N,31.47,K*73
$GPGGA,083232.00,5936.50863,N,02451.18365,E,1,12,1.1,17.9,M,21.0,M,,*51
$GPRMC,083232.00,A,5936.50863,N,02451.18365,E,21.11,17.0,140625,,,A*6D
$GPVTG,17.0,T,,M,21.11,N,39.09,K,A*3B
$HEHDT,6.7,T*2E
$VWVHW,6.7,T,,M,17.10,N,31.66,K*7E
$GPGGA,083233.00,5936.51435,N,02451.18684,E,1,12,1.1,18.4,M,21.0,M,,*56
$GPRMC,083233.00,A,5936.51435,N,02451.18684,E,21.05,17.4,140625,,,A*69
$GPVTG,17.4,T,,M,21.05,N,38.98,K,A*33
$HEHDT,7.2,T*2A
$VWVHW,7.2,T,,M,17.20,N,31.86,K*77
$GPGGA,083234.00,5936.51993,N,02451.18975,E,1,12,1.1,18.0,M,21.0,M,,*55
$GPRMC,083234.00,A,5936.51993,N,02451.18975,E,20.86,17.1,140625,,,A*61
$GPVTG,17.1,T,,M,20.86,N,38.63,K,A*38
$HEHDT,7.4,T*2C
$VWVHW,7.4,T,,M,17.06,N,31.59,K*77
$GPGGA,083235.00,5936.52577,N,02451.19360,E,1,12,1.1,18.9,M,21.0,M,,*57
$GPRMC,083235.00,A,5936.52577,N,02451.19360,E,20.85,16.8,140625,,,A*61
$GPVTG,16.8,T,,M,20.85,N,38.62,K,A*32
$HEHDT,6.6,T*2F
$VWVHW,6.6,T,,M,17.08,N,31.64,K*74
$GPGSV,2,1,08,03,67,048,46,08,41,103,46,11,21,158,46,14,46,213,46*7B
$GPGSV,2,2,08,17,65,270,46,22,22,318,46,28,12,358,46,31,60,128,46*73
$GAGSV,2,1,05,04,50,078,45,09,34,188,46,12,64,243,46,24,09,293,46*6F
$GAGSV,2,2,05,31,19,028,46*5F
$GPZDA,083235.00,14,06,2025,00,00*6F
$GPGGA,083236.00,5936.53127,N,02451.19650,E,1,12,1.1,18.7,M,21.0,M,,*5C
$GPRMC,083236.00,A,5936.53127,N,02451.19650,E,20.88,17.1,140625,,,A*61
$GPVTG,17.1,T,,M,20.88,N,38.67,K,A*32
$HEHDT,7.3,T*2B
$VWVHW,7.3,T,,M,17.12,N,31.70,K*7E
$GPGGA,083237.00,5936.53711,N,02451.19905,E,1,12,1.1,18.3,M,21.0,M,,*55
$GPRMC,083237.00,A,5936.53711,N,02451.19905,E,20.74,17.1,140625,,,A*6F
$GPVTG,17.1,T,,M,20.74,N,38.40,K,A*34
$HEHDT,6.9,T*20
$VWVHW,6.9,T,,M,16.89,N,31.28,K*7B
$GPGGA,083238.00,5936.54254,N,02451.20285,E,1,12,1.1,18.4,M,21.0,M,,*57
$GPRMC,083238.00,A,5936.54254,N,02451.20285,E,20.85,17.1,140625,,,A*64
$GPVTG,17.1,T,,M,20.85,N,38.61,K,A*39
$HEHDT,7.2,T*2A
$VWVHW,7.2,T,,M,17.14,N,31.74,K*7D
$GPGGA,083239.00,5936.54775,N,02451.20565,E,1,12,1.1,18.5,M,21.0,M,,*58
$GPRMC,083239.00,A,5936.54775,N,02451.20565,E,20.95,16.8,140625,,,A*63
$GPVTG,16.8,T,,M,20.95,N,38.80,K,A*3F
$HEHDT,7.0,T*28
$VWVHW,7.0,T,,M,17.09,N,31.66,K*70
$GPGGA,083240.00,5936.55342,N,02451.21010,E,1,12,1.1,18.4,M,21.0,M,,*50
$GPRMC,083240.00,A,5936.55342,N,02451.21010,E,21.12,17.3,140625,,,A*6E
$GPVTG,17.3,T,,M,21.12,N,39.12,K,A*31
$HEHDT,6.5,T*2C
$VWVHW,6.5,T,,M,17.11,N,31.68,K*73
$GPGSV,2,1,08,03,67,048,46,08,41,103,46,11,21,158,46,14,46,213,46*7B
$GPGSV,2,2,08,17,65,270,47,22,22,318,46,28,12,358,46,31,60,128,46*72
$GAGSV,2,1,05,04,50,078,46,09,34,188,46,12,63,243,46,24,09,293,45*68
$GAGSV,2,2,05,31,19,028,46*5F
$GPZDA,083240.00,14,06,2025,00,00*6D
$GPGGA,083241.00,5936.55928,N,02451.21326,E,1,12,1.1,18.9,M,21.0,M,,*5C
$GPRMC,083241.00,A,5936.55928,N,02451.21326,E,20.93,17.2,140625,,,A*66
$GPVTG,17.2,T,,M,20.93,N,38.77,K,A*3A
$HEHDT,7.3,T*2B
$VWVHW,7.3,T,,M,17.08,N,31.64,K*70
$GPGGA,083242.00,5936.56457,N,02451.21678,E,1,12,1.1,18.4,M,21.0,M,,*5A
$GPRMC,083242.00,A,5936.56457,N,02451.21678,E,20.73,17.5,140625,,,A*64
$GPVTG,17.5,T,,M,20.73,N,38.39,K,A*39
$HEHDT,6.7,T*2E
$VWVHW,6.7,T,,M,17.08,N,31.64,K*75
$GPGGA,083243.00,5936.57032,N,02451.22006,E,1,12,1.1,19.1,M,21.0,M,,*55
$GPRMC,083243.00,A,5936.57032,N,02451.22006,E,20.83,17.2,140625,,,A*67
$GPVTG,17.2,T,,M,20.83,N,38.57,K,A*39
$HEHDT,6.8,T*21
$VWVHW,6.8,T,,M,17.16,N,31.78,K*78
$GPGGA,083244.00,5936.57539,N,02451.22344,E,1,12,1.1,18.3,M,21.0,M,,*5A
$GPRMC,083244.00,A,5936.57539,N,02451.22344,E,21.00,17.2,140625,,,A*61
$GPVTG,17.2,T,,M,21.00,N,38.90,K,A*38
$HEHDT,7.3,T*2B
$VWVHW,7.3,T,,M,17.18,N,31.82,K*79
$GPGGA,083245.00,5936.58133,N,02451.22660,E,1,12,1.1,19.0,M,21.0,M,,*5B
$GPRMC,083245.00,A,5936.58133,N,02451.22660,E,20.91,17.1,140625,,,A*68
$GPVTG,17.1,T,,M,20.91,N,38.72,K,A*3E
$HEHDT,7.0,T*28
$VWVHW,7.0,T,,M,16.96,N,31.41,K*72
$GPGSV,2,1,08,03,67,048,46,08,41,103,46,11,21,158,46,14,46,213,46*7B
$GPGSV,2,2,08,17,65,270,46,22,22,318,46,28,12,358,45,31,60,128,46*70
$GAGSV,2,1,05,04,50,078,46,09,34,188,45,12,63,243,46,24,09,293,46*68
$GAGSV,2,2,05,31,19,028,46*5F
$GPZDA,083245.00,14,06,2025,00,00*68
$GPGGA,083246.00,5936.58682,N,02451.22954,E,1,12,1.1,18.2,M,21.0,M,,*5E
$GPRMC,083246.00,A,5936.58682,N,02451.22954,E,20.79,16.8,140625,,,A*60
$GPVTG,16.8,T,,M,20.79,N,38.50,K,A*30
$HEHDT,6.8,T*21
$VWVHW,6.8,T,,M,17.03,N,31.54,K*72
$GPGGA,083247.00,5936.59202,N,02451.23246,E,1,12,1.1,18.1,M,21.0,M,,*58
$GPRMC,083247.00,A,5936.59202,N,02451.23246,E,20.83,17.2,140625,,,A*6B
$GPVTG,17.2,T,,M,20.83,N,38.57,K,A*39
$HEHDT,6.9,T*20
$VWVHW,6.9,T,,M,16.90,N,31.29,K*72
$GPGGA,083248.00,5936.59822,N,02451.23663,E,1,12,1.1,18.4,M,21.0,M,,*59
$GPRMC,083248.00,A,5936.59822,N,02451.23663,E,20.73,16.9,140625,,,A*6A
$GPVTG,16.9,T,,M,20.73,N,38.40,K,A*3A
$HEHDT,7.7,T*2F
$VWVHW,7.7,T,,M,17.13,N,31.73,K*78
$GPGGA,083249.00,5936.60308,N,02451.23940,E,1,12,1.1,18.0,M,21.0,M,,*5B
$GPRMC,083249.00,A,5936.60308,N,02451.23940,E,20.88,16.5,140625,,,A*64
$GPVTG,16.5,T,,M,20.88,N,38.66,K,A*36
$HEHDT,6.8,T*21
$VWVHW,6.8,T,,M,17.08,N,31.63,K*7D
$GPGGA,083250.00,5936.60906,N,02451.24289,E,1,12,1.1,18.5,M,21.0,M,,*5B
$GPRMC,083250.00,A,5936.60906,N,02451.24289,E,21.00,16.9,140625,,,A*6C
$GPVTG,16.9,T,,M,21.00,N,38.90,K,A*32
$HEHDT,6.9,T*20
$VWVHW,6.9,T,,M,16.97,N,31.43,K*79
$GPGSV,2,1,08,03,67,048,47,08,41,103,46,11,21,158,46,14,46,213,46*7A
$GPGSV,2,2,08,17,65,270,46,22,22,318,47,28,12,358,47,31,60,128,46*73
$GAGSV,2,1,05,04,50,078,45,09,34,188,46,12,63,243,46,24,09,293,47*69
$GAGSV,2,2,05,31,19,028,47*5E
$GPZDA,083250.00,14,06,2025,00,00*6C
$GPGGA,083251.00,5936.61405,N,02451.24598,E,1,12,1.1,18.9,M,21.0,M,,*5E
$GPRMC,083251.00,A,5936.61405,N,02451.24598,E,20.79,17.5,140625,,,A*67
$GPVTG,17.5,T,,M,20.79,N,38.51,K,A*3D
$HEHDT,7.2,T*2A
$VWVHW,7.2,T,,M,17.06,N,31.60,K*7B
$GPGGA,083252.00,5936.62013,N,02451.24969,E,1,12,1.1,18.6,M,21.0,M,,*50
$GPRMC,083252.00,A,5936.62013,N,02451.24969,E,20.97,17.3,140625,,,A*60
$GPVTG,17.3,T,,M,20.97,N,38.84,K,A*33
$HEHDT,7.3,T*2B
$VWVHW,7.3,T,,M,17.08,N,31.64,K*70
$GPGGA,083253.00,5936.62500,N,02451.25282,E,1,12,1.1,18.3,M,21.0,M,,*5C
$GPRMC,083253.00,A,5936.62500,N,02451.25282,E,20.92,16.9,140625,,,A*67
$GPVTG,16.9,T,,M,20.92,N,38.74,K,A*32
$HEHDT,6.8,T*21
$VWVHW,6.8,T,,M,17.10,N,31.68,K*7F
$GPGGA,083254.00,5936.63079,N,02451.25640,E,1,12,1.1,17.9,M,21.0,M,,*5E
$GPRMC,083254.00,A,5936.63079,N,02451.25640,E,20.83,17.1,140625,,,A*69
$GPVTG,17.1,T,,M,20.83,N,38.58,K,A*35
$HEHDT,7.3,T*2B
$VWVHW,7.3,T,,M,17.14,N,31.74,K*7C
$GPGGA,083255.00,5936.63638,N,02451.26022,E,1,12,1.1,18.2,M,21.0,M,,*59
$GPRMC,083255.00,A,5936.63638,N,02451.26022,E,20.79,17.2,140625,,,A*6C
$GPVTG,17.2,T,,M,20.79,N,38.50,K,A*3B
$HEHDT,7.2,T*2A
$VWVHW,7.2,T,,M,17.14,N,31.74,K*7D
$GPGSV,2,1,08,03,67,048,46,08,41,103,45,11,21,158,46,14,46,213,46*78
$GPGSV,2,2,08,17,65,270,46,22,22,318,46,28,12,358,47,31,60,128,46*72
$GAGSV,2,1,05,04,50,078,46,09,34,188,45,12,63,243,46,24,09,293,46*68
$GAGSV,2,2,05,31,19,028,46*5F
$GPZDA,083255.00,14,06,2025,00,00*69
$GPGGA,083256.00,5936.64164,N,02451.26357,E,1,12,1.1,18.2,M,21.0,M,,*52
$GPRMC,083256.00,A,5936.64164,N,02451.26357,E,20.86,16.9,140625,,,A*6D
$GPVTG,16.9,T,,M,20.86,N,38.64,K,A*36
$HEHDT,7.6,T*2E
$VWVHW,7.6,T,,M,17.06,N,31.59,K*75
$GPGGA,083257.00,5936.64707,N,02451.26680,E,1,12,1.1,17.3,M,21.0,M,,*51
$GPRMC,083257.00,A,5936.64707,N,02451.26680,E,20.87,16.9,140625,,,A*61
$GPVTG,16.9,T,,M,20.87,N,38.64,K,A*37
$HEHDT,7.4,T*2C
$VWVHW,7.4,T,,M,17.10,N,31.67,K*7D
$GPGGA,083258.00,5936.65232,N,02451.27000,E,1,12,1.1,17.2,M,21.0,M,,*52
$GPRMC,083258.00,A,5936.65232,N,02451.27000,E,20.91,17.2,140625,,,A*6E
$GPVTG,17.2,T,,M,20.91,N,38.73,K,A*3C
$HEHDT,7.5,T*2D
$VWVHW,7.5,T,,M,16.91,N,31.32,K*74
$GPGGA,083259.00,5936.65789,N,02451.27263,E,1,12,1.1,17.6,M,21.0,M,,*55
$GPRMC,083259.00,A,5936.65789,N,02451.27263,E,20.78,17.3,140625,,,A*6B
$GPVTG,17.3,T,,M,20.78,N,38.49,K,A*33
$HEHDT,7.4,T*2C
$VWVHW,7.4,T,,M,16.87,N,31.25,K*74
$GPGGA,083300.00,5936.66362,N,02451.27613,E,1,12,1.1,17.2,M,21.0,M,,*5D
$GPRMC,083300.00,A,5936.66362,N,02451.27613,E,20.91,17.2,140625,,,A*61
$GPVTG,17.2,T,,M,20.91,N,38.73,K,A*3C
$HEHDT,7.5,T*2D
$VWVHW,7.5,T,,M,17.05,N,31.58,K*74
$GPGSV,2,1,08,03,67,048,46,08,41,103,46,11,21,158,47,14,46,213,46*7A
$GPGSV,2,2,08,17,65,270,46,22,22,318,47,28,12,358,46,31,60,128,46*72
$GAGSV,2,1,05,04,50,078,46,09,34,188,46,12,63,243,46,24,09,293,46*6B
$GAGSV,2,2,05,31,19,028,45*5C
$GPZDA,083300.00,14,06,2025,00,00*68
$GPGGA,083301.00,5936.66902,N,02451.28010,E,1,12,1.1,16.8,M,21.0,M,,*51
$GPRMC,083301.00,A,5936.66902,N,02451.28010,E,20.92,17.1,140625,,,A*66
$GPVTG,17.1,T,,M,20.92,N,38.75,K,A*3A
$HEHDT,6.9,T*20
$VWVHW,6.9,T,,M,16.99,N,31.46,K*72
$GPGGA,083302.00,5936.67450,N,02451.28387,E,1,12,1.1,16.9,M,21.0,M,,*55
$GPRMC,083302.00,A,5936.67450,N,02451.28387,E,20.72,17.0,140625,,,A*6C
$GPVTG,17.0,T,,M,20.72,N,38.37,K,A*33
$HEHDT,7.3,T*2B
$VWVHW,7.3,T,,M,16.97,N,31.43,K*72
$GPGGA,083303.00,5936.67984,N,02451.28674,E,1,12,1.1,18.0,M,21.0,M,,*5E
$GPRMC,083303.00,A,5936.67984,N,02451.28674,E,20.99,17.2,140625,,,A*67
$GPVTG,17.2,T,,M,20.99,N,38.87,K,A*3F
$HEHDT,7.2,T*2A
$VWVHW,7.2,T,,M,16.96,N,31.42,K*73
$GPGGA,083304.00,5936.68514,N,02451.29045,E,1,12,1.1,18.1,M,21.0,M,,*57
$GPRMC,083304.00,A,5936.68514,N,02451.29045,E,20.74,17.2,140625,,,A*6C
$GPVTG,17.2,T,,M,20.74,N,38.41,K,A*36
$HEHDT,7.3,T*2B
$VWVHW,7.3,T,,M,17.00,N,31.48,K*76
$GPGGA,083305.00,5936.69136,N,02451.29384,E,1,12,1.1,17.8,M,21.0,M,,*5B
$GPRMC,083305.00,A,5936.69136,N,02451.29384,E,20.82,17.2,140625,,,A*6F
$GPVTG,17.2,T,,M,20.82,N,38.56,K,A*39
$HEHDT,7.1,T*29
$VWVHW,7.1,T,,M,16.96,N,31.42,K*70
$GPGSV,2,1,08,03,67,048,45,08,41,103,46,11,21,158,45,14,46,213,46*7B
$GPGSV,2,2,08,17,65,270,46,22,22,318,46,28,12,358,45,31,60,128,46*70
$GAGSV,2,1,05,04,50,078,46,09,34,188,46,12,63,243,45,24,09,293,46*68
$GAGSV,2,2,05,31,19,028,46*5F
$GPZDA,083305.00,14,06,2025,00,00*6D
$GPGGA,083306.00,5936.69647,N,02451.29778,E,1,12,1.1,16.7,M,21.0,M,,*50
$GPRMC,083306.00,A,5936.69647,N,02451.29778,E,20.96,17.3,140625,,,A*6E
$GPVTG,17.3,T,,M,20.96,N,38.82,K,A*34
$HEHDT,6.6,T*2F
$VWVHW,6.6,T,,M,17.01,N,31.50,K*7A
$GPGGA,083307.00,5936.70176,N,02451.29963,E,1,12,1.1,17.0,M,21.0,M,,*5E
$GPRMC,083307.00,A,5936.70176,N,02451.29963,E,20.81,16.9,140625,,,A*6B
$GPVTG,16.9,T,,M,20.81,N,38.53,K,A*35
$HEHDT,7.0,T*28
$VWVHW,7.0,T,,M,17.02,N,31.52,K*7C
$GPGGA,083308.00,5936.70707,N,02451.30341,E,1,12,1.1,17.0,M,21.0,M,,*53
$GPRMC,083308.00,A,5936.70707,N,02451.30341,E,20.81,17.0,140625,,,A*6E
$GPVTG,17.0,T,,M,20.81,N,38.54,K,A*3A
$HEHDT,7.1,T*29
$VWVHW,7.1,T,,M,16.87,N,31.24,K*70
$GPGGA,083309.00,5936.71277,N,02451.30643,E,1,12,1.1,16.8,M,21.0,M,,*5F
$GPRMC,083309.00,A,5936.71277,N,02451.30643,E,20.71,17.3,140625,,,A*67
$GPVTG,17.3,T,,M,20.71,N,38.35,K,A*31
$HEHDT,7.0,T*28
$VWVHW,7.0,T,,M,16.83,N,31.16,K*74
$GPGGA,083310.00,5936.71818,N,02451.31004,E,1,12,1.1,16.7,M,21.0,M,,*5F
$GPRMC,083310.00,A,5936.71818,N,02451.31004,E,20.76,17.4,140625,,,A*68
$GPVTG,17.4,T,,M,20.76,N,38.45,K,A*36
$HEHDT,6.9,T*20
$VWVHW,6.9,T,,M,17.08,N,31.63,K*7C
$GPGSV,2,1,08,03,67,048,46,08,41,103,46,11,21,158,46,14,46,213,46*7B
$GPGSV,2,2,08,17,65,270,45,22,22,318,46,28,12,358,46,31,60,128,46*70
$GAGSV,2,1,05,04,50,078,46,09,34,188,46,12,63,243,46,24,09,293,46*6B
$GAGSV,2,2,05,31,19,028,46*5F
$GPZDA,083310.00,14,06,2025,00,00*69
$GPGGA,083311.00,5936.72400,N,02451.31325,E,1,12,1.1,17.1,M,21.0,M,,*5F
$GPRMC,083311.00,A,5936.72400,N,02451.31325,E,20.70,17.2,140625,,,A*6F
$GPVTG,17.2,T,,M,20.70,N,38.33,K,A*37
$HEHDT,6.9,T*20
$VWVHW,6.9,T,,M,16.90,N,31.31,K*7B
$GPGGA,083312.00,5936.72925,N,02451.31706,E,1,12,1.1,17.5,M,21.0,M,,*57
$GPRMC,083312.00,A,5936.72925,N,02451.31706,E,20.85,17.0,140625,,,A*6B
$GPVTG,17.0,T,,M,20.85,N,38.62,K,A*3B
$HEHDT,7.2,T*2A
$VWVHW,7.2,T,,M,17.03,N,31.54,K*79
$GPGGA,083313.00,5936.73485,N,02451.32001,E,1,12,1.1,16.9,M,21.0,M,,*5E
$GPRMC,083313.00,A,5936.73485,N,02451.32001,E,20.77,16.5,140625,,,A*66
$GPVTG,16.5,T,,M,20.77,N,38.48,K,A*3A
$HEHDT,7.2,T*2A
$VWVHW,7.2,T,,M,16.95,N,31.38,K*7D
$GPGGA,083314.00,5936.74047,N,02451.32400,E,1,12,1.1,16.4,M,21.0,M,,*5C
$GPRMC,083314.00,A,5936.74047,N,02451.32400,E,20.86,16.8,140625,,,A*6A
$GPVTG,16.8,T,,M,20.86,N,38.64,K,A*37
$HEHDT,7.2,T*2A
$VWVHW,7.2,T,,M,17.06,N,31.59,K*71
$GPGGA,083315.00,5936.74572,N,02451.32699,E,1,12,1.1,16.6,M,21.0,M,,*5E
$GPRMC,083315.00,A,5936.74572,N,02451.32699,E,20.84,17.1,140625,,,A*60
$GPVTG,17.1,T,,M,20.84,N,38.59,K,A*33
$HEHDT,7.0,T*28
$VWVHW,7.0,T,,M,16.86,N,31.23,K*77
$GPGSV,2,1,08,03,67,048,46,08,41,103,46,11,21,158,46,14,46,213,46*7B
$GPGSV,2,2,08,17,65,270,46,22,22,318,46,28,12,358,46,31,60,128,47*72
$GAGSV,2,1,05,04,50,078,45,09,34,188,46,12,63,243,46,24,09,293,46*68
$GAGSV,2,2,05,31,19,028,46*5F
$GPZDA,083315.00,14,06,2025,00,00*6C
$GPGGA,083316.00,5936.75131,N,02451.33056,E,1,12,1.1,17.1,M,21.0,M,,*5D
$GPRMC,083316.00,A,5936.75131,N,02451.33056,E,20.93,16.8,140625,,,A*6B
$GPVTG,16.8,T,,M,20.93,N,38.77,K,A*31
$HEHDT,6.6,T*2F
$VWVHW,6.6,T,,M,17.03,N,31.53,K*7B
$GPGGA,083317.00,5936.75660,N,02451.33331,E,1,12,1.1,16.8,M,21.0,M,,*55
$GPRMC,083317.00,A,5936.75660,N,02451.33331,E,20.90,17.3,140625,,,A*62
$GPVTG,17.3,T,,M,20.90,N,38.70,K,A*3F
$HEHDT,7.4,T*2C
$VWVHW,7.4,T,,M,16.95,N,31.40,K*74
$GPGGA,083318.00,5936.76234,N,02451.33677,E,1,12,1.1,16.7,M,21.0,M,,*54
$GPRMC,083318.00,A,5936.76234,N,02451.33677,E,20.70,16.9,140625,,,A*69
$GPVTG,16.9,T,,M,20.70,N,38.35,K,A*3B
$HEHDT,7.2,T*2A
$VWVHW,7.2,T,,M,16.93,N,31.35,K*76
$GPGGA,083319.00,5936.76755,N,02451.34019,E,1,12,1.1,16.9,M,21.0,M,,*50
$GPRMC,083319.00,A,5936.76755,N,02451.34019,E,20.68,17.1,140625,,,A*63
$GPVTG,17.1,T,,M,20.68,N,38.30,K,A*3E
$HEHDT,6.8,T*21
$VWVHW,6.8,T,,M,16.96,N,31.41,K*7B
$GPGGA,083320.00,5936.77383,N,02451.34308,E,1,12,1.1,16.7,M,21.0,M,,*59
$GPRMC,083320.00,A,5936.77383,N,02451.34308,E,20.75,17.3,140625,,,A*6A
$GPVTG,17.3,T,,M,20.75,N,38.42,K,A*35
$HEHDT,6.9,T*20
$VWVHW,6.9,T,,M,17.02,N,31.52,K*74
$GPGSV,2,1,08,03,67,048,46,08,41,103,46,11,21,158,46,14,45,213,45*7B
$GPGSV,2,2,08,17,65,270,46,22,22,318,47,28,12,358,46,31,60,128,46*72
$GAGSV,2,1,05,04,50,078,47,09,34,188,46,12,63,243,46,24,09,293,45*69
$GAGSV,2,2,05,31,19,028,46*5F
$GPZDA,083320.00,14,06,2025,00,00*6A
$GPGGA,083321.00,5936.77830,N,02451.34678,E,1,12,1.1,16.5,M,21.0,M,,*5B
$GPRMC,083321.00,A,5936.77830,N,02451.34678,E,20.79,17.3,140625,,,A*66
$GPVTG,17.3,T,,M,20.79,N,38.51,K,A*3B
$HEHDT,6.8,T*21
$VWVHW,6.8,T,,M,16.90,N,31.29,K*73
$GPGGA,083322.00,5936.78442,N,02451.35058,E,1,12,1.1,16.1,M,21.0,M,,*5F
$GPRMC,083322.00,A,5936.78442,N,02451.35058,E,20.80,17.1,140625,,,A*62
$GPVTG,17.1,T,,M,20.80,N,38.52,K,A*3C
$HEHDT,7.3,T*2B
$VWVHW,7.3,T,,M,16.79,N,31.10,K*74
$GPGGA,083323.00,5936.78940,N,02451.35332,E,1,12,1.1,16.7,M,21.0,M,,*58
$GPRMC,083323.00,A,5936.78940,N,02451.35332,E,20.65,17.0,140625,,,A*69
$GPVTG,17.0,T,,M,20.65,N,38.24,K,A*37
$HEHDT,6.6,T*2F
$VWVHW,6.6,T,,M,16.98,N,31.45,K*7F
$GPGGA,083324.00,5936.79515,N,02451.35564,E,1,12,1.1,17.2,M,21.0,M,,*53
$GPRMC,083324.00,A,5936.79515,N,02451.35564,E,20.77,17.4,140625,,,A*61
$GPVTG,17.4,T,,M,20.77,N,38.46,K,A*34
$HEHDT,7.0,T*28
$VWVHW,7.0,T,,M,16.84,N,31.19,K*7C
$GPGGA,083325.00,5936.80086,N,02451.35969,E,1,12,1.1,17.1,M,21.0,M,,*59
$GPRMC,083325.00,A,5936.80086,N,02451.35969,E,20.76,17.0,140625,,,A*6D
$GPVTG,17.0,T,,M,20.76,N,38.44,K,A*33
$HEHDT,7.1,T*29
$VWVHW,7.1,T,,M,16.92,N,31.34,K*75
$GPGSV,2,1,08,03,67,048,45,08,41,103,46,11,21,158,46,14,45,213,46*7B
$GPGSV,2,2,08,17,65,270,46,22,22,318,46,28,12,358,46,31,60,128,46*73
$GAGSV,2,1,05,04,50,078,46,09,34,188,46,12,63,243,46,24,09,293,46*6B
$GAGSV,2,2,05,31,19,028,46*5F
$GPZDA,083325.00,14,06,2025,00,00*6F
$GPGGA,083326.00,5936.80624,N,02451.36309,E,1,12,1.0,17.2,M,21.0,M,,*59
$GPRMC,083326.00,A,5936.80624,N,02451.36309,E,20.66,17.2,140625,,,A*6C
$GPVTG,17.2,T,,M,20.66,N,38.26,K,A*34
$HEHDT,7.1,T*29
$VWVHW,7.1,T,,M,16.85,N,31.21,K*77
$GPGGA,083327.00,5936.81210,N,02451.36682,E,1,12,1.0,16.8,M,21.0,M,,*57
$GPRMC,083327.00,A,5936.81210,N,02451.36682,E,20.78,17.0,140625,,,A*64
$GPVTG,17.0,T,,M,20.78,N,38.49,K,A*30
$HEHDT,6.9,T*20
$VWVHW,6.9,T,,M,16.95,N,31.38,K*77
$GPGGA,083328.00,5936.81719,N,02451.36967,E,1,12,1.0,16.5,M,21.0,M,,*5D
$GPRMC,083328.00,A,5936.81719,N,02451.36967,E,20.77,17.0,140625,,,A*6C
$GPVTG,17.0,T,,M,20.77,N,38.46,K,A*30
$HEHDT,7.0,T*28
$VWVHW,7.0,T,,M,16.81,N,31.13,K*73
$GPGGA,083329.00,5936.82282,N,02451.37353,E,1,12,1.0,16.9,M,21.0,M,,*58
$GPRMC,083329.00,A,5936.82282,N,02451.37353,E,20.77,17.2,140625,,,A*67
$GPVTG,17.2,T,,M,20.77,N,38.46,K,A*32
$HEHDT,7.3,T*2B
$VWVHW,7.3,T,,M,16.94,N,31.37,K*72
$GPGGA,083330.00,5936.82895,N,02451.37693,E,1,12,1.0,17.3,M,21.0,M,,*5E
$GPRMC,083330.00,A,5936.82895,N,02451.37693,E,20.82,17.0,140625,,,A*62
$GPVTG,17.0,T,,M,20.82,N,38.55,K,A*38
$HEHDT,7.4,T*2C
$VWVHW,7.4,T,,M,16.91,N,31.32,K*75
$GPGSV,2,1,08,03,67,048,46,08,41,103,46,11,21,158,46,14,45,213,46*78
$GPGSV,2,2,08,17,65,270,47,22,22,318,46,28,12,358,46,31,60,128,46*72
$GAGSV,2,1,05,04,50,078,46,09,34,188,46,12,63,243,45,24,09,293,46*68
$GAGSV,2,2,05,31,19,028,46*5F
$GPZDA,083330.00,14,06,2025,00,00*6B
$GPGGA,083331.00,5936.83418,N,02451.38078,E,1,12,1.0,16.6,M,21.0,M,,*5F
$GPRMC,083331.00,A,5936.83418,N,02451.38078,E,20.82,17.2,140625,,,A*65
$GPVTG,17.2,T,,M,20.82,N,38.55,K,A*3A
$HEHDT,7.2,T*2A
$VWVHW,7.2,T,,M,16.87,N,31.25,K*72
$GPGGA,083332.00,5936.83932,N,02451.38458,E,1,12,1.0,17.0,M,21.0,M,,*58
$GPRMC,083332.00,A,5936.83932,N,02451.38458,E,20.92,16.8,140625,,,A*6F
$GPVTG,16.8,T,,M,20.92,N,38.75,K,A*32
$HEHDT,7.3,T*2B
$VWVHW,7.3,T,,M,17.02,N,31.53,K*7E
$GPGGA,083333.00,5936.84526,N,02451.38602,E,1,12,1.0,17.0,M,21.0,M,,*5A
$GPRMC,083333.00,A,5936.84526,N,02451.38602,E,20.78,17.0,140625,,,A*60
$GPVTG,17.0,T,,M,20.78,N,38.49,K,A*30
$HEHDT,7.0,T*28
$VWVHW,7.0,T,,M,16.90,N,31.31,K*73
$GPGGA,083334.00,5936.85050,N,02451.39094,E,1,12,1.0,16.8,M,21.0,M,,*59
$GPRMC,083334.00,A,5936.85050,N,02451.39094,E,20.89,17.3,140625,,,A*67
$GPVTG,17.3,T,,M,20.89,N,38.70,K,A*37
$HEHDT,7.0,T*28
$VWVHW,7.0,T,,M,17.04,N,31.55,K*7D
$GPGGA,083335.00,5936.85588,N,02451.39417,E,1,12,1.0,16.8,M,21.0,M,,*57
$GPRMC,083335.00,A,5936.85588,N,02451.39417,E,20.72,17.0,140625,,,A*6E
$GPVTG,17.0,T,,M,20.72,N,38.38,K,A*3C
$HEHDT,7.2,T*2A
$VWVHW,7.2,T,,M,17.01,N,31.50,K*7F
$GPGSV,2,1,08,03,67,048,46,08,41,103,46,11,21,158,46,14,45,213,46*78
$GPGSV,2,2,08,17,65,270,46,22,22,318,46,28,12,358,46,31,60,128,46*73
$GAGSV,2,1,05,04,50,078,46,09,34,188,46,12,63,243,46,24,09,293,47*6A
$GAGSV,2,2,05,31,19,028,46*5F
$GPZDA,083335.00,14,06,2025,00,00*6E
$GPGGA,083336.00,5936.86166,N,02451.39706,E,1,12,1.0,16.6,M,21.0,M,,*5E
$GPRMC,083336.00,A,5936.86166,N,02451.39706,E,20.67,17.1,140625,,,A*6C
$GPVTG,17.1,T,,M,20.67,N,38.27,K,A*37
$HEHDT,7.1,T*29
$VWVHW,7.1,T,,M,16.91,N,31.32,K*70
$GPGGA,083337.00,5936.86708,N,02451.40042,E,1,12,1.0,16.1,M,21.0,M,,*5F
$GPRMC,083337.00,A,5936.86708,N,02451.40042,E,20.78,17.1,140625,,,A*64
$GPVTG,17.1,T,,M,20.78,N,38.49,K,A*31
$HEHDT,6.7,T*2E
$VWVHW,6.7,T,,M,16.81,N,31.13,K*75
$GPGGA,083338.00,5936.87205,N,02451.40379,E,1,12,1.0,16.5,M,21.0,M,,*56
$GPRMC,083338.00,A,5936.87205,N,02451.40379,E,20.66,17.0,140625,,,A*67
$GPVTG,17.0,T,,M,20.66,N,38.26,K,A*36
$HEHDT,7.2,T*2A
$VWVHW,7.2,T,,M,17.01,N,31.50,K*7F
$GPGGA,083339.00,5936.87786,N,02451.40703,E,1,12,1.0,16.8,M,21.0,M,,*5D
$GPRMC,083339.00,A,5936.87786,N,02451.40703,E,20.78,17.5,140625,,,A*6B
$GPVTG,17.5,T,,M,20.78,N,38.48,K,A*34
$HEHDT,7.0,T*28
$VWVHW,7.0,T,,M,16.78,N,31.07,K*70
$GPGGA,083340.00,5936.88349,N,02451.41100,E,1,12,1.0,16.4,M,21.0,M,,*53
$GPRMC,083340.00,A,5936.88349,N,02451.41100,E,20.79,17.1,140625,,,A*6C
$GPVTG,17.1,T,,M,20.79,N,38.51,K,A*39
$HEHDT,7.2,T*2A
$VWVHW,7.2,T,,M,16.89,N,31.28,K*71
$GPGSV,2,1,08,03,67,048,46,08,41,103,46,11,21,158,46,14,45,213,46*78
$GPGSV,2,2,08,17,65,270,46,22,22,318,46,28,12,358,46,31,60,128,45*70
$GAGSV,2,1,05,04,50,078,46,09,34,188,46,12,63,243,46,24,09,293,47*6A
$GAGSV,2,2,05,31,19,028,46*5F
$GPZDA,083340.00,14,06,2025,00,00*6C
$GPGGA,083341.00,5936.88886,N,02451.41458,E,1,12,1.0,16.6,M,21.0,M,,*50
$GPRMC,083341.00,A,5936.88886,N,02451.41458,E,20.70,17.3,140625,,,A*66
$GPVTG,17.3,T,,M,20.70,N,38.34,K,A*31
$HEHDT,6.7,T*2E
$VWVHW,6.7,T,,M,17.19,N,31.83,K*7C
$GPGGA,083342.00,5936.89428,N,02451.41768,E,1,12,1.0,16.8,M,21.0,M,,*54
$GPRMC,083342.00,A,5936.89428,N,02451.41768,E,20.76,17.6,140625,,,A*6F
$GPVTG,17.6,T,,M,20.76,N,38.44,K,A*35
$HEHDT,6.6,T*2F
$VWVHW,6.6,T,,M,16.92,N,31.33,K*74
$GPGGA,083343.00,5936.89991,N,02451.42028,E,1,12,1.0,16.7,M,21.0,M,,*55
$GPRMC,083343.00,A,5936.89991,N,02451.42028,E,20.86,17.0,140625,,,A*68
$GPVTG,17.0,T,,M,20.86,N,38.63,K,A*39
$HEHDT,7.2,T*2A
$VWVHW,7.2,T,,M,16.94,N,31.38,K*7C
$GPGGA,083344.00,5936.90523,N,02451.42389,E,1,12,1.0,16.3,M,21.0,M,,*53
$GPRMC,083344.00,A,5936.90523,N,02451.42389,E,20.78,17.1,140625,,,A*6A
$GPVTG,17.1,T,,M,20.78,N,38.49,K,A*31
$HEHDT,7.2,T*2A
$VWVHW,7.2,T,,M,16.88,N,31.26,K*7E
$GPGGA,083345.00,5936.91116,N,02451.42762,E,1,12,1.0,16.2,M,21.0,M,,*51
$GPRMC,083345.00,A,5936.91116,N,02451.42762,E,20.59,16.9,140625,,,A*63
$GPVTG,16.9,T,,M,20.59,N,38.14,K,A*33
$HEHDT,6.6,T*2F
$VWVHW,6.6,T,,M,16.85,N,31.21,K*71
$GPGSV,2,1,08,03,67,048,46,08,41,103,46,11,21,158,46,14,45,213,46*78
$GPGSV,2,2,08,17,65,270,46,22,22,318,46,28,12,358,46,31,60,128,46*73
$GAGSV,2,1,05,04,50,078,46,09,34,188,46,12,63,243,46,24,09,293,46*6B
$GAGSV,2,2,05,31,19,028,46*5F
$GPZDA,083345.00,14,06,2025,00,00*69
$GPGGA,083346.00,5936.91640,N,02451.43124,E,1,12,1.0,16.0,M,21.0,M,,*51
$GPRMC,083346.00,A,5936.91640,N,02451.43124,E,20.61,17.3,140625,,,A*61
$GPVTG,17.3,T,,M,20.61,N,38.16,K,A*31
$HEHDT,7.3,T*2B
$VWVHW,7.3,T,,M,17.00,N,31.48,K*76
$GPGGA,083347.00,5936.92189,N,02451.43499,E,1,12,1.0,16.1,M,21.0,M,,*53
$GPRMC,083347.00,A,5936.92189,N,02451.43499,E,20.83,17.3,140625,,,A*6E
$GPVTG,17.3,T,,M,20.83,N,38.57,K,A*38
$HEHDT,7.1,T*29
$VWVHW,7.1,T,,M,16.97,N,31.43,K*70
$GPGGA,083348.00,5936.92716,N,02451.43821,E,1,12,1.0,16.2,M,21.0,M,,*50
$GPRMC,083348.00,A,5936.92716,N,02451.43821,E,20.82,17.4,140625,,,A*68
$GPVTG,17.4,T,,M,20.82,N,38.57,K,A*3E
$HEHDT,6.7,T*2E
$VWVHW,6.7,T,,M,16.93,N,31.36,K*71
$GPGGA,083349.00,5936.93342,N,02451.44069,E,1,12,1.0,16.2,M,21.0,M,,*56
$GPRMC,083349.00,A,5936.93342,N,02451.44069,E,20.78,16.9,140625,,,A*67
$GPVTG,16.9,T,,M,20.78,N,38.48,K,A*39
$HEHDT,7.4,T*2C
$VWVHW,7.4,T,,M,16.94,N,31.37,K*75
$GPGGA,083350.00,5936.93863,N,02451.44427,E,1,12,1.0,16.2,M,21.0,M,,*58
$GPRMC,083350.00,A,5936.93863,N,02451.44427,E,20.83,17.0,140625,,,A*65
$GPVTG,17.0,T,,M,20.83,N,38.58,K,A*34
$HEHDT,7.1,T*29
$VWVHW,7.1,T,,M,16.83,N,31.17,K*74
$GPGSV,2,1,08,03,67,048,47,08,41,103,46,11,21,158,46,14,45,213,46*79
$GPGSV,2,2,08,17,65,270,46,22,22,318,46,28,12,358,46,31,60,128,45*70
$GAGSV,2,1,05,04,50,078,46,09,34,188,46,12,63,243,46,24,09,293,46*6B
$GAGSV,2,2,05,31,19,028,46*5F
$GPZDA,083350.00,14,06,2025,00,00*6D
$GPGGA,083351.00,5936.94415,N,02451.44777,E,1,12,1.0,16.1,M,21.0,M,,*56
$GPRMC,083351.00,A,5936.94415,N,02451.44777,E,20.82,16.9,140625,,,A*61
$GPVTG,16.9,T,,M,20.82,N,38.56,K,A*33
$HEHDT,6.6,T*2F
$VWVHW,6.6,T,,M,17.12,N,31.71,K*7B
$GPGGA,083352.00,5936.94987,N,02451.45209,E,1,12,1.0,16.5,M,21.0,M,,*5A
$GPRMC,083352.00,A,5936.94987,N,02451.45209,E,20.72,17.4,140625,,,A*6A
$GPVTG,17.4,T,,M,20.72,N,38.37,K,A*37
$HEHDT,7.2,T*2A
$VWVHW,7.2,T,,M,17.05,N,31.57,K*7C
$GPGGA,083353.00,5936.95566,N,02451.45501,E,1,12,1.0,15.6,M,21.0,M,,*56
$GPRMC,083353.00,A,5936.95566,N,02451.45501,E,20.64,17.0,140625,,,A*65
$GPVTG,17.0,T,,M,20.64,N,38.23,K,A*31
$HEHDT,6.7,T*2E
$VWVHW,6.7,T,,M,16.89,N,31.28,K*75
$GPGGA,083354.00,5936.96068,N,02451.45864,E,1,12,1.0,16.1,M,21.0,M,,*53
$GPRMC,083354.00,A,5936.96068,N,02451.45864,E,20.67,17.2,140625,,,A*65
$GPVTG,17.2,T,,M,20.67,N,38.29,K,A*3A
$HEHDT,6.9,T*20
$VWVHW,6.9,T,,M,17.03,N,31.54,K*73
$GPGGA,083355.00,5936.96609,N,02451.45983,E,1,12,1.0,16.1,M,21.0,M,,*5B
$GPRMC,083355.00,A,5936.96609,N,02451.45983,E,20.81,17.2,140625,,,A*65
$GPVTG,17.2,T,,M,20.81,N,38.54,K,A*38
$HEHDT,7.4,T*2C
$VWVHW,7.4,T,,M,16.93,N,31.35,K*70
$GPGSV,2,1,08,03,67,048,46,08,41,103,46,11,21,158,45,14,45,213,46*7B
$GPGSV,2,2,08,17,65,270,46,22,22,318,46,28,12,358,45,31,60,128,46*70
$GAGSV,2,1,05,04,50,078,46,09,34,188,46,12,63,243,46,24,09,293,46*6B
$GAGSV,2,2,05,31,19,028,47*5E
$GPZDA,083355.00,14,06,2025,00,00*68
$GPGGA,083356.00,5936.97143,N,02451.46381,E,1,12,1.0,16.0,M,21.0,M,,*5A
$GPRMC,083356.00,A,5936.97143,N,02451.46381,E,20.73,17.0,140625,,,A*6A
$GPVTG,17.0,T,,M,20.73,N,38.40,K,A*32
$HEHDT,7.0,T*28
$VWVHW,7.0,T,,M,17.03,N,31.54,K*7B
$GPGGA,083357.00,5936.97720,N,02451.46763,E,1,12,1.0,16.3,M,21.0,M,,*53
$GPRMC,083357.00,A,5936.97720,N,02451.46763,E,20.65,16.8,140625,,,A*6E
$GPVTG,16.8,T,,M,20.65,N,38.24,K,A*3E
$HEHDT,6.9,T*20
$VWVHW,6.9,T,,M,17.01,N,31.51,K*74
$GPGGA,083358.00,5936.98286,N,02451.47055,E,1,12,1.0,16.3,M,21.0,M,,*59
$GPRMC,083358.00,A,5936.98286,N,02451.47055,E,20.69,17.4,140625,,,A*65
$GPVTG,17.4,T,,M,20.69,N,38.31,K,A*3B
$HEHDT,7.1,T*29
$VWVHW,7.1,T,,M,17.02,N,31.52,K*7D
$GPGGA,083359.00,5936.98818,N,02451.47398,E,1,12,1.0,16.3,M,21.0,M,,*57
$GPRMC,083359.00,A,5936.98818,N,02451.47398,E,20.73,17.2,140625,,,A*66
$GPVTG,17.2,T,,M,20.73,N,38.39,K,A*3E
$HEHDT,6.9,T*20
$VWVHW,6.9,T,,M,16.94,N,31.36,K*78
$GPGGA,083400.00,5936.99392,N,02451.47736,E,1,12,1.0,16.8,M,21.0,M,,*5F
$GPRMC,083400.00,A,5936.99392,N,02451.47736,E,20.77,17.0,140625,,,A*63
$GPVTG,17.0,T,,M,20.77,N,38.48,K,A*3E
$HEHDT,6.8,T*21
$VWVHW,6.8,T,,M,16.99,N,31.46,K*73
$GPGSV,2,1,08,03,67,048,47,08,41,103,46,11,21,158,46,14,45,213,46*79
$GPGSV,2,2,08,17,65,270,46,22,22,318,46,28,12,358,46,31,60,128,46*73
$GAGSV,2,1,05,04,50,078,47,09,34,188,46,12,63,243,47,24,09,293,46*6B
$GAGSV,2,2,05,31,19,028,46*5F
$GPZDA,083400.00,14,06,2025,00,00*6F
$GPGGA,083401.00,5936.99944,N,02451.48059,E,1,12,1.0,16.5,M,21.0,M,,*53
$GPRMC,083401.00,A,5936.99944,N,02451.48059,E,20.68,17.4,140625,,,A*68
$GPVTG,17.4,T,,M,20.68,N,38.29,K,A*33
$HEHDT,6.8,T*21
$VWVHW,6.8,T,,M,16.78,N,31.07,K*79
$GPGGA,083402.00,5937.00476,N,02451.48384,E,1,12,1.0,16.3,M,21.0,M,,*58
$GPRMC,083402.00,A,5937.00476,N,02451.48384,E,20.77,17.0,140625,,,A*6F
$GPVTG,17.0,T,,M,20.77,N,38.47,K,A*31
$HEHDT,6.9,T*20
$VWVHW,6.9,T,,M,17.03,N,31.54,K*73
$GPGGA,083403.00,5937.01011,N,02451.48713,E,1,12,1.0,17.5,M,21.0,M,,*50
$GPRMC,083403.00,A,5937.01011,N,02451.48713,E,20.76,17.1,140625,,,A*60
$GPVTG,17.1,T,,M,20.76,N,38.44,K,A*32
$HEHDT,6.9,T*20
$VWVHW,6.9,T,,M,17.07,N,31.62,K*72
$GPGGA,083404.00,5937.01573,N,02451.49012,E,1,12,1.0,17.4,M,21.0,M,,*50
$GPRMC,083404.00,A,5937.01573,N,02451.49012,E,20.68,17.2,140625,,,A*6D
$GPVTG,17.2,T,,M,20.68,N,38.31,K,A*3C
$HEHDT,7.3,T*2B
$VWVHW,7.3,T,,M,17.00,N,31.48,K*76
$GPGGA,083405.00,5937.02125,N,02451.49425,E,1,12,1.0,17.1,M,21.0,M,,*50
$GPRMC,083405.00,A,5937.02125,N,02451.49425,E,20.64,17.2,140625,,,A*64
$GPVTG,17.2,T,,M,20.64,N,38.23,K,A*33
$HEHDT,7.1,T*29
$VWVHW,7.1,T,,M,16.91,N,31.31,K*73
$GPGSV,2,1,08,03,67,048,47,08,41,103,47,11,21,158,46,14,45,213,46*78
$GPGSV,2,2,08,17,65,270,46,22,22,318,45,28,12,358,46,31,60,128,46*70
$GAGSV,2,1,05,04,50,078,46,09,34,188,46,12,63,243,46,24,09,293,46*6B
$GAGSV,2,2,05,31,19,028,45*5C
$GPZDA,083405.00,14,06,2025,00,00*6A
$GPGGA,083406.00,5937.02665,N,02451.49707,E,1,12,1.0,16.8,M,21.0,M,,*5B
$GPRMC,083406.00,A,5937.02665,N,02451.49707,E,20.73,17.3,140625,,,A*60
$GPVTG,17.3,T,,M,20.73,N,38.39,K,A*3F
$HEHDT,7.1,T*29
$VWVHW,7.1,T,,M,16.90,N,31.30,K*73
$GPGGA,083407.00,5937.03223,N,02451.50074,E,1,12,1.0,17.0,M,21.0,M,,*5F
$GPRMC,083407.00,A,5937.03223,N,02451.50074,E,20.77,17.0,140625,,,A*6A
$GPVTG,17.0,T,,M,20.77,N,38.47,K,A*31
$HEHDT,7.4,T*2C
$VWVHW,7.4,T,,M,16.78,N,31.08,K*7B
$GPGGA,083408.00,5937.03756,N,02451.50478,E,1,12,1.0,16.9,M,21.0,M,,*57
$GPRMC,083408.00,A,5937.03756,N,02451.50478,E,20.79,16.9,140625,,,A*6C
$GPVTG,16.9,T,,M,20.79,N,38.50,K,A*31
$HEHDT,7.5,T*2D
$VWVHW,7.5,T,,M,16.90,N,31.30,K*77
$GPGGA,083409.00,5937.04298,N,02451.50796,E,1,12,1.0,17.3,M,21.0,M,,*5E
$GPRMC,083409.00,A,5937.04298,N,02451.50796,E,20.94,17.2,140625,,,A*67
$GPVTG,17.2,T,,M,20.94,N,38.79,K,A*33
$HEHDT,7.0,T*28
$VWVHW,7.0,T,,M,16.95,N,31.38,K*7F
$GPGGA,083410.00,5937.04841,N,02451.51126,E,1,12,1.0,17.4,M,21.0,M,,*53
$GPRMC,083410.00,A,5937.04841,N,02451.51126,E,20.74,17.0,140625,,,A*61
$GPVTG,17.0,T,,M,20.74,N,38.42,K,A*37
$HEHDT,7.0,T*28
$VWVHW,7.0,T,,M,17.01,N,31.50,K*7D
$GPGSV,2,1,08,03,67,048,46,08,41,103,46,11,21,158,46,14,45,213,46*78
$GPGSV,2,2,08,17,65,270,46,22,22,318,46,28,12,358,46,31,60,128,46*73
$GAGSV,2,1,05,04,50,078,46,09,34,188,46,12,63,243,46,24,09,293,46*6B
$GAGSV,2,2,05,31,19,028,46*5F
$GPZDA,083410.00,14,06,2025,00,00*6E
$GPGGA,083411.00,5937.05368,N,02451.51505,E,1,12,1.0,17.1,M,21.0,M,,*53
$GPRMC,083411.00,A,5937.05368,N,02451.51505,E,20.92,17.2,140625,,,A*6E
$GPVTG,17.2,T,,M,20.92,N,38.75,K,A*39
$HEHDT,7.1,T*29
$VWVHW,7.1,T,,M,17.00,N,31.48,K*74
$GPGGA,083412.00,5937.05909,N,02451.51850,E,1,12,1.0,17.0,M,21.0,M,,*51
$GPRMC,083412.00,A,5937.05909,N,02451.51850,E,20.65,16.8,140625,,,A*6E
$GPVTG,16.8,T,,M,20.65,N,38.24,K,A*3E
$HEHDT,7.5,T*2D
$VWVHW,7.5,T,,M,16.94,N,31.37,K*74
$GPGGA,083413.00,5937.06496,N,02451.52135,E,1,12,1.0,17.5,M,21.0,M,,*54
$GPRMC,083413.00,A,5937.06496,N,02451.52135,E,20.69,17.6,140625,,,A*6D
$GPVTG,17.6,T,,M,20.69,N,38.31,K,A*39
$HEHDT,7.4,T*2C
$VWVHW,7.4,T,,M,16.85,N,31.20,K*73
$GPGGA,083414.00,5937.07034,N,02451.52548,E,1,12,1.0,17.2,M,21.0,M,,*57
$GPRMC,083414.00,A,5937.07034,N,02451.52548,E,20.82,17.4,140625,,,A*6E
$GPVTG,17.4,T,,M,20.82,N,38.56,K,A*3F
$HEHDT,6.7,T*2E
$VWVHW,6.7,T,,M,16.91,N,31.32,K*77
$GPGGA,083415.00,5937.07524,N,02451.52745,E,1,12,1.0,16.7,M,21.0,M,,*59
$GPRMC,083415.00,A,5937.07524,N,02451.52745,E,20.83,17.4,140625,,,A*65
$GPVTG,17.4,T,,M,20.83,N,38.59,K,A*31
$HEHDT,7.3,T*2B
$VWVHW,7.3,T,,M,16.99,N,31.46,K*79
$GPGSV,2,1,08,03,67,048,47,08,41,103,46,11,21,158,46,14,45,213,46*79
$GPGSV,2,2,08,17,65,270,46,22,22,318,46,28,12,358,46,31,60,128,46*73
$GAGSV,2,1,05,04,50,078,46,09,33,188,47,12,63,243,46,24,09,293,46*6D
$GAGSV,2,2,05,31,19,028,46*5F
$GPZDA,083415.00,14,06,2025,00,00*6B
$GPGGA,083416.00,5937.08117,N,02451.53113,E,1,12,1.0,16.5,M,21.0,M,,*57
$GPRMC,083416.00,A,5937.08117,N,02451.53113,E,20.88,17.3,140625,,,A*65
$GPVTG,17.3,T,,M,20.88,N,38.67,K,A*30
$HEHDT,6.8,T*21
$VWVHW,6.8,T,,M,17.14,N,31.75,K*77
$GPGGA,083417.00,5937.08683,N,02451.53462,E,1,12,1.0,16.9,M,21.0,M,,*53
$GPRMC,083417.00,A,5937.08683,N,02451.53462,E,20.89,17.3,140625,,,A*6C
$GPVTG,17.3,T,,M,20.89,N,38.69,K,A*3F
$HEHDT,6.8,T*21
$VWVHW,6.8,T,,M,16.88,N,31.25,K*76
$GPGGA,083418.00,5937.09269,N,02451.53755,E,1,12,1.0,17.3,M,21.0,M,,*51
$GPRMC,083418.00,A,5937.09269,N,02451.53755,E,20.87,16.8,140625,,,A*61
$GPVTG,16.8,T,,M,20.87,N,38.65,K,A*37
$HEHDT,7.1,T*29
$VWVHW,7.1,T,,M,16.77,N,31.05,K*7C
$GPGGA,083419.00,5937.09802,N,02451.54149,E,1,12,1.0,17.5,M,21.0,M,,*5D
$GPRMC,083419.00,A,5937.09802,N,02451.54149,E,20.70,17.4,140625,,,A*6E
$GPVTG,17.4,T,,M,20.70,N,38.33,K,A*31
$HEHDT,7.2,T*2A
$VWVHW,7.2,T,,M,17.02,N,31.53,K*7F
$GPGGA,083420.00,5937.10336,N,02451.54474,E,1,12,1.0,17.3,M,21.0,M,,*5E
$GPRMC,083420.00,A,5937.10336,N,02451.54474,E,20.86,17.2,140625,,,A*64
$GPVTG,17.2,T,,M,20.86,N,38.63,K,A*3B
$HEHDT,6.9,T*20
$VWVHW,6.9,T,,M,16.85,N,31.21,K*7E
$GPGSV,2,1,08,03,67,048,46,08,41,103,46,11,21,158,47,14,45,213,46*79
$GPGSV,2,2,08,17,65,270,46,22,22,318,46,28,12,358,47,31,60,128,47*73
$GAGSV,2,1,05,04,50,078,46,09,33,188,46,12,63,243,46,24,09,293,46*6C
$GAGSV,2,2,05,31,19,028,46*5F
$GPZDA,083420.00,14,06,2025,00,00*6D
$GPGGA,083421.00,5937.10866,N,02451.54733,E,1,12,1.0,16.8,M,21.0,M,,*5B
$GPRMC,083421.00,A,5937.10866,N,02451.54733,E,20.87,17.2,140625,,,A*6A
$GPVTG,17.2,T,,M,20.87,N,38.66,K,A*3F
$HEHDT,6.9,T*20
$VWVHW,6.9,T,,M,17.20,N,31.85,K*7E
$GPGGA,083422.00,5937.11427,N,02451.55061,E,1,12,1.0,17.0,M,21.0,M,,*58
$GPRMC,083422.00,A,5937.11427,N,02451.55061,E,20.90,17.3,140625,,,A*67
$GPVTG,17.3,T,,M,20.90,N,38.70,K,A*3F
$HEHDT,6.9,T*20
$VWVHW,6.9,T,,M,17.01,N,31.50,K*75
$GPGGA,083423.00,5937.11938,N,02451.55390,E,1,12,1.0,17.2,M,21.0,M,,*55
$GPRMC,083423.00,A,5937.11938,N,02451.55390,E,20.93,17.1,140625,,,A*69
$GPVTG,17.1,T,,M,20.93,N,38.76,K,A*38
$HEHDT,7.3,T*2B
$VWVHW,7.3,T,,M,16.85,N,31.21,K*75
$GPGGA,083424.00,5937.12519,N,02451.55721,E,1,12,1.0,17.6,M,21.0,M,,*54
$GPRMC,083424.00,A,5937.12519,N,02451.55721,E,20.70,16.9,140625,,,A*68
$GPVTG,16.9,T,,M,20.70,N,38.34,K,A*3A
$HEHDT,7.1,T*29
$VWVHW,7.1,T,,M,16.97,N,31.43,K*70
$GPGGA,083425.00,5937.13078,N,02451.56083,E,1,12,1.0,16.6,M,21.0,M,,*5B
$GPRMC,083425.00,A,5937.13078,N,02451.56083,E,20.84,17.1,140625,,,A*64
$GPVTG,17.1,T,,M,20.84,N,38.60,K,A*39
$HEHDT,6.9,T*20
$VWVHW,6.9,T,,M,16.93,N,31.35,K*7C
$GPGSV,2,1,08,03,67,048,46,08,41,103,47,11,21,158,46,14,45,213,46*79
$GPGSV,2,2,08,17,65,270,47,22,22,318,46,28,12,358,46,31,60,128,46*72
$GAGSV,2,1,05,04,50,078,45,09,33,188,45,12,63,243,46,24,09,293,46*6C
$GAGSV,2,2,05,31,19,028,46*5F
$GPZDA,083425.00,14,06,2025,00,00*68
$GPGGA,083426.00,5937.13633,N,02451.56455,E,1,12,1.0,16.7,M,21.0,M,,*5F
$GPRMC,083426.00,A,5937.13633,N,02451.56455,E,20.94,17.1,140625,,,A*60
$GPVTG,17.1,T,,M,20.94,N,38.79,K,A*30
$HEHDT,6.9,T*20
$VWVHW,6.9,T,,M,17.01,N,31.51,K*74
$GPGGA,083427.00,5937.14223,N,02451.56742,E,1,12,1.0,16.6,M,21.0,M,,*58
$GPRMC,083427.00,A,5937.14223,N,02451.56742,E,20.98,17.0,140625,,,A*6B
$GPVTG,17.0,T,,M,20.98,N,38.85,K,A*3E
$HEHDT,7.3,T*2B
$VWVHW,7.3,T,,M,16.94,N,31.37,K*72
$GPGGA,083428.00,5937.14712,N,02451.57098,E,1,12,1.0,17.1,M,21.0,M,,*57
$GPRMC,083428.00,A,5937.14712,N,02451.57098,E,20.95,17.0,140625,,,A*6F
$GPVTG,17.0,T,,M,20.95,N,38.81,K,A*37
$HEHDT,7.2,T*2A
$VWVHW,7.2,T,,M,17.06,N,31.59,K*71
$GPGGA,083429.00,5937.15324,N,02451.57458,E,1,12,1.0,17.3,M,21.0,M,,*5C
$GPRMC,083429.00,A,5937.15324,N,02451.57458,E,20.90,17.2,140625,,,A*61
$GPVTG,17.2,T,,M,20.90,N,38.71,K,A*3F
$HEHDT,6.9,T*20
$VWVHW,6.9,T,,M,17.01,N,31.51,K*74
$GPGGA,083430.00,5937.15852,N,02451.57724,E,1,12,1.0,17.1,M,21.0,M,,*54
$GPRMC,083430.00,A,5937.15852,N,02451.57724,E,20.96,17.0,140625,,,A*6F
$GPVTG,17.0,T,,M,20.96,N,38.81,K,A*34
$HEHDT,7.0,T*28
$VWVHW,7.0,T,,M,17.00,N,31.48,K*75
$GPGSV,2,1,08,03,67,048,46,08,41,103,46,11,21,158,46,14,45,213,46*78
$GPGSV,2,2,08,17,65,270,46,22,22,318,46,28,12,358,46,31,60,128,46*73
$GAGSV,2,1,05,04,50,078,45,09,33,188,46,12,63,243,46,24,09,293,46*6F
$GAGSV,2,2,05,31,19,028,46*5F
$GPZDA,083430.00,14,06,2025,00,00*6C
$GPGGA,083431.00,5937.16406,N,02451.58066,E,1,12,1.0,17.1,M,21.0,M,,*55
$GPRMC,083431.00,A,5937.16406,N,02451.58066,E,20.89,16.6,140625,,,A*67
$GPVTG,16.6,T,,M,20.89,N,38.69,K,A*3B
$HEHDT,7.0,T*28
$VWVHW,7.0,T,,M,17.08,N,31.63,K*74
$GPGGA,083432.00,5937.16994,N,02451.58462,E,1,12,0.9,16.6,M,21.0,M,,*5E
$GPRMC,083432.00,A,5937.16994,N,02451.58462,E,20.69,17.3,140625,,,A*68
$GPVTG,17.3,T,,M,20.69,N,38.32,K,A*3F
$HEHDT,7.2,T*2A
$VWVHW,7.2,T,,M,16.92,N,31.34,K*76
$GPGGA,083433.00,5937.17534,N,02451.58731,E,1,12,0.9,17.0,M,21.0,M,,*5A
$GPRMC,083433.00,A,5937.17534,N,02451.58731,E,20.90,17.2,140625,,,A*6C
$GPVTG,17.2,T,,M,20.90,N,38.70,K,A*3E
$HEHDT,7.2,T*2A
$VWVHW,7.2,T,,M,16.97,N,31.43,K*73
$GPGGA,083434.00,5937.18062,N,02451.59098,E,1,12,0.9,17.5,M,21.0,M,,*54
$GPRMC,083434.00,A,5937.18062,N,02451.59098,E,20.93,17.4,140625,,,A*62
$GPVTG,17.4,T,,M,20.93,N,38.77,K,A*3C
$HEHDT,6.9,T*20
$VWVHW,6.9,T,,M,16.96,N,31.41,K*7A
$GPGGA,083435.00,5937.18576,N,02451.59476,E,1,12,0.9,17.6,M,21.0,M,,*52
$GPRMC,083435.00,A,5937.18576,N,02451.59476,E,21.04,17.2,140625,,,A*6E
$GPVTG,17.2,T,,M,21.04,N,38.96,K,A*3A
$HEHDT,7.1,T*29
$VWVHW,7.1,T,,M,17.11,N,31.69,K*77
$GPGSV,2,1,08,03,67,048,46,08,41,103,46,11,21,158,46,14,45,213,47*79
$GPGSV,2,2,08,17,65,270,46,22,22,318,47,28,12,358,47,31,60,128,47*72
$GAGSV,2,1,05,04,50,078,46,09,33,188,46,12,63,243,46,24,09,293,45*6F
$GAGSV,2,2,05,31,19,028,46*5F
$GPZDA,083435.00,14,06,2025,00,00*69
$GPGGA,083436.00,5937.19124,N,02451.59752,E,1,12,0.9,17.4,M,21.0,M,,*54
$GPRMC,083436.00,A,5937.19124,N,02451.59752,E,20.81,16.8,140625,,,A*6D
$GPVTG,16.8,T,,M,20.81,N,38.54,K,A*33
$HEHDT,7.3,T*2B
$VWVHW,7.3,T,,M,16.94,N,31.37,K*72
$GPGGA,083437.00,5937.19719,N,02451.60018,E,1,12,0.9,16.7,M,21.0,M,,*5C
$GPRMC,083437.00,A,5937.19719,N,02451.60018,E,20.94,17.5,140625,,,A*6F
$GPVTG,17.5,T,,M,20.94,N,38.78,K,A*35
$HEHDT,6.3,T*2A
$VWVHW,6.3,T,,M,17.08,N,31.63,K*76
$GPGGA,083438.00,5937.20254,N,02451.60483,E,1,12,0.9,17.3,M,21.0,M,,*56
$GPRMC,083438.00,A,5937.20254,N,02451.60483,E,20.92,17.2,140625,,,A*61
$GPVTG,17.2,T,,M,20.92,N,38.75,K,A*39
$HEHDT,6.8,T*21
$VWVHW,6.8,T,,M,17.11,N,31.70,K*77
$GPGGA,083439.00,5937.20835,N,02451.60801,E,1,12,0.9,17.3,M,21.0,M,,*5C
$GPRMC,083439.00,A,5937.20835,N,02451.60801,E,20.97,17.2,140625,,,A*6E
$GPVTG,17.2,T,,M,20.97,N,38.84,K,A*32
$HEHDT,6.9,T*20
$VWVHW,6.9,T,,M,17.06,N,31.60,K*71
$GPGGA,083440.00,5937.21331,N,02451.61144,E,1,12,0.9,17.7,M,21.0,M,,*51
$GPRMC,083440.00,A,5937.21331,N,02451.61144,E,20.84,17.1,140625,,,A*66
$GPVTG,17.1,T,,M,20.84,N,38.60,K,A*39
$HEHDT,7.2,T*2A
$VWVHW,7.2,T,,M,17.11,N,31.69,K*74
$GPGSV,2,1,08,03,67,048,46,08,41,103,46,11,21,158,47,14,45,213,47*78
$GPGSV,2,2,08,17,65,270,46,22,22,318,46,28,12,358,47,31,60,128,46*72
$GAGSV,2,1,05,04,50,078,46,09,33,188,46,12,63,243,46,24,09,293,46*6C
$GAGSV,2,2,05,31,19,028,46*5F
$GPZDA,083440.00,14,06,2025,00,00*6B
$GPGGA,083441.00,5937.21907,N,02451.61502,E,1,12,0.9,17.0,M,21.0,M,,*5E
$GPRMC,083441.00,A,5937.21907,N,02451.61502,E,20.80,16.9,140625,,,A*63
$GPVTG,16.9,T,,M,20.80,N,38.52,K,A*35
$HEHDT,7.0,T*28
$VWVHW,7.0,T,,M,17.19,N,31.84,K*7D
$GPGGA,083442.00,5937.22451,N,02451.61808,E,1,12,0.9,16.9,M,21.0,M,,*5F
$GPRMC,083442.00,A,5937.22451,N,02451.61808,E,20.98,17.0,140625,,,A*6B
$GPVTG,17.0,T,,M,20.98,N,38.85,K,A*3E
$HEHDT,7.0,T*28
$VWVHW,7.0,T,,M,17.07,N,31.62,K*7A
$GPGGA,083443.00,5937.23008,N,02451.62166,E,1,12,0.9,17.4,M,21.0,M,,*59
$GPRMC,083443.00,A,5937.23008,N,02451.62166,E,20.97,16.8,140625,,,A*67
$GPVTG,16.8,T,,M,20.97,N,38.83,K,A*3E
$HEHDT,6.7,T*2E
$VWVHW,6.7,T,,M,17.05,N,31.58,K*77
$GPGGA,083444.00,5937.23533,N,02451.62506,E,1,12,0.9,17.0,M,21.0,M,,*55
$GPRMC,083444.00,A,5937.23533,N,02451.62506,E,20.89,17.1,140625,,,A*68
$GPVTG,17.1,T,,M,20.89,N,38.68,K,A*3C
$HEHDT,7.1,T*29
$VWVHW,7.1,T,,M,17.14,N,31.74,K*7E
$GPGGA,083445.00,5937.24097,N,02451.62867,E,1,12,0.9,17.5,M,21.0,M,,*57
$GPRMC,083445.00,A,5937.24097,N,02451.62867,E,20.83,17.5,140625,,,A*61
$GPVTG,17.5,T,,M,20.83,N,38.57,K,A*3E
$HEHDT,7.0,T*28
$VWVHW,7.0,T,,M,16.99,N,31.46,K*7A
$GPGSV,2,1,08,03,67,048,46,08,41,103,46,11,21,158,46,14,45,213,46*78
$GPGSV,2,2,08,17,65,270,46,22,22,318,45,28,12,358,46,31,60,128,46*70
$GAGSV,2,1,05,04,50,078,46,09,33,188,47,12,63,243,46,24,09,293,46*6D
$GAGSV,2,2,05,31,19,028,46*5F
$GPZDA,083445.00,14,06,2025,00,00*6E
$GPGGA,083446.00,5937.24660,N,02451.63210,E,1,12,0.9,17.0,M,21.0,M,,*54
$GPRMC,083446.00,A,5937.24660,N,02451.63210,E,20.88,17.0,140625,,,A*69
$GPVTG,17.0,T,,M,20.88,N,38.67,K,A*33
$HEHDT,6.8,T*21
$VWVHW,6.8,T,,M,17.10,N,31.67,K*70
$GPGGA,083447.00,5937.25183,N,02451.63547,E,1,12,0.9,17.4,M,21.0,M,,*5F
$GPRMC,083447.00,A,5937.25183,N,02451.63547,E,20.96,17.2,140625,,,A*6B
$GPVTG,17.2,T,,M,20.96,N,38.82,K,A*35
$HEHDT,7.3,T*2B
$VWVHW,7.3,T,,M,17.04,N,31.55,K*7E
$GPGGA,083448.00,5937.25749,N,02451.63808,E,1,12,0.9,17.6,M,21.0,M,,*54
$GPRMC,083448.00,A,5937.25749,N,02451.63808,E,20.88,17.2,140625,,,A*6D
$GPVTG,17.2,T,,M,20.88,N,38.68,K,A*3E
$HEHDT,7.1,T*29
$VWVHW,7.1,T,,M,16.93,N,31.35,K*75
$GPGGA,083449.00,5937.26311,N,02451.64129,E,1,12,0.9,16.7,M,21.0,M,,*52
$GPRMC,083449.00,A,5937.26311,N,02451.64129,E,20.93,17.2,140625,,,A*61
$GPVTG,17.2,T,,M,20.93,N,38.76,K,A*3B
$HEHDT,7.1,T*29
$VWVHW,7.1,T,,M,17.08,N,31.64,K*72
$GPGGA,083450.00,5937.26880,N,02451.64562,E,1,12,0.9,17.1,M,21.0,M,,*55
$GPRMC,083450.00,A,5937.26880,N,02451.64562,E,20.92,17.3,140625,,,A*61
$GPVTG,17.3,T,,M,20.92,N,38.75,K,A*38
$HEHDT,7.3,T*2B
$VWVHW,7.3,T,,M,17.11,N,31.69,K*75
$GPGSV,2,1,08,03,67,048,46,08,41,103,45,11,20,158,45,14,45,213,46*79
$GPGSV,2,2,08,17,65,270,46,22,22,318,47,28,12,358,46,31,60,128,46*72
$GAGSV,2,1,05,04,50,078,46,09,33,188,46,12,63,243,47,24,09,293,46*6D
$GAGSV,2,2,05,31,19,028,46*5F
$GPZDA,083450.00,14,06,2025,00,00*6A
$GPGGA,083451.00,5937.27422,N,02451.64879,E,1,12,0.9,17.2,M,21.0,M,,*55
$GPRMC,083451.00,A,5937.27422,N,02451.64879,E,21.00,17.4,140625,,,A*6F
$GPVTG,17.4,T,,M,21.00,N,38.90,K,A*3E
$HEHDT,7.0,T*28
$VWVHW,7.0,T,,M,17.02,N,31.53,K*7D
$GPGGA,083452.00,5937.27986,N,02451.65127,E,1,12,0.9,16.7,M,21.0,M,,*52
$GPRMC,083452.00,A,5937.27986,N,02451.65127,E,20.97,17.1,140625,,,A*66
$GPVTG,17.1,T,,M,20.97,N,38.83,K,A*36
$HEHDT,7.5,T*2D
$VWVHW,7.5,T,,M,17.19,N,31.83,K*7F
$GPGGA,083453.00,5937.28553,N,02451.65504,E,1,12,0.9,16.8,M,21.0,M,,*52
$GPRMC,083453.00,A,5937.28553,N,02451.65504,E,21.01,17.0,140625,,,A*66
$GPVTG,17.0,T,,M,21.01,N,38.91,K,A*3A
$HEHDT,7.4,T*2C
$VWVHW,7.4,T,,M,17.11,N,31.68,K*73
$GPGGA,083454.00,5937.29064,N,02451.65818,E,1,12,0.9,17.0,M,21.0,M,,*5C
$GPRMC,083454.00,A,5937.29064,N,02451.65818,E,20.93,16.8,140625,,,A*62
$GPVTG,16.8,T,,M,20.93,N,38.76,K,A*30
$HEHDT,7.2,T*2A
$VWVHW,7.2,T,,M,17.10,N,31.67,K*7B
$GPGGA,083455.00,5937.29598,N,02451.66200,E,1,12,0.9,17.5,M,21.0,M,,*5E
$GPRMC,083455.00,A,5937.29598,N,02451.66200,E,20.85,17.3,140625,,,A*68
$GPVTG,17.3,T,,M,20.85,N,38.61,K,A*3B
$HEHDT,7.0,T*28
$VWVHW,7.0,T,,M,17.02,N,31.52,K*7C
$GPGSV,2,1,08,03,67,048,46,08,41,103,46,11,20,158,46,14,45,213,46*79
$GPGSV,2,2,08,17,65,270,46,22,22,318,46,28,12,358,46,31,60,128,46*73
$GAGSV,2,1,05,04,50,078,47,09,33,188,46,12,63,243,46,24,09,293,47*6C
$GAGSV,2,2,05,31,19,028,46*5F
$GPZDA,083455.00,14,06,2025,00,00*6F
$GPGGA,083456.00,5937.30171,N,02451.66493,E,1,12,0.9,16.8,M,21.0,M,,*56
$GPRMC,083456.00,A,5937.30171,N,02451.66493,E,20.99,16.9,140625,,,A*6A
$GPVTG,16.9,T,,M,20.99,N,38.87,K,A*35
$HEHDT,7.5,T*2D
$VWVHW,7.5,T,,M,17.09,N,31.66,K*75
$GPGGA,083457.00,5937.30718,N,02451.66858,E,1,12,0.9,17.0,M,21.0,M,,*5C
$GPRMC,083457.00,A,5937.30718,N,02451.66858,E,20.88,17.1,140625,,,A*60
$GPVTG,17.1,T,,M,20.88,N,38.68,K,A*3D
$HEHDT,6.9,T*20
$VWVHW,6.9,T,,M,17.11,N,31.68,K*7F
$GPGGA,083458.00,5937.31332,N,02451.67184,E,1,12,0.9,16.5,M,21.0,M,,*53
$GPRMC,083458.00,A,5937.31332,N,02451.67184,E,20.90,17.2,140625,,,A*61
$GPVTG,17.2,T,,M,20.90,N,38.71,K,A*3F
$HEHDT,7.2,T*2A
$VWVHW,7.2,T,,M,17.12,N,31.70,K*7F
$GPGGA,083459.00,5937.31829,N,02451.67540,E,1,12,0.9,16.8,M,21.0,M,,*52
$GPRMC,083459.00,A,5937.31829,N,02451.67540,E,20.94,17.1,140625,,,A*6A
$GPVTG,17.1,T,,M,20.94,N,38.77,K,A*3E
$HEHDT,7.5,T*2D
$VWVHW,7.5,T,,M,17.23,N,31.91,K*75
$GPGGA,083500.00,5937.32384,N,02451.67808,E,1,12,0.9,16.9,M,21.0,M,,*50
$GPRMC,083500.00,A,5937.32384,N,02451.67808,E,20.99,17.0,140625,,,A*65
$GPVTG,17.0,T,,M,20.99,N,38.87,K,A*3D
$HEHDT,7.0,T*28
$VWVHW,7.0,T,,M,17.24,N,31.92,K*74
$GPGSV,2,1,08,03,67,048,46,08,41,103,46,11,20,158,46,14,45,213,46*79
$GPGSV,2,2,08,17,65,270,46,22,22,318,46,28,12,358,45,31,60,128,46*70
$GAGSV,2,1,05,04,50,078,46,09,33,188,46,12,63,243,46,24,09,293,46*6C
$GAGSV,2,2,05,31,19,028,46*5F
$GPZDA,083500.00,14,06,2025,00,00*6E
$GPGGA,083501.00,5937.32907,N,02451.68263,E,1,12,0.9,16.7,M,21.0,M,,*56
$GPRMC,083501.00,A,5937.32907,N,02451.68263,E,21.01,17.1,140625,,,A*6C
$GPVTG,17.1,T,,M,21.01,N,38.91,K,A*3B
$HEHDT,7.1,T*29
$VWVHW,7.1,T,,M,17.12,N,31.70,K*7C
$GPGGA,083502.00,5937.33471,N,02451.68600,E,1,12,0.9,16.8,M,21.0,M,,*56
$GPRMC,083502.00,A,5937.33471,N,02451.68600,E,20.82,17.2,140625,,,A*6A
$GPVTG,17.2,T,,M,20.82,N,38.56,K,A*39
$HEHDT,6.6,T*2F
$VWVHW,6.6,T,,M,17.31,N,32.06,K*79
$GPGGA,083503.00,5937.34052,N,02451.68920,E,1,12,0.9,16.9,M,21.0,M,,*59
$GPRMC,083503.00,A,5937.34052,N,02451.68920,E,20.83,17.0,140625,,,A*67
$GPVTG,17.0,T,,M,20.83,N,38.59,K,A*35
$HEHDT,7.5,T*2D
$VWVHW,7.5,T,,M,17.18,N,31.81,K*7C
$GPGGA,083504.00,5937.34561,N,02451.69219,E,1,12,0.9,17.1,M,21.0,M,,*52
$GPRMC,083504.00,A,5937.34561,N,02451.69219,E,20.99,17.3,140625,,,A*6D
$GPVTG,17.3,T,,M,20.99,N,38.87,K,A*3E
$HEHDT,7.6,T*2E
$VWVHW,7.6,T,,M,17.29,N,32.02,K*75
$GPGGA,083505.00,5937.35147,N,02451.69593,E,1,12,0.9,17.3,M,21.0,M,,*55
$GPRMC,083505.00,A,5937.35147,N,02451.69593,E,20.95,17.1,140625,,,A*66
$GPVTG,17.1,T,,M,20.95,N,38.79,K,A*31
$HEHDT,7.7,T*2F
$VWVHW,7.7,T,,M,16.94,N,31.38,K*79
$GPGSV,2,1,08,03,67,048,47,08,41,103,47,11,20,158,46,14,45,213,46*79
$GPGSV,2,2,08,17,65,270,46,22,22,318,45,28,12,358,46,31,60,128,47*71
$GAGSV,2,1,05,04,50,078,47,09,33,188,46,12,63,243,46,24,09,293,46*6D
$GAGSV,2,2,05,31,20,028,46*55
$GPZDA,083505.00,14,06,2025,00,00*6B
$GPGGA,083506.00,5937.35692,N,02451.69802,E,1,12,0.9,16.9,M,21.0,M,,*57
$GPRMC,083506.00,A,5937.35692,N,02451.69802,E,21.04,17.2,140625,,,A*65
$GPVTG,17.2,T,,M,21.04,N,38.97,K,A*3B
$HEHDT,7.0,T*28
$VWVHW,7.0,T,,M,17.07,N,31.61,K*79
$GPGGA,083507.00,5937.36285,N,02451.70170,E,1,12,0.9,17.0,M,21.0,M,,*5B
$GPRMC,083507.00,A,5937.36285,N,02451.70170,E,20.97,17.1,140625,,,A*69
$GPVTG,17.1,T,,M,20.97,N,38.84,K,A*31
$HEHDT,7.4,T*2C
$VWVHW,7.4,T,,M,17.16,N,31.79,K*74
$GPGGA,083508.00,5937.36855,N,02451.70475,E,1,12,0.9,16.7,M,21.0,M,,*55
$GPRMC,083508.00,A,5937.36855,N,02451.70475,E,21.06,16.7,140625,,,A*6F
$GPVTG,16.7,T,,M,21.06,N,39.00,K,A*32
$HEHDT,7.2,T*2A
$VWVHW,7.2,T,,M,17.08,N,31.63,K*76
$GPGGA,083509.00,5937.37353,N,02451.70887,E,1,12,0.9,17.6,M,21.0,M,,*59
$GPRMC,083509.00,A,5937.37353,N,02451.70887,E,20.93,17.3,140625,,,A*6B
$GPVTG,17.3,T,,M,20.93,N,38.76,K,A*3A
$HEHDT,7.0,T*28
$VWVHW,7.0,T,,M,17.25,N,31.94,K*73
$GPGGA,083510.00,5937.37939,N,02451.71254,E,1,12,0.9,17.8,M,21.0,M,,*5C
$GPRMC,083510.00,A,5937.37939,N,02451.71254,E,20.96,16.8,140625,,,A*6F
$GPVTG,16.8,T,,M,20.96,N,38.81,K,A*3D
$HEHDT,7.1,T*29
$VWVHW,7.1,T,,M,17.05,N,31.58,K*70
$GPGSV,2,1,08,03,67,048,46,08,41,103,47,11,20,158,46,14,45,213,46*78
$GPGSV,2,2,08,17,65,270,46,22,22,318,46,28,12,358,46,31,60,128,46*73
$GAGSV,2,1,05,04,50,078,47,09,33,188,45,12,63,243,46,24,09,293,46*6E
$GAGSV,2,2,05,31,20,028,47*54
$GPZDA,083510.00,14,06,2025,00,00*6F
$GPGGA,083511.00,5937.38504,N,02451.71427,E,1,12,0.9,16.9,M,21.0,M,,*52
$GPRMC,083511.00,A,5937.38504,N,02451.71427,E,21.05,17.2,140625,,,A*61
$GPVTG,17.2,T,,M,21.05,N,38.98,K,A*35
$HEHDT,6.8,T*21
$VWVHW,6.8,T,,M,17.33,N,32.10,K*72
$GPGGA,083512.00,5937.39095,N,02451.71855,E,1,12,0.9,17.0,M,21.0,M,,*5C
$GPRMC,083512.00,A,5937.39095,N,02451.71855,E,21.00,17.3,140625,,,A*63
$GPVTG,17.3,T,,M,21.00,N,38.90,K,A*39
$HEHDT,7.7,T*2F
$VWVHW,7.7,T,,M,17.22,N,31.88,K*7E
$GPGGA,083513.00,5937.39627,N,02451.72176,E,1,12,0.9,16.9,M,21.0,M,,*51
$GPRMC,083513.00,A,5937.39627,N,02451.72176,E,20.87,17.0,140625,,,A*6B
$GPVTG,17.0,T,,M,20.87,N,38.65,K,A*3E
$HEHDT,7.7,T*2F
$VWVHW,7.7,T,,M,17.15,N,31.76,K*7B
$GPGGA,083514.00,5937.40153,N,02451.72506,E,1,12,0.9,17.0,M,21.0,M,,*57
$GPRMC,083514.00,A,5937.40153,N,02451.72506,E,21.14,16.9,140625,,,A*66
$GPVTG,16.9,T,,M,21.14,N,39.16,K,A*38
$HEHDT,7.2,T*2A
$VWVHW,7.2,T,,M,17.18,N,31.82,K*78
$GPGGA,083515.00,5937.40708,N,02451.72799,E,1,12,0.9,16.9,M,21.0,M,,*52
$GPRMC,083515.00,A,5937.40708,N,02451.72799,E,21.12,17.1,140625,,,A*64
$GPVTG,17.1,T,,M,21.12,N,39.12,K,A*33
$HEHDT,7.8,T*20
$VWVHW,7.8,T,,M,17.27,N,31.98,K*75
$GPGSV,2,1,08,03,67,048,46,08,41,103,46,11,20,158,46,14,45,213,46*79
$GPGSV,2,2,08,17,65,270,46,22,22,318,46,28,12,358,47,31,60,128,46*72
$GAGSV,2,1,05,04,50,078,46,09,33,188,46,12,63,243,46,24,09,293,46*6C
$GAGSV,2,2,05,31,20,028,46*55
$GPZDA,083515.00,14,06,2025,00,00*6A
$GPGGA,083516.00,5937.41280,N,02451.73132,E,1,12,0.9,17.2,M,21.0,M,,*59
$GPRMC,083516.00,A,5937.41280,N,02451.73132,E,20.93,16.8,140625,,,A*65
$GPVTG,16.8,T,,M,20.93,N,38.77,K,A*31
$HEHDT,7.0,T*28
$VWVHW,7.0,T,,M,17.24,N,31.92,K*74
$GPGGA,083517.00,5937.41857,N,02451.73463,E,1,12,0.9,16.7,M,21.0,M,,*5D
$GPRMC,083517.00,A,5937.41857,N,02451.73463,E,21.05,17.1,140625,,,A*63
$GPVTG,17.1,T,,M,21.05,N,38.98,K,A*36
$HEHDT,7.6,T*2E
$VWVHW,7.6,T,,M,17.14,N,31.74,K*79
$GPGGA,083518.00,5937.42422,N,02451.73768,E,1,12,0.9,16.1,M,21.0,M,,*51
$GPRMC,083518.00,A,5937.42422,N,02451.73768,E,21.01,16.9,140625,,,A*64
$GPVTG,16.9,T,,M,21.01,N,38.91,K,A*32
$HEHDT,7.2,T*2A
$VWVHW,7.2,T,,M,17.27,N,31.98,K*7F
$GPGGA,083519.00,5937.42933,N,02451.74169,E,1,12,0.9,17.3,M,21.0,M,,*5E
$GPRMC,083519.00,A,5937.42933,N,02451.74169,E,20.97,16.9,140625,,,A*66
$GPVTG,16.9,T,,M,20.97,N,38.83,K,A*3F
$HEHDT,6.6,T*2F
$VWVHW,6.6,T,,M,17.15,N,31.76,K*7B
$GPGGA,083520.00,5937.43520,N,02451.74582,E,1,12,0.9,17.3,M,21.0,M,,*5A
$GPRMC,083520.00,A,5937.43520,N,02451.74582,E,21.13,17.2,140625,,,A*65
$GPVTG,17.2,T,,M,21.13,N,39.13,K,A*30
$HEHDT,6.8,T*21
$VWVHW,6.8,T,,M,17.22,N,31.90,K*79
$GPGSV,2,1,08,03,67,048,46,08,41,103,45,11,20,158,46,14,45,213,47*7B
$GPGSV,2,2,08,17,65,270,46,22,22,318,46,28,12,358,46,31,60,128,46*73
$GAGSV,2,1,05,04,50,078,46,09,33,188,46,12,63,243,46,24,09,293,46*6C
$GAGSV,2,2,05,31,20,028,46*55
$GPZDA,083520.00,14,06,2025,00,00*6C
$GPGGA,083521.00,5937.44114,N,02451.74805,E,1,12,0.9,17.1,M,21.0,M,,*5F
$GPRMC,083521.00,A,5937.44114,N,02451.74805,E,21.01,16.9,140625,,,A*6B
$GPVTG,16.9,T,,M,21.01,N,38.91,K,A*32
$HEHDT,7.2,T*2A
$VWVHW,7.2,T,,M,17.25,N,31.94,K*71
$GPGGA,083522.00,5937.44652,N,02451.75157,E,1,12,0.9,17.3,M,21.0,M,,*54
$GPRMC,083522.00,A,5937.44652,N,02451.75157,E,20.92,17.1,140625,,,A*60
$GPVTG,17.1,T,,M,20.92,N,38.75,K,A*3A
$HEHDT,7.5,T*2D
$VWVHW,7.5,T,,M,17.08,N,31.64,K*76
$GPGGA,083523.00,5937.45201,N,02451.75589,E,1,12,0.9,16.7,M,21.0,M,,*54
$GPRMC,083523.00,A,5937.45201,N,02451.75589,E,20.97,17.6,140625,,,A*67
$GPVTG,17.6,T,,M,20.97,N,38.85,K,A*37
$HEHDT,7.3,T*2B
$VWVHW,7.3,T,,M,17.19,N,31.84,K*7E
$GPGGA,083524.00,5937.45724,N,02451.75834,E,1,12,0.9,17.2,M,21.0,M,,*5E
$GPRMC,083524.00,A,5937.45724,N,02451.75834,E,21.01,17.0,140625,,,A*61
$GPVTG,17.0,T,,M,21.01,N,38.91,K,A*3A
$HEHDT,7.1,T*29
$VWVHW,7.1,T,,M,17.19,N,31.83,K*7B
$GPGGA,083525.00,5937.46300,N,02451.76136,E,1,12,0.9,17.8,M,21.0,M,,*5C
$GPRMC,083525.00,A,5937.46300,N,02451.76136,E,21.02,17.3,140625,,,A*69
$GPVTG,17.3,T,,M,21.02,N,38.93,K,A*38
$HEHDT,7.2,T*2A
$VWVHW,7.2,T,,M,17.27,N,31.99,K*7E
$GPGSV,2,1,08,03,67,048,46,08,41,104,46,11,20,158,46,14,45,214,46*79
$GPGSV,2,2,08,17,65,270,46,22,22,318,46,28,12,358,46,31,60,128,46*73
$GAGSV,2,1,05,04,50,078,47,09,33,188,46,12,63,244,46,24,09,294,46*6D
$GAGSV,2,2,05,31,20,028,47*54
$GPZDA,083525.00,14,06,2025,00,00*69
$GPGGA,083526.00,5937.46873,N,02451.76454,E,1,12,0.9,17.6,M,21.0,M,,*5F
$GPRMC,083526.00,A,5937.46873,N,02451.76454,E,20.98,16.9,140625,,,A*6D
$GPVTG,16.9,T,,M,20.98,N,38.85,K,A*36
$HEHDT,6.8,T*21
$VWVHW,6.8,T,,M,17.25,N,31.94,K*7A
$GPGGA,083527.00,5937.47401,N,02451.76816,E,1,12,0.9,17.6,M,21.0,M,,*5C
$GPRMC,083527.00,A,5937.47401,N,02451.76816,E,21.00,16.9,140625,,,A*6E
$GPVTG,16.9,T,,M,21.00,N,38.88,K,A*3B
$HEHDT,7.3,T*2B
$VWVHW,7.3,T,,M,17.38,N,32.18,K*7B
$GPGGA,083528.00,5937.47951,N,02451.77152,E,1,12,0.9,17.5,M,21.0,M,,*50
$GPRMC,083528.00,A,5937.47951,N,02451.77152,E,20.88,17.0,140625,,,A*68
$GPVTG,17.0,T,,M,20.88,N,38.66,K,A*32
$HEHDT,6.8,T*21
$VWVHW,6.8,T,,M,17.38,N,32.19,K*70
$GPGGA,083529.00,5937.48506,N,02451.77503,E,1,12,1.0,17.7,M,21.0,M,,*5A
$GPRMC,083529.00,A,5937.48506,N,02451.77503,E,20.97,17.1,140625,,,A*67
$GPVTG,17.1,T,,M,20.97,N,38.84,K,A*31
$HEHDT,7.1,T*29
$VWVHW,7.1,T,,M,17.24,N,31.92,K*75
$GPGGA,083530.00,5937.49102,N,02451.77940,E,1,12,1.0,17.4,M,21.0,M,,*5B
$GPRMC,083530.00,A,5937.49102,N,02451.77940,E,21.20,16.8,140625,,,A*60
$GPVTG,16.8,T,,M,21.20,N,39.27,K,A*3C
$HEHDT,6.8,T*21
$VWVHW,6.8,T,,M,17.24,N,31.93,K*7C
$GPGSV,2,1,08,03,67,049,46,08,41,104,46,11,20,159,46,14,45,214,46*79
$GPGSV,2,2,08,17,65,271,45,22,22,319,46,28,12,359,46,31,60,129,46*70
$GAGSV,2,1,05,04,50,079,46,09,33,189,46,12,63,244,46,24,09,294,46*6C
$GAGSV,2,2,05,31,20,029,46*54
$GPZDA,083530.00,14,06,2025,00,00*6D
$GPGGA,083531.00,5937.49657,N,02451.78264,E,1,12,1.0,17.7,M,21.0,M,,*5C
$GPRMC,083531.00,A,5937.49657,N,02451.78264,E,21.11,17.4,140625,,,A*6B
$GPVTG,17.4,T,,M,21.11,N,39.10,K,A*37
$HEHDT,7.1,T*29
$VWVHW,7.1,T,,M,17.16,N,31.78,K*70
$GPGGA,083532.00,5937.50214,N,02451.78553,E,1,12,1.0,17.5,M,21.0,M,,*55
$GPRMC,083532.00,A,5937.50214,N,02451.78553,E,21.03,17.6,140625,,,A*61
$GPVTG,17.6,T,,M,21.03,N,38.95,K,A*3A
$HEHDT,6.7,T*2E
$VWVHW,6.7,T,,M,17.31,N,32.06,K*78
$GPGGA,083533.00,5937.50715,N,02451.78994,E,1,12,1.0,17.7,M,21.0,M,,*55
$GPRMC,083533.00,A,5937.50715,N,02451.78994,E,21.14,16.8,140625,,,A*6A
$GPVTG,16.8,T,,M,21.14,N,39.16,K,A*39
$HEHDT,7.1,T*29
$VWVHW,7.1,T,,M,17.26,N,31.96,K*73
$GPGGA,083534.00,5937.51307,N,02451.79290,E,1,12,1.0,17.6,M,21.0,M,,*5B
$GPRMC,083534.00,A,5937.51307,N,02451.79290,E,21.16,16.8,140625,,,A*67
$GPVTG,16.8,T,,M,21.16,N,39.18,K,A*35
$HEHDT,7.0,T*28
$VWVHW,7.0,T,,M,17.21,N,31.86,K*74
$GPGGA,083535.00,5937.51844,N,02451.79623,E,1,12,1.0,17.5,M,21.0,M,,*59
$GPRMC,083535.00,A,5937.51844,N,02451.79623,E,21.02,16.9,140625,,,A*62
$GPVTG,16.9,T,,M,21.02,N,38.93,K,A*33
$HEHDT,6.9,T*20
$VWVHW,6.9,T,,M,17.13,N,31.72,K*76
$GPGSV,2,1,08,03,67,049,46,08,41,104,46,11,20,159,46,14,45,214,46*79
$GPGSV,2,2,08,17,65,271,46,22,22,319,46,28,12,359,46,31,60,129,46*73
$GAGSV,2,1,05,04,50,079,46,09,33,189,46,12,63,244,46,24,09,294,46*6C
$GAGSV,2,2,05,31,20,029,46*54
$GPZDA,083535.00,14,06,2025,00,00*68
$GPGGA,083536.00,5937.52424,N,02451.79963,E,1,12,1.0,17.6,M,21.0,M,,*5B
$GPRMC,083536.00,A,5937.52424,N,02451.79963,E,21.07,17.3,140625,,,A*6D
$GPVTG,17.3,T,,M,21.07,N,39.03,K,A*35
$HEHDT,7.0,T*28
$VWVHW,7.0,T,,M,17.34,N,32.11,K*7D
$GPGGA,083537.00,5937.52945,N,02451.80320,E,1,12,1.0,17.4,M,21.0,M,,*59
$GPRMC,083537.00,A,5937.52945,N,02451.80320,E,21.20,17.0,140625,,,A*6B
$GPVTG,17.0,T,,M,21.20,N,39.25,K,A*37
$HEHDT,6.9,T*20
$VWVHW,6.9,T,,M,17.33,N,32.10,K*73
$GPGGA,083538.00,5937.53496,N,02451.80619,E,1,12,1.0,17.2,M,21.0,M,,*5D
$GPRMC,083538.00,A,5937.53496,N,02451.80619,E,21.09,16.9,140625,,,A*6A
$GPVTG,16.9,T,,M,21.09,N,39.07,K,A*34
$HEHDT,7.3,T*2B
$VWVHW,7.3,T,,M,17.33,N,32.10,K*78
$GPGGA,083539.00,5937.54108,N,02451.80995,E,1,12,1.0,17.4,M,21.0,M,,*54
$GPRMC,083539.00,A,5937.54108,N,02451.80995,E,21.10,17.5,140625,,,A*60
$GPVTG,17.5,T,,M,21.10,N,39.07,K,A*31
$HEHDT,6.9,T*20
$VWVHW,6.9,T,,M,17.30,N,32.04,K*75
$GPGGA,083540.00,5937.54651,N,02451.81185,E,1,12,1.0,16.4,M,21.0,M,,*58
$GPRMC,083540.00,A,5937.54651,N,02451.81185,E,21.10,17.1,140625,,,A*69
$GPVTG,17.1,T,,M,21.10,N,39.07,K,A*35
$HEHDT,7.3,T*2B
$VWVHW,7.3,T,,M,17.30,N,32.04,K*7E
$GPGSV,2,1,08,03,67,049,46,08,41,104,46,11,20,159,46,14,45,214,46*79
$GPGSV,2,2,08,17,65,271,46,22,22,319,46,28,12,359,45,31,60,129,46*70
$GAGSV,2,1,05,04,50,079,45,09,33,189,47,12,63,244,46,24,09,294,46*6E
$GAGSV,2,2,05,31,20,029,46*54
$GPZDA,083540.00,14,06,2025,00,00*6A
$GPGGA,083541.00,5937.55218,N,02451.81581,E,1,12,1.0,17.1,M,21.0,M,,*55
$GPRMC,083541.00,A,5937.55218,N,02451.81581,E,21.16,16.9,140625,,,A*6F
$GPVTG,16.9,T,,M,21.16,N,39.18,K,A*34
$HEHDT,7.0,T*28
$VWVHW,7.0,T,,M,17.37,N,32.17,K*78
$GPGGA,083542.00,5937.55758,N,02451.81875,E,1,12,1.0,16.7,M,21.0,M,,*56
$GPRMC,083542.00,A,5937.55758,N,02451.81875,E,21.08,16.8,140625,,,A*65
$GPVTG,16.8,T,,M,21.08,N,39.04,K,A*37
$HEHDT,7.3,T*2B
$VWVHW,7.3,T,,M,17.14,N,31.75,K*7D
$GPGGA,083543.00,5937.56308,N,02451.82193,E,1,12,1.0,17.2,M,21.0,M,,*53
$GPRMC,083543.00,A,5937.56308,N,02451.82193,E,21.18,16.9,140625,,,A*64
$GPVTG,16.9,T,,M,21.18,N,39.22,K,A*33
$HEHDT,7.0,T*28
$VWVHW,7.0,T,,M,17.27,N,31.99,K*7C
$GPGGA,083544.00,5937.56833,N,02451.82632,E,1,12,1.0,16.8,M,21.0,M,,*50
$GPRMC,083544.00,A,5937.56833,N,02451.82632,E,21.14,17.0,140625,,,A*68
$GPVTG,17.0,T,,M,21.14,N,39.15,K,A*33
$HEHDT,7.2,T*2A
$VWVHW,7.2,T,,M,17.26,N,31.96,K*70
$GPGGA,083545.00,5937.57394,N,02451.82990,E,1,12,1.0,16.8,M,21.0,M,,*51
$GPRMC,083545.00,A,5937.57394,N,02451.82990,E,21.01,17.3,140625,,,A*6E
$GPVTG,17.3,T,,M,21.01,N,38.91,K,A*39
$HEHDT,7.2,T*2A
$VWVHW,7.2,T,,M,17.37,N,32.16,K*7B
$GPGSV,2,1,08,03,67,049,46,08,41,104,46,11,20,159,46,14,45,214,46*79
$GPGSV,2,2,08,17,65,271,46,22,23,319,46,28,12,359,46,31,60,129,46*72
$GAGSV,2,1,05,04,50,079,45,09,33,189,46,12,63,244,46,24,09,294,46*6F
$GAGSV,2,2,05,31,20,029,46*54
$GPZDA,083545.00,14,06,2025,00,00*6F
$GPGGA,083546.00,5937.57932,N,02451.83326,E,1,12,1.0,16.8,M,21.0,M,,*52
$GPRMC,083546.00,A,5937.57932,N,02451.83326,E,20.97,17.3,140625,,,A*63
$GPVTG,17.3,T,,M,20.97,N,38.84,K,A*33
$HEHDT,7.5,T*2D
$VWVHW,7.5,T,,M,17.35,N,32.13,K*7B
$GPGGA,083547.00,5937.58494,N,02451.83517,E,1,12,1.0,16.6,M,21.0,M,,*57
$GPRMC,083547.00,A,5937.58494,N,02451.83517,E,21.21,17.1,140625,,,A*66
$GPVTG,17.1,T,,M,21.21,N,39.29,K,A*3B
$HEHDT,7.0,T*28
$VWVHW,7.0,T,,M,17.33,N,32.10,K*7B
$GPGGA,083548.00,5937.59113,N,02451.83931,E,1,12,1.0,17.0,M,21.0,M,,*5C
$GPRMC,083548.00,A,5937.59113,N,02451.83931,E,21.11,17.2,140625,,,A*6A
$GPVTG,17.2,T,,M,21.11,N,39.10,K,A*31
$HEHDT,7.0,T*28
$VWVHW,7.0,T,,M,17.33,N,32.09,K*73
$GPGGA,083549.00,5937.59600,N,02451.84318,E,1,12,1.0,17.0,M,21.0,M,,*5E
$GPRMC,083549.00,A,5937.59600,N,02451.84318,E,21.26,17.0,140625,,,A*6E
$GPVTG,17.0,T,,M,21.26,N,39.38,K,A*3D
$HEHDT,7.8,T*20
$VWVHW,7.8,T,,M,17.36,N,32.14,K*72
$GPGGA,083550.00,5937.60236,N,02451.84628,E,1,12,1.0,17.1,M,21.0,M,,*5A
$GPRMC,083550.00,A,5937.60236,N,02451.84628,E,21.12,17.3,140625,,,A*6F
$GPVTG,17.3,T,,M,21.12,N,39.11,K,A*32
$HEHDT,6.6,T*2F
$VWVHW,6.6,T,,M,17.30,N,32.04,K*7A
$GPGSV,2,1,08,03,67,049,46,08,41,104,46,11,20,159,46,14,45,214,46*79
$GPGSV,2,2,08,17,65,271,47,22,23,319,45,28,12,359,46,31,60,129,46*70
$GAGSV,2,1,05,04,50,079,46,09,33,189,46,12,63,244,46,24,09,294,46*6C
$GAGSV,2,2,05,31,20,029,45*57
$GPZDA,083550.00,14,06,2025,00,00*6B
$GPGGA,083551.00,5937.60774,N,02451.85005,E,1,12,1.0,16.3,M,21.0,M,,*53
$GPRMC,083551.00,A,5937.60774,N,02451.85005,E,21.19,17.0,140625,,,A*6D
$GPVTG,17.0,T,,M,21.19,N,39.24,K,A*3C
$HEHDT,7.0,T*28
$VWVHW,7.0,T,,M,17.20,N,31.85,K*76
$GPGGA,083552.00,5937.61272,N,02451.85353,E,1,12,1.0,17.0,M,21.0,M,,*50
$GPRMC,083552.00,A,5937.61272,N,02451.85353,E,21.18,17.2,140625,,,A*6F
$GPVTG,17.2,T,,M,21.18,N,39.23,K,A*38
$HEHDT,7.0,T*28
$VWVHW,7.0,T,,M,17.28,N,32.00,K*70
$GPGGA,083553.00,5937.61889,N,02451.85748,E,1,12,1.0,16.7,M,21.0,M,,*57
$GPRMC,083553.00,A,5937.61889,N,02451.85748,E,21.26,17.3,140625,,,A*62
$GPVTG,17.3,T,,M,21.26,N,39.37,K,A*31
$HEHDT,7.1,T*29
$VWVHW,7.1,T,,M,17.41,N,32.25,K*79
$GPGGA,083554.00,5937.62414,N,02451.85980,E,1,12,1.0,16.7,M,21.0,M,,*51
$GPRMC,083554.00,A,5937.62414,N,02451.85980,E,21.12,17.1,140625,,,A*61
$GPVTG,17.1,T,,M,21.12,N,39.11,K,A*30
$HEHDT,7.1,T*29
$VWVHW,7.1,T,,M,17.48,N,32.36,K*72
$GPGGA,083555.00,5937.63020,N,02451.86340,E,1,12,1.0,16.7,M,21.0,M,,*57
$GPRMC,083555.00,A,5937.63020,N,02451.86340,E,21.22,17.1,140625,,,A*64
$GPVTG,17.1,T,,M,21.22,N,39.30,K,A*30
$HEHDT,7.3,T*2B
$VWVHW,7.3,T,,M,17.39,N,32.20,K*71
$GPGSV,2,1,08,03,67,049,46,08,41,104,46,11,20,159,45,14,45,214,47*7B
$GPGSV,2,2,08,17,65,271,45,22,23,319,46,28,12,359,46,31,60,129,46*71
$GAGSV,2,1,05,04,50,079,45,09,33,189,46,12,63,244,46,24,09,294,46*6F
$GAGSV,2,2,05,31,20,029,46*54
$GPZDA,083555.00,14,06,2025,00,00*6E
$GPGGA,083556.00,5937.63571,N,02451.86678,E,1,12,1.0,17.0,M,21.0,M,,*5D
$GPRMC,083556.00,A,5937.63571,N,02451.86678,E,21.26,17.0,140625,,,A*6D
$GPVTG,17.0,T,,M,21.26,N,39.38,K,A*3D
$HEHDT,7.5,T*2D
$VWVHW,7.5,T,,M,17.30,N,32.04,K*78
$GPGGA,083557.00,5937.64155,N,02451.87010,E,1,12,1.0,17.0,M,21.0,M,,*50
$GPRMC,083557.00,A,5937.64155,N,02451.87010,E,21.20,16.8,140625,,,A*6F
$GPVTG,16.8,T,,M,21.20,N,39.25,K,A*3E
$HEHDT,6.9,T*20
$VWVHW,6.9,T,,M,17.29,N,32.02,K*7B
$GPGGA,083558.00,5937.64669,N,02451.87345,E,1,12,1.0,16.5,M,21.0,M,,*50
$GPRMC,083558.00,A,5937.64669,N,02451.87345,E,21.27,16.9,140625,,,A*6D
$GPVTG,16.9,T,,M,21.27,N,39.39,K,A*35
$HEHDT,7.0,T*28
$VWVHW,7.0,T,,M,17.13,N,31.72,K*7E
$GPGGA,083559.00,5937.65270,N,02451.87638,E,1,12,1.0,16.6,M,21.0,M,,*50
$GPRMC,083559.00,A,5937.65270,N,02451.87638,E,21.19,16.6,140625,,,A*6C
$GPVTG,16.6,T,,M,21.19,N,39.24,K,A*3B
$HEHDT,7.4,T*2C
$VWVHW,7.4,T,,M,17.36,N,32.16,K*7C
$GPGGA,083600.00,5937.65792,N,02451.87932,E,1,12,1.0,16.3,M,21.0,M,,*56
$GPRMC,083600.00,A,5937.65792,N,02451.87932,E,21.25,17.0,140625,,,A*67
$GPVTG,17.0,T,,M,21.25,N,39.36,K,A*30
$HEHDT,7.3,T*2B
$VWVHW,7.3,T,,M,17.47,N,32.36,K*7F
$GPGSV,2,1,08,03,67,049,46,08,41,104,46,11,20,159,45,14,45,214,46*7A
$GPGSV,2,2,08,17,65,271,46,22,23,319,46,28,12,359,46,31,60,129,47*73
$GAGSV,2,1,05,04,50,079,46,09,33,189,46,12,63,244,47,24,09,294,46*6D
$GAGSV,2,2,05,31,20,029,46*54
$GPZDA,083600.00,14,06,2025,00,00*6D
$GPGGA,083601.00,5937.66410,N,02451.88413,E,1,12,1.0,16.7,M,21.0,M,,*58
$GPRMC,083601.00,A,5937.66410,N,02451.88413,E,21.17,16.9,140625,,,A*64
$GPVTG,16.9,T,,M,21.17,N,39.20,K,A*3E
$HEHDT,7.1,T*29
$VWVHW,7.1,T,,M,17.47,N,32.35,K*7E
$GPGGA,083602.00,5937.66956,N,02451.88634,E,1,12,1.0,16.2,M,21.0,M,,*56
$GPRMC,083602.00,A,5937.66956,N,02451.88634,E,21.14,17.1,140625,,,A*65
$GPVTG,17.1,T,,M,21.14,N,39.15,K,A*32
$HEHDT,7.1,T*29
$VWVHW,7.1,T,,M,17.34,N,32.12,K*7F
$GPGGA,083603.00,5937.67515,N,02451.89016,E,1,12,1.0,16.4,M,21.0,M,,*5C
$GPRMC,083603.00,A,5937.67515,N,02451.89016,E,21.15,17.2,140625,,,A*6B
$GPVTG,17.2,T,,M,21.15,N,39.17,K,A*32
$HEHDT,6.8,T*21
$VWVHW,6.8,T,,M,17.48,N,32.38,K*74
$GPGGA,083604.00,5937.68083,N,02451.89312,E,1,12,1.0,16.1,M,21.0,M,,*5C
$GPRMC,083604.00,A,5937.68083,N,02451.89312,E,21.22,17.2,140625,,,A*6A
$GPVTG,17.2,T,,M,21.22,N,39.30,K,A*33
$HEHDT,6.9,T*20
$VWVHW,6.9,T,,M,17.39,N,32.21,K*7B
$GPGGA,083605.00,5937.68703,N,02451.89682,E,1,12,1.0,16.1,M,21.0,M,,*5E
$GPRMC,083605.00,A,5937.68703,N,02451.89682,E,21.06,16.9,140625,,,A*64
$GPVTG,16.9,T,,M,21.06,N,39.01,K,A*3D
$HEHDT,7.4,T*2C
$VWVHW,7.4,T,,M,17.43,N,32.28,K*73
$GPGSV,2,1,08,03,67,049,45,08,41,104,46,11,20,159,47,14,45,214,45*78
$GPGSV,2,2,08,17,65,271,47,22,23,319,47,28,12,359,46,31,60,129,46*72
$GAGSV,2,1,05,04,50,079,46,09,33,189,46,12,63,244,45,24,09,294,46*6F
$GAGSV,2,2,05,31,20,029,46*54
$GPZDA,083605.00,14,06,2025,00,00*68
$GPGGA,083606.00,5937.69260,N,02451.89909,E,1,12,1.0,16.2,M,21.0,M,,*53
$GPRMC,083606.00,A,5937.69260,N,02451.89909,E,21.01,16.7,140625,,,A*63
$GPVTG,16.7,T,,M,21.01,N,38.92,K,A*3F
$HEHDT,7.2,T*2A
$VWVHW,7.2,T,,M,17.35,N,32.13,K*7C
$GPGGA,083607.00,5937.69748,N,02451.90414,E,1,12,1.0,15.8,M,21.0,M,,*5D
$GPRMC,083607.00,A,5937.69748,N,02451.90414,E,21.21,17.0,140625,,,A*60
$GPVTG,17.0,T,,M,21.21,N,39.29,K,A*3A
$HEHDT,7.2,T*2A
$VWVHW,7.2,T,,M,17.35,N,32.13,K*7C
$GPGGA,083608.00,5937.70371,N,02451.90747,E,1,12,1.0,16.2,M,21.0,M,,*58
$GPRMC,083608.00,A,5937.70371,N,02451.90747,E,21.14,16.8,140625,,,A*63
$GPVTG,16.8,T,,M,21.14,N,39.15,K,A*3A
$HEHDT,6.7,T*2E
$VWVHW,6.7,T,,M,17.35,N,32.14,K*7F
$GPGGA,083609.00,5937.70885,N,02451.90980,E,1,12,1.0,15.6,M,21.0,M,,*5B
$GPRMC,083609.00,A,5937.70885,N,02451.90980,E,21.15,17.1,140625,,,A*6E
$GPVTG,17.1,T,,M,21.15,N,39.17,K,A*31
$HEHDT,7.5,T*2D
$VWVHW,7.5,T,,M,17.43,N,32.27,K*7D
$GPGGA,083610.00,5937.71429,N,02451.91352,E,1,12,1.0,15.7,M,21.0,M,,*5D
$GPRMC,083610.00,A,5937.71429,N,02451.91352,E,21.03,16.8,140625,,,A*66
$GPVTG,16.8,T,,M,21.03,N,38.94,K,A*34
$HEHDT,7.5,T*2D
$VWVHW,7.5,T,,M,17.27,N,31.99,K*79
$GPGSV,2,1,08,03,67,049,46,08,41,104,47,11,20,159,46,14,45,214,46*78
$GPGSV,2,2,08,17,65,271,46,22,23,319,46,28,12,359,45,31,60,129,47*70
$GAGSV,2,1,05,04,50,079,46,09,33,189,46,12,63,244,46,24,09,294,45*6F
$GAGSV,2,2,05,31,20,029,46*54
$GPZDA,083610.00,14,06,2025,00,00*6C
$GPGGA,083611.00,5937.72059,N,02451.91700,E,1,12,1.0,15.8,M,21.0,M,,*50
$GPRMC,083611.00,A,5937.72059,N,02451.91700,E,21.23,17.1,140625,,,A*6E
$GPVTG,17.1,T,,M,21.23,N,39.32,K,A*33
$HEHDT,7.3,T*2B
$VWVHW,7.3,T,,M,17.23,N,31.90,K*72
$GPGGA,083612.00,5937.72616,N,02451.92064,E,1,12,1.0,16.4,M,21.0,M,,*57
$GPRMC,083612.00,A,5937.72616,N,02451.92064,E,21.08,16.9,140625,,,A*66
$GPVTG,16.9,T,,M,21.08,N,39.04,K,A*36
$HEHDT,6.9,T*20
$VWVHW,6.9,T,,M,17.28,N,32.00,K*78
$GPGGA,083613.00,5937.73174,N,02451.92420,E,1,12,1.0,15.9,M,21.0,M,,*5E
$GPRMC,083613.00,A,5937.73174,N,02451.92420,E,21.17,17.0,140625,,,A*67
$GPVTG,17.0,T,,M,21.17,N,39.20,K,A*36
$HEHDT,7.4,T*2C
$VWVHW,7.4,T,,M,17.30,N,32.04,K*79
$GPGGA,083614.00,5937.73762,N,02451.92745,E,1,12,1.0,15.9,M,21.0,M,,*58
$GPRMC,083614.00,A,5937.73762,N,02451.92745,E,21.12,17.1,140625,,,A*65
$GPVTG,17.1,T,,M,21.12,N,39.12,K,A*33
$HEHDT,7.4,T*2C
$VWVHW,7.4,T,,M,17.24,N,31.92,K*70
$GPGGA,083615.00,5937.74344,N,02451.93105,E,1,12,1.0,16.3,M,21.0,M,,*54
$GPRMC,083615.00,A,5937.74344,N,02451.93105,E,21.09,16.9,140625,,,A*63
$GPVTG,16.9,T,,M,21.09,N,39.07,K,A*34
$HEHDT,7.1,T*29
$VWVHW,7.1,T,,M,17.31,N,32.06,K*7F
$GPGSV,2,1,08,03,67,049,46,08,41,104,46,11,20,159,45,14,45,214,47*7B
$GPGSV,2,2,08,17,65,271,46,22,23,319,47,28,12,359,46,31,60,129,46*73
$GAGSV,2,1,05,04,50,079,45,09,33,189,46,12,63,244,45,24,09,294,46*6C
$GAGSV,2,2,05,31,20,029,46*54
$GPZDA,083615.00,14,06,2025,00,00*69
$GPGGA,083616.00,5937.74862,N,02451.93464,E,1,12,1.0,15.4,M,21.0,M,,*5E
$GPRMC,083616.00,A,5937.74862,N,02451.93464,E,21.24,17.2,140625,,,A*68
$GPVTG,17.2,T,,M,21.24,N,39.34,K,A*31
$HEHDT,7.0,T*28
$VWVHW,7.0,T,,M,17.28,N,32.00,K*70
$GPGGA,083617.00,5937.75405,N,02451.93827,E,1,12,1.0,15.7,M,21.0,M,,*5B
$GPRMC,083617.00,A,5937.75405,N,02451.93827,E,21.23,16.8,140625,,,A*62
$GPVTG,16.8,T,,M,21.23,N,39.31,K,A*38
$HEHDT,6.9,T*20
$VWVHW,6.9,T,,M,17.45,N,32.31,K*71
$GPGGA,083618.00,5937.75961,N,02451.94120,E,1,12,1.0,15.5,M,21.0,M,,*50
$GPRMC,083618.00,A,5937.75961,N,02451.94120,E,21.15,16.9,140625,,,A*6F
$GPVTG,16.9,T,,M,21.15,N,39.17,K,A*38
$HEHDT,7.2,T*2A
$VWVHW,7.2,T,,M,17.34,N,32.12,K*7C
$GPGGA,083619.00,5937.76575,N,02451.94412,E,1,12,1.0,16.0,M,21.0,M,,*59
$GPRMC,083619.00,A,5937.76575,N,02451.94412,E,21.29,17.1,140625,,,A*66
$GPVTG,17.1,T,,M,21.29,N,39.44,K,A*38
$HEHDT,6.6,T*2F
$VWVHW,6.6,T,,M,17.38,N,32.18,K*7F
$GPGGA,083620.00,5937.77099,N,02451.94831,E,1,12,1.0,15.8,M,21.0,M,,*53
$GPRMC,083620.00,A,5937.77099,N,02451.94831,E,21.09,17.1,140625,,,A*65
$GPVTG,17.1,T,,M,21.09,N,39.06,K,A*3C
$HEHDT,7.4,T*2C
$VWVHW,7.4,T,,M,17.16,N,31.78,K*75
$GPGSV,2,1,08,03,67,049,46,08,41,104,46,11,20,159,46,14,45,214,46*79
$GPGSV,2,2,08,17,65,271,46,22,23,319,46,28,12,359,46,31,60,129,46*72
$GAGSV,2,1,05,04,50,079,46,09,33,189,46,12,63,244,47,24,09,294,46*6D
$GAGSV,2,2,05,31,20,029,46*54
$GPZDA,083620.00,14,06,2025,00,00*6F
$GPGGA,083621.00,5937.77750,N,02451.95129,E,1,12,1.0,15.6,M,21.0,M,,*5F
$GPRMC,083621.00,A,5937.77750,N,02451.95129,E,21.22,16.8,140625,,,A*66
$GPVTG,16.8,T,,M,21.22,N,39.29,K,A*30
$HEHDT,7.5,T*2D
$VWVHW,7.5,T,,M,17.32,N,32.07,K*79
$GPGGA,083622.00,5937.78247,N,02451.95390,E,1,12,1.0,15.8,M,21.0,M,,*5E
$GPRMC,083622.00,A,5937.78247,N,02451.95390,E,21.18,16.9,140625,,,A*61
$GPVTG,16.9,T,,M,21.18,N,39.22,K,A*33
$HEHDT,7.1,T*29
$VWVHW,7.1,T,,M,17.27,N,31.99,K*7D
$GPGGA,083623.00,5937.78778,N,02451.95828,E,1,12,1.0,16.8,M,21.0,M,,*5D
$GPRMC,083623.00,A,5937.78778,N,02451.95828,E,21.02,17.0,140625,,,A*62
$GPVTG,17.0,T,,M,21.02,N,38.93,K,A*3B
$HEHDT,7.2,T*2A
$VWVHW,7.2,T,,M,17.33,N,32.10,K*79
$GPGGA,083624.00,5937.79388,N,02451.96202,E,1,12,1.0,16.1,M,21.0,M,,*58
$GPRMC,083624.00,A,5937.79388,N,02451.96202,E,21.19,16.9,140625,,,A*6C
$GPVTG,16.9,T,,M,21.19,N,39.24,K,A*34
$HEHDT,7.0,T*28
$VWVHW,7.0,T,,M,17.50,N,32.42,K*79
$GPGGA,083625.00,5937.79915,N,02451.96493,E,1,12,1.0,15.6,M,21.0,M,,*5D
$GPRMC,083625.00,A,5937.79915,N,02451.96493,E,21.15,16.9,140625,,,A*61
$GPVTG,16.9,T,,M,21.15,N,39.17,K,A*38
$HEHDT,6.9,T*20
$VWVHW,6.9,T,,M,17.37,N,32.18,K*7F
$GPGSV,2,1,08,03,67,049,46,08,41,104,46,11,20,159,46,14,45,214,45*7A
$GPGSV,2,2,08,17,65,271,46,22,23,319,46,28,12,359,46,31,60,129,46*72
$GAGSV,2,1,05,04,50,079,46,09,33,189,46,12,63,244,46,24,09,294,46*6C
$GAGSV,2,2,05,31,20,029,46*54
$GPZDA,083625.00,14,06,2025,00,00*6A
$GPGGA,083626.00,5937.80463,N,02451.96858,E,1,12,1.0,15.5,M,21.0,M,,*5C
$GPRMC,083626.00,A,5937.80463,N,02451.96858,E,21.30,17.1,140625,,,A*6D
$GPVTG,17.1,T,,M,21.30,N,39.44,K,A*30
$HEHDT,7.3,T*2B
$VWVHW,7.3,T,,M,17.22,N,31.89,K*7B
$GPGGA,083627.00,5937.81028,N,02451.97238,E,1,12,1.0,15.5,M,21.0,M,,*5A
$GPRMC,083627.00,A,5937.81028,N,02451.97238,E,21.15,16.9,140625,,,A*65
$GPVTG,16.9,T,,M,21.15,N,39.17,K,A*38
$HEHDT,7.0,T*28
$VWVHW,7.0,T,,M,17.30,N,32.04,K*7D
$GPGGA,083628.00,5937.81568,N,02451.97596,E,1,12,1.0,15.9,M,21.0,M,,*5B
$GPRMC,083628.00,A,5937.81568,N,02451.97596,E,21.26,16.7,140625,,,A*66
$GPVTG,16.7,T,,M,21.26,N,39.37,K,A*34
$HEHDT,7.7,T*2F
$VWVHW,7.7,T,,M,17.41,N,32.24,K*7E
$GPGGA,083629.00,5937.82162,N,02451.97931,E,1,12,1.0,16.0,M,21.0,M,,*5C
$GPRMC,083629.00,A,5937.82162,N,02451.97931,E,21.08,17.3,140625,,,A*62
$GPVTG,17.3,T,,M,21.08,N,39.03,K,A*3A
$HEHDT,7.2,T*2A
$VWVHW,7.2,T,,M,17.41,N,32.24,K*7B
$GPGGA,083630.00,5937.82747,N,02451.98273,E,1,12,1.0,15.7,M,21.0,M,,*53
$GPRMC,083630.00,A,5937.82747,N,02451.98273,E,21.17,16.6,140625,,,A*63
$GPVTG,16.6,T,,M,21.17,N,39.21,K,A*30
$HEHDT,7.2,T*2A
$VWVHW,7.2,T,,M,17.20,N,31.85,K*74
$GPGSV,2,1,08,03,67,049,46,08,41,104,46,11,20,159,46,14,45,214,46*79
$GPGSV,2,2,08,17,65,271,46,22,23,319,46,28,12,359,47,31,60,129,45*70
$GAGSV,2,1,05,04,50,079,46,09,33,189,46,12,63,244,46,24,09,294,46*6C
$GAGSV,2,2,05,31,20,029,46*54
$GPZDA,083630.00,14,06,2025,00,00*6E
$GPGGA,083631.00,5937.83336,N,02451.98574,E,1,12,1.0,15.3,M,21.0,M,,*55
$GPRMC,083631.00,A,5937.83336,N,02451.98574,E,21.19,16.9,140625,,,A*60
$GPVTG,16.9,T,,M,21.19,N,39.23,K,A*33
$HEHDT,7.0,T*28
$VWVHW,7.0,T,,M,17.35,N,32.14,K*79
$GPGGA,083632.00,5937.83801,N,02451.98861,E,1,12,1.0,16.3,M,21.0,M,,*53
$GPRMC,083632.00,A,5937.83801,N,02451.98861,E,21.13,16.9,140625,,,A*6F
$GPVTG,16.9,T,,M,21.13,N,39.13,K,A*3A
$HEHDT,7.3,T*2B
$VWVHW,7.3,T,,M,17.37,N,32.17,K*7B
$GPGGA,083633.00,5937.84411,N,02451.99239,E,1,12,1.0,15.4,M,21.0,M,,*5A
$GPRMC,083633.00,A,5937.84411,N,02451.99239,E,21.11,17.1,140625,,,A*69
$GPVTG,17.1,T,,M,21.11,N,39.10,K,A*32
$HEHDT,7.4,T*2C
$VWVHW,7.4,T,,M,17.30,N,32.04,K*79
$GPGGA,083634.00,5937.84945,N,02451.99700,E,1,12,1.0,15.2,M,21.0,M,,*58
$GPRMC,083634.00,A,5937.84945,N,02451.99700,E,21.24,16.6,140625,,,A*6D
$GPVTG,16.6,T,,M,21.24,N,39.33,K,A*33
$HEHDT,7.3,T*2B
$VWVHW,7.3,T,,M,17.26,N,31.97,K*70
$GPGGA,083635.00,5937.85524,N,02451.99885,E,1,12,1.1,15.4,M,21.0,M,,*56
$GPRMC,083635.00,A,5937.85524,N,02451.99885,E,21.21,16.7,140625,,,A*60
$GPVTG,16.7,T,,M,21.21,N,39.28,K,A*3D
$HEHDT,7.3,T*2B
$VWVHW,7.3,T,,M,17.28,N,32.00,K*73
$GPGSV,2,1,08,03,67,049,46,08,41,104,46,11,20,159,46,14,45,214,46*79
$GPGSV,2,2,08,17,65,271,46,22,23,319,46,28,12,359,46,31,60,129,45*71
$GAGSV,2,1,05,04,50,079,45,09,33,189,46,12,63,244,46,24,09,294,46*6F
$GAGSV,2,2,05,31,20,029,46*54
$GPZDA,083635.00,14,06,2025,00,00*6B
$GPGGA,083636.00,5937.86094,N,02452.00290,E,1,12,1.1,15.5,M,21.0,M,,*54
$GPRMC,083636.00,A,5937.86094,N,02452.00290,E,21.13,17.1,140625,,,A*65
$GPVTG,17.1,T,,M,21.13,N,39.13,K,A*33
$HEHDT,7.5,T*2D
$VWVHW,7.5,T,,M,17.29,N,32.03,K*77
$GPGGA,083637.00,5937.86662,N,02452.00581,E,1,12,1.1,15.9,M,21.0,M,,*51
$GPRMC,083637.00,A,5937.86662,N,02452.00581,E,21.07,17.4,140625,,,A*6C
$GPVTG,17.4,T,,M,21.07,N,39.02,K,A*33
$HEHDT,7.1,T*29
$VWVHW,7.1,T,,M,17.38,N,32.19,K*78
$GPGGA,083638.00,5937.87189,N,02452.01018,E,1,12,1.1,16.2,M,21.0,M,,*51
$GPRMC,083638.00,A,5937.87189,N,02452.01018,E,21.24,16.8,140625,,,A*68
$GPVTG,16.8,T,,M,21.24,N,39.33,K,A*3D
$HEHDT,7.0,T*28
$VWVHW,7.0,T,,M,17.34,N,32.12,K*7E
$GPGGA,083639.00,5937.87793,N,02452.01358,E,1,12,1.1,15.3,M,21.0,M,,*58
$GPRMC,083639.00,A,5937.87793,N,02452.01358,E,21.23,16.9,140625,,,A*65
$GPVTG,16.9,T,,M,21.23,N,39.33,K,A*3B
$HEHDT,7.5,T*2D
$VWVHW,7.5,T,,M,17.23,N,31.91,K*75
$GPGGA,083640.00,5937.88365,N,02452.01730,E,1,12,1.1,15.2,M,21.0,M,,*5F
$GPRMC,083640.00,A,5937.88365,N,02452.01730,E,21.06,16.9,140625,,,A*64
$GPVTG,16.9,T,,M,21.06,N,39.01,K,A*3D
$HEHDT,6.9,T*20
$VWVHW,6.9,T,,M,17.36,N,32.15,K*73
$GPGSV,2,1,08,03,67,049,46,08,41,104,46,11,20,159,46,14,45,214,47*78
$GPGSV,2,2,08,17,65,271,46,22,23,319,45,28,12,359,47,31,60,129,46*70
$GAGSV,2,1,05,04,50,079,46,09,33,189,46,12,63,244,45,24,09,294,46*6F
$GAGSV,2,2,05,31,20,029,46*54
$GPZDA,083640.00,14,06,2025,00,00*69
$GPGGA,083641.00,5937.88901,N,02452.01971,E,1,12,1.1,15.7,M,21.0,M,,*58
$GPRMC,083641.00,A,5937.88901,N,02452.01971,E,21.24,17.2,140625,,,A*6C
$GPVTG,17.2,T,,M,21.24,N,39.33,K,A*36
$HEHDT,7.1,T*29
$VWVHW,7.1,T,,M,17.47,N,32.36,K*7D
$GPGGA,083642.00,5937.89479,N,02452.02335,E,1,12,1.1,15.8,M,21.0,M,,*5E
$GPRMC,083642.00,A,5937.89479,N,02452.02335,E,21.18,17.2,140625,,,A*6A
$GPVTG,17.2,T,,M,21.18,N,39.23,K,A*38
$HEHDT,6.9,T*20
$VWVHW,6.9,T,,M,17.37,N,32.18,K*7F
$GPGGA,083643.00,5937.90077,N,02452.02685,E,1,12,1.1,16.0,M,21.0,M,,*58
$GPRMC,083643.00,A,5937.90077,N,02452.02685,E,21.10,17.0,140625,,,A*6D
$GPVTG,17.0,T,,M,21.10,N,39.07,K,A*34
$HEHDT,7.3,T*2B
$VWVHW,7.3,T,,M,17.23,N,31.91,K*73
$GPGGA,083644.00,5937.90609,N,02452.03024,E,1,12,1.1,15.8,M,21.0,M,,*57
$GPRMC,083644.00,A,5937.90609,N,02452.03024,E,21.18,16.8,140625,,,A*68
$GPVTG,16.8,T,,M,21.18,N,39.22,K,A*32
$HEHDT,7.2,T*2A
$VWVHW,7.2,T,,M,17.41,N,32.23,K*7C
$GPGGA,083645.00,5937.91208,N,02452.03312,E,1,12,1.1,16.2,M,21.0,M,,*5D
$GPRMC,083645.00,A,5937.91208,N,02452.03312,E,21.19,16.8,140625,,,A*6A
$GPVTG,16.8,T,,M,21.19,N,39.25,K,A*34
$HEHDT,7.4,T*2C
$VWVHW,7.4,T,,M,17.44,N,32.30,K*7D
$GPGSV,2,1,08,03,67,049,46,08,41,104,46,11,20,159,46,14,45,214,46*79
$GPGSV,2,2,08,17,65,271,46,22,23,319,47,28,12,359,47,31,60,129,46*72
$GAGSV,2,1,05,04,50,079,46,09,33,189,46,12,63,244,46,24,09,294,46*6C
$GAGSV,2,2,05,31,20,029,46*54
$GPZDA,083645.00,14,06,2025,00,00*6C
$GPGGA,083646.00,5937.91773,N,02452.03626,E,1,12,1.1,16.1,M,21.0,M,,*56
$GPRMC,083646.00,A,5937.91773,N,02452.03626,E,21.17,17.0,140625,,,A*65
$GPVTG,17.0,T,,M,21.17,N,39.21,K,A*37
$HEHDT,7.6,T*2E
$VWVHW,7.6,T,,M,17.24,N,31.93,K*73
$GPGGA,083647.00,5937.92312,N,02452.03963,E,1,12,1.1,16.2,M,21.0,M,,*5A
$GPRMC,083647.00,A,5937.92312,N,02452.03963,E,21.12,17.2,140625,,,A*6D
$GPVTG,17.2,T,,M,21.12,N,39.11,K,A*33
$HEHDT,7.0,T*28
$VWVHW,7.0,T,,M,17.49,N,32.39,K*7D
$GPGGA,083648.00,5937.92861,N,02452.04307,E,1,12,1.1,16.4,M,21.0,M,,*53
$GPRMC,083648.00,A,5937.92861,N,02452.04307,E,21.18,17.1,140625,,,A*6B
$GPVTG,17.1,T,,M,21.18,N,39.23,K,A*3B
$HEHDT,7.0,T*28
$VWVHW,7.0,T,,M,17.30,N,32.05,K*7C
$GPGGA,083649.00,5937.93416,N,02452.04612,E,1,12,1.1,16.0,M,21.0,M,,*5A
$GPRMC,083649.00,A,5937.93416,N,02452.04612,E,21.19,16.9,140625,,,A*6E
$GPVTG,16.9,T,,M,21.19,N,39.24,K,A*34
$HEHDT,7.1,T*29
$VWVHW,7.1,T,,M,17.24,N,31.92,K*75
$GPGGA,083650.00,5937.93981,N,02452.04897,E,1,12,1.1,16.1,M,21.0,M,,*53
$GPRMC,083650.00,A,5937.93981,N,02452.04897,E,21.11,17.1,140625,,,A*67
$GPVTG,17.1,T,,M,21.11,N,39.10,K,A*32
$HEHDT,7.2,T*2A
$VWVHW,7.2,T,,M,17.38,N,32.20,K*71
$GPGSV,2,1,08,03,67,049,46,08,41,104,46,11,20,159,47,14,45,214,46*78
$GPGSV,2,2,08,17,65,271,46,22,23,319,46,28,12,359,45,31,60,129,46*71
$GAGSV,2,1,05,04,50,079,46,09,33,189,45,12,63,244,47,24,09,294,46*6E
$GAGSV,2,2,05,31,20,029,46*54
$GPZDA,083650.00,14,06,2025,00,00*68
$GPGGA,083651.00,5937.94531,N,02452.05267,E,1,12,1.1,16.8,M,21.0,M,,*5F
$GPRMC,083651.00,A,5937.94531,N,02452.05267,E,21.03,17.3,140625,,,A*63
$GPVTG,17.3,T,,M,21.03,N,38.95,K,A*3F
$HEHDT,7.5,T*2D
$VWVHW,7.5,T,,M,17.26,N,31.96,K*77
$GPGGA,083652.00,5937.95087,N,02452.05646,E,1,12,1.1,16.3,M,21.0,M,,*59
$GPRMC,083652.00,A,5937.95087,N,02452.05646,E,21.10,17.0,140625,,,A*6F
$GPVTG,17.0,T,,M,21.10,N,39.07,K,A*34
$HEHDT,7.3,T*2B
$VWVHW,7.3,T,,M,17.19,N,31.83,K*79
$GPGGA,083653.00,5937.95659,N,02452.05952,E,1,12,1.1,15.7,M,21.0,M,,*50
$GPRMC,083653.00,A,5937.95659,N,02452.05952,E,21.19,17.2,140625,,,A*6A
$GPVTG,17.2,T,,M,21.19,N,39.24,K,A*3E
$HEHDT,6.9,T*20
$VWVHW,6.9,T,,M,17.23,N,31.91,K*78
$GPGGA,083654.00,5937.96164,N,02452.06243,E,1,12,1.1,16.5,M,21.0,M,,*54
$GPRMC,083654.00,A,5937.96164,N,02452.06243,E,21.19,16.7,140625,,,A*6B
$GPVTG,16.7,T,,M,21.19,N,39.25,K,A*3B
$HEHDT,7.6,T*2E
$VWVHW,7.6,T,,M,17.31,N,32.06,K*78
$GPGGA,083655.00,5937.96776,N,02452.06557,E,1,12,1.1,16.5,M,21.0,M,,*52
$GPRMC,083655.00,A,5937.96776,N,02452.06557,E,21.09,17.1,140625,,,A*6B
$GPVTG,17.1,T,,M,21.09,N,39.06,K,A*3C
$HEHDT,7.1,T*29
$VWVHW,7.1,T,,M,17.30,N,32.03,K*7B
$GPGSV,2,1,08,03,67,049,46,08,41,104,45,11,20,159,46,14,45,214,46*7A
$GPGSV,2,2,08,17,65,271,46,22,23,319,46,28,12,359,45,31,60,129,46*71
$GAGSV,2,1,05,04,50,079,46,09,33,189,46,12,63,244,46,24,09,294,46*6C
$GAGSV,2,2,05,31,20,029,46*54
$GPZDA,083655.00,14,06,2025,00,00*6D
$GPGGA,083656.00,5937.97314,N,02452.06912,E,1,12,1.1,16.0,M,21.0,M,,*58
$GPRMC,083656.00,A,5937.97314,N,02452.06912,E,21.03,16.6,140625,,,A*68
$GPVTG,16.6,T,,M,21.03,N,38.95,K,A*3B
$HEHDT,7.3,T*2B
$VWVHW,7.3,T,,M,17.33,N,32.10,K*78
$GPGGA,083657.00,5937.97835,N,02452.07335,E,1,12,1.1,16.4,M,21.0,M,,*5B
$GPRMC,083657.00,A,5937.97835,N,02452.07335,E,21.01,17.1,140625,,,A*6B
$GPVTG,17.1,T,,M,21.01,N,38.92,K,A*38
$HEHDT,7.2,T*2A
$VWVHW,7.2,T,,M,17.28,N,32.01,K*73
$GPGGA,083658.00,5937.98466,N,02452.07630,E,1,12,1.1,16.2,M,21.0,M,,*57
$GPRMC,083658.00,A,5937.98466,N,02452.07630,E,21.06,17.0,140625,,,A*67
$GPVTG,17.0,T,,M,21.06,N,39.01,K,A*35
$HEHDT,7.0,T*28
$VWVHW,7.0,T,,M,17.27,N,31.99,K*7C
$GPGGA,083659.00,5937.98990,N,02452.07938,E,1,12,1.1,15.8,M,21.0,M,,*5C
$GPRMC,083659.00,A,5937.98990,N,02452.07938,E,20.99,17.2,140625,,,A*60
$GPVTG,17.2,T,,M,20.99,N,38.88,K,A*30
$HEHDT,7.1,T*29
$VWVHW,7.1,T,,M,17.11,N,31.69,K*77
$GPGGA,083700.00,5937.99536,N,02452.08262,E,1,12,1.1,15.8,M,21.0,M,,*5B
$GPRMC,083700.00,A,5937.99536,N,02452.08262,E,20.98,17.1,140625,,,A*65
$GPVTG,17.1,T,,M,20.98,N,38.86,K,A*3C
$HEHDT,7.0,T*28
$VWVHW,7.0,T,,M,17.15,N,31.76,K*7C
$GPGSV,2,1,08,03,67,049,46,08,41,104,47,11,20,159,46,14,45,214,46*78
$GPGSV,2,2,08,17,65,271,46,22,23,319,46,28,13,359,46,31,60,129,46*73
$GAGSV,2,1,05,04,50,079,46,09,33,189,46,12,63,244,46,24,09,294,45*6F
$GAGSV,2,2,05,31,20,029,46*54
$GPZDA,083700.00,14,06,2025,00,00*6C
$GPGGA,083701.00,5938.00083,N,02452.08560,E,1,12,1.1,16.3,M,21.0,M,,*53
$GPRMC,083701.00,A,5938.00083,N,02452.08560,E,21.01,16.6,140625,,,A*62
$GPVTG,16.6,T,,M,21.01,N,38.91,K,A*3D
$HEHDT,7.2,T*2A
$VWVHW,7.2,T,,M,17.28,N,32.00,K*72
$GPGGA,083702.00,5938.00681,N,02452.08967,E,1,12,1.1,16.1,M,21.0,M,,*5D
$GPRMC,083702.00,A,5938.00681,N,02452.08967,E,21.10,17.0,140625,,,A*69
$GPVTG,17.0,T,,M,21.10,N,39.09,K,A*3A
$HEHDT,6.8,T*21
$VWVHW,6.8,T,,M,17.10,N,31.68,K*7F
$GPGGA,083703.00,5938.01190,N,02452.09322,E,1,12,1.1,16.0,M,21.0,M,,*51
$GPRMC,083703.00,A,5938.01190,N,02452.09322,E,21.15,17.1,140625,,,A*60
$GPVTG,17.1,T,,M,21.15,N,39.18,K,A*3E
$HEHDT,7.4,T*2C
$VWVHW,7.4,T,,M,17.17,N,31.81,K*72
$GPGGA,083704.00,5938.01753,N,02452.09669,E,1,12,1.1,16.1,M,21.0,M,,*54
$GPRMC,083704.00,A,5938.01753,N,02452.09669,E,20.89,17.1,140625,,,A*60
$GPVTG,17.1,T,,M,20.89,N,38.70,K,A*35
$HEHDT,7.2,T*2A
$VWVHW,7.2,T,,M,17.31,N,32.06,K*7C
$GPGGA,083705.00,5938.02313,N,02452.10023,E,1,12,1.1,16.1,M,21.0,M,,*56
$GPRMC,083705.00,A,5938.02313,N,02452.10023,E,21.06,17.5,140625,,,A*60
$GPVTG,17.5,T,,M,21.06,N,39.01,K,A*30
$HEHDT,7.3,T*2B
$VWVHW,7.3,T,,M,17.20,N,31.86,K*76
$GPGSV,2,1,08,03,67,049,47,08,41,104,46,11,20,159,46,14,45,214,46*78
$GPGSV,2,2,08,17,65,271,46,22,23,319,45,28,13,359,46,31,60,129,45*73
$GAGSV,2,1,05,04,50,079,46,09,33,189,46,12,63,244,47,24,09,294,46*6D
$GAGSV,2,2,05,31,20,029,46*54
$GPZDA,083705.00,14,06,2025,00,00*69
$GPGGA,083706.00,5938.02858,N,02452.10305,E,1,12,1.1,16.4,M,21.0,M,,*53
$GPRMC,083706.00,A,5938.02858,N,02452.10305,E,21.09,17.3,140625,,,A*69
$GPVTG,17.3,T,,M,21.09,N,39.06,K,A*3E
$HEHDT,7.2,T*2A
$VWVHW,7.2,T,,M,17.18,N,31.82,K*78
$GPGGA,083707.00,5938.03437,N,02452.10668,E,1,12,1.1,16.0,M,21.0,M,,*5C
$GPRMC,083707.00,A,5938.03437,N,02452.10668,E,21.09,17.0,140625,,,A*61
$GPVTG,17.0,T,,M,21.09,N,39.06,K,A*3D
$HEHDT,7.3,T*2B
$VWVHW,7.3,T,,M,17.28,N,32.00,K*73
$GPGGA,083708.00,5938.03956,N,02452.10938,E,1,12,1.1,16.1,M,21.0,M,,*52
$GPRMC,083708.00,A,5938.03956,N,02452.10938,E,21.01,16.8,140625,,,A*6F
$GPVTG,16.8,T,,M,21.01,N,38.91,K,A*33
$HEHDT,7.1,T*29
$VWVHW,7.1,T,,M,17.25,N,31.94,K*72
$GPGGA,083709.00,5938.04523,N,02452.11274,E,1,12,1.1,15.8,M,21.0,M,,*52
$GPRMC,083709.00,A,5938.04523,N,02452.11274,E,21.01,16.9,140625,,,A*64
$GPVTG,16.9,T,,M,21.01,N,38.90,K,A*33
$HEHDT,7.6,T*2E
$VWVHW,7.6,T,,M,17.39,N,32.21,K*75
$GPGGA,083710.00,5938.05110,N,02452.11691,E,1,12,1.1,15.9,M,21.0,M,,*51
$GPRMC,083710.00,A,5938.05110,N,02452.11691,E,21.04,17.1,140625,,,A*6A
$GPVTG,17.1,T,,M,21.04,N,38.96,K,A*39
$HEHDT,7.2,T*2A
$VWVHW,7.2,T,,M,17.27,N,31.99,K*7E
$GPGSV,2,1,08,03,67,049,46,08,41,104,46,11,20,159,46,14,45,214,46*79
$GPGSV,2,2,08,17,65,271,46,22,23,319,46,28,13,359,46,31,60,129,46*73
$GAGSV,2,1,05,04,50,079,46,09,33,189,46,12,63,244,46,24,09,294,46*6C
$GAGSV,2,2,05,31,20,029,46*54
$GPZDA,083710.00,14,06,2025,00,00*6D
$GPGGA,083711.00,5938.05654,N,02452.11988,E,1,12,1.1,16.3,M,21.0,M,,*59
$GPRMC,083711.00,A,5938.05654,N,02452.11988,E,21.02,16.7,140625,,,A*6A
$GPVTG,16.7,T,,M,21.02,N,38.92,K,A*3C
$HEHDT,7.5,T*2D
$VWVHW,7.5,T,,M,17.28,N,32.00,K*75
$GPGGA,083712.00,5938.06213,N,02452.12290,E,1,12,1.1,15.7,M,21.0,M,,*58
$GPRMC,083712.00,A,5938.06213,N,02452.12290,E,21.07,16.9,140625,,,A*67
$GPVTG,16.9,T,,M,21.07,N,39.03,K,A*3E
$HEHDT,6.9,T*20
$VWVHW,6.9,T,,M,17.22,N,31.90,K*78
$GPGGA,083713.00,5938.06719,N,02452.12593,E,1,12,1.1,16.0,M,21.0,M,,*56
$GPRMC,083713.00,A,5938.06719,N,02452.12593,E,21.14,17.3,140625,,,A*64
$GPVTG,17.3,T,,M,21.14,N,39.15,K,A*30
$HEHDT,7.1,T*29
$VWVHW,7.1,T,,M,17.19,N,31.83,K*7B
$GPGGA,083714.00,5938.07327,N,02452.12984,E,1,12,1.1,15.1,M,21.0,M,,*51
$GPRMC,083714.00,A,5938.07327,N,02452.12984,E,20.96,17.0,140625,,,A*69
$GPVTG,17.0,T,,M,20.96,N,38.81,K,A*34
$HEHDT,7.0,T*28
$VWVHW,7.0,T,,M,17.06,N,31.59,K*73
$GPGGA,083715.00,5938.07843,N,02452.13197,E,1,12,1.1,15.4,M,21.0,M,,*57
$GPRMC,083715.00,A,5938.07843,N,02452.13197,E,21.08,17.1,140625,,,A*6D
$GPVTG,17.1,T,,M,21.08,N,39.04,K,A*3F
$HEHDT,7.4,T*2C
$VWVHW,7.4,T,,M,17.23,N,31.91,K*74
$GPGSV,2,1,08,03,67,049,47,08,41,104,46,11,20,159,46,14,45,214,47*79
$GPGSV,2,2,08,17,65,271,45,22,23,319,45,28,13,359,45,31,60,129,46*70
$GAGSV,2,1,05,04,50,079,46,09,33,189,47,12,63,244,46,24,09,294,47*6C
$GAGSV,2,2,05,31,20,029,46*54
$GPZDA,083715.00,14,06,2025,00,00*68
$GPGGA,083716.00,5938.08416,N,02452.13775,E,1,12,1.1,15.6,M,21.0,M,,*5F
$GPRMC,083716.00,A,5938.08416,N,02452.13775,E,21.05,17.1,140625,,,A*6A
$GPVTG,17.1,T,,M,21.05,N,38.99,K,A*37
$HEHDT,6.4,T*2D
$VWVHW,6.4,T,,M,17.34,N,32.12,K*7B
$GPGGA,083717.00,5938.08991,N,02452.14063,E,1,12,1.1,15.5,M,21.0,M,,*58
$GPRMC,083717.00,A,5938.08991,N,02452.14063,E,21.03,17.3,140625,,,A*6A
$GPVTG,17.3,T,,M,21.03,N,38.95,K,A*3F
$HEHDT,6.9,T*20
$VWVHW,6.9,T,,M,17.20,N,31.85,K*7E
$GPGGA,083718.00,5938.09539,N,02452.14414,E,1,12,1.1,16.3,M,21.0,M,,*59
$GPRMC,083718.00,A,5938.09539,N,02452.14414,E,21.16,17.3,140625,,,A*6A
$GPVTG,17.3,T,,M,21.16,N,39.19,K,A*3E
$HEHDT,7.2,T*2A
$VWVHW,7.2,T,,M,17.25,N,31.94,K*71
$GPGGA,083719.00,5938.10137,N,02452.14772,E,1,12,1.1,15.4,M,21.0,M,,*5D
$GPRMC,083719.00,A,5938.10137,N,02452.14772,E,20.81,17.2,140625,,,A*64
$GPVTG,17.2,T,,M,20.81,N,38.54,K,A*38
$HEHDT,7.1,T*29
$VWVHW,7.1,T,,M,17.05,N,31.57,K*7F
$GPGGA,083720.00,5938.10684,N,02452.15118,E,1,12,1.1,15.6,M,21.0,M,,*51
$GPRMC,083720.00,A,5938.10684,N,02452.15118,E,21.04,16.9,140625,,,A*6C
$GPVTG,16.9,T,,M,21.04,N,38.96,K,A*30
$HEHDT,7.0,T*28
$VWVHW,7.0,T,,M,17.12,N,31.71,K*7C
$GPGSV,2,1,08,03,67,049,46,08,41,104,46,11,20,159,46,14,45,214,45*7A
$GPGSV,2,2,08,17,65,271,46,22,23,319,46,28,13,359,45,31,60,129,46*70
$GAGSV,2,1,05,04,50,079,47,09,33,189,46,12,63,244,46,24,09,294,46*6D
$GAGSV,2,2,05,31,20,029,45*57
$GPZDA,083720.00,14,06,2025,00,00*6E
$GPGGA,083721.00,5938.11221,N,02452.15424,E,1,12,1.1,16.0,M,21.0,M,,*55
$GPRMC,083721.00,A,5938.11221,N,02452.15424,E,20.90,17.3,140625,,,A*6A
$GPVTG,17.3,T,,M,20.90,N,38.71,K,A*3E
$HEHDT,7.7,T*2F
$VWVHW,7.7,T,,M,17.14,N,31.74,K*78
$GPGGA,083722.00,5938.11789,N,02452.15675,E,1,12,1.1,15.9,M,21.0,M,,*5D
$GPRMC,083722.00,A,5938.11789,N,02452.15675,E,21.01,17.4,140625,,,A*66
$GPVTG,17.4,T,,M,21.01,N,38.91,K,A*3E
$HEHDT,6.9,T*20
$VWVHW,6.9,T,,M,17.28,N,32.01,K*79
$GPGGA,083723.00,5938.12323,N,02452.16101,E,1,12,1.1,15.4,M,21.0,M,,*51
$GPRMC,083723.00,A,5938.12323,N,02452.16101,E,20.92,17.4,140625,,,A*6C
$GPVTG,17.4,T,,M,20.92,N,38.75,K,A*3F
$HEHDT,6.8,T*21
$VWVHW,6.8,T,,M,17.07,N,31.61,K*70
$GPGGA,083724.00,5938.12866,N,02452.16346,E,1,12,1.1,15.1,M,21.0,M,,*58
$GPRMC,083724.00,A,5938.12866,N,02452.16346,E,20.89,17.0,140625,,,A*6E
$GPVTG,17.0,T,,M,20.89,N,38.69,K,A*3C
$HEHDT,6.8,T*21
$VWVHW,6.8,T,,M,17.07,N,31.62,K*73
$GPGGA,083725.00,5938.13439,N,02452.16795,E,1,12,1.1,15.8,M,21.0,M,,*5D
$GPRMC,083725.00,A,5938.13439,N,02452.16795,E,21.01,17.5,140625,,,A*66
$GPVTG,17.5,T,,M,21.01,N,38.91,K,A*3F
$HEHDT,7.0,T*28
$VWVHW,7.0,T,,M,17.22,N,31.89,K*78
$GPGSV,2,1,08,03,67,049,46,08,41,104,46,11,20,159,46,14,45,214,46*79
$GPGSV,2,2,08,17,65,271,46,22,23,319,46,28,13,359,46,31,60,129,46*73
$GAGSV,2,1,05,04,50,079,46,09,33,189,46,12,63,244,46,24,09,294,46*6C
$GAGSV,2,2,05,31,20,029,46*54
$GPZDA,083725.00,14,06,2025,00,00*6B
$GPGGA,083726.00,5938.14032,N,02452.17120,E,1,12,1.1,15.4,M,21.0,M,,*53
$GPRMC,083726.00,A,5938.14032,N,02452.17120,E,21.04,16.7,140625,,,A*62
$GPVTG,16.7,T,,M,21.04,N,38.97,K,A*3F
$HEHDT,6.9,T*20
$VWVHW,6.9,T,,M,17.17,N,31.80,K*7F
$GPGGA,083727.00,5938.14532,N,02452.17487,E,1,12,1.1,15.5,M,21.0,M,,*5E
$GPRMC,083727.00,A,5938.14532,N,02452.17487,E,20.89,16.8,140625,,,A*65
$GPVTG,16.8,T,,M,20.89,N,38.69,K,A*35
$HEHDT,6.9,T*20
$VWVHW,6.9,T,,M,17.12,N,31.71,K*74
$GPGGA,083728.00,5938.15108,N,02452.17793,E,1,12,1.1,16.0,M,21.0,M,,*5D
$GPRMC,083728.00,A,5938.15108,N,02452.17793,E,20.91,17.0,140625,,,A*60
$GPVTG,17.0,T,,M,20.91,N,38.72,K,A*3F
$HEHDT,7.2,T*2A
$VWVHW,7.2,T,,M,17.17,N,31.80,K*75
$GPGGA,083729.00,5938.15665,N,02452.18181,E,1,12,1.1,15.9,M,21.0,M,,*50
$GPRMC,083729.00,A,5938.15665,N,02452.18181,E,20.80,17.2,140625,,,A*65
$GPVTG,17.2,T,,M,20.80,N,38.53,K,A*3E
$HEHDT,7.0,T*28
$VWVHW,7.0,T,,M,17.25,N,31.94,K*73
$GPGGA,083730.00,5938.16211,N,02452.18502,E,1,12,1.1,15.3,M,21.0,M,,*59
$GPRMC,083730.00,A,5938.16211,N,02452.18502,E,20.85,17.0,140625,,,A*61
$GPVTG,17.0,T,,M,20.85,N,38.61,K,A*38
$HEHDT,6.9,T*20
$VWVHW,6.9,T,,M,17.19,N,31.84,K*75
$GPGSV,2,1,08,03,67,049,45,08,41,104,46,11,20,159,46,14,45,214,47*7B
$GPGSV,2,2,08,17,65,271,47,22,23,319,46,28,13,359,47,31,60,129,46*73
$GAGSV,2,1,05,04,50,079,46,09,33,189,46,12,63,244,46,24,09,294,45*6F
$GAGSV,2,2,05,31,20,029,46*54
$GPZDA,083730.00,14,06,2025,00,00*6F
$GPGGA,083731.00,5938.16788,N,02452.18795,E,1,12,1.1,14.6,M,21.0,M,,*55
$GPRMC,083731.00,A,5938.16788,N,02452.18795,E,20.98,17.0,140625,,,A*65
$GPVTG,17.0,T,,M,20.98,N,38.86,K,A*3D
$HEHDT,7.0,T*28
$VWVHW,7.0,T,,M,17.10,N,31.67,K*79
$GPGGA,083732.00,5938.17304,N,02452.19033,E,1,12,1.1,16.2,M,21.0,M,,*5B
$GPRMC,083732.00,A,5938.17304,N,02452.19033,E,20.94,17.1,140625,,,A*60
$GPVTG,17.1,T,,M,20.94,N,38.79,K,A*30
$HEHDT,7.0,T*28
$VWVHW,7.0,T,,M,17.25,N,31.94,K*73
$GPGGA,083733.00,5938.17876,N,02452.19483,E,1,12,1.1,15.6,M,21.0,M,,*5C
$GPRMC,083733.00,A,5938.17876,N,02452.19483,E,20.84,17.2,140625,,,A*62
$GPVTG,17.2,T,,M,20.84,N,38.60,K,A*3A
$HEHDT,7.3,T*2B
$VWVHW,7.3,T,,M,17.25,N,31.95,K*71
$GPGGA,083734.00,5938.18461,N,02452.19730,E,1,12,1.1,16.3,M,21.0,M,,*53
$GPRMC,083734.00,A,5938.18461,N,02452.19730,E,20.84,16.9,140625,,,A*61
$GPVTG,16.9,T,,M,20.84,N,38.59,K,A*3A
$HEHDT,6.8,T*21
$VWVHW,6.8,T,,M,17.18,N,31.81,K*70
$GPGGA,083735.00,5938.19001,N,02452.20131,E,1,12,1.1,15.6,M,21.0,M,,*5A
$GPRMC,083735.00,A,5938.19001,N,02452.20131,E,21.02,17.1,140625,,,A*68
$GPVTG,17.1,T,,M,21.02,N,38.93,K,A*3A
$HEHDT,7.2,T*2A
$VWVHW,7.2,T,,M,17.11,N,31.68,K*75
$GPGSV,2,1,08,03,67,049,46,08,41,104,46,11,20,159,46,14,45,214,46*79
$GPGSV,2,2,08,17,65,271,46,22,23,319,47,28,13,359,46,31,60,129,46*72
$GAGSV,2,1,05,04,50,079,46,09,33,189,46,12,63,244,46,24,09,294,46*6C
$GAGSV,2,2,05,31,20,029,46*54
$GPZDA,083735.00,14,06,2025,00,00*6A
$GPGGA,083736.00,5938.19557,N,02452.20508,E,1,12,1.1,16.4,M,21.0,M,,*50
$GPRMC,083736.00,A,5938.19557,N,02452.20508,E,20.87,17.0,140625,,,A*6E
$GPVTG,17.0,T,,M,20.87,N,38.66,K,A*3D
$HEHDT,6.9,T*20
$VWVHW,6.9,T,,M,17.16,N,31.77,K*76
$GPGGA,083737.00,5938.20113,N,02452.20787,E,1,12,1.1,16.2,M,21.0,M,,*5C
$GPRMC,083737.00,A,5938.20113,N,02452.20787,E,20.80,17.4,140625,,,A*67
$GPVTG,17.4,T,,M,20.80,N,38.51,K,A*3A
$HEHDT,7.0,T*28
$VWVHW,7.0,T,,M,17.19,N,31.83,K*7A
$GPGGA,083738.00,5938.20660,N,02452.21153,E,1,12,1.1,16.0,M,21.0,M,,*5C
$GPRMC,083738.00,A,5938.20660,N,02452.21153,E,20.83,17.1,140625,,,A*63
$GPVTG,17.1,T,,M,20.83,N,38.58,K,A*35
$HEHDT,7.4,T*2C
$VWVHW,7.4,T,,M,17.16,N,31.78,K*75
$GPGGA,083739.00,5938.21201,N,02452.21558,E,1,12,1.1,16.3,M,21.0,M,,*53
$GPRMC,083739.00,A,5938.21201,N,02452.21558,E,20.92,17.3,140625,,,A*6D
$GPVTG,17.3,T,,M,20.92,N,38.75,K,A*38
$HEHDT,7.0,T*28
$VWVHW,7.0,T,,M,17.09,N,31.65,K*73
$GPGGA,083740.00,5938.21689,N,02452.21696,E,1,12,1.1,15.9,M,21.0,M,,*51
$GPRMC,083740.00,A,5938.21689,N,02452.21696,E,20.97,17.0,140625,,,A*60
$GPVTG,17.0,T,,M,20.97,N,38.84,K,A*30
$HEHDT,7.4,T*2C
$VWVHW,7.4,T,,M,17.20,N,31.86,K*71
$GPGSV,2,1,08,03,67,049,46,08,41,104,47,11,20,159,47,14,45,214,46*79
$GPGSV,2,2,08,17,65,271,47,22,23,319,46,28,13,359,46,31,60,129,46*72
$GAGSV,2,1,05,04,50,079,45,09,33,189,46,12,63,244,46,24,09,294,46*6F
$GAGSV,2,2,05,31,20,029,46*54
$GPZDA,083740.00,14,06,2025,00,00*68
$GPGGA,083741.00,5938.22328,N,02452.22221,E,1,12,1.1,16.2,M,21.0,M,,*5E
$GPRMC,083741.00,A,5938.22328,N,02452.22221,E,20.90,17.5,140625,,,A*65
$GPVTG,17.5,T,,M,20.90,N,38.71,K,A*38
$HEHDT,7.2,T*2A
$VWVHW,7.2,T,,M,17.24,N,31.94,K*70
$GPGGA,083742.00,5938.22851,N,02452.22466,E,1,12,1.1,15.9,M,21.0,M,,*55
$GPRMC,083742.00,A,5938.22851,N,02452.22466,E,20.95,17.2,140625,,,A*64
$GPVTG,17.2,T,,M,20.95,N,38.79,K,A*32
$HEHDT,7.1,T*29
$VWVHW,7.1,T,,M,17.15,N,31.76,K*7D
$GPGGA,083743.00,5938.23426,N,02452.22861,E,1,12,1.1,15.6,M,21.0,M,,*5D
$GPRMC,083743.00,A,5938.23426,N,02452.22861,E,20.79,17.2,140625,,,A*61
$GPVTG,17.2,T,,M,20.79,N,38.50,K,A*3B
$HEHDT,7.3,T*2B
$VWVHW,7.3,T,,M,16.97,N,31.43,K*72
$GPGGA,083744.00,5938.23944,N,02452.23221,E,1,12,1.1,15.5,M,21.0,M,,*5F
$GPRMC,083744.00,A,5938.23944,N,02452.23221,E,20.83,17.0,140625,,,A*67
$GPVTG,17.0,T,,M,20.83,N,38.58,K,A*34
$HEHDT,7.2,T*2A
$VWVHW,7.2,T,,M,17.10,N,31.66,K*7A
$GPGGA,083745.00,5938.24471,N,02452.23482,E,1,12,1.1,15.3,M,21.0,M,,*5B
$GPRMC,083745.00,A,5938.24471,N,02452.23482,E,20.84,17.2,140625,,,A*60
$GPVTG,17.2,T,,M,20.84,N,38.60,K,A*3A
$HEHDT,7.1,T*29
$VWVHW,7.1,T,,M,17.15,N,31.76,K*7D
$GPGSV,2,1,08,03,67,049,46,08,41,104,45,11,20,159,45,14,45,214,46*79
$GPGSV,2,2,08,17,65,271,46,22,23,319,46,28,13,359,45,31,60,129,46*70
$GAGSV,2,1,05,04,50,079,45,09,33,189,46,12,63,244,45,24,09,294,46*6C
$GAGSV,2,2,05,31,20,029,46*54
$GPZDA,083745.00,14,06,2025,00,00*6D
$GPGGA,083746.00,5938.25078,N,02452.23846,E,1,12,1.1,15.8,M,21.0,M,,*5B
$GPRMC,083746.00,A,5938.25078,N,02452.23846,E,20.89,17.0,140625,,,A*64
$GPVTG,17.0,T,,M,20.89,N,38.69,K,A*3C
$HEHDT,7.1,T*29
$VWVHW,7.1,T,,M,17.12,N,31.71,K*7D
$GPGGA,083747.00,5938.25630,N,02452.24205,E,1,12,1.1,16.2,M,21.0,M,,*53
$GPRMC,083747.00,A,5938.25630,N,02452.24205,E,20.87,16.9,140625,,,A*63
$GPVTG,16.9,T,,M,20.87,N,38.65,K,A*36
$HEHDT,7.1,T*29
$VWVHW,7.1,T,,M,16.94,N,31.38,K*7F
$GPGGA,083748.00,5938.26226,N,02452.24456,E,1,12,1.1,16.2,M,21.0,M,,*5C
$GPRMC,083748.00,A,5938.26226,N,02452.24456,E,20.86,16.9,140625,,,A*6D
$GPVTG,16.9,T,,M,20.86,N,38.62,K,A*30
$HEHDT,6.9,T*20
$VWVHW,6.9,T,,M,16.97,N,31.43,K*79
$GPGGA,083749.00,5938.26714,N,02452.24843,E,1,12,1.1,16.0,M,21.0,M,,*53
$GPRMC,083749.00,A,5938.26714,N,02452.24843,E,20.87,17.1,140625,,,A*68
$GPVTG,17.1,T,,M,20.87,N,38.65,K,A*3F
$HEHDT,7.1,T*29
$VWVHW,7.1,T,,M,17.07,N,31.62,K*7B
$GPGGA,083750.00,5938.27306,N,02452.25156,E,1,12,1.1,16.2,M,21.0,M,,*53
$GPRMC,083750.00,A,5938.27306,N,02452.25156,E,20.78,16.7,140625,,,A*6D
$GPVTG,16.7,T,,M,20.78,N,38.49,K,A*36
$HEHDT,7.2,T*2A
$VWVHW,7.2,T,,M,17.05,N,31.58,K*73
$GPGSV,2,1,08,03,67,049,46,08,41,104,46,11,20,159,47,14,45,214,46*78
$GPGSV,2,2,08,17,65,271,46,22,23,319,46,28,13,359,45,31,60,129,46*70
$GAGSV,2,1,05,04,50,079,47,09,33,189,46,12,63,244,46,24,09,294,46*6D
$GAGSV,2,2,05,31,20,029,46*54
$GPZDA,083750.00,14,06,2025,00,00*69
$GPGGA,083751.00,5938.27877,N,02452.25460,E,1,12,1.1,16.0,M,21.0,M,,*5D
$GPRMC,083751.00,A,5938.27877,N,02452.25460,E,20.88,17.0,140625,,,A*68
$GPVTG,17.0,T,,M,20.88,N,38.68,K,A*3C
$HEHDT,7.3,T*2B
$VWVHW,7.3,T,,M,17.03,N,31.54,K*78
$GPGGA,083752.00,5938.28423,N,02452.25837,E,1,12,1.1,16.3,M,21.0,M,,*51
$GPRMC,083752.00,A,5938.28423,N,02452.25837,E,20.95,17.0,140625,,,A*6B
$GPVTG,17.0,T,,M,20.95,N,38.80,K,A*36
$HEHDT,7.3,T*2B
$VWVHW,7.3,T,,M,17.05,N,31.57,K*7D
$GPGGA,083753.00,5938.28965,N,02452.26236,E,1,12,1.1,16.6,M,21.0,M,,*52
$GPRMC,083753.00,A,5938.28965,N,02452.26236,E,21.04,16.9,140625,,,A*6C
$GPVTG,16.9,T,,M,21.04,N,38.96,K,A*30
$HEHDT,7.4,T*2C
$VWVHW,7.4,T,,M,17.12,N,31.71,K*78
$GPGGA,083754.00,5938.29483,N,02452.26559,E,1,12,1.1,16.6,M,21.0,M,,*5F
$GPRMC,083754.00,A,5938.29483,N,02452.26559,E,20.70,17.4,140625,,,A*6F
$GPVTG,17.4,T,,M,20.70,N,38.33,K,A*31
$HEHDT,7.5,T*2D
$VWVHW,7.5,T,,M,17.18,N,31.82,K*7F
$GPGGA,083755.00,5938.30066,N,02452.26785,E,1,12,1.1,15.3,M,21.0,M,,*5C
$GPRMC,083755.00,A,5938.30066,N,02452.26785,E,20.83,17.0,140625,,,A*62
$GPVTG,17.0,T,,M,20.83,N,38.58,K,A*34
$HEHDT,6.9,T*20
$VWVHW,6.9,T,,M,17.12,N,31.71,K*74
$GPGSV,2,1,08,03,67,049,46,08,41,104,46,11,20,159,46,14,45,214,46*79
$GPGSV,2,2,08,17,65,271,46,22,23,319,46,28,13,359,46,31,60,129,46*73
$GAGSV,2,1,05,04,50,079,46,09,33,189,46,12,63,244,46,24,09,294,47*6D
$GAGSV,2,2,05,31,20,029,46*54
$GPZDA,083755.00,14,06,2025,00,00*6C
$GPGGA,083756.00,5938.30589,N,02452.27203,E,1,12,1.1,15.5,M,21.0,M,,*57
$GPRMC,083756.00,A,5938.30589,N,02452.27203,E,20.81,17.4,140625,,,A*69
$GPVTG,17.4,T,,M,20.81,N,38.54,K,A*3E
$HEHDT,7.0,T*28
$VWVHW,7.0,T,,M,16.89,N,31.27,K*7C
$GPGGA,083757.00,5938.31159,N,02452.27518,E,1,12,1.1,16.0,M,21.0,M,,*55
$GPRMC,083757.00,A,5938.31159,N,02452.27518,E,20.91,17.1,140625,,,A*69
$GPVTG,17.1,T,,M,20.91,N,38.73,K,A*3F
$HEHDT,7.5,T*2D
$VWVHW,7.5,T,,M,17.10,N,31.67,K*7C
$GPGGA,083758.00,5938.31724,N,02452.27855,E,1,12,1.1,16.3,M,21.0,M,,*51
$GPRMC,083758.00,A,5938.31724,N,02452.27855,E,20.75,17.1,140625,,,A*64
$GPVTG,17.1,T,,M,20.75,N,38.42,K,A*37
$HEHDT,6.6,T*2F
$VWVHW,6.6,T,,M,16.98,N,31.45,K*7F
$GPGGA,083759.00,5938.32261,N,02452.28194,E,1,12,1.1,16.4,M,21.0,M,,*5B
$GPRMC,083759.00,A,5938.32261,N,02452.28194,E,20.88,17.0,140625,,,A*6A
$GPVTG,17.0,T,,M,20.88,N,38.67,K,A*33
$HEHDT,7.4,T*2C
$VWVHW,7.4,T,,M,17.10,N,31.67,K*7D
$GPGGA,083800.00,5938.32814,N,02452.28379,E,1,12,1.1,16.1,M,21.0,M,,*54
$GPRMC,083800.00,A,5938.32814,N,02452.28379,E,20.87,17.5,140625,,,A*6A
$GPVTG,17.5,T,,M,20.87,N,38.65,K,A*3B
$HEHDT,7.2,T*2A
$VWVHW,7.2,T,,M,17.12,N,31.71,K*7E
$GPGSV,2,1,08,03,67,049,46,08,41,104,46,11,20,159,45,14,45,214,46*7A
$GPGSV,2,2,08,17,65,271,45,22,23,319,46,28,13,359,47,31,60,129,46*71
$GAGSV,2,1,05,04,50,079,46,09,33,189,46,12,63,244,46,24,09,294,46*6C
$GAGSV,2,2,05,31,20,029,47*55
$GPZDA,083800.00,14,06,2025,00,00*63
$GPGGA,083801.00,5938.33344,N,02452.28837,E,1,12,1.1,15.8,M,21.0,M,,*51
$GPRMC,083801.00,A,5938.33344,N,02452.28837,E,20.92,17.4,140625,,,A*60
$GPVTG,17.4,T,,M,20.92,N,38.74,K,A*3E
$HEHDT,7.2,T*2A
$VWVHW,7.2,T,,M,16.92,N,31.34,K*76
$GPGGA,083802.00,5938.33908,N,02452.29156,E,1,12,1.1,16.1,M,21.0,M,,*55
$GPRMC,083802.00,A,5938.33908,N,02452.29156,E,20.86,16.8,140625,,,A*66
$GPVTG,16.8,T,,M,20.86,N,38.63,K,A*30
$HEHDT,7.2,T*2A
$VWVHW,7.2,T,,M,17.02,N,31.52,K*7E
$GPGGA,083803.00,5938.34477,N,02452.29363,E,1,12,1.1,16.1,M,21.0,M,,*52
$GPRMC,083803.00,A,5938.34477,N,02452.29363,E,20.81,16.6,140625,,,A*68
$GPVTG,16.6,T,,M,20.81,N,38.54,K,A*3D
$HEHDT,7.3,T*2B
$VWVHW,7.3,T,,M,16.97,N,31.44,K*75
$GPGGA,083804.00,5938.35050,N,02452.29854,E,1,12,1.1,16.3,M,21.0,M,,*58
$GPRMC,083804.00,A,5938.35050,N,02452.29854,E,20.83,16.9,140625,,,A*6D
$GPVTG,16.9,T,,M,20.83,N,38.58,K,A*3C
$HEHDT,7.2,T*2A
$VWVHW,7.2,T,,M,17.00,N,31.48,K*77
$GPGGA,083805.00,5938.35579,N,02452.30152,E,1,12,1.1,16.2,M,21.0,M,,*51
$GPRMC,083805.00,A,5938.35579,N,02452.30152,E,20.88,17.3,140625,,,A*65
$GPVTG,17.3,T,,M,20.88,N,38.67,K,A*30
$HEHDT,6.6,T*2F
$VWVHW,6.6,T,,M,16.96,N,31.41,K*75
$GPGSV,2,1,08,03,67,049,46,08,41,104,46,11,20,159,46,14,45,214,45*7A
$GPGSV,2,2,08,17,65,271,46,22,23,319,47,28,13,359,46,31,60,129,46*72
$GAGSV,2,1,05,04,50,079,46,09,33,189,46,12,63,244,46,24,09,294,46*6C
$GAGSV,2,2,05,31,20,029,46*54
$GPZDA,083805.00,14,06,2025,00,00*66
$GPGGA,083806.00,5938.36124,N,02452.30440,E,1,12,1.1,15.6,M,21.0,M,,*5C
$GPRMC,083806.00,A,5938.36124,N,02452.30440,E,20.89,16.8,140625,,,A*64
$GPVTG,16.8,T,,M,20.89,N,38.69,K,A*35
$HEHDT,7.0,T*28
$VWVHW,7.0,T,,M,17.09,N,31.65,K*73
$GPGGA,083807.00,5938.36671,N,02452.30801,E,1,12,1.1,16.8,M,21.0,M,,*5E
$GPRMC,083807.00,A,5938.36671,N,02452.30801,E,20.62,17.1,140625,,,A*66
$GPVTG,17.1,T,,M,20.62,N,38.19,K,A*3F
$HEHDT,7.4,T*2C
$VWVHW,7.4,T,,M,17.05,N,31.58,K*75
$GPGGA,083808.00,5938.37244,N,02452.31138,E,1,12,1.1,15.9,M,21.0,M,,*52
$GPRMC,083808.00,A,5938.37244,N,02452.31138,E,20.90,17.5,140625,,,A*61
$GPVTG,17.5,T,,M,20.90,N,38.71,K,A*38
$HEHDT,7.6,T*2E
$VWVHW,7.6,T,,M,17.02,N,31.51,K*79
$GPGGA,083809.00,5938.37744,N,02452.31454,E,1,12,1.1,16.3,M,21.0,M,,*50
$GPRMC,083809.00,A,5938.37744,N,02452.31454,E,20.77,17.1,140625,,,A*67
$GPVTG,17.1,T,,M,20.77,N,38.46,K,A*31
$HEHDT,7.0,T*28
$VWVHW,7.0,T,,M,17.02,N,31.53,K*7D
$GPGGA,083810.00,5938.38304,N,02452.31687,E,1,12,1.1,16.7,M,21.0,M,,*5F
$GPRMC,083810.00,A,5938.38304,N,02452.31687,E,20.69,17.4,140625,,,A*66
$GPVTG,17.4,T,,M,20.69,N,38.33,K,A*39
$HEHDT,7.4,T*2C
$VWVHW,7.4,T,,M,16.85,N,31.21,K*72
$GPGSV,2,1,08,03,67,049,46,08,41,104,46,11,20,159,46,14,45,214,46*79
$GPGSV,2,2,08,17,65,271,46,22,23,319,46,28,13,359,46,31,60,129,46*73
$GAGSV,2,1,05,04,50,079,46,09,33,189,46,12,63,244,46,24,09,294,46*6C
$GAGSV,2,2,05,31,20,029,46*54
$GPZDA,083810.00,14,06,2025,00,00*62
$GPGGA,083811.00,5938.38882,N,02452.32053,E,1,12,1.1,16.7,M,21.0,M,,*57
$GPRMC,083811.00,A,5938.38882,N,02452.32053,E,20.79,17.3,140625,,,A*68
$GPVTG,17.3,T,,M,20.79,N,38.50,K,A*3A
$HEHDT,7.2,T*2A
$VWVHW,7.2,T,,M,16.88,N,31.27,K*7F
$GPGGA,083812.00,5938.39445,N,02452.32439,E,1,12,1.1,16.1,M,21.0,M,,*5C
$GPRMC,083812.00,A,5938.39445,N,02452.32439,E,20.63,16.9,140625,,,A*65
$GPVTG,16.9,T,,M,20.63,N,38.20,K,A*3D
$HEHDT,7.4,T*2C
$VWVHW,7.4,T,,M,16.96,N,31.40,K*77
$GPGGA,083813.00,5938.40028,N,02452.32762,E,1,12,1.1,16.3,M,21.0,M,,*53
$GPRMC,083813.00,A,5938.40028,N,02452.32762,E,20.95,17.2,140625,,,A*6B
$GPVTG,17.2,T,,M,20.95,N,38.80,K,A*34
$HEHDT,7.0,T*28
$VWVHW,7.0,T,,M,17.07,N,31.62,K*7A
$GPGGA,083814.00,5938.40569,N,02452.33102,E,1,12,1.1,16.5,M,21.0,M,,*53
$GPRMC,083814.00,A,5938.40569,N,02452.33102,E,20.74,17.0,140625,,,A*60
$GPVTG,17.0,T,,M,20.74,N,38.41,K,A*34
$HEHDT,6.9,T*20
$VWVHW,6.9,T,,M,16.92,N,31.33,K*7B
$GPGGA,083815.00,5938.41089,N,02452.33360,E,1,12,1.1,17.0,M,21.0,M,,*5A
$GPRMC,083815.00,A,5938.41089,N,02452.33360,E,20.85,17.0,140625,,,A*63
$GPVTG,17.0,T,,M,20.85,N,38.61,K,A*38
$HEHDT,6.7,T*2E
$VWVHW,6.7,T,,M,17.04,N,31.56,K*78
$GPGSV,2,1,08,03,67,049,46,08,41,104,46,11,20,159,47,14,45,214,46*78
$GPGSV,2,2,08,17,65,271,47,22,23,319,47,28,13,359,46,31,60,129,46*73
$GAGSV,2,1,05,04,50,079,46,09,33,189,46,12,63,244,47,24,09,294,46*6D
$GAGSV,2,2,05,31,20,029,47*55
$GPZDA,083815.00,14,06,2025,00,00*67
$GPGGA,083816.00,5938.41624,N,02452.33757,E,1,12,1.1,17.0,M,21.0,M,,*58
$GPRMC,083816.00,A,5938.41624,N,02452.33757,E,20.72,17.3,140625,,,A*6A
$GPVTG,17.3,T,,M,20.72,N,38.38,K,A*3F
$HEHDT,7.4,T*2C
$VWVHW,7.4,T,,M,16.97,N,31.43,K*75
$GPGGA,083817.00,5938.42140,N,02452.33935,E,1,12,1.1,17.0,M,21.0,M,,*55
$GPRMC,083817.00,A,5938.42140,N,02452.33935,E,20.67,17.1,140625,,,A*61
$GPVTG,17.1,T,,M,20.67,N,38.27,K,A*37
$HEHDT,7.4,T*2C
$VWVHW,7.4,T,,M,17.12,N,31.71,K*78
$GPGGA,083818.00,5938.42740,N,02452.34299,E,1,12,1.1,16.7,M,21.0,M,,*50
$GPRMC,083818.00,A,5938.42740,N,02452.34299,E,20.85,17.1,140625,,,A*6E
$GPVTG,17.1,T,,M,20.85,N,38.62,K,A*3A
$HEHDT,7.3,T*2B
$VWVHW,7.3,T,,M,16.88,N,31.26,K*7F
$GPGGA,083819.00,5938.43284,N,02452.34761,E,1,12,1.1,16.9,M,21.0,M,,*51
$GPRMC,083819.00,A,5938.43284,N,02452.34761,E,20.79,17.6,140625,,,A*65
$GPVTG,17.6,T,,M,20.79,N,38.51,K,A*3E
$HEHDT,6.9,T*20
$VWVHW,6.9,T,,M,16.91,N,31.32,K*79
$GPGGA,083820.00,5938.43854,N,02452.35133,E,1,12,1.1,16.7,M,21.0,M,,*52
$GPRMC,083820.00,A,5938.43854,N,02452.35133,E,20.96,16.9,140625,,,A*67
$GPVTG,16.9,T,,M,20.96,N,38.81,K,A*3C
$HEHDT,7.3,T*2B
$VWVHW,7.3,T,,M,16.82,N,31.15,K*75
$GPGSV,2,1,08,03,67,049,46,08,41,104,46,11,20,159,46,14,45,214,46*79
$GPGSV,2,2,08,17,65,271,46,22,23,319,47,28,13,359,45,31,60,129,46*71
$GAGSV,2,1,05,04,50,079,46,09,33,189,46,12,63,244,46,24,09,294,46*6C
$GAGSV,2,2,05,31,20,029,45*57
$GPZDA,083820.00,14,06,2025,00,00*61
$GPGGA,083821.00,5938.44375,N,02452.35331,E,1,12,1.1,16.7,M,21.0,M,,*5C
$GPRMC,083821.00,A,5938.44375,N,02452.35331,E,20.90,17.4,140625,,,A*63
$GPVTG,17.4,T,,M,20.90,N,38.70,K,A*38
$HEHDT,7.3,T*2B
$VWVHW,7.3,T,,M,16.86,N,31.23,K*74
$GPGGA,083822.00,5938.44911,N,02452.35705,E,1,12,1.1,16.7,M,21.0,M,,*54
$GPRMC,083822.00,A,5938.44911,N,02452.35705,E,20.76,17.2,140625,,,A*65
$GPVTG,17.2,T,,M,20.76,N,38.45,K,A*30
$HEHDT,7.1,T*29
$VWVHW,7.1,T,,M,17.15,N,31.77,K*7C
$GPGGA,083823.00,5938.45488,N,02452.35992,E,1,12,1.1,17.0,M,21.0,M,,*5F
$GPRMC,083823.00,A,5938.45488,N,02452.35992,E,20.74,16.8,140625,,,A*61
$GPVTG,16.8,T,,M,20.74,N,38.41,K,A*3D
$HEHDT,6.7,T*2E
$VWVHW,6.7,T,,M,16.96,N,31.40,K*75
$GPGGA,083824.00,5938.46014,N,02452.36293,E,1,12,1.1,16.8,M,21.0,M,,*5A
$GPRMC,083824.00,A,5938.46014,N,02452.36293,E,20.79,17.4,140625,,,A*6D
$GPVTG,17.4,T,,M,20.79,N,38.51,K,A*3C
$HEHDT,7.6,T*2E
$VWVHW,7.6,T,,M,16.95,N,31.40,K*76
$GPGGA,083825.00,5938.46531,N,02452.36665,E,1,12,1.1,16.7,M,21.0,M,,*5B
$GPRMC,083825.00,A,5938.46531,N,02452.36665,E,20.78,16.5,140625,,,A*62
$GPVTG,16.5,T,,M,20.78,N,38.49,K,A*34
$HEHDT,7.1,T*29
$VWVHW,7.1,T,,M,17.02,N,31.53,K*7C
$GPGSV,2,1,08,03,67,049,46,08,41,104,46,11,20,159,46,14,45,214,45*7A
$GPGSV,2,2,08,17,65,271,45,22,23,319,46,28,13,359,46,31,60,129,45*73
$GAGSV,2,1,05,04,50,079,46,09,33,189,45,12,63,244,46,24,09,294,46*6F
$GAGSV,2,2,05,31,20,029,46*54
$GPZDA,083825.00,14,06,2025,00,00*64
$GPGGA,083826.00,5938.47106,N,02452.36958,E,1,12,1.1,16.5,M,21.0,M,,*5A
$GPRMC,083826.00,A,5938.47106,N,02452.36958,E,20.77,17.4,140625,,,A*6E
$GPVTG,17.4,T,,M,20.77,N,38.47,K,A*35
$HEHDT,7.2,T*2A
$VWVHW,7.2,T,,M,17.00,N,31.48,K*77
$GPGGA,083827.00,5938.47615,N,02452.37246,E,1,12,1.1,16.8,M,21.0,M,,*56
$GPRMC,083827.00,A,5938.47615,N,02452.37246,E,20.86,17.4,140625,,,A*61
$GPVTG,17.4,T,,M,20.86,N,38.63,K,A*3D
$HEHDT,7.1,T*29
$VWVHW,7.1,T,,M,16.83,N,31.18,K*7B
$GPGGA,083828.00,5938.48167,N,02452.37627,E,1,12,1.1,17.3,M,21.0,M,,*5D
$GPRMC,083828.00,A,5938.48167,N,02452.37627,E,20.76,17.1,140625,,,A*6A
$GPVTG,17.1,T,,M,20.76,N,38.45,K,A*33
$HEHDT,7.0,T*28
$VWVHW,7.0,T,,M,17.06,N,31.60,K*79
$GPGGA,083829.00,5938.48770,N,02452.37959,E,1,12,1.1,17.2,M,21.0,M,,*5B
$GPRMC,083829.00,A,5938.48770,N,02452.37959,E,20.74,16.8,140625,,,A*67
$GPVTG,16.8,T,,M,20.74,N,38.41,K,A*3D
$HEHDT,7.2,T*2A
$VWVHW,7.2,T,,M,17.03,N,31.53,K*7E
$GPGGA,083830.00,5938.49282,N,02452.38304,E,1,12,1.1,16.6,M,21.0,M,,*52
$GPRMC,083830.00,A,5938.49282,N,02452.38304,E,20.78,17.3,140625,,,A*6D
$GPVTG,17.3,T,,M,20.78,N,38.49,K,A*33
$HEHDT,7.0,T*28
$VWVHW,7.0,T,,M,16.90,N,31.30,K*72
$GPGSV,2,1,08,03,67,049,46,08,41,104,46,11,20,159,46,14,45,214,46*79
$GPGSV,2,2,08,17,65,271,46,22,23,319,47,28,13,359,47,31,60,129,47*72
$GAGSV,2,1,05,04,50,079,46,09,33,189,46,12,63,244,46,24,09,294,45*6F
$GAGSV,2,2,05,31,20,029,46*54
$GPZDA,083830.00,14,06,2025,00,00*60
$GPGGA,083831.00,5938.49794,N,02452.38673,E,1,12,1.1,16.7,M,21.0,M,,*55
$GPRMC,083831.00,A,5938.49794,N,02452.38673,E,20.75,17.0,140625,,,A*65
$GPVTG,17.0,T,,M,20.75,N,38.43,K,A*37
$HEHDT,6.9,T*20
$VWVHW,6.9,T,,M,16.95,N,31.39,K*76
$GPGGA,083832.00,5938.50366,N,02452.38987,E,1,12,1.1,17.2,M,21.0,M,,*57
$GPRMC,083832.00,A,5938.50366,N,02452.38987,E,20.74,16.8,140625,,,A*6B
$GPVTG,16.8,T,,M,20.74,N,38.41,K,A*3D
$HEHDT,7.2,T*2A
$VWVHW,7.2,T,,M,17.11,N,31.68,K*75
$GPGGA,083833.00,5938.50876,N,02452.39325,E,1,12,1.1,17.0,M,21.0,M,,*5D
$GPRMC,083833.00,A,5938.50876,N,02452.39325,E,20.62,17.2,140625,,,A*6F
$GPVTG,17.2,T,,M,20.62,N,38.19,K,A*3C
$HEHDT,7.3,T*2B
$VWVHW,7.3,T,,M,16.96,N,31.40,K*70
$GPGGA,083834.00,5938.51457,N,02452.39689,E,1,12,1.1,17.0,M,21.0,M,,*57
$GPRMC,083834.00,A,5938.51457,N,02452.39689,E,20.78,17.1,140625,,,A*6D
$GPVTG,17.1,T,,M,20.78,N,38.48,K,A*30
$HEHDT,6.9,T*20
$VWVHW,6.9,T,,M,17.04,N,31.56,K*76
$GPGGA,083835.00,5938.52000,N,02452.40007,E,1,12,1.1,16.8,M,21.0,M,,*54
$GPRMC,083835.00,A,5938.52000,N,02452.40007,E,20.68,17.2,140625,,,A*65
$GPVTG,17.2,T,,M,20.68,N,38.30,K,A*3D
$HEHDT,7.6,T*2E
$VWVHW,7.6,T,,M,16.99,N,31.47,K*7D
$GPGSV,2,1,08,03,67,049,45,08,41,104,46,11,20,159,45,14,45,214,46*79
$GPGSV,2,2,08,17,65,271,46,22,23,319,46,28,13,359,46,31,60,129,46*73
$GAGSV,2,1,05,04,50,079,47,09,33,189,45,12,63,244,45,24,09,294,47*6C
$GAGSV,2,2,05,31,20,029,46*54
$GPZDA,083835.00,14,06,2025,00,00*65
$GPGGA,083836.00,5938.52546,N,02452.40350,E,1,12,1.1,16.6,M,21.0,M,,*5F
$GPRMC,083836.00,A,5938.52546,N,02452.40350,E,20.72,17.3,140625,,,A*6A
$GPVTG,17.3,T,,M,20.72,N,38.38,K,A*3F
$HEHDT,7.0,T*28
$VWVHW,7.0,T,,M,17.02,N,31.52,K*7C
$GPGGA,083837.00,5938.53059,N,02452.40719,E,1,12,1.1,16.4,M,21.0,M,,*5F
$GPRMC,083837.00,A,5938.53059,N,02452.40719,E,20.88,17.4,140625,,,A*6A
$GPVTG,17.4,T,,M,20.88,N,38.66,K,A*36
$HEHDT,6.8,T*21
$VWVHW,6.8,T,,M,17.08,N,31.62,K*7C
$GPGGA,083838.00,5938.53610,N,02452.41066,E,1,12,1.1,16.9,M,21.0,M,,*58
$GPRMC,083838.00,A,5938.53610,N,02452.41066,E,20.72,17.2,140625,,,A*63
$GPVTG,17.2,T,,M,20.72,N,38.37,K,A*31
$HEHDT,6.6,T*2F
$VWVHW,6.6,T,,M,16.77,N,31.05,K*7A
$GPGGA,083839.00,5938.54189,N,02452.41277,E,1,12,1.1,17.1,M,21.0,M,,*52
$GPRMC,083839.00,A,5938.54189,N,02452.41277,E,20.93,17.0,140625,,,A*6D
$GPVTG,17.0,T,,M,20.93,N,38.75,K,A*3A
$HEHDT,7.0,T*28
$VWVHW,7.0,T,,M,17.00,N,31.48,K*75
$GPGGA,083840.00,5938.54719,N,02452.41728,E,1,12,1.1,17.0,M,21.0,M,,*5D
$GPRMC,083840.00,A,5938.54719,N,02452.41728,E,20.72,17.0,140625,,,A*6C
$GPVTG,17.0,T,,M,20.72,N,38.37,K,A*33
$HEHDT,7.1,T*29
$VWVHW,7.1,T,,M,17.09,N,31.66,K*71
$GPGSV,2,1,08,03,67,049,47,08,41,104,45,11,20,159,46,14,45,214,46*7B
$GPGSV,2,2,08,17,65,271,47,22,23,319,46,28,13,359,46,31,60,129,46*72
$GAGSV,2,1,05,04,50,079,46,09,33,189,46,12,63,244,46,24,09,294,45*6F
$GAGSV,2,2,05,31,20,029,46*54
$GPZDA,083840.00,14,06,2025,00,00*67
$GPGGA,083841.00,5938.55249,N,02452.42057,E,1,12,1.1,16.9,M,21.0,M,,*59
$GPRMC,083841.00,A,5938.55249,N,02452.42057,E,20.67,17.1,140625,,,A*65
$GPVTG,17.1,T,,M,20.67,N,38.29,K,A*39
$HEHDT,7.1,T*29
$VWVHW,7.1,T,,M,16.90,N,31.30,K*73
$GPGGA,083842.00,5938.55837,N,02452.42371,E,1,12,1.1,16.9,M,21.0,M,,*5E
$GPRMC,083842.00,A,5938.55837,N,02452.42371,E,20.71,17.4,140625,,,A*60
$GPVTG,17.4,T,,M,20.71,N,38.36,K,A*35
$HEHDT,7.1,T*29
$VWVHW,7.1,T,,M,16.85,N,31.21,K*77
$GPGGA,083843.00,5938.56380,N,02452.42670,E,1,12,1.1,16.6,M,21.0,M,,*50
$GPRMC,083843.00,A,5938.56380,N,02452.42670,E,20.69,17.0,140625,,,A*6C
$GPVTG,17.0,T,,M,20.69,N,38.31,K,A*3F
$HEHDT,6.6,T*2F
$VWVHW,6.6,T,,M,17.07,N,31.61,K*7E
$GPGGA,083844.00,5938.56883,N,02452.42990,E,1,12,1.1,17.0,M,21.0,M,,*59
$GPRMC,083844.00,A,5938.56883,N,02452.42990,E,20.60,17.1,140625,,,A*6A
$GPVTG,17.1,T,,M,20.60,N,38.15,K,A*31
$HEHDT,7.1,T*29
$VWVHW,7.1,T,,M,16.96,N,31.41,K*73
$GPGGA,083845.00,5938.57445,N,02452.43302,E,1,12,1.1,16.3,M,21.0,M,,*5D
$GPRMC,083845.00,A,5938.57445,N,02452.43302,E,20.58,17.1,140625,,,A*67
$GPVTG,17.1,T,,M,20.58,N,38.11,K,A*3E
$HEHDT,7.0,T*28
$VWVHW,7.0,T,,M,16.89,N,31.29,K*72
$GPGSV,2,1,08,03,67,049,45,08,41,104,46,11,20,159,46,14,45,214,46*7A
$GPGSV,2,2,08,17,65,271,47,22,23,319,46,28,13,359,45,31,60,129,46*71
$GAGSV,2,1,05,04,50,079,46,09,33,189,46,12,63,244,46,24,09,294,46*6C
$GAGSV,2,2,05,31,20,029,46*54
$GPZDA,083845.00,14,06,2025,00,00*62
$GPGGA,083846.00,5938.57979,N,02452.43649,E,1,12,1.1,16.4,M,21.0,M,,*51
$GPRMC,083846.00,A,5938.57979,N,02452.43649,E,20.89,16.7,140625,,,A*67
$GPVTG,16.7,T,,M,20.89,N,38.68,K,A*3B
$HEHDT,6.5,T*2C
$VWVHW,6.5,T,,M,16.82,N,31.16,K*71
$GPGGA,083847.00,5938.58559,N,02452.44001,E,1,12,1.1,16.5,M,21.0,M,,*5D
$GPRMC,083847.00,A,5938.58559,N,02452.44001,E,20.81,17.1,140625,,,A*65
$GPVTG,17.1,T,,M,20.81,N,38.54,K,A*3B
$HEHDT,7.4,T*2C
$VWVHW,7.4,T,,M,16.76,N,31.03,K*7E
$GPGGA,083848.00,5938.59069,N,02452.44332,E,1,12,1.1,16.9,M,21.0,M,,*5A
$GPRMC,083848.00,A,5938.59069,N,02452.44332,E,20.67,17.2,140625,,,A*65
$GPVTG,17.2,T,,M,20.67,N,38.28,K,A*3B
$HEHDT,7.0,T*28
$VWVHW,7.0,T,,M,16.90,N,31.30,K*72
$GPGGA,083849.00,5938.59622,N,02452.44644,E,1,12,1.1,16.5,M,21.0,M,,*5A
$GPRMC,083849.00,A,5938.59622,N,02452.44644,E,20.58,17.4,140625,,,A*63
$GPVTG,17.4,T,,M,20.58,N,38.12,K,A*38
$HEHDT,6.8,T*21
$VWVHW,6.8,T,,M,16.89,N,31.28,K*7A
$GPGGA,083850.00,5938.60184,N,02452.44973,E,1,12,1.1,16.5,M,21.0,M,,*58
$GPRMC,083850.00,A,5938.60184,N,02452.44973,E,20.88,17.1,140625,,,A*69
$GPVTG,17.1,T,,M,20.88,N,38.66,K,A*33
$HEHDT,7.0,T*28
$VWVHW,7.0,T,,M,16.92,N,31.33,K*73
$GPGSV,2,1,08,03,67,049,46,08,41,104,46,11,20,159,46,14,45,214,46*79
$GPGSV,2,2,08,17,65,271,46,22,23,319,45,28,13,359,46,31,60,129,46*70
$GAGSV,2,1,05,04,50,079,46,09,33,189,46,12,63,244,46,24,09,294,46*6C
$GAGSV,2,2,05,31,20,029,45*57
$GPZDA,083850.00,14,06,2025,00,00*66
$GPGGA,083851.00,5938.60704,N,02452.45393,E,1,12,1.1,16.4,M,21.0,M,,*53
$GPRMC,083851.00,A,5938.60704,N,02452.45393,E,20.82,17.2,140625,,,A*6A
$GPVTG,17.2,T,,M,20.82,N,38.55,K,A*3A
$HEHDT,7.4,T*2C
$VWVHW,7.4,T,,M,16.94,N,31.37,K*75
$GPGGA,083852.00,5938.61287,N,02452.45670,E,1,12,1.1,16.2,M,21.0,M,,*51
$GPRMC,083852.00,A,5938.61287,N,02452.45670,E,20.72,17.0,140625,,,A*63
$GPVTG,17.0,T,,M,20.72,N,38.37,K,A*33
$HEHDT,7.2,T*2A
$VWVHW,7.2,T,,M,16.86,N,31.22,K*74
$GPGGA,083853.00,5938.61866,N,02452.46000,E,1,12,1.1,16.9,M,21.0,M,,*5C
$GPRMC,083853.00,A,5938.61866,N,02452.46000,E,20.81,17.1,140625,,,A*68
$GPVTG,17.1,T,,M,20.81,N,38.53,K,A*3C
$HEHDT,6.9,T*20
$VWVHW,6.9,T,,M,16.87,N,31.24,K*79
$GPGGA,083854.00,5938.62378,N,02452.46290,E,1,12,1.1,16.8,M,21.0,M,,*56
$GPRMC,083854.00,A,5938.62378,N,02452.46290,E,20.80,17.1,140625,,,A*62
$GPVTG,17.1,T,,M,20.80,N,38.52,K,A*3C
$HEHDT,7.6,T*2E
$VWVHW,7.6,T,,M,17.00,N,31.49,K*72
$GPGGA,083855.00,5938.62909,N,02452.46627,E,1,12,1.1,16.5,M,21.0,M,,*5E
$GPRMC,083855.00,A,5938.62909,N,02452.46627,E,20.84,16.8,140625,,,A*6B
$GPVTG,16.8,T,,M,20.84,N,38.60,K,A*31
$HEHDT,7.2,T*2A
$VWVHW,7.2,T,,M,16.95,N,31.39,K*7C
$GPGSV,2,1,08,03,67,049,46,08,41,104,46,11,20,159,46,14,45,214,46*79
$GPGSV,2,2,08,17,65,271,46,22,23,319,46,28,13,359,46,31,60,129,46*73
$GAGSV,2,1,05,04,50,079,46,09,33,189,46,12,63,244,45,24,09,294,47*6E
$GAGSV,2,2,05,31,20,029,46*54
$GPZDA,083855.00,14,06,2025,00,00*63
$GPGGA,083856.00,5938.63509,N,02452.46959,E,1,12,1.1,17.0,M,21.0,M,,*52
$GPRMC,083856.00,A,5938.63509,N,02452.46959,E,20.67,17.4,140625,,,A*63
$GPVTG,17.4,T,,M,20.67,N,38.28,K,A*3D
$HEHDT,7.0,T*28
$VWVHW,7.0,T,,M,16.84,N,31.19,K*7C
$GPGGA,083857.00,5938.64055,N,02452.47254,E,1,12,1.1,17.0,M,21.0,M,,*5F
$GPRMC,083857.00,A,5938.64055,N,02452.47254,E,20.70,17.3,140625,,,A*6F
$GPVTG,17.3,T,,M,20.70,N,38.34,K,A*31
$HEHDT,7.3,T*2B
$VWVHW,7.3,T,,M,16.90,N,31.30,K*71
$GPGGA,083858.00,5938.64596,N,02452.47604,E,1,12,1.1,17.3,M,21.0,M,,*58
$GPRMC,083858.00,A,5938.64596,N,02452.47604,E,20.68,17.5,140625,,,A*64
$GPVTG,17.5,T,,M,20.68,N,38.30,K,A*3A
$HEHDT,7.4,T*2C
$VWVHW,7.4,T,,M,16.96,N,31.41,K*76
$GPGGA,083859.00,5938.65132,N,02452.47851,E,1,12,1.1,16.5,M,21.0,M,,*5B
$GPRMC,083859.00,A,5938.65132,N,02452.47851,E,20.74,17.0,140625,,,A*68
$GPVTG,17.0,T,,M,20.74,N,38.41,K,A*34
$HEHDT,7.1,T*29
$VWVHW,7.1,T,,M,16.95,N,31.40,K*71
$GPGGA,083900.00,5938.65699,N,02452.48222,E,1,12,1.1,16.5,M,21.0,M,,*51
$GPRMC,083900.00,A,5938.65699,N,02452.48222,E,20.79,17.1,140625,,,A*6E
$GPVTG,17.1,T,,M,20.79,N,38.50,K,A*38
$HEHDT,7.2,T*2A
$VWVHW,7.2,T,,M,17.12,N,31.71,K*7E
$GPGSV,2,1,08,03,67,049,46,08,41,104,46,11,20,159,46,14,45,214,46*79
$GPGSV,2,2,08,17,65,271,45,22,23,319,46,28,13,359,46,31,60,129,47*71
$GAGSV,2,1,05,04,50,079,46,09,33,189,46,12,63,244,46,24,09,294,46*6C
$GAGSV,2,2,05,31,20,029,46*54
$GPZDA,083900.00,14,06,2025,00,00*62
$GPGGA,083901.00,5938.66260,N,02452.48457,E,1,12,1.1,16.8,M,21.0,M,,*58
$GPRMC,083901.00,A,5938.66260,N,02452.48457,E,20.86,17.3,140625,,,A*68
$GPVTG,17.3,T,,M,20.86,N,38.63,K,A*3A
$HEHDT,7.0,T*28
$VWVHW,7.0,T,,M,17.08,N,31.63,K*74
$GPGGA,083902.00,5938.66804,N,02452.48735,E,1,12,1.1,16.6,M,21.0,M,,*5A
$GPRMC,083902.00,A,5938.66804,N,02452.48735,E,20.92,17.1,140625,,,A*63
$GPVTG,17.1,T,,M,20.92,N,38.75,K,A*3A
$HEHDT,7.1,T*29
$VWVHW,7.1,T,,M,16.98,N,31.45,K*79
$GPGGA,083903.00,5938.67380,N,02452.49150,E,1,12,1.1,16.4,M,21.0,M,,*5B
$GPRMC,083903.00,A,5938.67380,N,02452.49150,E,20.71,17.2,140625,,,A*6E
$GPVTG,17.2,T,,M,20.71,N,38.36,K,A*33
$HEHDT,7.1,T*29
$VWVHW,7.1,T,,M,16.88,N,31.26,K*7D
$GPGGA,083904.00,5938.67973,N,02452.49451,E,1,12,1.1,16.9,M,21.0,M,,*53
$GPRMC,083904.00,A,5938.67973,N,02452.49451,E,20.71,17.0,140625,,,A*69
$GPVTG,17.0,T,,M,20.71,N,38.35,K,A*32
$HEHDT,6.9,T*20
$VWVHW,6.9,T,,M,17.01,N,31.49,K*7D
$GPGGA,083905.00,5938.68488,N,02452.49837,E,1,12,1.1,16.8,M,21.0,M,,*59
$GPRMC,083905.00,A,5938.68488,N,02452.49837,E,20.90,16.8,140625,,,A*64
$GPVTG,16.8,T,,M,20.90,N,38.70,K,A*35
$HEHDT,7.5,T*2D
$VWVHW,7.5,T,,M,16.97,N,31.44,K*73
$GPGSV,2,1,08,03,67,049,45,08,41,104,46,11,20,159,46,14,45,214,45*79
$GPGSV,2,2,08,17,65,271,46,22,23,319,46,28,13,359,47,31,60,129,46*72
$GAGSV,2,1,05,04,50,079,46,09,33,189,46,12,63,244,46,24,09,294,46*6C
$GAGSV,2,2,05,31,20,029,46*54
$GPZDA,083905.00,14,06,2025,00,00*67
$GPGGA,083906.00,5938.69017,N,02452.50171,E,1,12,1.1,16.8,M,21.0,M,,*5A
$GPRMC,083906.00,A,5938.69017,N,02452.50171,E,20.67,17.0,140625,,,A*66
$GPVTG,17.0,T,,M,20.67,N,38.28,K,A*39
$HEHDT,7.0,T*28
$VWVHW,7.0,T,,M,16.94,N,31.38,K*7E
$GPGGA,083907.00,5938.69545,N,02452.50516,E,1,12,1.1,16.5,M,21.0,M,,*51
$GPRMC,083907.00,A,5938.69545,N,02452.50516,E,20.84,16.9,140625,,,A*65
$GPVTG,16.9,T,,M,20.84,N,38.59,K,A*3A
$HEHDT,7.2,T*2A
$VWVHW,7.2,T,,M,16.97,N,31.42,K*72
$GPGGA,083908.00,5938.70088,N,02452.50826,E,1,12,1.1,16.6,M,21.0,M,,*5F
$GPRMC,083908.00,A,5938.70088,N,02452.50826,E,20.67,17.2,140625,,,A*6F
$GPVTG,17.2,T,,M,20.67,N,38.28,K,A*3B
$HEHDT,7.5,T*2D
$VWVHW,7.5,T,,M,16.76,N,31.04,K*78
$GPGGA,083909.00,5938.70646,N,02452.51180,E,1,12,1.1,16.2,M,21.0,M,,*5A
$GPRMC,083909.00,A,5938.70646,N,02452.51180,E,20.72,17.1,140625,,,A*69
$GPVTG,17.1,T,,M,20.72,N,38.38,K,A*3D
$HEHDT,6.6,T*2F
$VWVHW,6.6,T,,M,16.96,N,31.41,K*75
$GPGGA,083910.00,5938.71224,N,02452.51460,E,1,12,1.1,16.3,M,21.0,M,,*59
$GPRMC,083910.00,A,5938.71224,N,02452.51460,E,20.91,17.0,140625,,,A*67
$GPVTG,17.0,T,,M,20.91,N,38.72,K,A*3F
$HEHDT,7.5,T*2D
$VWVHW,7.5,T,,M,16.90,N,31.31,K*76
$GPGSV,2,1,08,03,67,049,46,08,41,104,46,11,20,159,46,14,45,214,45*7A
$GPGSV,2,2,08,17,65,271,46,22,23,319,47,28,13,359,46,31,60,129,46*72
$GAGSV,2,1,05,04,50,079,46,09,33,189,46,12,63,244,46,24,09,294,45*6F
$GAGSV,2,2,05,31,20,029,47*55
$GPZDA,083910.00,14,06,2025,00,00*63
$GPGGA,083911.00,5938.71766,N,02452.51763,E,1,12,1.1,16.2,M,21.0,M,,*5A
$GPRMC,083911.00,A,5938.71766,N,02452.51763,E,20.81,16.8,140625,,,A*6D
$GPVTG,16.8,T,,M,20.81,N,38.54,K,A*33
$HEHDT,7.3,T*2B
$VWVHW,7.3,T,,M,16.90,N,31.30,K*71
$GPGGA,083912.00,5938.72354,N,02452.52111,E,1,12,1.1,16.6,M,21.0,M,,*5B
$GPRMC,083912.00,A,5938.72354,N,02452.52111,E,20.78,17.1,140625,,,A*66
$GPVTG,17.1,T,,M,20.78,N,38.49,K,A*31
$HEHDT,7.4,T*2C
$VWVHW,7.4,T,,M,17.04,N,31.57,K*7B
$GPGGA,083913.00,5938.72884,N,02452.52518,E,1,12,1.1,16.8,M,21.0,M,,*5F
$GPRMC,083913.00,A,5938.72884,N,02452.52518,E,20.70,17.3,140625,,,A*66
$GPVTG,17.3,T,,M,20.70,N,38.34,K,A*31
$HEHDT,6.9,T*20
$VWVHW,6.9,T,,M,17.05,N,31.58,K*79
$GPGGA,083914.00,5938.73405,N,02452.52771,E,1,12,1.1,16.9,M,21.0,M,,*50
$GPRMC,083914.00,A,5938.73405,N,02452.52771,E,20.80,16.9,140625,,,A*6C
$GPVTG,16.9,T,,M,20.80,N,38.51,K,A*36
$HEHDT,6.9,T*20
$VWVHW,6.9,T,,M,17.09,N,31.65,K*7B
$GPGGA,083915.00,5938.74025,N,02452.53113,E,1,12,1.1,16.5,M,21.0,M,,*5F
$GPRMC,083915.00,A,5938.74025,N,02452.53113,E,20.85,17.1,140625,,,A*63
$GPVTG,17.1,T,,M,20.85,N,38.62,K,A*3A
$HEHDT,6.8,T*21
$VWVHW,6.8,T,,M,17.11,N,31.69,K*7F
$GPGSV,2,1,08,03,67,049,46,08,41,104,46,11,20,159,47,14,45,214,47*79
$GPGSV,2,2,08,17,65,271,45,22,23,319,45,28,13,359,46,31,60,129,46*73
$GAGSV,2,1,05,04,50,079,46,09,33,189,45,12,63,244,46,24,09,294,47*6E
$GAGSV,2,2,05,31,20,029,46*54
$GPZDA,083915.00,14,06,2025,00,00*66
$GPGGA,083916.00,5938.74514,N,02452.53443,E,1,12,1.0,16.4,M,21.0,M,,*5B
$GPRMC,083916.00,A,5938.74514,N,02452.53443,E,20.95,16.8,140625,,,A*6E
$GPVTG,16.8,T,,M,20.95,N,38.80,K,A*3F
$HEHDT,7.4,T*2C
$VWVHW,7.4,T,,M,17.02,N,31.52,K*78
$GPGGA,083917.00,5938.75069,N,02452.53763,E,1,12,1.0,17.0,M,21.0,M,,*50
$GPRMC,083917.00,A,5938.75069,N,02452.53763,E,20.69,16.8,140625,,,A*63
$GPVTG,16.8,T,,M,20.69,N,38.32,K,A*35
$HEHDT,6.5,T*2C
$VWVHW,6.5,T,,M,17.00,N,31.49,K*70
$GPGGA,083918.00,5938.75673,N,02452.54143,E,1,12,1.0,16.6,M,21.0,M,,*56
$GPRMC,083918.00,A,5938.75673,N,02452.54143,E,20.83,17.5,140625,,,A*6A
$GPVTG,17.5,T,,M,20.83,N,38.57,K,A*3E
$HEHDT,7.5,T*2D
$VWVHW,7.5,T,,M,16.96,N,31.41,K*77
$GPGGA,083919.00,5938.76183,N,02452.54428,E,1,12,1.0,16.7,M,21.0,M,,*55
$GPRMC,083919.00,A,5938.76183,N,02452.54428,E,20.79,17.6,140625,,,A*6E
$GPVTG,17.6,T,,M,20.79,N,38.51,K,A*3E
$HEHDT,7.4,T*2C
$VWVHW,7.4,T,,M,17.02,N,31.52,K*78
$GPGGA,083920.00,5938.76704,N,02452.54660,E,1,12,1.0,16.7,M,21.0,M,,*58
$GPRMC,083920.00,A,5938.76704,N,02452.54660,E,20.81,17.1,140625,,,A*63
$GPVTG,17.1,T,,M,20.81,N,38.54,K,A*3B
$HEHDT,6.9,T*20
$VWVHW,6.9,T,,M,17.00,N,31.48,K*7D
$GPGSV,2,1,08,03,67,049,46,08,41,104,45,11,20,159,46,14,45,214,46*7A
$GPGSV,2,2,08,17,65,271,46,22,23,319,46,28,13,359,46,31,60,129,46*73
$GAGSV,2,1,05,04,50,079,46,09,33,189,47,12,63,244,46,24,09,294,46*6D
$GAGSV,2,2,05,31,20,029,46*54
$GPZDA,083920.00,14,06,2025,00,00*60
$GPGGA,083921.00,5938.77271,N,02452.55152,E,1,12,1.0,16.6,M,21.0,M,,*59
$GPRMC,083921.00,A,5938.77271,N,02452.55152,E,20.85,17.1,140625,,,A*67
$GPVTG,17.1,T,,M,20.85,N,38.62,K,A*3A
$HEHDT,6.9,T*20
$VWVHW,6.9,T,,M,17.04,N,31.56,K*76
$GPGGA,083922.00,5938.77858,N,02452.55351,E,1,12,1.0,17.1,M,21.0,M,,*5C
$GPRMC,083922.00,A,5938.77858,N,02452.55351,E,20.89,16.9,140625,,,A*61
$GPVTG,16.9,T,,M,20.89,N,38.68,K,A*35
$HEHDT,6.7,T*2E
$VWVHW,6.7,T,,M,16.90,N,31.31,K*75
$GPGGA,083923.00,5938.78375,N,02452.55730,E,1,12,1.0,16.7,M,21.0,M,,*52
$GPRMC,083923.00,A,5938.78375,N,02452.55730,E,20.99,17.2,140625,,,A*63
$GPVTG,17.2,T,,M,20.99,N,38.87,K,A*3F
$HEHDT,6.9,T*20
$VWVHW,6.9,T,,M,16.85,N,31.21,K*7E
$GPGGA,083924.00,5938.78961,N,02452.56088,E,1,12,1.0,17.1,M,21.0,M,,*5A
$GPRMC,083924.00,A,5938.78961,N,02452.56088,E,20.68,17.4,140625,,,A*64
$GPVTG,17.4,T,,M,20.68,N,38.30,K,A*3B
$HEHDT,7.1,T*29
$VWVHW,7.1,T,,M,17.00,N,31.48,K*74
$GPGGA,083925.00,5938.79489,N,02452.56303,E,1,12,1.0,17.1,M,21.0,M,,*51
$GPRMC,083925.00,A,5938.79489,N,02452.56303,E,21.04,17.3,140625,,,A*63
$GPVTG,17.3,T,,M,21.04,N,38.96,K,A*3B
$HEHDT,6.7,T*2E
$VWVHW,6.7,T,,M,16.95,N,31.39,K*78
$GPGSV,2,1,08,03,67,049,46,08,41,104,47,11,20,159,47,14,45,214,46*79
$GPGSV,2,2,08,17,65,271,46,22,23,319,46,28,13,359,45,31,60,129,46*70
$GAGSV,2,1,05,04,50,079,47,09,33,189,45,12,63,244,46,24,09,294,46*6E
$GAGSV,2,2,05,31,20,029,45*57
$GPZDA,083925.00,14,06,2025,00,00*65
$GPGGA,083926.00,5938.80011,N,02452.56728,E,1,12,1.0,17.1,M,21.0,M,,*5C
$GPRMC,083926.00,A,5938.80011,N,02452.56728,E,20.80,17.4,140625,,,A*64
$GPVTG,17.4,T,,M,20.80,N,38.53,K,A*38
$HEHDT,7.5,T*2D
$VWVHW,7.5,T,,M,16.99,N,31.46,K*7F
$GPGGA,083927.00,5938.80560,N,02452.57014,E,1,12,1.0,17.1,M,21.0,M,,*57
$GPRMC,083927.00,A,5938.80560,N,02452.57014,E,20.69,17.1,140625,,,A*6D
$GPVTG,17.1,T,,M,20.69,N,38.32,K,A*3D
$HEHDT,7.1,T*29
$VWVHW,7.1,T,,M,17.00,N,31.49,K*75
$GPGGA,083928.00,5938.81137,N,02452.57374,E,1,12,1.0,17.5,M,21.0,M,,*5E
$GPRMC,083928.00,A,5938.81137,N,02452.57374,E,20.77,17.2,140625,,,A*6C
$GPVTG,17.2,T,,M,20.77,N,38.47,K,A*33
$HEHDT,7.3,T*2B
$VWVHW,7.3,T,,M,16.92,N,31.34,K*77
$GPGGA,083929.00,5938.81638,N,02452.57762,E,1,12,1.0,17.2,M,21.0,M,,*53
$GPRMC,083929.00,A,5938.81638,N,02452.57762,E,20.78,17.3,140625,,,A*68
$GPVTG,17.3,T,,M,20.78,N,38.48,K,A*32
$HEHDT,6.8,T*21
$VWVHW,6.8,T,,M,17.00,N,31.48,K*7C
$GPGGA,083930.00,5938.82229,N,02452.58136,E,1,12,1.0,16.8,M,21.0,M,,*5F
$GPRMC,083930.00,A,5938.82229,N,02452.58136,E,21.04,17.0,140625,,,A*66
$GPVTG,17.0,T,,M,21.04,N,38.96,K,A*38
$HEHDT,6.4,T*2D
$VWVHW,6.4,T,,M,17.03,N,31.54,K*7E
$GPGSV,2,1,08,03,67,049,46,08,41,104,46,11,20,159,46,14,45,214,45*7A
$GPGSV,2,2,08,17,65,271,46,22,23,319,46,28,13,359,46,31,60,129,46*73
$GAGSV,2,1,05,04,50,079,46,09,33,189,46,12,63,244,46,24,09,294,46*6C
$GAGSV,2,2,05,31,20,029,46*54
$GPZDA,083930.00,14,06,2025,00,00*61
$GPGGA,083931.00,5938.82800,N,02452.58390,E,1,12,1.0,16.7,M,21.0,M,,*5E
$GPRMC,083931.00,A,5938.82800,N,02452.58390,E,20.83,17.1,140625,,,A*67
$GPVTG,17.1,T,,M,20.83,N,38.57,K,A*3A
$HEHDT,7.1,T*29
$VWVHW,7.1,T,,M,17.02,N,31.52,K*7D
$GPGGA,083932.00,5938.83322,N,02452.58731,E,1,12,1.0,17.5,M,21.0,M,,*5B
$GPRMC,083932.00,A,5938.83322,N,02452.58731,E,20.80,17.1,140625,,,A*62
$GPVTG,17.1,T,,M,20.80,N,38.53,K,A*3D
$HEHDT,6.8,T*21
$VWVHW,6.8,T,,M,16.99,N,31.47,K*72
$GPGGA,083933.00,5938.83861,N,02452.59041,E,1,12,1.0,17.3,M,21.0,M,,*51
$GPRMC,083933.00,A,5938.83861,N,02452.59041,E,20.78,17.3,140625,,,A*6B
$GPVTG,17.3,T,,M,20.78,N,38.49,K,A*33
$HEHDT,7.3,T*2B
$VWVHW,7.3,T,,M,16.97,N,31.43,K*72
$GPGGA,083934.00,5938.84425,N,02452.59310,E,1,12,1.0,16.9,M,21.0,M,,*51
$GPRMC,083934.00,A,5938.84425,N,02452.59310,E,20.90,16.8,140625,,,A*6C
$GPVTG,16.8,T,,M,20.90,N,38.71,K,A*34
$HEHDT,7.4,T*2C
$VWVHW,7.4,T,,M,17.01,N,31.49,K*71
$GPGGA,083935.00,5938.84983,N,02452.59666,E,1,12,1.0,17.2,M,21.0,M,,*5F
$GPRMC,083935.00,A,5938.84983,N,02452.59666,E,20.74,17.2,140625,,,A*69
$GPVTG,17.2,T,,M,20.74,N,38.40,K,A*37
$HEHDT,7.0,T*28
$VWVHW,7.0,T,,M,16.95,N,31.40,K*70
$GPGSV,2,1,08,03,67,050,46,08,41,104,47,11,20,160,46,14,45,214,46*7A
$GPGSV,2,2,08,17,65,272,47,22,23,320,46,28,13,360,46,31,60,130,46*79
$GAGSV,2,1,05,04,50,080,46,09,33,190,46,12,63,244,46,24,09,294,46*62
$GAGSV,2,2,05,31,20,030,47*5D
$GPZDA,083935.00,14,06,2025,00,00*64
$GPGGA,083936.00,5938.85568,N,02452.60053,E,1,12,1.0,17.2,M,21.0,M,,*5E
$GPRMC,083936.00,A,5938.85568,N,02452.60053,E,20.78,16.9,140625,,,A*6E
$GPVTG,16.9,T,,M,20.78,N,38.48,K,A*39
$HEHDT,7.0,T*28
$VWVHW,7.0,T,,M,17.20,N,31.85,K*76
$GPGGA,083937.00,5938.86135,N,02452.60325,E,1,12,1.0,17.4,M,21.0,M,,*54
$GPRMC,083937.00,A,5938.86135,N,02452.60325,E,20.81,17.1,140625,,,A*6D
$GPVTG,17.1,T,,M,20.81,N,38.55,K,A*3A
$HEHDT,6.7,T*2E
$VWVHW,6.7,T,,M,17.03,N,31.54,K*7D
$GPGGA,083938.00,5938.86606,N,02452.60579,E,1,12,1.0,17.0,M,21.0,M,,*57
$GPRMC,083938.00,A,5938.86606,N,02452.60579,E,20.87,17.1,140625,,,A*6C
$GPVTG,17.1,T,,M,20.87,N,38.65,K,A*3F
$HEHDT,7.0,T*28
$VWVHW,7.0,T,,M,17.06,N,31.60,K*79
$GPGGA,083939.00,5938.87155,N,02452.60964,E,1,12,1.0,17.0,M,21.0,M,,*56
$GPRMC,083939.00,A,5938.87155,N,02452.60964,E,20.88,17.1,140625,,,A*62
$GPVTG,17.1,T,,M,20.88,N,38.67,K,A*32
$HEHDT,7.2,T*2A
$VWVHW,7.2,T,,M,16.95,N,31.39,K*7C
$GPGGA,083940.00,5938.87719,N,02452.61369,E,1,12,1.0,17.3,M,21.0,M,,*53
$GPRMC,083940.00,A,5938.87719,N,02452.61369,E,20.84,17.3,140625,,,A*6A
$GPVTG,17.3,T,,M,20.84,N,38.59,K,A*31
$HEHDT,7.1,T*29
$VWVHW,7.1,T,,M,17.10,N,31.67,K*78
$GPGSV,2,1,08,03,67,050,47,08,41,105,47,11,20,160,46,14,45,215,46*7B
$GPGSV,2,2,08,17,65,272,47,22,23,320,46,28,13,360,47,31,60,130,47*79
$GAGSV,2,1,05,04,50,080,46,09,33,190,46,12,63,245,46,24,09,295,46*62
$GAGSV,2,2,05,31,20,030,46*5C
$GPZDA,083940.00,14,06,2025,00,00*66
$GPGGA,083941.00,5938.88313,N,02452.61641,E,1,12,1.0,17.7,M,21.0,M,,*58
$GPRMC,083941.00,A,5938.88313,N,02452.61641,E,20.82,17.0,140625,,,A*60
$GPVTG,17.0,T,,M,20.82,N,38.56,K,A*3B
$HEHDT,7.0,T*28
$VWVHW,7.0,T,,M,17.20,N,31.86,K*75
$GPGGA,083942.00,5938.88821,N,02452.62064,E,1,12,1.0,17.4,M,21.0,M,,*50
$GPRMC,083942.00,A,5938.88821,N,02452.62064,E,20.81,17.2,140625,,,A*6A
$GPVTG,17.2,T,,M,20.81,N,38.54,K,A*38
$HEHDT,7.0,T*28
$VWVHW,7.0,T,,M,17.07,N,31.61,K*79
$GPGGA,083943.00,5938.89410,N,02452.62380,E,1,12,1.0,17.1,M,21.0,M,,*52
$GPRMC,083943.00,A,5938.89410,N,02452.62380,E,20.86,17.2,140625,,,A*6A
$GPVTG,17.2,T,,M,20.86,N,38.64,K,A*3C
$HEHDT,6.9,T*20
$VWVHW,6.9,T,,M,17.16,N,31.77,K*76
$GPGGA,083944.00,5938.89982,N,02452.62724,E,1,12,1.0,17.6,M,21.0,M,,*5E
$GPRMC,083944.00,A,5938.89982,N,02452.62724,E,20.86,17.1,140625,,,A*62
$GPVTG,17.1,T,,M,20.86,N,38.64,K,A*3F
$HEHDT,7.2,T*2A
$VWVHW,7.2,T,,M,17.03,N,31.54,K*79
$GPGGA,083945.00,5938.90561,N,02452.63026,E,1,12,1.0,17.6,M,21.0,M,,*52
$GPRMC,083945.00,A,5938.90561,N,02452.63026,E,20.99,16.9,140625,,,A*69
$GPVTG,16.9,T,,M,20.99,N,38.87,K,A*35
$HEHDT,7.1,T*29
$VWVHW,7.1,T,,M,17.06,N,31.60,K*78
$GPGSV,2,1,08,03,67,050,46,08,41,105,45,11,20,160,46,14,45,215,46*78
$GPGSV,2,2,08,17,65,272,46,22,23,320,46,28,13,360,46,31,60,130,46*78
$GAGSV,2,1,05,04,50,080,47,09,33,190,45,12,63,245,46,24,09,295,46*60
$GAGSV,2,2,05,31,20,030,47*5D
$GPZDA,083945.00,14,06,2025,00,00*63
$GPGGA,083946.00,5938.91069,N,02452.63417,E,1,12,1.0,17.8,M,21.0,M,,*55
$GPRMC,083946.00,A,5938.91069,N,02452.63417,E,20.91,17.0,140625,,,A*60
$GPVTG,17.0,T,,M,20.91,N,38.72,K,A*3F
$HEHDT,6.9,T*20
$VWVHW,6.9,T,,M,17.21,N,31.88,K*72
$GPGGA,083947.00,5938.91595,N,02452.63762,E,1,12,1.0,18.0,M,21.0,M,,*54
$GPRMC,083947.00,A,5938.91595,N,02452.63762,E,20.79,17.0,140625,,,A*60
$GPVTG,17.0,T,,M,20.79,N,38.50,K,A*39
$HEHDT,7.0,T*28
$VWVHW,7.0,T,,M,17.04,N,31.56,K*7E
$GPGGA,083948.00,5938.92141,N,02452.64058,E,1,12,1.0,17.4,M,21.0,M,,*57
$GPRMC,083948.00,A,5938.92141,N,02452.64058,E,20.91,16.9,140625,,,A*66
$GPVTG,16.9,T,,M,20.91,N,38.73,K,A*36
$HEHDT,7.0,T*28
$VWVHW,7.0,T,,M,16.97,N,31.42,K*70
$GPGGA,083949.00,5938.92730,N,02452.64429,E,1,12,1.0,18.0,M,21.0,M,,*5F
$GPRMC,083949.00,A,5938.92730,N,02452.64429,E,20.88,17.3,140625,,,A*66
$GPVTG,17.3,T,,M,20.88,N,38.68,K,A*3F
$HEHDT,6.8,T*21
$VWVHW,6.8,T,,M,17.08,N,31.62,K*7C
$GPGGA,083950.00,5938.93273,N,02452.64765,E,1,12,1.0,17.7,M,21.0,M,,*57
$GPRMC,083950.00,A,5938.93273,N,02452.64765,E,20.95,17.2,140625,,,A*6B
$GPVTG,17.2,T,,M,20.95,N,38.79,K,A*32
$HEHDT,7.0,T*28
$VWVHW,7.0,T,,M,17.12,N,31.71,K*7C
$GPGSV,2,1,08,03,67,050,46,08,41,105,47,11,20,160,47,14,45,215,45*78
$GPGSV,2,2,08,17,65,272,46,22,23,320,46,28,13,360,46,31,60,130,46*78
$GAGSV,2,1,05,04,50,080,46,09,33,190,46,12,63,245,46,24,09,295,46*62
$GAGSV,2,2,05,31,20,030,46*5C
$GPZDA,083950.00,14,06,2025,00,00*67
$GPGGA,083951.00,5938.93859,N,02452.65136,E,1,12,1.0,18.4,M,21.0,M,,*59
$GPRMC,083951.00,A,5938.93859,N,02452.65136,E,20.95,16.8,140625,,,A*62
$GPVTG,16.8,T,,M,20.95,N,38.80,K,A*3F
$HEHDT,7.2,T*2A
$VWVHW,7.2,T,,M,16.99,N,31.47,K*79
$GPGGA,083952.00,5938.94424,N,02452.65378,E,1,12,1.0,17.8,M,21.0,M,,*50
$GPRMC,083952.00,A,5938.94424,N,02452.65378,E,20.86,16.8,140625,,,A*6A
$GPVTG,16.8,T,,M,20.86,N,38.64,K,A*37
$HEHDT,7.3,T*2B
$VWVHW,7.3,T,,M,17.20,N,31.86,K*76
$GPGGA,083953.00,5938.94914,N,02452.65774,E,1,12,1.0,18.3,M,21.0,M,,*53
$GPRMC,083953.00,A,5938.94914,N,02452.65774,E,20.81,17.1,140625,,,A*62
$GPVTG,17.1,T,,M,20.81,N,38.54,K,A*3B
$HEHDT,6.9,T*20
$VWVHW,6.9,T,,M,17.13,N,31.73,K*77
$GPGGA,083954.00,5938.95506,N,02452.66054,E,1,12,1.0,17.9,M,21.0,M,,*59
$GPRMC,083954.00,A,5938.95506,N,02452.66054,E,20.77,16.9,140625,,,A*6D
$GPVTG,16.9,T,,M,20.77,N,38.46,K,A*38
$HEHDT,7.1,T*29
$VWVHW,7.1,T,,M,17.13,N,31.73,K*7E
$GPGGA,083955.00,5938.96032,N,02452.66512,E,1,12,1.0,17.5,M,21.0,M,,*52
$GPRMC,083955.00,A,5938.96032,N,02452.66512,E,20.85,17.0,140625,,,A*6F
$GPVTG,17.0,T,,M,20.85,N,38.62,K,A*3B
$HEHDT,7.1,T*29
$VWVHW,7.1,T,,M,17.19,N,31.84,K*7C
$GPGSV,2,1,08,03,67,050,46,08,41,105,47,11,20,160,46,14,45,215,46*7A
$GPGSV,2,2,08,17,65,272,46,22,23,320,46,28,13,360,46,31,60,130,46*78
$GAGSV,2,1,05,04,50,080,45,09,33,190,46,12,63,245,45,24,09,295,46*62
$GAGSV,2,2,05,31,20,030,46*5C
$GPZDA,083955.00,14,06,2025,00,00*62
$GPGGA,083956.00,5938.96609,N,02452.66808,E,1,12,1.0,18.3,M,21.0,M,,*50
$GPRMC,083956.00,A,5938.96609,N,02452.66808,E,21.09,17.1,140625,,,A*60
$GPVTG,17.1,T,,M,21.09,N,39.05,K,A*3F
$HEHDT,7.3,T*2B
$VWVHW,7.3,T,,M,17.20,N,31.86,K*76
$GPGGA,083957.00,5938.97154,N,02452.67058,E,1,12,1.0,17.5,M,21.0,M,,*5A
$GPRMC,083957.00,A,5938.97154,N,02452.67058,E,20.85,17.2,140625,,,A*65
$GPVTG,17.2,T,,M,20.85,N,38.61,K,A*3A
$HEHDT,7.0,T*28
$VWVHW,7.0,T,,M,17.06,N,31.60,K*79
$GPGGA,083958.00,5938.97748,N,02452.67463,E,1,12,1.0,17.9,M,21.0,M,,*5E
$GPRMC,083958.00,A,5938.97748,N,02452.67463,E,20.91,17.2,140625,,,A*68
$GPVTG,17.2,T,,M,20.91,N,38.72,K,A*3D
$HEHDT,6.4,T*2D
$VWVHW,6.4,T,,M,17.18,N,31.83,K*7E
$GPGGA,083959.00,5938.98252,N,02452.67885,E,1,12,1.0,17.8,M,21.0,M,,*5B
$GPRMC,083959.00,A,5938.98252,N,02452.67885,E,21.03,17.1,140625,,,A*65
$GPVTG,17.1,T,,M,21.03,N,38.94,K,A*3C
$HEHDT,7.5,T*2D
$VWVHW,7.5,T,,M,17.13,N,31.72,K*7B
$GPGGA,084000.00,5938.98824,N,02452.68177,E,1,12,1.0,17.5,M,21.0,M,,*54
$GPRMC,084000.00,A,5938.98824,N,02452.68177,E,20.94,17.3,140625,,,A*6A
$GPVTG,17.3,T,,M,20.94,N,38.78,K,A*33
$HEHDT,7.1,T*29
$VWVHW,7.1,T,,M,17.10,N,31.66,K*79
$GPGSV,2,1,08,03,67,050,45,08,41,105,46,11,20,160,46,14,45,215,47*79
$GPGSV,2,2,08,17,65,272,46,22,23,320,46,28,13,360,46,31,60,130,46*78
$GAGSV,2,1,05,04,50,080,46,09,33,190,46,12,63,245,46,24,09,295,46*62
$GAGSV,2,2,05,31,20,030,46*5C
$GPZDA,084000.00,14,06,2025,00,00*6C
$GPGGA,084001.00,5938.99365,N,02452.68563,E,1,12,1.0,18.4,M,21.0,M,,*55
$GPRMC,084001.00,A,5938.99365,N,02452.68563,E,20.99,17.0,140625,,,A*6B
$GPVTG,17.0,T,,M,20.99,N,38.87,K,A*3D
$HEHDT,7.1,T*29
$VWVHW,7.1,T,,M,17.12,N,31.70,K*7C
$GPGGA,084002.00,5938.99939,N,02452.68962,E,1,12,1.0,17.9,M,21.0,M,,*5A
$GPRMC,084002.00,A,5938.99939,N,02452.68962,E,20.93,17.0,140625,,,A*6C
$GPVTG,17.0,T,,M,20.93,N,38.77,K,A*38
$HEHDT,7.5,T*2D
$VWVHW,7.5,T,,M,17.29,N,32.02,K*76
$GPGGA,084003.00,5939.00460,N,02452.69287,E,1,12,1.0,17.7,M,21.0,M,,*54
$GPRMC,084003.00,A,5939.00460,N,02452.69287,E,21.04,17.3,140625,,,A*60
$GPVTG,17.3,T,,M,21.04,N,38.97,K,A*3A
$HEHDT,7.2,T*2A
$VWVHW,7.2,T,,M,17.15,N,31.77,K*7F
$GPGGA,084004.00,5939.01043,N,02452.69529,E,1,12,1.0,17.9,M,21.0,M,,*5A
$GPRMC,084004.00,A,5939.01043,N,02452.69529,E,20.95,17.1,140625,,,A*6B
$GPVTG,17.1,T,,M,20.95,N,38.80,K,A*37
$HEHDT,7.4,T*2C
$VWVHW,7.4,T,,M,17.11,N,31.69,K*72
$GPGGA,084005.00,5939.01586,N,02452.69984,E,1,12,1.0,17.9,M,21.0,M,,*5C
$GPRMC,084005.00,A,5939.01586,N,02452.69984,E,21.12,17.1,140625,,,A*63
$GPVTG,17.1,T,,M,21.12,N,39.12,K,A*33
$HEHDT,6.9,T*20
$VWVHW,6.9,T,,M,17.28,N,32.00,K*78
$GPGSV,2,1,08,03,67,050,46,08,41,105,46,11,20,160,46,14,45,215,46*7B
$GPGSV,2,2,08,17,65,272,46,22,23,320,47,28,13,360,46,31,60,130,45*7A
$GAGSV,2,1,05,04,50,080,47,09,33,190,45,12,62,245,45,24,09,295,47*63
$GAGSV,2,2,05,31,20,030,47*5D
$GPZDA,084005.00,14,06,2025,00,00*69
$GPGGA,084006.00,5939.02156,N,02452.70132,E,1,12,1.0,17.7,M,21.0,M,,*56
$GPRMC,084006.00,A,5939.02156,N,02452.70132,E,21.06,17.2,140625,,,A*61
$GPVTG,17.2,T,,M,21.06,N,39.01,K,A*37
$HEHDT,7.0,T*28
$VWVHW,7.0,T,,M,17.18,N,31.81,K*79
$GPGGA,084007.00,5939.02698,N,02452.70552,E,1,12,1.0,18.4,M,21.0,M,,*5C
$GPRMC,084007.00,A,5939.02698,N,02452.70552,E,21.08,17.2,140625,,,A*69
$GPVTG,17.2,T,,M,21.08,N,39.03,K,A*3B
$HEHDT,7.4,T*2C
$VWVHW,7.4,T,,M,17.28,N,32.01,K*75
$GPGGA,084008.00,5939.03270,N,02452.70994,E,1,12,1.0,17.6,M,21.0,M,,*5B
$GPRMC,084008.00,A,5939.03270,N,02452.70994,E,21.06,17.0,140625,,,A*6F
$GPVTG,17.0,T,,M,21.06,N,39.01,K,A*35
$HEHDT,7.3,T*2B
$VWVHW,7.3,T,,M,17.29,N,32.03,K*71
$GPGGA,084009.00,5939.03809,N,02452.71213,E,1,12,1.0,16.9,M,21.0,M,,*55
$GPRMC,084009.00,A,5939.03809,N,02452.71213,E,21.08,16.8,140625,,,A*68
$GPVTG,16.8,T,,M,21.08,N,39.03,K,A*30
$HEHDT,7.1,T*29
$VWVHW,7.1,T,,M,17.25,N,31.95,K*73
$GPGGA,084010.00,5939.04428,N,02452.71530,E,1,12,1.0,17.1,M,21.0,M,,*5A
$GPRMC,084010.00,A,5939.04428,N,02452.71530,E,21.08,17.0,140625,,,A*67
$GPVTG,17.0,T,,M,21.08,N,39.04,K,A*3E
$HEHDT,6.8,T*21
$VWVHW,6.8,T,,M,17.20,N,31.85,K*7F
$GPGSV,2,1,08,03,67,050,47,08,41,105,46,11,20,160,45,14,45,215,46*79
$GPGSV,2,2,08,17,65,272,46,22,23,320,46,28,13,360,45,31,60,130,46*7B
$GAGSV,2,1,05,04,50,080,46,09,33,190,46,12,62,245,46,24,09,295,45*60
$GAGSV,2,2,05,31,20,030,45*5F
$GPZDA,084010.00,14,06,2025,00,00*6D
$GPGGA,084011.00,5939.04906,N,02452.71912,E,1,12,1.0,17.8,M,21.0,M,,*5F
$GPRMC,084011.00,A,5939.04906,N,02452.71912,E,21.13,16.7,140625,,,A*67
$GPVTG,16.7,T,,M,21.13,N,39.13,K,A*34
$HEHDT,6.5,T*2C
$VWVHW,6.5,T,,M,16.96,N,31.41,K*76
$GPGGA,084012.00,5939.05463,N,02452.72237,E,1,12,1.0,17.7,M,21.0,M,,*53
$GPRMC,084012.00,A,5939.05463,N,02452.72237,E,20.93,17.1,140625,,,A*6A
$GPVTG,17.1,T,,M,20.93,N,38.75,K,A*3B
$HEHDT,7.1,T*29
$VWVHW,7.1,T,,M,17.22,N,31.89,K*79
$GPGGA,084013.00,5939.06101,N,02452.72575,E,1,12,1.0,17.3,M,21.0,M,,*55
$GPRMC,084013.00,A,5939.06101,N,02452.72575,E,20.98,17.0,140625,,,A*62
$GPVTG,17.0,T,,M,20.98,N,38.85,K,A*3E
$HEHDT,7.0,T*28
$VWVHW,7.0,T,,M,17.26,N,31.96,K*72
$GPGGA,084014.00,5939.06618,N,02452.72933,E,1,12,1.0,17.6,M,21.0,M,,*56
$GPRMC,084014.00,A,5939.06618,N,02452.72933,E,21.19,16.9,140625,,,A*64
$GPVTG,16.9,T,,M,21.19,N,39.24,K,A*34
$HEHDT,7.4,T*2C
$VWVHW,7.4,T,,M,17.08,N,31.63,K*70
$GPGGA,084015.00,5939.07222,N,02452.73287,E,1,12,1.0,17.8,M,21.0,M,,*50
$GPRMC,084015.00,A,5939.07222,N,02452.73287,E,21.04,17.0,140625,,,A*68
$GPVTG,17.0,T,,M,21.04,N,38.96,K,A*38
$HEHDT,7.1,T*29
$VWVHW,7.1,T,,M,17.19,N,31.85,K*7D
$GPGSV,2,1,08,03,67,050,46,08,41,105,46,11,20,160,46,14,45,215,45*78
$GPGSV,2,2,08,17,65,272,46,22,23,320,46,28,13,360,46,31,60,130,46*78
$GAGSV,2,1,05,04,50,080,46,09,33,190,46,12,62,245,45,24,09,295,46*60
$GAGSV,2,2,05,31,20,030,46*5C
$GPZDA,084015.00,14,06,2025,00,00*68
$GPGGA,084016.00,5939.07765,N,02452.73661,E,1,12,1.0,17.5,M,21.0,M,,*54
$GPRMC,084016.00,A,5939.07765,N,02452.73661,E,20.91,16.9,140625,,,A*64
$GPVTG,16.9,T,,M,20.91,N,38.73,K,A*36
$HEHDT,7.1,T*29
$VWVHW,7.1,T,,M,17.16,N,31.78,K*70
$GPGGA,084017.00,5939.08303,N,02452.73991,E,1,12,1.0,17.5,M,21.0,M,,*5E
$GPRMC,084017.00,A,5939.08303,N,02452.73991,E,21.05,16.8,140625,,,A*63
$GPVTG,16.8,T,,M,21.05,N,38.98,K,A*3E
$HEHDT,7.3,T*2B
$VWVHW,7.3,T,,M,17.22,N,31.90,K*73
$GPGGA,084018.00,5939.08888,N,02452.74348,E,1,12,1.0,17.4,M,21.0,M,,*51
$GPRMC,084018.00,A,5939.08888,N,02452.74348,E,20.82,16.8,140625,,,A*63
$GPVTG,16.8,T,,M,20.82,N,38.57,K,A*33
$HEHDT,7.5,T*2D
$VWVHW,7.5,T,,M,17.24,N,31.94,K*77
$GPGGA,084019.00,5939.09419,N,02452.74650,E,1,12,1.0,17.4,M,21.0,M,,*59
$GPRMC,084019.00,A,5939.09419,N,02452.74650,E,21.04,17.4,140625,,,A*69
$GPVTG,17.4,T,,M,21.04,N,38.97,K,A*3D
$HEHDT,6.9,T*20
$VWVHW,6.9,T,,M,17.06,N,31.59,K*7B
$GPGGA,084020.00,5939.10012,N,02452.75005,E,1,12,1.0,18.0,M,21.0,M,,*58
$GPRMC,084020.00,A,5939.10012,N,02452.75005,E,20.88,17.0,140625,,,A*62
$GPVTG,17.0,T,,M,20.88,N,38.68,K,A*3C
$HEHDT,7.1,T*29
$VWVHW,7.1,T,,M,17.31,N,32.06,K*7F
$GPGSV,2,1,08,03,67,050,46,08,41,105,46,11,20,160,46,14,45,215,46*7B
$GPGSV,2,2,08,17,65,272,46,22,23,320,46,28,13,360,46,31,60,130,46*78
$GAGSV,2,1,05,04,50,080,46,09,33,190,46,12,62,245,47,24,09,295,46*62
$GAGSV,2,2,05,31,20,030,46*5C
$GPZDA,084020.00,14,06,2025,00,00*6E
$GPGGA,084021.00,5939.10586,N,02452.75299,E,1,12,1.0,17.8,M,21.0,M,,*51
$GPRMC,084021.00,A,5939.10586,N,02452.75299,E,21.06,17.2,140625,,,A*69
$GPVTG,17.2,T,,M,21.06,N,39.00,K,A*36
$HEHDT,6.9,T*20
$VWVHW,6.9,T,,M,17.38,N,32.18,K*70
$GPGGA,084022.00,5939.11152,N,02452.75640,E,1,12,0.9,17.8,M,21.0,M,,*56
$GPRMC,084022.00,A,5939.11152,N,02452.75640,E,20.98,17.0,140625,,,A*62
$GPVTG,17.0,T,,M,20.98,N,38.85,K,A*3E
$HEHDT,7.0,T*28
$VWVHW,7.0,T,,M,17.20,N,31.86,K*75
$GPGGA,084023.00,5939.11673,N,02452.75988,E,1,12,0.9,18.0,M,21.0,M,,*5F
$GPRMC,084023.00,A,5939.11673,N,02452.75988,E,21.17,16.7,140625,,,A*6C
$GPVTG,16.7,T,,M,21.17,N,39.21,K,A*31
$HEHDT,6.6,T*2F
$VWVHW,6.6,T,,M,17.12,N,31.70,K*7A
$GPGGA,084024.00,5939.12200,N,02452.76389,E,1,12,0.9,18.3,M,21.0,M,,*50
$GPRMC,084024.00,A,5939.12200,N,02452.76389,E,20.96,17.0,140625,,,A*6E
$GPVTG,17.0,T,,M,20.96,N,38.82,K,A*37
$HEHDT,7.0,T*28
$VWVHW,7.0,T,,M,17.09,N,31.65,K*73
$GPGGA,084025.00,5939.12803,N,02452.76622,E,1,12,0.9,18.0,M,21.0,M,,*5F
$GPRMC,084025.00,A,5939.12803,N,02452.76622,E,20.96,16.7,140625,,,A*64
$GPVTG,16.7,T,,M,20.96,N,38.82,K,A*31
$HEHDT,7.1,T*29
$VWVHW,7.1,T,,M,17.09,N,31.65,K*72
$GPGSV,2,1,08,03,67,050,46,08,41,105,46,11,20,160,46,14,45,215,46*7B
$GPGSV,2,2,08,17,65,272,46,22,23,320,46,28,13,360,47,31,60,130,46*79
$GAGSV,2,1,05,04,50,080,46,09,33,190,46,12,62,245,46,24,09,295,46*63
$GAGSV,2,2,05,31,20,030,46*5C
$GPZDA,084025.00,14,06,2025,00,00*6B
$GPGGA,084026.00,5939.13305,N,02452.77008,E,1,12,0.9,18.2,M,21.0,M,,*5D
$GPRMC,084026.00,A,5939.13305,N,02452.77008,E,21.21,16.9,140625,,,A*67
$GPVTG,16.9,T,,M,21.21,N,39.27,K,A*3C
$HEHDT,6.8,T*21
$VWVHW,6.8,T,,M,17.17,N,31.80,K*7E
$GPGGA,084027.00,5939.13873,N,02452.77401,E,1,12,0.9,18.3,M,21.0,M,,*5A
$GPRMC,084027.00,A,5939.13873,N,02452.77401,E,21.05,17.3,140625,,,A*6C
$GPVTG,17.3,T,,M,21.05,N,38.98,K,A*34
$HEHDT,7.4,T*2C
$VWVHW,7.4,T,,M,17.16,N,31.78,K*75
$GPGGA,084028.00,5939.14485,N,02452.77792,E,1,12,0.9,17.8,M,21.0,M,,*5A
$GPRMC,084028.00,A,5939.14485,N,02452.77792,E,20.99,17.0,140625,,,A*6F
$GPVTG,17.0,T,,M,20.99,N,38.87,K,A*3D
$HEHDT,7.2,T*2A
$VWVHW,7.2,T,,M,17.26,N,31.97,K*71
$GPGGA,084029.00,5939.15017,N,02452.78002,E,1,12,0.9,17.7,M,21.0,M,,*5B
$GPRMC,084029.00,A,5939.15017,N,02452.78002,E,21.05,16.6,140625,,,A*62
$GPVTG,16.6,T,,M,21.05,N,38.99,K,A*31
$HEHDT,7.0,T*28
$VWVHW,7.0,T,,M,17.20,N,31.85,K*76
$GPGGA,084030.00,5939.15602,N,02452.78473,E,1,12,0.9,17.8,M,21.0,M,,*5C
$GPRMC,084030.00,A,5939.15602,N,02452.78473,E,21.00,16.6,140625,,,A*6F
$GPVTG,16.6,T,,M,21.00,N,38.89,K,A*35
$HEHDT,7.0,T*28
$VWVHW,7.0,T,,M,17.18,N,31.81,K*79
$GPGSV,2,1,08,03,67,050,46,08,41,105,46,11,20,160,46,14,45,215,46*7B
$GPGSV,2,2,08,17,65,272,46,22,23,320,45,28,13,360,47,31,60,130,46*7A
$GAGSV,2,1,05,04,50,080,47,09,33,190,47,12,62,245,46,24,09,295,46*63
$GAGSV,2,2,05,31,20,030,46*5C
$GPZDA,084030.00,14,06,2025,00,00*6F
$GPGGA,084031.00,5939.16102,N,02452.78718,E,1,12,0.9,18.0,M,21.0,M,,*50
$GPRMC,084031.00,A,5939.16102,N,02452.78718,E,21.16,16.8,140625,,,A*6D
$GPVTG,16.8,T,,M,21.16,N,39.20,K,A*3E
$HEHDT,7.3,T*2B
$VWVHW,7.3,T,,M,17.22,N,31.90,K*73
$GPGGA,084032.00,5939.16717,N,02452.79050,E,1,12,0.9,18.7,M,21.0,M,,*5C
$GPRMC,084032.00,A,5939.16717,N,02452.79050,E,21.15,16.9,140625,,,A*64
$GPVTG,16.9,T,,M,21.15,N,39.18,K,A*37
$HEHDT,7.1,T*29
$VWVHW,7.1,T,,M,17.22,N,31.90,K*71
$GPGGA,084033.00,5939.17269,N,02452.79357,E,1,12,0.9,17.8,M,21.0,M,,*54
$GPRMC,084033.00,A,5939.17269,N,02452.79357,E,21.11,16.7,140625,,,A*66
$GPVTG,16.7,T,,M,21.11,N,39.10,K,A*35
$HEHDT,7.0,T*28
$VWVHW,7.0,T,,M,17.22,N,31.89,K*78
$GPGGA,084034.00,5939.17767,N,02452.79809,E,1,12,0.9,18.4,M,21.0,M,,*5B
$GPRMC,084034.00,A,5939.17767,N,02452.79809,E,21.12,17.1,140625,,,A*6E
$GPVTG,17.1,T,,M,21.12,N,39.12,K,A*33
$HEHDT,7.2,T*2A
$VWVHW,7.2,T,,M,17.35,N,32.13,K*7C
$GPGGA,084035.00,5939.18372,N,02452.79977,E,1,12,0.9,18.0,M,21.0,M,,*59
$GPRMC,084035.00,A,5939.18372,N,02452.79977,E,21.09,16.9,140625,,,A*6B
$GPVTG,16.9,T,,M,21.09,N,39.06,K,A*35
$HEHDT,7.7,T*2F
$VWVHW,7.7,T,,M,17.38,N,32.18,K*7F
$GPGSV,2,1,08,03,67,050,46,08,41,105,46,11,20,160,46,14,45,215,46*7B
$GPGSV,2,2,08,17,65,272,46,22,23,320,46,28,13,360,47,31,60,130,46*79
$GAGSV,2,1,05,04,50,080,46,09,33,190,46,12,62,245,46,24,09,295,46*63
$GAGSV,2,2,05,31,20,030,46*5C
$GPZDA,084035.00,14,06,2025,00,00*6A
$GPGGA,084036.00,5939.18923,N,02452.80452,E,1,12,0.9,18.2,M,21.0,M,,*5A
$GPRMC,084036.00,A,5939.18923,N,02452.80452,E,21.27,17.0,140625,,,A*6E
$GPVTG,17.0,T,,M,21.27,N,39.39,K,A*3D
$HEHDT,7.4,T*2C
$VWVHW,7.4,T,,M,17.33,N,32.10,K*7F
$GPGGA,084037.00,5939.19464,N,02452.80768,E,1,12,0.9,17.9,M,21.0,M,,*5A
$GPRMC,084037.00,A,5939.19464,N,02452.80768,E,21.10,17.2,140625,,,A*6C
$GPVTG,17.2,T,,M,21.10,N,39.07,K,A*36
$HEHDT,7.3,T*2B
$VWVHW,7.3,T,,M,17.19,N,31.84,K*7E
$GPGGA,084038.00,5939.20050,N,02452.80994,E,1,12,0.9,18.5,M,21.0,M,,*52
$GPRMC,084038.00,A,5939.20050,N,02452.80994,E,21.03,17.0,140625,,,A*67
$GPVTG,17.0,T,,M,21.03,N,38.95,K,A*3C
$HEHDT,7.3,T*2B
$VWVHW,7.3,T,,M,17.51,N,32.44,K*7D
$GPGGA,084039.00,5939.20599,N,02452.81412,E,1,12,0.9,19.1,M,21.0,M,,*54
$GPRMC,084039.00,A,5939.20599,N,02452.81412,E,21.09,17.2,140625,,,A*6C
$GPVTG,17.2,T,,M,21.09,N,39.06,K,A*3F
$HEHDT,7.0,T*28
$VWVHW,7.0,T,,M,17.22,N,31.88,K*79
$GPGGA,084040.00,5939.21178,N,02452.81751,E,1,12,0.9,18.7,M,21.0,M,,*53
$GPRMC,084040.00,A,5939.21178,N,02452.81751,E,21.05,17.3,140625,,,A*61
$GPVTG,17.3,T,,M,21.05,N,38.99,K,A*35
$HEHDT,7.1,T*29
$VWVHW,7.1,T,,M,17.27,N,31.98,K*7C
$GPGSV,2,1,08,03,67,050,46,08,41,105,46,11,20,160,46,14,44,215,46*7A
$GPGSV,2,2,08,17,65,272,46,22,23,320,46,28,13,360,46,31,60,130,46*78
$GAGSV,2,1,05,04,50,080,46,09,33,190,45,12,62,245,46,24,09,295,46*60
$GAGSV,2,2,05,31,20,030,46*5C
$GPZDA,084040.00,14,06,2025,00,00*68
$GPGGA,084041.00,5939.21722,N,02452.82053,E,1,12,0.9,19.3,M,21.0,M,,*58
$GPRMC,084041.00,A,5939.21722,N,02452.82053,E,21.09,16.6,140625,,,A*67
$GPVTG,16.6,T,,M,21.09,N,39.05,K,A*39
$HEHDT,7.1,T*29
$VWVHW,7.1,T,,M,17.34,N,32.11,K*7C
$GPGGA,084042.00,5939.22272,N,02452.82416,E,1,12,0.9,18.0,M,21.0,M,,*5F
$GPRMC,084042.00,A,5939.22272,N,02452.82416,E,21.00,17.0,140625,,,A*6C
$GPVTG,17.0,T,,M,21.00,N,38.89,K,A*32
$HEHDT,7.0,T*28
$VWVHW,7.0,T,,M,17.39,N,32.20,K*72
$GPGGA,084043.00,5939.22865,N,02452.82704,E,1,12,0.9,17.9,M,21.0,M,,*54
$GPRMC,084043.00,A,5939.22865,N,02452.82704,E,21.06,16.8,140625,,,A*6E
$GPVTG,16.8,T,,M,21.06,N,39.01,K,A*3C
$HEHDT,7.2,T*2A
$VWVHW,7.2,T,,M,17.39,N,32.20,K*70
$GPGGA,084044.00,5939.23414,N,02452.83037,E,1,12,0.9,18.6,M,21.0,M,,*5E
$GPRMC,084044.00,A,5939.23414,N,02452.83037,E,21.08,17.1,140625,,,A*62
$GPVTG,17.1,T,,M,21.08,N,39.05,K,A*3E
$HEHDT,6.8,T*21
$VWVHW,6.8,T,,M,17.19,N,31.83,K*73
$GPGGA,084045.00,5939.23971,N,02452.83471,E,1,12,0.9,18.8,M,21.0,M,,*59
$GPRMC,084045.00,A,5939.23971,N,02452.83471,E,21.07,17.2,140625,,,A*67
$GPVTG,17.2,T,,M,21.07,N,39.03,K,A*34
$HEHDT,6.9,T*20
$VWVHW,6.9,T,,M,17.26,N,31.96,K*7A
$GPGSV,2,1,08,03,67,050,47,08,41,105,46,11,20,160,46,14,44,215,46*7B
$GPGSV,2,2,08,17,65,272,46,22,23,320,46,28,13,360,45,31,60,130,46*7B
$GAGSV,2,1,05,04,49,080,46,09,33,190,46,12,62,245,46,24,09,295,46*6B
$GAGSV,2,2,05,31,20,030,45*5F
$GPZDA,084045.00,14,06,2025,00,00*6D
$GPGGA,084046.00,5939.24491,N,02452.83750,E,1,12,0.9,18.9,M,21.0,M,,*5F
$GPRMC,084046.00,A,5939.24491,N,02452.83750,E,21.17,17.1,140625,,,A*62
$GPVTG,17.1,T,,M,21.17,N,39.21,K,A*36
$HEHDT,6.6,T*2F
$VWVHW,6.6,T,,M,17.32,N,32.07,K*7B
$GPGGA,084047.00,5939.25086,N,02452.84060,E,1,12,0.9,17.7,M,21.0,M,,*5F
$GPRMC,084047.00,A,5939.25086,N,02452.84060,E,21.31,17.0,140625,,,A*66
$GPVTG,17.0,T,,M,21.31,N,39.46,K,A*32
$HEHDT,6.8,T*21
$VWVHW,6.8,T,,M,17.35,N,32.13,K*77
$GPGGA,084048.00,5939.25613,N,02452.84394,E,1,12,0.9,18.7,M,21.0,M,,*5D
$GPRMC,084048.00,A,5939.25613,N,02452.84394,E,21.20,16.9,140625,,,A*63
$GPVTG,16.9,T,,M,21.20,N,39.27,K,A*3D
$HEHDT,7.0,T*28
$VWVHW,7.0,T,,M,17.31,N,32.07,K*7F
$GPGGA,084049.00,5939.26184,N,02452.84752,E,1,12,0.9,19.5,M,21.0,M,,*5B
$GPRMC,084049.00,A,5939.26184,N,02452.84752,E,21.00,17.2,140625,,,A*6E
$GPVTG,17.2,T,,M,21.00,N,38.89,K,A*30
$HEHDT,7.1,T*29
$VWVHW,7.1,T,,M,17.24,N,31.93,K*74
$GPGGA,084050.00,5939.26779,N,02452.85154,E,1,12,0.9,19.7,M,21.0,M,,*54
$GPRMC,084050.00,A,5939.26779,N,02452.85154,E,21.08,17.3,140625,,,A*6A
$GPVTG,17.3,T,,M,21.08,N,39.04,K,A*3D
$HEHDT,7.3,T*2B
$VWVHW,7.3,T,,M,17.30,N,32.04,K*7E
$GPGSV,2,1,08,03,67,050,46,08,41,105,46,11,20,160,47,14,44,215,46*7B
$GPGSV,2,2,08,17,65,272,46,22,23,320,46,28,13,360,46,31,60,130,45*7B
$GAGSV,2,1,05,04,49,080,46,09,33,190,45,12,62,245,46,24,09,295,46*68
$GAGSV,2,2,05,31,20,030,46*5C
$GPZDA,084050.00,14,06,2025,00,00*69
$GPGGA,084051.00,5939.27371,N,02452.85517,E,1,12,0.9,19.1,M,21.0,M,,*5D
$GPRMC,084051.00,A,5939.27371,N,02452.85517,E,21.31,16.7,140625,,,A*6A
$GPVTG,16.7,T,,M,21.31,N,39.47,K,A*35
$HEHDT,6.8,T*21
$VWVHW,6.8,T,,M,17.36,N,32.15,K*72
$GPGGA,084052.00,5939.27947,N,02452.85704,E,1,12,0.9,17.9,M,21.0,M,,*57
$GPRMC,084052.00,A,5939.27947,N,02452.85704,E,21.20,17.1,140625,,,A*61
$GPVTG,17.1,T,,M,21.20,N,39.26,K,A*35
$HEHDT,7.4,T*2C
$VWVHW,7.4,T,,M,17.42,N,32.27,K*7D
$GPGGA,084053.00,5939.28425,N,02452.86152,E,1,12,0.9,18.8,M,21.0,M,,*58
$GPRMC,084053.00,A,5939.28425,N,02452.86152,E,21.14,16.8,140625,,,A*6F
$GPVTG,16.8,T,,M,21.14,N,39.15,K,A*3A
$HEHDT,7.0,T*28
$VWVHW,7.0,T,,M,17.33,N,32.09,K*73
$GPGGA,084054.00,5939.29018,N,02452.86502,E,1,12,0.9,18.7,M,21.0,M,,*5A
$GPRMC,084054.00,A,5939.29018,N,02452.86502,E,21.00,17.0,140625,,,A*6E
$GPVTG,17.0,T,,M,21.00,N,38.89,K,A*32
$HEHDT,7.7,T*2F
$VWVHW,7.7,T,,M,17.33,N,32.09,K*74
$GPGGA,084055.00,5939.29530,N,02452.86787,E,1,12,0.9,18.3,M,21.0,M,,*5F
$GPRMC,084055.00,A,5939.29530,N,02452.86787,E,21.01,17.0,140625,,,A*6E
$GPVTG,17.0,T,,M,21.01,N,38.91,K,A*3A
$HEHDT,7.3,T*2B
$VWVHW,7.3,T,,M,17.29,N,32.02,K*70
$GPGSV,2,1,08,03,67,050,46,08,41,105,46,11,20,160,46,14,44,215,46*7A
$GPGSV,2,2,08,17,65,272,46,22,23,320,47,28,13,360,47,31,60,130,46*78
$GAGSV,2,1,05,04,49,080,45,09,33,190,46,12,62,245,45,24,09,295,46*6B
$GAGSV,2,2,05,31,20,030,46*5C
$GPZDA,084055.00,14,06,2025,00,00*6C
$GPGGA,084056.00,5939.30145,N,02452.87081,E,1,12,0.9,18.7,M,21.0,M,,*56
$GPRMC,084056.00,A,5939.30145,N,02452.87081,E,21.27,16.5,140625,,,A*63
$GPVTG,16.5,T,,M,21.27,N,39.40,K,A*37
$HEHDT,7.4,T*2C
$VWVHW,7.4,T,,M,17.40,N,32.22,K*7A
$GPGGA,084057.00,5939.30715,N,02452.87406,E,1,12,0.9,18.8,M,21.0,M,,*50
$GPRMC,084057.00,A,5939.30715,N,02452.87406,E,21.08,17.0,140625,,,A*63
$GPVTG,17.0,T,,M,21.08,N,39.05,K,A*3F
$HEHDT,7.1,T*29
$VWVHW,7.1,T,,M,17.26,N,31.97,K*72
$GPGGA,084058.00,5939.31246,N,02452.87714,E,1,12,0.9,18.8,M,21.0,M,,*5D
$GPRMC,084058.00,A,5939.31246,N,02452.87714,E,21.14,17.1,140625,,,A*62
$GPVTG,17.1,T,,M,21.14,N,39.14,K,A*33
$HEHDT,7.2,T*2A
$VWVHW,7.2,T,,M,17.47,N,32.35,K*7D
$GPGGA,084059.00,5939.31845,N,02452.88074,E,1,12,0.9,18.1,M,21.0,M,,*52
$GPRMC,084059.00,A,5939.31845,N,02452.88074,E,21.15,16.9,140625,,,A*6C
$GPVTG,16.9,T,,M,21.15,N,39.18,K,A*37
$HEHDT,7.0,T*28
$VWVHW,7.0,T,,M,17.21,N,31.87,K*75
$GPGGA,084100.00,5939.32357,N,02452.88484,E,1,12,0.9,18.7,M,21.0,M,,*59
$GPRMC,084100.00,A,5939.32357,N,02452.88484,E,21.08,17.0,140625,,,A*65
$GPVTG,17.0,T,,M,21.08,N,39.04,K,A*3E
$HEHDT,7.0,T*28
$VWVHW,7.0,T,,M,17.33,N,32.09,K*73
$GPGSV,2,1,08,03,67,050,46,08,41,105,46,11,20,160,46,14,44,215,46*7A
$GPGSV,2,2,08,17,65,272,45,22,23,320,46,28,13,360,46,31,60,130,46*7B
$GAGSV,2,1,05,04,49,080,46,09,32,190,46,12,62,245,46,24,09,295,46*6A
$GAGSV,2,2,05,31,20,030,46*5C
$GPZDA,084100.00,14,06,2025,00,00*6D
$GPGGA,084101.00,5939.32924,N,02452.88743,E,1,12,0.9,19.0,M,21.0,M,,*58
$GPRMC,084101.00,A,5939.32924,N,02452.88743,E,21.20,17.0,140625,,,A*68
$GPVTG,17.0,T,,M,21.20,N,39.27,K,A*35
$HEHDT,7.1,T*29
$VWVHW,7.1,T,,M,17.15,N,31.76,K*7D
$GPGGA,084102.00,5939.33498,N,02452.89115,E,1,12,0.9,18.9,M,21.0,M,,*5C
$GPRMC,084102.00,A,5939.33498,N,02452.89115,E,21.09,16.9,140625,,,A*67
$GPVTG,16.9,T,,M,21.09,N,39.05,K,A*36
$HEHDT,7.1,T*29
$VWVHW,7.1,T,,M,17.33,N,32.10,K*7A
$GPGGA,084103.00,5939.33999,N,02452.89557,E,1,12,0.9,18.9,M,21.0,M,,*53
$GPRMC,084103.00,A,5939.33999,N,02452.89557,E,21.02,16.6,140625,,,A*6C
$GPVTG,16.6,T,,M,21.02,N,38.93,K,A*3C
$HEHDT,7.1,T*29
$VWVHW,7.1,T,,M,17.29,N,32.02,K*72
$GPGGA,084104.00,5939.34619,N,02452.89798,E,1,12,0.9,18.6,M,21.0,M,,*5A
$GPRMC,084104.00,A,5939.34619,N,02452.89798,E,21.13,17.1,140625,,,A*6C
$GPVTG,17.1,T,,M,21.13,N,39.13,K,A*33
$HEHDT,7.0,T*28
$VWVHW,7.0,T,,M,17.35,N,32.13,K*7E
$GPGGA,084105.00,5939.35154,N,02452.90213,E,1,12,0.9,18.2,M,21.0,M,,*5E
$GPRMC,084105.00,A,5939.35154,N,02452.90213,E,21.08,16.8,140625,,,A*6E
$GPVTG,16.8,T,,M,21.08,N,39.04,K,A*37
$HEHDT,7.1,T*29
$VWVHW,7.1,T,,M,17.21,N,31.87,K*74
$GPGSV,2,1,08,03,67,050,46,08,41,105,46,11,20,160,46,14,44,215,46*7A
$GPGSV,2,2,08,17,65,272,46,22,23,320,46,28,13,360,45,31,60,130,46*7B
$GAGSV,2,1,05,04,49,080,46,09,32,190,46,12,62,245,46,24,09,295,46*6A
$GAGSV,2,2,05,31,20,030,45*5F
$GPZDA,084105.00,14,06,2025,00,00*68
$GPGGA,084106.00,5939.35754,N,02452.90497,E,1,12,0.9,18.3,M,21.0,M,,*50
$GPRMC,084106.00,A,5939.35754,N,02452.90497,E,21.22,17.1,140625,,,A*61
$GPVTG,17.1,T,,M,21.22,N,39.30,K,A*30
$HEHDT,7.2,T*2A
$VWVHW,7.2,T,,M,17.23,N,31.91,K*72
$GPGGA,084107.00,5939.36284,N,02452.90867,E,1,12,0.9,18.8,M,21.0,M,,*52
$GPRMC,084107.00,A,5939.36284,N,02452.90867,E,21.21,16.8,140625,,,A*63
$GPVTG,16.8,T,,M,21.21,N,39.28,K,A*32
$HEHDT,7.2,T*2A
$VWVHW,7.2,T,,M,17.32,N,32.08,K*71
$GPGGA,084108.00,5939.36855,N,02452.91159,E,1,12,0.9,18.5,M,21.0,M,,*53
$GPRMC,084108.00,A,5939.36855,N,02452.91159,E,21.09,16.9,140625,,,A*64
$GPVTG,16.9,T,,M,21.09,N,39.05,K,A*36
$HEHDT,6.9,T*20
$VWVHW,6.9,T,,M,17.37,N,32.17,K*70
$GPGGA,084109.00,5939.37405,N,02452.91601,E,1,12,0.9,18.8,M,21.0,M,,*5D
$GPRMC,084109.00,A,5939.37405,N,02452.91601,E,21.11,16.9,140625,,,A*6E
$GPVTG,16.9,T,,M,21.11,N,39.09,K,A*33
$HEHDT,6.5,T*2C
$VWVHW,6.5,T,,M,17.38,N,32.19,K*7D
$GPGGA,084110.00,5939.37984,N,02452.91921,E,1,12,0.9,18.7,M,21.0,M,,*53
$GPRMC,084110.00,A,5939.37984,N,02452.91921,E,21.24,16.7,140625,,,A*67
$GPVTG,16.7,T,,M,21.24,N,39.33,K,A*32
$HEHDT,7.5,T*2D
$VWVHW,7.5,T,,M,17.39,N,32.21,K*76
$GPGSV,2,1,08,03,67,050,46,08,41,105,46,11,20,160,46,14,44,215,46*7A
$GPGSV,2,2,08,17,65,272,46,22,23,320,46,28,13,360,46,31,60,130,46*78
$GAGSV,2,1,05,04,49,080,46,09,32,190,46,12,62,245,46,24,09,295,47*6B
$GAGSV,2,2,05,31,20,030,45*5F
$GPZDA,084110.00,14,06,2025,00,00*6C
$GPGGA,084111.00,5939.38571,N,02452.92209,E,1,12,0.9,19.0,M,21.0,M,,*5F
$GPRMC,084111.00,A,5939.38571,N,02452.92209,E,21.18,17.0,140625,,,A*64
$GPVTG,17.0,T,,M,21.18,N,39.22,K,A*3B
$HEHDT,7.2,T*2A
$VWVHW,7.2,T,,M,17.57,N,32.55,K*7A
$GPGGA,084112.00,5939.39169,N,02452.92585,E,1,12,0.9,18.6,M,21.0,M,,*54
$GPRMC,084112.00,A,5939.39169,N,02452.92585,E,21.18,17.2,140625,,,A*6A
$GPVTG,17.2,T,,M,21.18,N,39.22,K,A*39
$HEHDT,7.5,T*2D
$VWVHW,7.5,T,,M,17.21,N,31.86,K*71
$GPGGA,084113.00,5939.39680,N,02452.92997,E,1,12,0.9,18.5,M,21.0,M,,*59
$GPRMC,084113.00,A,5939.39680,N,02452.92997,E,21.23,16.7,140625,,,A*68
$GPVTG,16.7,T,,M,21.23,N,39.31,K,A*37
$HEHDT,7.2,T*2A
$VWVHW,7.2,T,,M,17.24,N,31.93,K*77
$GPGGA,084114.00,5939.40259,N,02452.93329,E,1,12,0.9,19.1,M,21.0,M,,*5B
$GPRMC,084114.00,A,5939.40259,N,02452.93329,E,21.10,17.2,140625,,,A*6B
$GPVTG,17.2,T,,M,21.10,N,39.08,K,A*39
$HEHDT,6.9,T*20
$VWVHW,6.9,T,,M,17.33,N,32.09,K*7B
$GPGGA,084115.00,5939.40836,N,02452.93657,E,1,12,0.9,18.4,M,21.0,M,,*51
$GPRMC,084115.00,A,5939.40836,N,02452.93657,E,21.30,16.7,140625,,,A*63
$GPVTG,16.7,T,,M,21.30,N,39.45,K,A*36
$HEHDT,7.3,T*2B
$VWVHW,7.3,T,,M,17.30,N,32.04,K*7E
$GPGSV,2,1,08,03,67,050,46,08,41,105,46,11,20,160,46,14,44,215,46*7A
$GPGSV,2,2,08,17,65,272,46,22,23,320,46,28,13,360,46,31,60,130,46*78
$GAGSV,2,1,05,04,49,080,46,09,32,190,46,12,62,245,46,24,09,295,46*6A
$GAGSV,2,2,05,31,20,030,46*5C
$GPZDA,084115.00,14,06,2025,00,00*69
$GPGGA,084116.00,5939.41425,N,02452.93933,E,1,12,0.9,19.1,M,21.0,M,,*54
$GPRMC,084116.00,A,5939.41425,N,02452.93933,E,21.04,16.9,140625,,,A*6B
$GPVTG,16.9,T,,M,21.04,N,38.96,K,A*30
$HEHDT,7.1,T*29
$VWVHW,7.1,T,,M,17.31,N,32.06,K*7F
$GPGGA,084117.00,5939.41961,N,02452.94320,E,1,12,0.9,18.4,M,21.0,M,,*53
$GPRMC,084117.00,A,5939.41961,N,02452.94320,E,21.16,17.1,140625,,,A*62
$GPVTG,17.1,T,,M,21.16,N,39.19,K,A*3C
$HEHDT,7.0,T*28
$VWVHW,7.0,T,,M,17.33,N,32.10,K*7B
$GPGGA,084118.00,5939.42546,N,02452.94666,E,1,12,0.9,18.4,M,21.0,M,,*51
$GPRMC,084118.00,A,5939.42546,N,02452.94666,E,21.23,16.7,140625,,,A*61
$GPVTG,16.7,T,,M,21.23,N,39.32,K,A*34
$HEHDT,7.3,T*2B
$VWVHW,7.3,T,,M,17.30,N,32.04,K*7E
$GPGGA,084119.00,5939.43089,N,02452.94985,E,1,12,1.0,19.0,M,21.0,M,,*58
$GPRMC,084119.00,A,5939.43089,N,02452.94985,E,21.18,16.7,140625,,,A*6D
$GPVTG,16.7,T,,M,21.18,N,39.23,K,A*3C
$HEHDT,6.7,T*2E
$VWVHW,6.7,T,,M,17.22,N,31.90,K*76
$GPGGA,084120.00,5939.43600,N,02452.95234,E,1,12,1.0,19.0,M,21.0,M,,*55
$GPRMC,084120.00,A,5939.43600,N,02452.95234,E,21.08,17.4,140625,,,A*63
$GPVTG,17.4,T,,M,21.08,N,39.03,K,A*3D
$HEHDT,7.6,T*2E
$VWVHW,7.6,T,,M,17.23,N,31.91,K*76
$GPGSV,2,1,08,03,67,050,46,08,40,105,46,11,20,160,46,14,44,215,46*7B
$GPGSV,2,2,08,17,65,272,47,22,23,320,46,28,13,360,46,31,60,130,46*79
$GAGSV,2,1,05,04,49,080,46,09,32,190,45,12,62,245,46,24,09,295,46*69
$GAGSV,2,2,05,31,20,030,45*5F
$GPZDA,084120.00,14,06,2025,00,00*6F
$GPGGA,084121.00,5939.44195,N,02452.95645,E,1,12,1.0,19.3,M,21.0,M,,*59
$GPRMC,084121.00,A,5939.44195,N,02452.95645,E,21.09,16.8,140625,,,A*60
$GPVTG,16.8,T,,M,21.09,N,39.06,K,A*34
$HEHDT,6.9,T*20
$VWVHW,6.9,T,,M,17.38,N,32.19,K*71
$GPGGA,084122.00,5939.44738,N,02452.96009,E,1,12,1.0,19.1,M,21.0,M,,*54
$GPRMC,084122.00,A,5939.44738,N,02452.96009,E,21.10,16.8,140625,,,A*67
$GPVTG,16.8,T,,M,21.10,N,39.08,K,A*32
$HEHDT,7.1,T*29
$VWVHW,7.1,T,,M,17.41,N,32.25,K*79
$GPGGA,084123.00,5939.45334,N,02452.96391,E,1,12,1.0,18.8,M,21.0,M,,*56
$GPRMC,084123.00,A,5939.45334,N,02452.96391,E,21.15,17.2,140625,,,A*63
$GPVTG,17.2,T,,M,21.15,N,39.17,K,A*32
$HEHDT,7.5,T*2D
$VWVHW,7.5,T,,M,17.40,N,32.23,K*7A
$GPGGA,084124.00,5939.45908,N,02452.96605,E,1,12,1.0,18.4,M,21.0,M,,*50
$GPRMC,084124.00,A,5939.45908,N,02452.96605,E,21.29,17.2,140625,,,A*66
$GPVTG,17.2,T,,M,21.29,N,39.42,K,A*3D
$HEHDT,7.5,T*2D
$VWVHW,7.5,T,,M,17.13,N,31.73,K*7A
$GPGGA,084125.00,5939.46483,N,02452.97001,E,1,12,1.0,19.1,M,21.0,M,,*5B
$GPRMC,084125.00,A,5939.46483,N,02452.97001,E,21.12,17.2,140625,,,A*61
$GPVTG,17.2,T,,M,21.12,N,39.11,K,A*33
$HEHDT,7.0,T*28
$VWVHW,7.0,T,,M,17.41,N,32.25,K*78
$GPGSV,2,1,08,03,67,050,46,08,40,105,46,11,20,160,46,14,44,215,46*7B
$GPGSV,2,2,08,17,65,272,46,22,23,320,46,28,13,360,46,31,60,130,46*78
$GAGSV,2,1,05,04,49,080,46,09,32,190,46,12,62,245,46,24,09,295,47*6B
$GAGSV,2,2,05,31,20,030,46*5C
$GPZDA,084125.00,14,06,2025,00,00*6A
$GPGGA,084126.00,5939.47035,N,02452.97398,E,1,12,1.0,19.1,M,21.0,M,,*53
$GPRMC,084126.00,A,5939.47035,N,02452.97398,E,21.16,16.6,140625,,,A*68
$GPVTG,16.6,T,,M,21.16,N,39.20,K,A*30
$HEHDT,7.4,T*2C
$VWVHW,7.4,T,,M,17.25,N,31.96,K*75
$GPGGA,084127.00,5939.47593,N,02452.97656,E,1,12,1.0,19.1,M,21.0,M,,*5C
$GPRMC,084127.00,A,5939.47593,N,02452.97656,E,21.08,16.9,140625,,,A*67
$GPVTG,16.9,T,,M,21.08,N,39.04,K,A*36
$HEHDT,6.6,T*2F
$VWVHW,6.6,T,,M,17.36,N,32.15,K*7C
$GPGGA,084128.00,5939.48153,N,02452.98147,E,1,12,1.0,19.1,M,21.0,M,,*5C
$GPRMC,084128.00,A,5939.48153,N,02452.98147,E,21.04,16.9,140625,,,A*6B
$GPVTG,16.9,T,,M,21.04,N,38.96,K,A*30
$HEHDT,7.3,T*2B
$VWVHW,7.3,T,,M,17.26,N,31.97,K*70
$GPGGA,084129.00,5939.48717,N,02452.98449,E,1,12,1.0,19.4,M,21.0,M,,*55
$GPRMC,084129.00,A,5939.48717,N,02452.98449,E,21.16,17.2,140625,,,A*6E
$GPVTG,17.2,T,,M,21.16,N,39.19,K,A*3F
$HEHDT,7.2,T*2A
$VWVHW,7.2,T,,M,17.28,N,32.00,K*72
$GPGGA,084130.00,5939.49328,N,02452.98738,E,1,12,1.0,18.9,M,21.0,M,,*5D
$GPRMC,084130.00,A,5939.49328,N,02452.98738,E,21.26,16.8,140625,,,A*62
$GPVTG,16.8,T,,M,21.26,N,39.38,K,A*34
$HEHDT,7.0,T*28
$VWVHW,7.0,T,,M,17.39,N,32.20,K*72
$GPGSV,2,1,08,03,67,050,46,08,40,105,46,11,20,160,46,14,44,215,46*7B
$GPGSV,2,2,08,17,65,272,46,22,23,320,46,28,13,360,45,31,60,130,45*78
$GAGSV,2,1,05,04,49,080,45,09,32,190,45,12,62,245,46,24,09,295,46*6A
$GAGSV,2,2,05,31,20,030,46*5C
$GPZDA,084130.00,14,06,2025,00,00*6E
$GPGGA,084131.00,5939.49878,N,02452.99066,E,1,12,1.0,18.2,M,21.0,M,,*54
$GPRMC,084131.00,A,5939.49878,N,02452.99066,E,21.14,17.2,140625,,,A*6A
$GPVTG,17.2,T,,M,21.14,N,39.15,K,A*31
$HEHDT,7.3,T*2B
$VWVHW,7.3,T,,M,17.32,N,32.08,K*70
$GPGGA,084132.00,5939.50426,N,02452.99451,E,1,12,1.0,19.0,M,21.0,M,,*5B
$GPRMC,084132.00,A,5939.50426,N,02452.99451,E,21.04,17.0,140625,,,A*65
$GPVTG,17.0,T,,M,21.04,N,38.96,K,A*38
$HEHDT,7.0,T*28
$VWVHW,7.0,T,,M,17.42,N,32.26,K*78
$GPGGA,084133.00,5939.51023,N,02452.99784,E,1,12,1.0,19.4,M,21.0,M,,*55
$GPRMC,084133.00,A,5939.51023,N,02452.99784,E,21.35,16.9,140625,,,A*65
$GPVTG,16.9,T,,M,21.35,N,39.54,K,A*3D
$HEHDT,7.0,T*28
$VWVHW,7.0,T,,M,17.39,N,32.21,K*73
$GPGGA,084134.00,5939.51545,N,02453.00115,E,1,12,1.0,19.4,M,21.0,M,,*58
$GPRMC,084134.00,A,5939.51545,N,02453.00115,E,21.24,16.9,140625,,,A*68
$GPVTG,16.9,T,,M,21.24,N,39.34,K,A*3B
$HEHDT,7.5,T*2D
$VWVHW,7.5,T,,M,17.39,N,32.21,K*76
$GPGGA,084135.00,5939.52122,N,02453.00408,E,1,12,1.0,19.0,M,21.0,M,,*52
$GPRMC,084135.00,A,5939.52122,N,02453.00408,E,21.14,17.1,140625,,,A*6C
$GPVTG,17.1,T,,M,21.14,N,39.15,K,A*32
$HEHDT,6.8,T*21
$VWVHW,6.8,T,,M,17.37,N,32.16,K*70
$GPGSV,2,1,08,03,67,050,46,08,40,105,46,11,20,160,45,14,44,215,45*7B
$GPGSV,2,2,08,17,65,272,46,22,23,320,46,28,13,360,46,31,60,130,46*78
$GAGSV,2,1,05,04,49,080,46,09,32,190,46,12,62,245,45,24,09,295,46*69
$GAGSV,2,2,05,31,20,030,46*5C
$GPZDA,084135.00,14,06,2025,00,00*6B
$GPGGA,084136.00,5939.52665,N,02453.00720,E,1,12,1.0,19.2,M,21.0,M,,*5E
$GPRMC,084136.00,A,5939.52665,N,02453.00720,E,21.15,16.9,140625,,,A*6A
$GPVTG,16.9,T,,M,21.15,N,39.16,K,A*39
$HEHDT,6.9,T*20
$VWVHW,6.9,T,,M,17.40,N,32.23,K*77
$GPGGA,084137.00,5939.53216,N,02453.01122,E,1,12,1.0,18.5,M,21.0,M,,*5D
$GPRMC,084137.00,A,5939.53216,N,02453.01122,E,21.38,17.3,140625,,,A*6B
$GPVTG,17.3,T,,M,21.38,N,39.59,K,A*36
$HEHDT,6.6,T*2F
$VWVHW,6.6,T,,M,17.29,N,32.02,K*74
$GPGGA,084138.00,5939.53778,N,02453.01438,E,1,12,1.0,19.1,M,21.0,M,,*54
$GPRMC,084138.00,A,5939.53778,N,02453.01438,E,21.15,16.7,140625,,,A*6D
$GPVTG,16.7,T,,M,21.15,N,39.17,K,A*36
$HEHDT,7.2,T*2A
$VWVHW,7.2,T,,M,17.28,N,32.00,K*72
$GPGGA,084139.00,5939.54331,N,02453.01818,E,1,12,1.0,19.4,M,21.0,M,,*50
$GPRMC,084139.00,A,5939.54331,N,02453.01818,E,21.12,16.7,140625,,,A*6B
$GPVTG,16.7,T,,M,21.12,N,39.11,K,A*37
$HEHDT,6.9,T*20
$VWVHW,6.9,T,,M,17.36,N,32.16,K*70
$GPGGA,084140.00,5939.54896,N,02453.02134,E,1,12,1.0,18.8,M,21.0,M,,*51
$GPRMC,084140.00,A,5939.54896,N,02453.02134,E,21.29,17.0,140625,,,A*69
$GPVTG,17.0,T,,M,21.29,N,39.43,K,A*3E
$HEHDT,7.1,T*29
$VWVHW,7.1,T,,M,17.40,N,32.23,K*7E
$GPGSV,2,1,08,03,67,050,45,08,40,105,46,11,19,160,46,14,44,215,46*72
$GPGSV,2,2,08,17,65,272,45,22,23,320,46,28,13,000,46,31,60,130,46*7E
$GAGSV,2,1,05,04,49,080,46,09,32,190,46,12,62,245,46,24,09,295,46*6A
$GAGSV,2,2,05,31,20,030,45*5F
$GPZDA,084140.00,14,06,2025,00,00*69
$GPGGA,084141.00,5939.55468,N,02453.02504,E,1,12,1.0,18.8,M,21.0,M,,*5B
$GPRMC,084141.00,A,5939.55468,N,02453.02504,E,21.10,17.0,140625,,,A*69
$GPVTG,17.0,T,,M,21.10,N,39.07,K,A*34
$HEHDT,7.2,T*2A
$VWVHW,7.2,T,,M,17.35,N,32.13,K*7C
$GPGGA,084142.00,5939.55974,N,02453.02854,E,1,12,1.0,18.8,M,21.0,M,,*50
$GPRMC,084142.00,A,5939.55974,N,02453.02854,E,21.10,17.1,140625,,,A*63
$GPVTG,17.1,T,,M,21.10,N,39.07,K,A*35
$HEHDT,7.4,T*2C
$VWVHW,7.4,T,,M,17.35,N,32.14,K*7D
$GPGGA,084143.00,5939.56583,N,02453.03152,E,1,12,1.0,18.5,M,21.0,M,,*55
$GPRMC,084143.00,A,5939.56583,N,02453.03152,E,21.04,17.2,140625,,,A*6D
$GPVTG,17.2,T,,M,21.04,N,38.96,K,A*3A
$HEHDT,7.2,T*2A
$VWVHW,7.2,T,,M,17.41,N,32.24,K*7B
$GPGGA,084144.00,5939.57103,N,02453.03437,E,1,12,1.0,18.9,M,21.0,M,,*55
$GPRMC,084144.00,A,5939.57103,N,02453.03437,E,21.19,17.0,140625,,,A*6F
$GPVTG,17.0,T,,M,21.19,N,39.25,K,A*3D
$HEHDT,6.8,T*21
$VWVHW,6.8,T,,M,17.39,N,32.21,K*7A
$GPGGA,084145.00,5939.57661,N,02453.03802,E,1,12,1.0,18.9,M,21.0,M,,*5D
$GPRMC,084145.00,A,5939.57661,N,02453.03802,E,21.08,17.1,140625,,,A*66
$GPVTG,17.1,T,,M,21.08,N,39.05,K,A*3E
$HEHDT,6.7,T*2E
$VWVHW,6.7,T,,M,17.31,N,32.06,K*78
$GPGSV,2,1,08,03,67,050,46,08,40,105,46,11,19,160,45,14,44,215,47*73
$GPGSV,2,2,08,17,65,272,46,22,23,320,46,28,13,000,46,31,60,130,46*7D
$GAGSV,2,1,05,04,49,080,47,09,32,190,45,12,62,245,46,24,09,295,46*68
$GAGSV,2,2,05,31,20,030,46*5C
$GPZDA,084145.00,14,06,2025,00,00*6C
$GPGGA,084146.00,5939.58249,N,02453.04191,E,1,12,1.0,18.7,M,21.0,M,,*55
$GPRMC,084146.00,A,5939.58249,N,02453.04191,E,21.09,16.9,140625,,,A*68
$GPVTG,16.9,T,,M,21.09,N,39.05,K,A*36
$HEHDT,7.3,T*2B
$VWVHW,7.3,T,,M,17.21,N,31.86,K*77
$GPGGA,084147.00,5939.58794,N,02453.04501,E,1,12,1.0,18.8,M,21.0,M,,*53
$GPRMC,084147.00,A,5939.58794,N,02453.04501,E,21.01,16.9,140625,,,A*69
$GPVTG,16.9,T,,M,21.01,N,38.90,K,A*33
$HEHDT,6.9,T*20
$VWVHW,6.9,T,,M,17.35,N,32.13,K*76
$GPGGA,084148.00,5939.59379,N,02453.04815,E,1,12,1.0,18.8,M,21.0,M,,*52
$GPRMC,084148.00,A,5939.59379,N,02453.04815,E,21.16,17.0,140625,,,A*66
$GPVTG,17.0,T,,M,21.16,N,39.20,K,A*37
$HEHDT,7.1,T*29
$VWVHW,7.1,T,,M,17.38,N,32.19,K*78
$GPGGA,084149.00,5939.59913,N,02453.05267,E,1,12,1.0,18.7,M,21.0,M,,*54
$GPRMC,084149.00,A,5939.59913,N,02453.05267,E,21.02,16.6,140625,,,A*6D
$GPVTG,16.6,T,,M,21.02,N,38.92,K,A*3D
$HEHDT,7.0,T*28
$VWVHW,7.0,T,,M,17.21,N,31.87,K*75
$GPGGA,084150.00,5939.60472,N,02453.05555,E,1,12,1.0,18.4,M,21.0,M,,*59
$GPRMC,084150.00,A,5939.60472,N,02453.05555,E,21.12,17.2,140625,,,A*67
$GPVTG,17.2,T,,M,21.12,N,39.12,K,A*30
$HEHDT,7.0,T*28
$VWVHW,7.0,T,,M,17.28,N,32.00,K*70
$GPGSV,2,1,08,03,67,050,47,08,40,105,46,11,19,160,46,14,44,215,46*70
$GPGSV,2,2,08,17,65,272,45,22,23,320,46,28,13,000,46,31,60,130,46*7E
$GAGSV,2,1,05,04,49,080,46,09,32,190,46,12,62,245,46,24,09,295,46*6A
$GAGSV,2,2,05,31,20,030,46*5C
$GPZDA,084150.00,14,06,2025,00,00*68
$GPGGA,084151.00,5939.60996,N,02453.05898,E,1,12,1.0,18.6,M,21.0,M,,*51
$GPRMC,084151.00,A,5939.60996,N,02453.05898,E,21.05,16.9,140625,,,A*61
$GPVTG,16.9,T,,M,21.05,N,38.99,K,A*3E
$HEHDT,7.1,T*29
$VWVHW,7.1,T,,M,17.47,N,32.36,K*7D
$GPGGA,084152.00,5939.61508,N,02453.06176,E,1,12,1.0,17.9,M,21.0,M,,*52
$GPRMC,084152.00,A,5939.61508,N,02453.06176,E,21.02,17.0,140625,,,A*6D
$GPVTG,17.0,T,,M,21.02,N,38.93,K,A*3B
$HEHDT,7.3,T*2B
$VWVHW,7.3,T,,M,17.31,N,32.06,K*7D
$GPGGA,084153.00,5939.62089,N,02453.06560,E,1,12,1.0,18.4,M,21.0,M,,*5D
$GPRMC,084153.00,A,5939.62089,N,02453.06560,E,21.07,17.0,140625,,,A*65
$GPVTG,17.0,T,,M,21.07,N,39.03,K,A*36
$HEHDT,6.9,T*20
$VWVHW,6.9,T,,M,17.40,N,32.22,K*76
$GPGGA,084154.00,5939.62666,N,02453.06909,E,1,12,1.0,18.3,M,21.0,M,,*59
$GPRMC,084154.00,A,5939.62666,N,02453.06909,E,21.04,16.9,140625,,,A*6D
$GPVTG,16.9,T,,M,21.04,N,38.96,K,A*30
$HEHDT,7.3,T*2B
$VWVHW,7.3,T,,M,17.30,N,32.04,K*7E
$GPGGA,084155.00,5939.63237,N,02453.07068,E,1,12,1.0,18.8,M,21.0,M,,*5D
$GPRMC,084155.00,A,5939.63237,N,02453.07068,E,21.06,16.8,140625,,,A*61
$GPVTG,16.8,T,,M,21.06,N,39.00,K,A*3D
$HEHDT,6.8,T*21
$VWVHW,6.8,T,,M,17.43,N,32.27,K*71
$GPGSV,2,1,08,03,67,050,47,08,40,105,46,11,19,160,46,14,44,215,46*70
$GPGSV,2,2,08,17,65,272,46,22,23,320,45,28,13,000,46,31,60,130,46*7E
$GAGSV,2,1,05,04,49,080,45,09,32,190,46,12,62,245,45,24,09,295,46*6A
$GAGSV,2,2,05,31,20,030,46*5C
$GPZDA,084155.00,14,06,2025,00,00*6D
$GPGGA,084156.00,5939.63760,N,02453.07488,E,1,12,1.0,18.0,M,21.0,M,,*5B
$GPRMC,084156.00,A,5939.63760,N,02453.07488,E,21.15,17.0,140625,,,A*64
$GPVTG,17.0,T,,M,21.15,N,39.17,K,A*30
$HEHDT,6.9,T*20
$VWVHW,6.9,T,,M,17.37,N,32.17,K*70
$GPGGA,084157.00,5939.64325,N,02453.07977,E,1,12,1.0,17.7,M,21.0,M,,*5D
$GPRMC,084157.00,A,5939.64325,N,02453.07977,E,21.16,16.7,140625,,,A*6F
$GPVTG,16.7,T,,M,21.16,N,39.19,K,A*3B
$HEHDT,7.1,T*29
$VWVHW,7.1,T,,M,17.19,N,31.84,K*7C
$GPGGA,084158.00,5939.64864,N,02453.08308,E,1,12,1.0,17.8,M,21.0,M,,*5E
$GPRMC,084158.00,A,5939.64864,N,02453.08308,E,21.10,16.8,140625,,,A*6A
$GPVTG,16.8,T,,M,21.10,N,39.09,K,A*33
$HEHDT,7.3,T*2B
$VWVHW,7.3,T,,M,17.21,N,31.88,K*79
$GPGGA,084159.00,5939.65454,N,02453.08659,E,1,12,1.0,17.9,M,21.0,M,,*51
$GPRMC,084159.00,A,5939.65454,N,02453.08659,E,21.04,17.1,140625,,,A*69
$GPVTG,17.1,T,,M,21.04,N,38.97,K,A*38
$HEHDT,7.2,T*2A
$VWVHW,7.2,T,,M,17.13,N,31.73,K*7D
$GPGGA,084200.00,5939.66002,N,02453.09013,E,1,12,1.0,17.7,M,21.0,M,,*5D
$GPRMC,084200.00,A,5939.66002,N,02453.09013,E,21.06,16.8,140625,,,A*61
$GPVTG,16.8,T,,M,21.06,N,39.00,K,A*3D
$HEHDT,7.0,T*28
$VWVHW,7.0,T,,M,17.29,N,32.02,K*73
$GPGSV,2,1,08,03,67,050,45,08,40,105,46,11,19,160,46,14,44,215,46*72
$GPGSV,2,2,08,17,65,272,46,22,23,320,46,28,13,000,45,31,60,130,46*7E
$GAGSV,2,1,05,04,49,080,46,09,32,190,46,12,62,245,46,24,09,295,47*6B
$GAGSV,2,2,05,31,20,030,46*5C
$GPZDA,084200.00,14,06,2025,00,00*6E
$GPGGA,084201.00,5939.66577,N,02453.09306,E,1,12,1.0,17.5,M,21.0,M,,*5E
$GPRMC,084201.00,A,5939.66577,N,02453.09306,E,21.10,17.1,140625,,,A*6F
$GPVTG,17.1,T,,M,21.10,N,39.08,K,A*3A
$HEHDT,7.3,T*2B
$VWVHW,7.3,T,,M,17.24,N,31.92,K*77
$GPGGA,084202.00,5939.67114,N,02453.09644,E,1,12,1.0,17.0,M,21.0,M,,*5B
$GPRMC,084202.00,A,5939.67114,N,02453.09644,E,21.04,17.3,140625,,,A*68
$GPVTG,17.3,T,,M,21.04,N,38.96,K,A*3B
$HEHDT,7.2,T*2A
$VWVHW,7.2,T,,M,17.24,N,31.93,K*77
$GPGGA,084203.00,5939.67698,N,02453.09923,E,1,12,1.0,17.9,M,21.0,M,,*5E
$GPRMC,084203.00,A,5939.67698,N,02453.09923,E,21.05,17.1,140625,,,A*67
$GPVTG,17.1,T,,M,21.05,N,38.98,K,A*36
$HEHDT,7.9,T*21
$VWVHW,7.9,T,,M,17.22,N,31.88,K*70
$GPGGA,084204.00,5939.68215,N,02453.10227,E,1,12,1.0,17.1,M,21.0,M,,*58
$GPRMC,084204.00,A,5939.68215,N,02453.10227,E,21.15,16.9,140625,,,A*61
$GPVTG,16.9,T,,M,21.15,N,39.16,K,A*39
$HEHDT,7.2,T*2A
$VWVHW,7.2,T,,M,17.26,N,31.96,K*70
$GPGGA,084205.00,5939.68779,N,02453.10625,E,1,12,1.0,16.3,M,21.0,M,,*53
$GPRMC,084205.00,A,5939.68779,N,02453.10625,E,21.07,16.9,140625,,,A*6A
$GPVTG,16.9,T,,M,21.07,N,39.02,K,A*3F
$HEHDT,6.9,T*20
$VWVHW,6.9,T,,M,17.22,N,31.88,K*71
$GPGSV,2,1,08,03,67,050,46,08,40,105,45,11,19,160,47,14,44,215,46*73
$GPGSV,2,2,08,17,65,272,46,22,23,320,46,28,13,000,46,31,60,130,46*7D
$GAGSV,2,1,05,04,49,080,46,09,32,190,47,12,62,245,47,24,09,295,46*6A
$GAGSV,2,2,05,31,20,030,47*5D
$GPZDA,084205.00,14,06,2025,00,00*6B
$GPGGA,084206.00,5939.69352,N,02453.10964,E,1,12,1.0,16.7,M,21.0,M,,*52
$GPRMC,084206.00,A,5939.69352,N,02453.10964,E,21.06,16.9,140625,,,A*6E
$GPVTG,16.9,T,,M,21.06,N,39.00,K,A*3C
$HEHDT,7.1,T*29
$VWVHW,7.1,T,,M,17.41,N,32.25,K*79
$GPGGA,084207.00,5939.69893,N,02453.11261,E,1,12,1.0,16.9,M,21.0,M,,*54
$GPRMC,084207.00,A,5939.69893,N,02453.11261,E,21.12,17.2,140625,,,A*69
$GPVTG,17.2,T,,M,21.12,N,39.12,K,A*30
$HEHDT,7.2,T*2A
$VWVHW,7.2,T,,M,17.26,N,31.97,K*71
$GPGGA,084208.00,5939.70488,N,02453.11686,E,1,12,1.0,16.5,M,21.0,M,,*54
$GPRMC,084208.00,A,5939.70488,N,02453.11686,E,21.00,17.0,140625,,,A*64
$GPVTG,17.0,T,,M,21.00,N,38.89,K,A*32
$HEHDT,7.4,T*2C
$VWVHW,7.4,T,,M,17.28,N,31.99,K*77
$GPGGA,084209.00,5939.71019,N,02453.11974,E,1,12,1.0,16.8,M,21.0,M,,*57
$GPRMC,084209.00,A,5939.71019,N,02453.11974,E,21.15,17.1,140625,,,A*6F
$GPVTG,17.1,T,,M,21.15,N,39.17,K,A*31
$HEHDT,7.2,T*2A
$VWVHW,7.2,T,,M,17.24,N,31.92,K*76
$GPGGA,084210.00,5939.71672,N,02453.12367,E,1,12,1.0,17.0,M,21.0,M,,*56
$GPRMC,084210.00,A,5939.71672,N,02453.12367,E,21.10,16.9,140625,,,A*6B
$GPVTG,16.9,T,,M,21.10,N,39.07,K,A*3C
$HEHDT,7.2,T*2A
$VWVHW,7.2,T,,M,17.28,N,32.00,K*72
$GPGSV,2,1,08,03,67,050,46,08,40,105,46,11,19,160,46,14,44,215,46*71
$GPGSV,2,2,08,17,65,272,46,22,23,320,46,28,13,000,46,31,60,130,46*7D
$GAGSV,2,1,05,04,49,080,45,09,32,190,46,12,62,245,47,24,09,295,46*68
$GAGSV,2,2,05,31,20,030,47*5D
$GPZDA,084210.00,14,06,2025,00,00*6F
$GPGGA,084211.00,5939.72174,N,02453.12738,E,1,12,1.0,16.9,M,21.0,M,,*53
$GPRMC,084211.00,A,5939.72174,N,02453.12738,E,21.16,17.2,140625,,,A*6A
$GPVTG,17.2,T,,M,21.16,N,39.19,K,A*3F
$HEHDT,7.0,T*28
$VWVHW,7.0,T,,M,17.35,N,32.13,K*7E
$GPGGA,084212.00,5939.72711,N,02453.13093,E,1,12,1.0,16.2,M,21.0,M,,*59
$GPRMC,084212.00,A,5939.72711,N,02453.13093,E,20.97,16.7,140625,,,A*67
$GPVTG,16.7,T,,M,20.97,N,38.83,K,A*31
$HEHDT,7.1,T*29
$VWVHW,7.1,T,,M,17.19,N,31.84,K*7C
$GPGGA,084213.00,5939.73293,N,02453.13434,E,1,12,1.0,17.1,M,21.0,M,,*5D
$GPRMC,084213.00,A,5939.73293,N,02453.13434,E,21.07,17.2,140625,,,A*6D
$GPVTG,17.2,T,,M,21.07,N,39.02,K,A*35
$HEHDT,7.3,T*2B
$VWVHW,7.3,T,,M,17.16,N,31.79,K*73
$GPGGA,084214.00,5939.73823,N,02453.13630,E,1,12,1.0,16.8,M,21.0,M,,*55
$GPRMC,084214.00,A,5939.73823,N,02453.13630,E,21.15,17.5,140625,,,A*69
$GPVTG,17.5,T,,M,21.15,N,39.16,K,A*34
$HEHDT,7.4,T*2C
$VWVHW,7.4,T,,M,17.16,N,31.77,K*7A
$GPGGA,084215.00,5939.74413,N,02453.13989,E,1,12,1.0,17.0,M,21.0,M,,*58
$GPRMC,084215.00,A,5939.74413,N,02453.13989,E,21.10,17.2,140625,,,A*6F
$GPVTG,17.2,T,,M,21.10,N,39.07,K,A*36
$HEHDT,7.3,T*2B
$VWVHW,7.3,T,,M,17.09,N,31.65,K*70
$GPGSV,2,1,08,03,67,050,45,08,40,105,46,11,19,160,45,14,44,215,46*71
$GPGSV,2,2,08,17,65,272,46,22,23,320,46,28,13,000,46,31,60,130,46*7D
$GAGSV,2,1,05,04,49,080,46,09,32,190,46,12,62,245,46,24,09,295,47*6B
$GAGSV,2,2,05,31,20,030,47*5D
$GPZDA,084215.00,14,06,2025,00,00*6A
$GPGGA,084216.00,5939.74986,N,02453.14400,E,1,12,1.0,16.6,M,21.0,M,,*56
$GPRMC,084216.00,A,5939.74986,N,02453.14400,E,21.00,17.0,140625,,,A*65
$GPVTG,17.0,T,,M,21.00,N,38.90,K,A*3A
$HEHDT,7.5,T*2D
$VWVHW,7.5,T,,M,17.10,N,31.66,K*7D
$GPGGA,084217.00,5939.75527,N,02453.14691,E,1,12,1.0,16.4,M,21.0,M,,*59
$GPRMC,084217.00,A,5939.75527,N,02453.14691,E,21.01,17.2,140625,,,A*6B
$GPVTG,17.2,T,,M,21.01,N,38.90,K,A*39
$HEHDT,6.7,T*2E
$VWVHW,6.7,T,,M,17.20,N,31.85,K*70
$GPGGA,084218.00,5939.76064,N,02453.15034,E,1,12,1.0,16.7,M,21.0,M,,*5C
$GPRMC,084218.00,A,5939.76064,N,02453.15034,E,21.07,16.8,140625,,,A*60
$GPVTG,16.8,T,,M,21.07,N,39.03,K,A*3F
$HEHDT,6.9,T*20
$VWVHW,6.9,T,,M,17.07,N,31.61,K*71
$GPGGA,084219.00,5939.76633,N,02453.15519,E,1,12,1.0,16.1,M,21.0,M,,*55
$GPRMC,084219.00,A,5939.76633,N,02453.15519,E,20.90,17.6,140625,,,A*6F
$GPVTG,17.6,T,,M,20.90,N,38.70,K,A*3A
$HEHDT,6.9,T*20
$VWVHW,6.9,T,,M,17.12,N,31.70,K*75
$GPGGA,084220.00,5939.77210,N,02453.15791,E,1,12,1.0,16.2,M,21.0,M,,*5A
$GPRMC,084220.00,A,5939.77210,N,02453.15791,E,21.07,17.1,140625,,,A*6B
$GPVTG,17.1,T,,M,21.07,N,39.02,K,A*36
$HEHDT,6.9,T*20
$VWVHW,6.9,T,,M,17.00,N,31.49,K*7C
$GPGSV,2,1,08,03,67,050,46,08,40,105,45,11,19,160,46,14,44,215,45*71
$GPGSV,2,2,08,17,65,272,46,22,23,320,46,28,13,000,46,31,60,130,46*7D
$GAGSV,2,1,05,04,49,080,46,09,32,190,45,12,62,245,45,24,09,295,46*6A
$GAGSV,2,2,05,31,20,030,46*5C
$GPZDA,084220.00,14,06,2025,00,00*6C
$GPGGA,084221.00,5939.77783,N,02453.16100,E,1,12,1.0,16.0,M,21.0,M,,*5B
$GPRMC,084221.00,A,5939.77783,N,02453.16100,E,21.07,16.6,140625,,,A*6E
$GPVTG,16.6,T,,M,21.07,N,39.02,K,A*30
$HEHDT,6.8,T*21
$VWVHW,6.8,T,,M,17.14,N,31.74,K*76
$GPGGA,084222.00,5939.78333,N,02453.16415,E,1,12,1.0,16.0,M,21.0,M,,*59
$GPRMC,084222.00,A,5939.78333,N,02453.16415,E,21.07,17.1,140625,,,A*6A
$GPVTG,17.1,T,,M,21.07,N,39.02,K,A*36
$HEHDT,7.3,T*2B
$VWVHW,7.3,T,,M,17.21,N,31.88,K*79
$GPGGA,084223.00,5939.78872,N,02453.16726,E,1,12,1.0,16.3,M,21.0,M,,*56
$GPRMC,084223.00,A,5939.78872,N,02453.16726,E,20.98,16.4,140625,,,A*65
$GPVTG,16.4,T,,M,20.98,N,38.86,K,A*38
$HEHDT,7.0,T*28
$VWVHW,7.0,T,,M,17.12,N,31.71,K*7C
$GPGGA,084224.00,5939.79434,N,02453.17023,E,1,12,1.0,15.9,M,21.0,M,,*54
$GPRMC,084224.00,A,5939.79434,N,02453.17023,E,21.03,16.9,140625,,,A*60
$GPVTG,16.9,T,,M,21.03,N,38.94,K,A*35
$HEHDT,6.7,T*2E
$VWVHW,6.7,T,,M,17.08,N,31.63,K*72
$GPGGA,084225.00,5939.79981,N,02453.17454,E,1,12,1.1,15.9,M,21.0,M,,*53
$GPRMC,084225.00,A,5939.79981,N,02453.17454,E,21.00,17.2,140625,,,A*6F
$GPVTG,17.2,T,,M,21.00,N,38.89,K,A*30
$HEHDT,6.8,T*21
$VWVHW,6.8,T,,M,17.22,N,31.89,K*71
$GPGSV,2,1,08,03,67,050,47,08,40,105,46,11,19,160,46,14,44,215,46*70
$GPGSV,2,2,08,17,65,272,45,22,23,320,46,28,13,000,46,31,60,130,46*7E
$GAGSV,2,1,05,04,49,080,46,09,32,190,46,12,62,245,47,24,09,295,46*6B
$GAGSV,2,2,05,31,20,030,46*5C
$GPZDA,084225.00,14,06,2025,00,00*69
$GPGGA,084226.00,5939.80563,N,02453.17747,E,1,12,1.1,15.7,M,21.0,M,,*59
$GPRMC,084226.00,A,5939.80563,N,02453.17747,E,21.04,17.1,140625,,,A*6C
$GPVTG,17.1,T,,M,21.04,N,38.96,K,A*39
$HEHDT,7.0,T*28
$VWVHW,7.0,T,,M,17.07,N,31.62,K*7A
$GPGGA,084227.00,5939.81110,N,02453.18033,E,1,12,1.1,15.6,M,21.0,M,,*53
$GPRMC,084227.00,A,5939.81110,N,02453.18033,E,20.94,17.0,140625,,,A*6E
$GPVTG,17.0,T,,M,20.94,N,38.79,K,A*31
$HEHDT,7.5,T*2D
$VWVHW,7.5,T,,M,17.12,N,31.71,K*79
$GPGGA,084228.00,5939.81678,N,02453.18377,E,1,12,1.1,15.6,M,21.0,M,,*56
$GPRMC,084228.00,A,5939.81678,N,02453.18377,E,20.92,17.0,140625,,,A*6D
$GPVTG,17.0,T,,M,20.92,N,38.74,K,A*3A
$HEHDT,7.0,T*28
$VWVHW,7.0,T,,M,17.19,N,31.83,K*7A
$GPGGA,084229.00,5939.82249,N,02453.18678,E,1,12,1.1,15.1,M,21.0,M,,*5F
$GPRMC,084229.00,A,5939.82249,N,02453.18678,E,20.99,17.1,140625,,,A*69
$GPVTG,17.1,T,,M,20.99,N,38.87,K,A*3C
$HEHDT,7.2,T*2A
$VWVHW,7.2,T,,M,17.11,N,31.69,K*74
$GPGGA,084230.00,5939.82809,N,02453.19041,E,1,12,1.1,15.5,M,21.0,M,,*50
$GPRMC,084230.00,A,5939.82809,N,02453.19041,E,20.93,17.1,140625,,,A*68
$GPVTG,17.1,T,,M,20.93,N,38.77,K,A*39
$HEHDT,7.3,T*2B
$VWVHW,7.3,T,,M,17.16,N,31.79,K*73
$GPGSV,2,1,08,03,67,050,46,08,40,105,46,11,19,160,46,14,44,215,46*71
$GPGSV,2,2,08,17,65,272,46,22,23,320,46,28,13,000,46,31,60,130,46*7D
$GAGSV,2,1,05,04,49,080,46,09,32,190,46,12,62,245,46,24,09,295,46*6A
$GAGSV,2,2,05,31,20,030,45*5F
$GPZDA,084230.00,14,06,2025,00,00*6D
$GPGGA,084231.00,5939.83349,N,02453.19334,E,1,12,1.1,15.8,M,21.0,M,,*53
$GPRMC,084231.00,A,5939.83349,N,02453.19334,E,20.89,16.9,140625,,,A*64
$GPVTG,16.9,T,,M,20.89,N,38.69,K,A*34
$HEHDT,6.9,T*20
$VWVHW,6.9,T,,M,17.11,N,31.69,K*7E
$GPGGA,084232.00,5939.83882,N,02453.19700,E,1,12,1.1,15.8,M,21.0,M,,*5F
$GPRMC,084232.00,A,5939.83882,N,02453.19700,E,20.90,16.8,140625,,,A*61
$GPVTG,16.8,T,,M,20.90,N,38.70,K,A*35
$HEHDT,7.1,T*29
$VWVHW,7.1,T,,M,17.13,N,31.73,K*7E
$GPGGA,084233.00,5939.84437,N,02453.20074,E,1,12,1.1,15.6,M,21.0,M,,*5B
$GPRMC,084233.00,A,5939.84437,N,02453.20074,E,20.96,16.9,140625,,,A*6C
$GPVTG,16.9,T,,M,20.96,N,38.83,K,A*3E
$HEHDT,7.6,T*2E
$VWVHW,7.6,T,,M,17.26,N,31.97,K*75
$GPGGA,084234.00,5939.84974,N,02453.20382,E,1,12,1.1,15.5,M,21.0,M,,*5F
$GPRMC,084234.00,A,5939.84974,N,02453.20382,E,20.89,17.3,140625,,,A*6E
$GPVTG,17.3,T,,M,20.89,N,38.68,K,A*3E
$HEHDT,7.0,T*28
$VWVHW,7.0,T,,M,17.18,N,31.81,K*79
$GPGGA,084235.00,5939.85567,N,02453.20700,E,1,12,1.1,15.2,M,21.0,M,,*58
$GPRMC,084235.00,A,5939.85567,N,02453.20700,E,21.01,17.6,140625,,,A*6A
$GPVTG,17.6,T,,M,21.01,N,38.91,K,A*3C
$HEHDT,7.2,T*2A
$VWVHW,7.2,T,,M,17.12,N,31.70,K*7F
$GPGSV,2,1,08,03,67,050,46,08,40,105,46,11,19,160,45,14,44,215,46*72
$GPGSV,2,2,08,17,65,272,46,22,23,320,46,28,13,000,46,31,60,130,46*7D
$GAGSV,2,1,05,04,49,080,46,09,32,190,45,12,62,245,45,24,09,295,46*6A
$GAGSV,2,2,05,31,20,030,46*5C
$GPZDA,084235.00,14,06,2025,00,00*68
$GPGGA,084236.00,5939.86143,N,02453.21071,E,1,12,1.1,15.1,M,21.0,M,,*59
$GPRMC,084236.00,A,5939.86143,N,02453.21071,E,20.95,17.0,140625,,,A*62
$GPVTG,17.0,T,,M,20.95,N,38.80,K,A*36
$HEHDT,6.7,T*2E
$VWVHW,6.7,T,,M,17.07,N,31.61,K*7F
$GPGGA,084237.00,5939.86659,N,02453.21391,E,1,12,1.1,14.6,M,21.0,M,,*5F
$GPRMC,084237.00,A,5939.86659,N,02453.21391,E,20.95,17.1,140625,,,A*63
$GPVTG,17.1,T,,M,20.95,N,38.79,K,A*31
$HEHDT,7.0,T*28
$VWVHW,7.0,T,,M,17.06,N,31.59,K*73
$GPGGA,084238.00,5939.87215,N,02453.21721,E,1,12,1.1,14.9,M,21.0,M,,*5D
$GPRMC,084238.00,A,5939.87215,N,02453.21721,E,20.89,17.2,140625,,,A*60
$GPVTG,17.2,T,,M,20.89,N,38.69,K,A*3E
$HEHDT,7.0,T*28
$VWVHW,7.0,T,,M,17.05,N,31.57,K*7E
$GPGGA,084239.00,5939.87784,N,02453.22023,E,1,12,1.1,14.9,M,21.0,M,,*57
$GPRMC,084239.00,A,5939.87784,N,02453.22023,E,20.85,17.3,140625,,,A*67
$GPVTG,17.3,T,,M,20.85,N,38.62,K,A*38
$HEHDT,7.2,T*2A
$VWVHW,7.2,T,,M,17.13,N,31.73,K*7D
$GPGGA,084240.00,5939.88331,N,02453.22338,E,1,12,1.1,15.0,M,21.0,M,,*5D
$GPRMC,084240.00,A,5939.88331,N,02453.22338,E,20.91,17.0,140625,,,A*63
$GPVTG,17.0,T,,M,20.91,N,38.73,K,A*3E
$HEHDT,7.3,T*2B
$VWVHW,7.3,T,,M,17.20,N,31.86,K*76
$GPGSV,2,1,08,03,67,050,45,08,40,105,46,11,19,160,46,14,44,215,46*72
$GPGSV,2,2,08,17,65,272,46,22,23,320,46,28,13,000,46,31,60,130,46*7D
$GAGSV,2,1,05,04,49,080,46,09,32,190,46,12,62,245,46,24,09,295,46*6A
$GAGSV,2,2,05,31,20,030,46*5C
$GPZDA,084240.00,14,06,2025,00,00*6A
$GPGGA,084241.00,5939.88881,N,02453.22674,E,1,12,1.1,15.2,M,21.0,M,,*53
$GPRMC,084241.00,A,5939.88881,N,02453.22674,E,20.75,17.3,140625,,,A*66
$GPVTG,17.3,T,,M,20.75,N,38.43,K,A*34
$HEHDT,7.3,T*2B
$VWVHW,7.3,T,,M,17.12,N,31.71,K*7F
$GPGGA,084242.00,5939.89442,N,02453.23039,E,1,12,1.1,15.3,M,21.0,M,,*5D
$GPRMC,084242.00,A,5939.89442,N,02453.23039,E,20.79,16.9,140625,,,A*6E
$GPVTG,16.9,T,,M,20.79,N,38.50,K,A*31
$HEHDT,7.3,T*2B
$VWVHW,7.3,T,,M,16.99,N,31.47,K*78
$GPGGA,084243.00,5939.89930,N,02453.23370,E,1,12,1.1,15.3,M,21.0,M,,*5A
$GPRMC,084243.00,A,5939.89930,N,02453.23370,E,21.00,16.9,140625,,,A*66
$GPVTG,16.9,T,,M,21.00,N,38.89,K,A*3A
$HEHDT,7.5,T*2D
$VWVHW,7.5,T,,M,17.21,N,31.86,K*71
$GPGGA,084244.00,5939.90526,N,02453.23745,E,1,12,1.1,15.2,M,21.0,M,,*5D
$GPRMC,084244.00,A,5939.90526,N,02453.23745,E,21.00,16.8,140625,,,A*61
$GPVTG,16.8,T,,M,21.00,N,38.89,K,A*3B
$HEHDT,7.4,T*2C
$VWVHW,7.4,T,,M,17.00,N,31.48,K*71
$GPGGA,084245.00,5939.91037,N,02453.24043,E,1,12,1.1,15.1,M,21.0,M,,*5D
$GPRMC,084245.00,A,5939.91037,N,02453.24043,E,20.86,17.0,140625,,,A*64
$GPVTG,17.0,T,,M,20.86,N,38.64,K,A*3E
$HEHDT,6.9,T*20
$VWVHW,6.9,T,,M,17.06,N,31.59,K*7B
$GPGSV,2,1,08,03,67,050,46,08,40,105,46,11,19,160,46,14,44,215,45*72
$GPGSV,2,2,08,17,65,272,46,22,23,320,45,28,13,000,46,31,60,130,46*7E
$GAGSV,2,1,05,04,49,080,46,09,32,190,46,12,62,245,46,24,09,295,46*6A
$GAGSV,2,2,05,31,20,030,45*5F
$GPZDA,084245.00,14,06,2025,00,00*6F
$GPGGA,084246.00,5939.91602,N,02453.24386,E,1,12,1.1,15.2,M,21.0,M,,*57
$GPRMC,084246.00,A,5939.91602,N,02453.24386,E,20.94,17.1,140625,,,A*6F
$GPVTG,17.1,T,,M,20.94,N,38.78,K,A*31
$HEHDT,7.2,T*2A
$VWVHW,7.2,T,,M,17.07,N,31.61,K*7B
$GPGGA,084247.00,5939.92177,N,02453.24588,E,1,12,1.1,15.5,M,21.0,M,,*5F
$GPRMC,084247.00,A,5939.92177,N,02453.24588,E,20.82,17.2,140625,,,A*64
$GPVTG,17.2,T,,M,20.82,N,38.56,K,A*39
$HEHDT,7.3,T*2B
$VWVHW,7.3,T,,M,17.09,N,31.65,K*70
$GPGGA,084248.00,5939.92707,N,02453.24936,E,1,12,1.1,16.1,M,21.0,M,,*5F
$GPRMC,084248.00,A,5939.92707,N,02453.24936,E,20.90,16.8,140625,,,A*6B
$GPVTG,16.8,T,,M,20.90,N,38.71,K,A*34
$HEHDT,7.7,T*2F
$VWVHW,7.7,T,,M,17.02,N,31.53,K*7A
$GPGGA,084249.00,5939.93261,N,02453.25363,E,1,12,1.1,16.1,M,21.0,M,,*51
$GPRMC,084249.00,A,5939.93261,N,02453.25363,E,20.78,17.2,140625,,,A*68
$GPVTG,17.2,T,,M,20.78,N,38.48,K,A*33
$HEHDT,7.1,T*29
$VWVHW,7.1,T,,M,16.92,N,31.33,K*72
$GPGGA,084250.00,5939.93830,N,02453.25657,E,1,12,1.1,15.9,M,21.0,M,,*5E
$GPRMC,084250.00,A,5939.93830,N,02453.25657,E,20.98,17.1,140625,,,A*61
$GPVTG,17.1,T,,M,20.98,N,38.85,K,A*3F
$HEHDT,7.0,T*28
$VWVHW,7.0,T,,M,17.05,N,31.58,K*71
$GPGSV,2,1,08,03,67,050,46,08,40,105,45,11,19,160,46,14,44,215,46*72
$GPGSV,2,2,08,17,65,272,46,22,23,320,45,28,13,000,47,31,60,130,46*7F
$GAGSV,2,1,05,04,49,080,45,09,32,190,46,12,62,245,47,24,09,295,46*68
$GAGSV,2,2,05,31,20,030,46*5C
$GPZDA,084250.00,14,06,2025,00,00*6B
$GPGGA,084251.00,5939.94386,N,02453.25998,E,1,12,1.1,16.2,M,21.0,M,,*5A
$GPRMC,084251.00,A,5939.94386,N,02453.25998,E,20.88,17.0,140625,,,A*6D
$GPVTG,17.0,T,,M,20.88,N,38.68,K,A*3C
$HEHDT,7.2,T*2A
$VWVHW,7.2,T,,M,17.11,N,31.69,K*74
$GPGGA,084252.00,5939.94981,N,02453.26440,E,1,12,1.1,15.9,M,21.0,M,,*57
$GPRMC,084252.00,A,5939.94981,N,02453.26440,E,20.97,16.6,140625,,,A*61
$GPVTG,16.6,T,,M,20.97,N,38.83,K,A*30
$HEHDT,7.6,T*2E
$VWVHW,7.6,T,,M,16.91,N,31.32,K*77
$GPGGA,084253.00,5939.95506,N,02453.26715,E,1,12,1.1,16.8,M,21.0,M,,*55
$GPRMC,084253.00,A,5939.95506,N,02453.26715,E,20.83,17.2,140625,,,A*61
$GPVTG,17.2,T,,M,20.83,N,38.58,K,A*36
$HEHDT,6.9,T*20
$VWVHW,6.9,T,,M,17.07,N,31.62,K*72
$GPGGA,084254.00,5939.96090,N,02453.27087,E,1,12,1.1,16.9,M,21.0,M,,*57
$GPRMC,084254.00,A,5939.96090,N,02453.27087,E,20.93,16.8,140625,,,A*68
$GPVTG,16.8,T,,M,20.93,N,38.77,K,A*31
$HEHDT,6.7,T*2E
$VWVHW,6.7,T,,M,17.15,N,31.77,K*7B
$GPGGA,084255.00,5939.96610,N,02453.27439,E,1,12,1.1,17.1,M,21.0,M,,*50
$GPRMC,084255.00,A,5939.96610,N,02453.27439,E,20.90,16.9,140625,,,A*64
$GPVTG,16.9,T,,M,20.90,N,38.71,K,A*35
$HEHDT,7.0,T*28
$VWVHW,7.0,T,,M,16.91,N,31.31,K*72
$GPGSV,2,1,08,03,67,050,46,08,40,105,47,11,19,160,46,14,44,215,46*70
$GPGSV,2,2,08,17,65,272,46,22,23,320,46,28,13,000,46,31,60,130,46*7D
$GAGSV,2,1,05,04,49,080,46,09,32,190,46,12,62,245,46,24,09,295,46*6A
$GAGSV,2,2,05,31,20,030,46*5C
$GPZDA,084255.00,14,06,2025,00,00*6E
$GPGGA,084256.00,5939.97188,N,02453.27715,E,1,12,1.1,16.9,M,21.0,M,,*50
$GPRMC,084256.00,A,5939.97188,N,02453.27715,E,20.72,17.1,140625,,,A*68
$GPVTG,17.1,T,,M,20.72,N,38.38,K,A*3D
$HEHDT,7.6,T*2E
$VWVHW,7.6,T,,M,17.08,N,31.63,K*72
$GPGGA,084257.00,5939.97723,N,02453.28039,E,1,12,1.1,17.0,M,21.0,M,,*58
$GPRMC,084257.00,A,5939.97723,N,02453.28039,E,20.99,17.1,140625,,,A*6D
$GPVTG,17.1,T,,M,20.99,N,38.87,K,A*3C
$HEHDT,7.3,T*2B
$VWVHW,7.3,T,,M,16.97,N,31.42,K*73
$GPGGA,084258.00,5939.98276,N,02453.28319,E,1,12,1.1,16.3,M,21.0,M,,*5E
$GPRMC,084258.00,A,5939.98276,N,02453.28319,E,20.84,17.0,140625,,,A*64
$GPVTG,17.0,T,,M,20.84,N,38.59,K,A*32
$HEHDT,7.2,T*2A
$VWVHW,7.2,T,,M,17.18,N,31.82,K*78
$GPGGA,084259.00,5939.98821,N,02453.28642,E,1,12,1.1,16.8,M,21.0,M,,*57
$GPRMC,084259.00,A,5939.98821,N,02453.28642,E,20.81,17.1,140625,,,A*62
$GPVTG,17.1,T,,M,20.81,N,38.54,K,A*3B
$HEHDT,7.3,T*2B
$VWVHW,7.3,T,,M,17.07,N,31.61,K*7A
$GPGGA,084300.00,5939.99372,N,02453.29076,E,1,12,1.1,17.2,M,21.0,M,,*5D
$GPRMC,084300.00,A,5939.99372,N,02453.29076,E,20.68,16.9,140625,,,A*6D
$GPVTG,16.9,T,,M,20.68,N,38.29,K,A*3F
$HEHDT,7.0,T*28
$VWVHW,7.0,T,,M,16.94,N,31.37,K*71
$GPGSV,2,1,08,03,67,050,46,08,40,105,46,11,19,160,46,14,44,215,46*71
$GPGSV,2,2,08,17,65,272,46,22,23,320,47,28,13,000,46,31,60,130,46*7C
$GAGSV,2,1,05,04,49,080,46,09,32,190,46,12,62,245,46,24,09,295,46*6A
$GAGSV,2,2,05,31,20,030,45*5F
$GPZDA,084300.00,14,06,2025,00,00*6F
$GPGGA,084301.00,5939.99917,N,02453.29375,E,1,12,1.1,16.7,M,21.0,M,,*51
$GPRMC,084301.00,A,5939.99917,N,02453.29375,E,20.85,17.1,140625,,,A*6F
$GPVTG,17.1,T,,M,20.85,N,38.62,K,A*3A
$HEHDT,7.1,T*29
$VWVHW,7.1,T,,M,16.94,N,31.37,K*70
$GPGGA,084302.00,5940.00474,N,02453.29688,E,1,12,1.1,16.5,M,21.0,M,,*51
$GPRMC,084302.00,A,5940.00474,N,02453.29688,E,20.74,16.7,140625,,,A*64
$GPVTG,16.7,T,,M,20.74,N,38.42,K,A*31
$HEHDT,6.8,T*21
$VWVHW,6.8,T,,M,17.09,N,31.64,K*7B
$GPGGA,084303.00,5940.00984,N,02453.29916,E,1,12,1.1,16.5,M,21.0,M,,*5A
$GPRMC,084303.00,A,5940.00984,N,02453.29916,E,20.91,16.8,140625,,,A*6B
$GPVTG,16.8,T,,M,20.91,N,38.72,K,A*36
$HEHDT,7.0,T*28
$VWVHW,7.0,T,,M,16.97,N,31.43,K*71
$GPGGA,084304.00,5940.01559,N,02453.30365,E,1,12,1.1,17.1,M,21.0,M,,*53
$GPRMC,084304.00,A,5940.01559,N,02453.30365,E,20.78,16.7,140625,,,A*6F
$GPVTG,16.7,T,,M,20.78,N,38.49,K,A*36
$HEHDT,6.7,T*2E
$VWVHW,6.7,T,,M,17.02,N,31.52,K*7A
$GPGGA,084305.00,5940.02075,N,02453.30613,E,1,12,1.1,16.4,M,21.0,M,,*5A
$GPRMC,084305.00,A,5940.02075,N,02453.30613,E,20.84,17.1,140625,,,A*66
$GPVTG,17.1,T,,M,20.84,N,38.60,K,A*39
$HEHDT,7.0,T*28
$VWVHW,7.0,T,,M,17.00,N,31.48,K*75
$GPGSV,2,1,08,03,67,050,46,08,40,105,46,11,19,160,46,14,44,215,47*70
$GPGSV,2,2,08,17,65,272,46,22,23,320,46,28,13,000,45,31,60,130,47*7F
$GAGSV,2,1,05,04,49,080,46,09,32,190,45,12,62,245,46,24,09,295,46*69
$GAGSV,2,2,05,31,20,030,46*5C
$GPZDA,084305.00,14,06,2025,00,00*6A
$GPGGA,084306.00,5940.02650,N,02453.31089,E,1,12,1.1,15.9,M,21.0,M,,*52
$GPRMC,084306.00,A,5940.02650,N,02453.31089,E,20.80,17.3,140625,,,A*66
$GPVTG,17.3,T,,M,20.80,N,38.53,K,A*3F
$HEHDT,7.2,T*2A
$VWVHW,7.2,T,,M,16.85,N,31.21,K*74
$GPGGA,084307.00,5940.03229,N,02453.31430,E,1,12,1.1,16.5,M,21.0,M,,*51
$GPRMC,084307.00,A,5940.03229,N,02453.31430,E,20.91,16.9,140625,,,A*61
$GPVTG,16.9,T,,M,20.91,N,38.72,K,A*37
$HEHDT,7.4,T*2C
$VWVHW,7.4,T,,M,17.05,N,31.58,K*75
$GPGGA,084308.00,5940.03777,N,02453.31696,E,1,12,1.1,17.1,M,21.0,M,,*5B
$GPRMC,084308.00,A,5940.03777,N,02453.31696,E,20.90,17.1,140625,,,A*66
$GPVTG,17.1,T,,M,20.90,N,38.71,K,A*3C
$HEHDT,7.0,T*28
$VWVHW,7.0,T,,M,17.00,N,31.48,K*75
$GPGGA,084309.00,5940.04316,N,02453.32046,E,1,12,1.1,17.6,M,21.0,M,,*51
$GPRMC,084309.00,A,5940.04316,N,02453.32046,E,20.88,17.0,140625,,,A*63
$GPVTG,17.0,T,,M,20.88,N,38.68,K,A*3C
$HEHDT,7.0,T*28
$VWVHW,7.0,T,,M,16.93,N,31.36,K*77
$GPGGA,084310.00,5940.04829,N,02453.32312,E,1,12,1.1,16.7,M,21.0,M,,*5C
$GPRMC,084310.00,A,5940.04829,N,02453.32312,E,20.76,17.3,140625,,,A*6C
$GPVTG,17.3,T,,M,20.76,N,38.44,K,A*30
$HEHDT,7.1,T*29
$VWVHW,7.1,T,,M,16.89,N,31.27,K*7D
$GPGSV,2,1,08,03,67,050,46,08,40,105,46,11,19,160,46,14,44,215,46*71
$GPGSV,2,2,08,17,65,272,46,22,23,320,46,28,13,000,45,31,60,130,46*7E
$GAGSV,2,1,05,04,49,080,46,09,32,190,46,12,62,245,47,24,09,295,45*68
$GAGSV,2,2,05,31,20,030,46*5C
$GPZDA,084310.00,14,06,2025,00,00*6E
$GPGGA,084311.00,5940.05420,N,02453.32740,E,1,12,1.1,16.9,M,21.0,M,,*54
$GPRMC,084311.00,A,5940.05420,N,02453.32740,E,20.85,16.7,140625,,,A*63
$GPVTG,16.7,T,,M,20.85,N,38.61,K,A*3E
$HEHDT,7.2,T*2A
$VWVHW,7.2,T,,M,17.08,N,31.64,K*71
$GPGGA,084312.00,5940.05941,N,02453.33060,E,1,12,1.1,17.0,M,21.0,M,,*51
$GPRMC,084312.00,A,5940.05941,N,02453.33060,E,20.63,17.3,140625,,,A*63
$GPVTG,17.3,T,,M,20.63,N,38.21,K,A*37
$HEHDT,7.1,T*29
$VWVHW,7.1,T,,M,16.97,N,31.43,K*70
$GPGGA,084313.00,5940.06484,N,02453.33434,E,1,12,1.1,16.4,M,21.0,M,,*57
$GPRMC,084313.00,A,5940.06484,N,02453.33434,E,20.78,17.2,140625,,,A*6B
$GPVTG,17.2,T,,M,20.78,N,38.49,K,A*32
$HEHDT,7.3,T*2B
$VWVHW,7.3,T,,M,16.83,N,31.17,K*76
$GPGGA,084314.00,5940.07062,N,02453.33676,E,1,12,1.1,16.3,M,21.0,M,,*5E
$GPRMC,084314.00,A,5940.07062,N,02453.33676,E,20.75,17.2,140625,,,A*68
$GPVTG,17.2,T,,M,20.75,N,38.43,K,A*35
$HEHDT,7.0,T*28
$VWVHW,7.0,T,,M,16.95,N,31.40,K*70
$GPGGA,084315.00,5940.07629,N,02453.34079,E,1,12,1.1,17.0,M,21.0,M,,*5A
$GPRMC,084315.00,A,5940.07629,N,02453.34079,E,20.75,17.1,140625,,,A*6D
$GPVTG,17.1,T,,M,20.75,N,38.44,K,A*31
$HEHDT,6.8,T*21
$VWVHW,6.8,T,,M,16.90,N,31.31,K*7A
$GPGSV,2,1,08,03,67,050,45,08,40,105,46,11,19,160,47,14,44,215,47*72
$GPGSV,2,2,08,17,65,272,46,22,23,320,46,28,13,000,46,31,60,130,45*7E
$GAGSV,2,1,05,04,49,080,47,09,32,190,46,12,62,245,47,24,09,295,46*6A
$GAGSV,2,2,05,31,20,030,46*5C
$GPZDA,084315.00,14,06,2025,00,00*6B
$GPGGA,084316.00,5940.08171,N,02453.34386,E,1,12,1.1,17.1,M,21.0,M,,*5E
$GPRMC,084316.00,A,5940.08171,N,02453.34386,E,20.84,17.4,140625,,,A*63
$GPVTG,17.4,T,,M,20.84,N,38.59,K,A*36
$HEHDT,7.0,T*28
$VWVHW,7.0,T,,M,16.94,N,31.37,K*71
$GPGGA,084317.00,5940.08718,N,02453.34762,E,1,12,1.1,16.7,M,21.0,M,,*5F
$GPRMC,084317.00,A,5940.08718,N,02453.34762,E,20.84,17.1,140625,,,A*60
$GPVTG,17.1,T,,M,20.84,N,38.60,K,A*39
$HEHDT,6.9,T*20
$VWVHW,6.9,T,,M,16.97,N,31.42,K*78
$GPGGA,084318.00,5940.09288,N,02453.35025,E,1,12,1.1,16.4,M,21.0,M,,*5B
$GPRMC,084318.00,A,5940.09288,N,02453.35025,E,20.74,16.9,140625,,,A*61
$GPVTG,16.9,T,,M,20.74,N,38.41,K,A*3C
$HEHDT,7.4,T*2C
$VWVHW,7.4,T,,M,17.02,N,31.53,K*79
$GPGGA,084319.00,5940.09842,N,02453.35336,E,1,12,1.1,16.4,M,21.0,M,,*57
$GPRMC,084319.00,A,5940.09842,N,02453.35336,E,20.79,17.2,140625,,,A*6A
$GPVTG,17.2,T,,M,20.79,N,38.50,K,A*3B
$HEHDT,6.9,T*20
$VWVHW,6.9,T,,M,16.95,N,31.39,K*76
$GPGGA,084320.00,5940.10395,N,02453.35801,E,1,12,1.1,16.0,M,21.0,M,,*5F
$GPRMC,084320.00,A,5940.10395,N,02453.35801,E,20.72,17.0,140625,,,A*6F
$GPVTG,17.0,T,,M,20.72,N,38.37,K,A*33
$HEHDT,7.1,T*29
$VWVHW,7.1,T,,M,16.97,N,31.43,K*70
$GPGSV,2,1,08,03,67,050,46,08,40,105,47,11,19,160,46,14,44,215,45*73
$GPGSV,2,2,08,17,65,272,47,22,23,320,46,28,13,000,46,31,60,130,47*7D
$GAGSV,2,1,05,04,49,080,46,09,32,190,46,12,62,245,46,24,09,295,46*6A
$GAGSV,2,2,05,31,20,030,46*5C
$GPZDA,084320.00,14,06,2025,00,00*6D
$GPGGA,084321.00,5940.10932,N,02453.36179,E,1,12,1.1,16.0,M,21.0,M,,*5C
$GPRMC,084321.00,A,5940.10932,N,02453.36179,E,20.81,17.1,140625,,,A*61
$GPVTG,17.1,T,,M,20.81,N,38.53,K,A*3C
$HEHDT,7.5,T*2D
$VWVHW,7.5,T,,M,16.79,N,31.09,K*7A
$GPGGA,084322.00,5940.11439,N,02453.36621,E,1,12,1.1,15.5,M,21.0,M,,*54
$GPRMC,084322.00,A,5940.11439,N,02453.36621,E,20.65,17.3,140625,,,A*67
$GPVTG,17.3,T,,M,20.65,N,38.24,K,A*34
$HEHDT,7.6,T*2E
$VWVHW,7.6,T,,M,17.05,N,31.58,K*77
$GPGGA,084323.00,5940.11995,N,02453.36774,E,1,12,1.1,15.6,M,21.0,M,,*5C
$GPRMC,084323.00,A,5940.11995,N,02453.36774,E,20.80,17.2,140625,,,A*66
$GPVTG,17.2,T,,M,20.80,N,38.52,K,A*3F
$HEHDT,7.3,T*2B
$VWVHW,7.3,T,,M,16.93,N,31.36,K*74
$GPGGA,084324.00,5940.12509,N,02453.37321,E,1,12,1.1,15.8,M,21.0,M,,*5A
$GPRMC,084324.00,A,5940.12509,N,02453.37321,E,20.87,17.2,140625,,,A*69
$GPVTG,17.2,T,,M,20.87,N,38.65,K,A*3C
$HEHDT,7.0,T*28
$VWVHW,7.0,T,,M,16.80,N,31.12,K*73
$GPGGA,084325.00,5940.13143,N,02453.37540,E,1,12,1.1,15.9,M,21.0,M,,*50
$GPRMC,084325.00,A,5940.13143,N,02453.37540,E,20.84,16.8,140625,,,A*6A
$GPVTG,16.8,T,,M,20.84,N,38.60,K,A*31
$HEHDT,6.9,T*20
$VWVHW,6.9,T,,M,17.02,N,31.52,K*74
$GPGSV,2,1,08,03,67,050,46,08,40,105,46,11,19,160,45,14,44,215,46*72
$GPGSV,2,2,08,17,65,272,46,22,23,320,46,28,14,000,46,31,60,130,45*79
$GAGSV,2,1,05,04,49,080,46,09,32,190,46,12,62,245,46,24,09,295,46*6A
$GAGSV,2,2,05,31,20,030,46*5C
$GPZDA,084325.00,14,06,2025,00,00*68
$GPGGA,084326.00,5940.13687,N,02453.37918,E,1,12,1.1,15.9,M,21.0,M,,*5D
$GPRMC,084326.00,A,5940.13687,N,02453.37918,E,20.76,17.0,140625,,,A*63
$GPVTG,17.0,T,,M,20.76,N,38.45,K,A*32
$HEHDT,6.9,T*20
$VWVHW,6.9,T,,M,16.80,N,31.12,K*7B
$GPGGA,084327.00,5940.14194,N,02453.38184,E,1,12,1.1,15.5,M,21.0,M,,*50
$GPRMC,084327.00,A,5940.14194,N,02453.38184,E,20.81,17.3,140625,,,A*69
$GPVTG,17.3,T,,M,20.81,N,38.54,K,A*39
$HEHDT,7.1,T*29
$VWVHW,7.1,T,,M,16.91,N,31.32,K*70
$GPGGA,084328.00,5940.14775,N,02453.38465,E,1,12,1.1,16.4,M,21.0,M,,*5E
$GPRMC,084328.00,A,5940.14775,N,02453.38465,E,20.73,17.1,140625,,,A*6A
$GPVTG,17.1,T,,M,20.73,N,38.39,K,A*3D
$HEHDT,6.9,T*20
$VWVHW,6.9,T,,M,16.90,N,31.31,K*7B
$GPGGA,084329.00,5940.15265,N,02453.38886,E,1,12,1.1,16.1,M,21.0,M,,*5E
$GPRMC,084329.00,A,5940.15265,N,02453.38886,E,20.75,17.3,140625,,,A*6B
$GPVTG,17.3,T,,M,20.75,N,38.43,K,A*34
$HEHDT,6.4,T*2D
$VWVHW,6.4,T,,M,16.89,N,31.28,K*76
$GPGGA,084330.00,5940.15869,N,02453.39225,E,1,12,1.1,15.5,M,21.0,M,,*55
$GPRMC,084330.00,A,5940.15869,N,02453.39225,E,20.89,16.9,140625,,,A*6F
$GPVTG,16.9,T,,M,20.89,N,38.69,K,A*34
$HEHDT,7.1,T*29
$VWVHW,7.1,T,,M,16.85,N,31.21,K*77
$GPGSV,2,1,08,03,67,050,46,08,40,105,46,11,19,160,45,14,44,215,46*72
$GPGSV,2,2,08,17,65,272,46,22,23,320,47,28,14,000,46,31,60,130,46*7B
$GAGSV,2,1,05,04,49,080,46,09,32,190,46,12,62,245,46,24,09,295,46*6A
$GAGSV,2,2,05,31,20,030,46*5C
$GPZDA,084330.00,14,06,2025,00,00*6C
$GPGGA,084331.00,5940.16424,N,02453.39637,E,1,12,1.1,15.9,M,21.0,M,,*59
$GPRMC,084331.00,A,5940.16424,N,02453.39637,E,20.86,16.8,140625,,,A*61
$GPVTG,16.8,T,,M,20.86,N,38.63,K,A*30
$HEHDT,7.1,T*29
$VWVHW,7.1,T,,M,16.94,N,31.37,K*70
$GPGGA,084332.00,5940.16950,N,02453.39902,E,1,12,1.1,16.2,M,21.0,M,,*55
$GPRMC,084332.00,A,5940.16950,N,02453.39902,E,20.76,17.3,140625,,,A*60
$GPVTG,17.3,T,,M,20.76,N,38.44,K,A*30
$HEHDT,7.3,T*2B
$VWVHW,7.3,T,,M,16.86,N,31.22,K*75
$GPGGA,084333.00,5940.17515,N,02453.40229,E,1,12,1.1,15.9,M,21.0,M,,*5C
$GPRMC,084333.00,A,5940.17515,N,02453.40229,E,20.73,17.3,140625,,,A*64
$GPVTG,17.3,T,,M,20.73,N,38.39,K,A*3F
$HEHDT,7.2,T*2A
$VWVHW,7.2,T,,M,16.92,N,31.34,K*76
$GPGGA,084334.00,5940.18054,N,02453.40515,E,1,12,1.1,16.5,M,21.0,M,,*53
$GPRMC,084334.00,A,5940.18054,N,02453.40515,E,20.59,17.2,140625,,,A*6D
$GPVTG,17.2,T,,M,20.59,N,38.12,K,A*3F
$HEHDT,7.2,T*2A
$VWVHW,7.2,T,,M,16.87,N,31.24,K*73
$GPGGA,084335.00,5940.18534,N,02453.40885,E,1,12,1.1,16.3,M,21.0,M,,*53
$GPRMC,084335.00,A,5940.18534,N,02453.40885,E,20.73,17.0,140625,,,A*61
$GPVTG,17.0,T,,M,20.73,N,38.39,K,A*3C
$HEHDT,7.2,T*2A
$VWVHW,7.2,T,,M,17.09,N,31.66,K*72
$GPGSV,2,1,08,03,67,050,47,08,40,105,46,11,19,160,46,14,44,215,46*70
$GPGSV,2,2,08,17,65,272,45,22,23,320,46,28,14,000,46,31,60,130,46*79
$GAGSV,2,1,05,04,49,080,46,09,32,190,47,12,62,245,45,24,09,295,46*68
$GAGSV,2,2,05,31,20,030,46*5C
$GPZDA,084335.00,14,06,2025,00,00*69
$GPGGA,084336.00,5940.19136,N,02453.41226,E,1,12,1.1,16.2,M,21.0,M,,*54
$GPRMC,084336.00,A,5940.19136,N,02453.41226,E,20.66,16.8,140625,,,A*6A
$GPVTG,16.8,T,,M,20.66,N,38.26,K,A*3F
$HEHDT,7.3,T*2B
$VWVHW,7.3,T,,M,16.92,N,31.33,K*70
$GPGGA,084337.00,5940.19678,N,02453.41550,E,1,12,1.1,15.8,M,21.0,M,,*57
$GPRMC,084337.00,A,5940.19678,N,02453.41550,E,20.75,17.2,140625,,,A*69
$GPVTG,17.2,T,,M,20.75,N,38.42,K,A*34
$HEHDT,7.2,T*2A
$VWVHW,7.2,T,,M,17.05,N,31.57,K*7C
$GPGGA,084338.00,5940.20252,N,02453.41929,E,1,12,1.1,15.3,M,21.0,M,,*57
$GPRMC,084338.00,A,5940.20252,N,02453.41929,E,20.79,17.2,140625,,,A*6E
$GPVTG,17.2,T,,M,20.79,N,38.50,K,A*3B
$HEHDT,7.2,T*2A
$VWVHW,7.2,T,,M,16.87,N,31.24,K*73
$GPGGA,084339.00,5940.20813,N,02453.42214,E,1,12,1.1,16.3,M,21.0,M,,*5C
$GPRMC,084339.00,A,5940.20813,N,02453.42214,E,20.68,17.2,140625,,,A*66
$GPVTG,17.2,T,,M,20.68,N,38.30,K,A*3D
$HEHDT,7.6,T*2E
$VWVHW,7.6,T,,M,16.94,N,31.37,K*77
$GPGGA,084340.00,5940.21379,N,02453.42584,E,1,12,1.1,16.5,M,21.0,M,,*5C
$GPRMC,084340.00,A,5940.21379,N,02453.42584,E,20.72,17.2,140625,,,A*6B
$GPVTG,17.2,T,,M,20.72,N,38.37,K,A*31
$HEHDT,6.8,T*21
$VWVHW,6.8,T,,M,17.02,N,31.52,K*75
$GPGSV,2,1,08,03,67,050,46,08,40,105,46,11,19,160,47,14,44,215,47*71
$GPGSV,2,2,08,17,65,272,46,22,23,320,46,28,14,000,46,31,61,130,47*7A
$GAGSV,2,1,05,04,49,080,46,09,32,190,45,12,62,245,46,24,09,295,46*69
$GAGSV,2,2,05,31,20,030,47*5D
$GPZDA,084340.00,14,06,2025,00,00*6B
$GPGGA,084341.00,5940.21925,N,02453.42873,E,1,12,1.1,16.3,M,21.0,M,,*5D
$GPRMC,084341.00,A,5940.21925,N,02453.42873,E,20.81,17.0,140625,,,A*62
$GPVTG,17.0,T,,M,20.81,N,38.54,K,A*3A
$HEHDT,7.3,T*2B
$VWVHW,7.3,T,,M,16.99,N,31.47,K*78
$GPGGA,084342.00,5940.22443,N,02453.43260,E,1,12,1.1,16.4,M,21.0,M,,*5E
$GPRMC,084342.00,A,5940.22443,N,02453.43260,E,20.89,17.0,140625,,,A*6E
$GPVTG,17.0,T,,M,20.89,N,38.69,K,A*3C
$HEHDT,7.1,T*29
$VWVHW,7.1,T,,M,16.92,N,31.34,K*75
$GPGGA,084343.00,5940.23003,N,02453.43535,E,1,12,1.1,16.6,M,21.0,M,,*5B
$GPRMC,084343.00,A,5940.23003,N,02453.43535,E,20.81,17.1,140625,,,A*60
$GPVTG,17.1,T,,M,20.81,N,38.55,K,A*3A
$HEHDT,7.1,T*29
$VWVHW,7.1,T,,M,16.78,N,31.08,K*7E
$GPGGA,084344.00,5940.23516,N,02453.43909,E,1,12,1.1,16.4,M,21.0,M,,*5C
$GPRMC,084344.00,A,5940.23516,N,02453.43909,E,20.62,17.1,140625,,,A*68
$GPVTG,17.1,T,,M,20.62,N,38.19,K,A*3F
$HEHDT,7.1,T*29
$VWVHW,7.1,T,,M,16.85,N,31.21,K*77
$GPGGA,084345.00,5940.24120,N,02453.44224,E,1,12,1.1,15.9,M,21.0,M,,*56
$GPRMC,084345.00,A,5940.24120,N,02453.44224,E,20.72,17.3,140625,,,A*6F
$GPVTG,17.3,T,,M,20.72,N,38.37,K,A*30
$HEHDT,6.9,T*20
$VWVHW,6.9,T,,M,16.87,N,31.25,K*78
$GPGSV,2,1,08,03,67,050,45,08,40,106,46,11,19,160,46,14,44,216,46*72
$GPGSV,2,2,08,17,65,272,46,22,23,320,47,28,14,000,45,31,61,130,47*78
$GAGSV,2,1,05,04,49,080,46,09,32,190,46,12,62,246,46,24,09,296,46*6A
$GAGSV,2,2,05,31,21,030,46*5D
$GPZDA,084345.00,14,06,2025,00,00*6E
$GPGGA,084346.00,5940.24669,N,02453.44628,E,1,12,1.1,16.7,M,21.0,M,,*5A
$GPRMC,084346.00,A,5940.24669,N,02453.44628,E,20.79,17.2,140625,,,A*64
$GPVTG,17.2,T,,M,20.79,N,38.50,K,A*3B
$HEHDT,6.8,T*21
$VWVHW,6.8,T,,M,16.99,N,31.47,K*72
$GPGGA,084347.00,5940.25251,N,02453.45030,E,1,12,1.1,16.0,M,21.0,M,,*5C
$GPRMC,084347.00,A,5940.25251,N,02453.45030,E,20.77,17.2,140625,,,A*6B
$GPVTG,17.2,T,,M,20.77,N,38.47,K,A*33
$HEHDT,6.8,T*21
$VWVHW,6.8,T,,M,16.87,N,31.24,K*78
$GPGGA,084348.00,5940.25798,N,02453.45281,E,1,12,1.1,16.2,M,21.0,M,,*59
$GPRMC,084348.00,A,5940.25798,N,02453.45281,E,20.74,17.4,140625,,,A*69
$GPVTG,17.4,T,,M,20.74,N,38.40,K,A*31
$HEHDT,7.2,T*2A
$VWVHW,7.2,T,,M,16.78,N,31.07,K*72
$GPGGA,084349.00,5940.26295,N,02453.45594,E,1,12,1.1,16.5,M,21.0,M,,*57
$GPRMC,084349.00,A,5940.26295,N,02453.45594,E,20.69,17.4,140625,,,A*6C
$GPVTG,17.4,T,,M,20.69,N,38.31,K,A*3B
$HEHDT,6.7,T*2E
$VWVHW,6.7,T,,M,16.99,N,31.47,K*7D
$GPGGA,084350.00,5940.26835,N,02453.45874,E,1,12,1.1,16.2,M,21.0,M,,*5B
$GPRMC,084350.00,A,5940.26835,N,02453.45874,E,20.93,17.2,140625,,,A*64
$GPVTG,17.2,T,,M,20.93,N,38.76,K,A*3B
$HEHDT,7.3,T*2B
$VWVHW,7.3,T,,M,16.89,N,31.29,K*71
$GPGSV,2,1,08,03,67,051,47,08,40,106,46,11,19,161,46,14,44,216,46*70
$GPGSV,2,2,08,17,65,273,46,22,23,321,45,28,14,001,46,31,61,131,46*78
$GAGSV,2,1,05,04,49,081,46,09,32,191,46,12,62,246,46,24,09,296,46*6A
$GAGSV,2,2,05,31,21,031,46*5C
$GPZDA,084350.00,14,06,2025,00,00*6A
$GPGGA,084351.00,5940.27434,N,02453.46270,E,1,12,1.1,15.7,M,21.0,M,,*5D
$GPRMC,084351.00,A,5940.27434,N,02453.46270,E,20.81,17.0,140625,,,A*65
$GPVTG,17.0,T,,M,20.81,N,38.54,K,A*3A
$HEHDT,7.1,T*29
$VWVHW,7.1,T,,M,16.98,N,31.45,K*79
$GPGGA,084352.00,5940.27968,N,02453.46561,E,1,12,1.1,16.0,M,21.0,M,,*59
$GPRMC,084352.00,A,5940.27968,N,02453.46561,E,20.80,17.5,140625,,,A*61
$GPVTG,17.5,T,,M,20.80,N,38.53,K,A*39
$HEHDT,6.7,T*2E
$VWVHW,6.7,T,,M,16.97,N,31.44,K*70
$GPGGA,084353.00,5940.28487,N,02453.46946,E,1,12,1.1,15.8,M,21.0,M,,*59
$GPRMC,084353.00,A,5940.28487,N,02453.46946,E,20.81,17.1,140625,,,A*6F
$GPVTG,17.1,T,,M,20.81,N,38.54,K,A*3B
$HEHDT,7.2,T*2A
$VWVHW,7.2,T,,M,17.00,N,31.49,K*76
$GPGGA,084354.00,5940.29047,N,02453.47285,E,1,12,1.1,16.4,M,21.0,M,,*5D
$GPRMC,084354.00,A,5940.29047,N,02453.47285,E,20.74,17.2,140625,,,A*6D
$GPVTG,17.2,T,,M,20.74,N,38.41,K,A*36
$HEHDT,6.9,T*20
$VWVHW,6.9,T,,M,17.05,N,31.57,K*76
$GPGGA,084355.00,5940.29588,N,02453.47586,E,1,12,1.1,17.1,M,21.0,M,,*5A
$GPRMC,084355.00,A,5940.29588,N,02453.47586,E,20.77,17.0,140625,,,A*6F
$GPVTG,17.0,T,,M,20.77,N,38.46,K,A*30
$HEHDT,7.1,T*29
$VWVHW,7.1,T,,M,16.98,N,31.44,K*78
$GPGSV,2,1,08,03,67,051,46,08,40,106,45,11,19,161,46,14,44,216,46*72
$GPGSV,2,2,08,17,65,273,47,22,23,321,46,28,14,001,45,31,61,131,46*79
$GAGSV,2,1,05,04,49,081,46,09,32,191,46,12,62,246,46,24,09,296,46*6A
$GAGSV,2,2,05,31,21,031,46*5C
$GPZDA,084355.00,14,06,2025,00,00*6F
$GPGGA,084356.00,5940.30173,N,02453.47938,E,1,12,1.1,16.6,M,21.0,M,,*5E
$GPRMC,084356.00,A,5940.30173,N,02453.47938,E,20.83,17.2,140625,,,A*64
$GPVTG,17.2,T,,M,20.83,N,38.57,K,A*39
$HEHDT,7.3,T*2B
$VWVHW,7.3,T,,M,16.78,N,31.08,K*7C
$GPGGA,084357.00,5940.30681,N,02453.48320,E,1,12,1.1,16.1,M,21.0,M,,*5E
$GPRMC,084357.00,A,5940.30681,N,02453.48320,E,20.73,17.1,140625,,,A*6F
$GPVTG,17.1,T,,M,20.73,N,38.40,K,A*33
$HEHDT,7.3,T*2B
$VWVHW,7.3,T,,M,16.86,N,31.23,K*74
$GPGGA,084358.00,5940.31260,N,02453.48571,E,1,12,1.1,16.2,M,21.0,M,,*5A
$GPRMC,084358.00,A,5940.31260,N,02453.48571,E,20.65,17.1,140625,,,A*6F
$GPVTG,17.1,T,,M,20.65,N,38.24,K,A*36
$HEHDT,6.9,T*20
$VWVHW,6.9,T,,M,16.97,N,31.44,K*7E
$GPGGA,084359.00,5940.31804,N,02453.48978,E,1,12,1.1,16.0,M,21.0,M,,*54
$GPRMC,084359.00,A,5940.31804,N,02453.48978,E,20.83,17.4,140625,,,A*6E
$GPVTG,17.4,T,,M,20.83,N,38.57,K,A*3F
$HEHDT,7.2,T*2A
$VWVHW,7.2,T,,M,16.94,N,31.37,K*73
$GPGGA,084400.00,5940.32374,N,02453.49300,E,1,12,1.1,16.3,M,21.0,M,,*57
$GPRMC,084400.00,A,5940.32374,N,02453.49300,E,20.68,17.2,140625,,,A*6D
$GPVTG,17.2,T,,M,20.68,N,38.30,K,A*3D
$HEHDT,7.1,T*29
$VWVHW,7.1,T,,M,16.94,N,31.38,K*7F
$GPGSV,2,1,08,03,67,051,45,08,40,106,46,11,19,161,47,14,44,216,45*70
$GPGSV,2,2,08,17,65,273,46,22,23,321,45,28,14,001,46,31,61,131,46*78
$GAGSV,2,1,05,04,49,081,46,09,32,191,46,12,62,246,47,24,09,296,46*6B
$GAGSV,2,2,05,31,21,031,46*5C
$GPZDA,084400.00,14,06,2025,00,00*68
$GPGGA,084401.00,5940.32937,N,02453.49629,E,1,12,1.1,16.4,M,21.0,M,,*52
$GPRMC,084401.00,A,5940.32937,N,02453.49629,E,20.71,16.9,140625,,,A*6D
$GPVTG,16.9,T,,M,20.71,N,38.35,K,A*3A
$HEHDT,7.3,T*2B
$VWVHW,7.3,T,,M,16.95,N,31.39,K*7D
$GPGGA,084402.00,5940.33406,N,02453.49931,E,1,12,1.1,16.4,M,21.0,M,,*59
$GPRMC,084402.00,A,5940.33406,N,02453.49931,E,20.88,17.2,140625,,,A*6A
$GPVTG,17.2,T,,M,20.88,N,38.67,K,A*31
$HEHDT,6.9,T*20
$VWVHW,6.9,T,,M,16.83,N,31.17,K*7D
$GPGGA,084403.00,5940.33961,N,02453.50296,E,1,12,1.1,16.0,M,21.0,M,,*5E
$GPRMC,084403.00,A,5940.33961,N,02453.50296,E,20.70,17.0,140625,,,A*6C
$GPVTG,17.0,T,,M,20.70,N,38.34,K,A*32
$HEHDT,7.4,T*2C
$VWVHW,7.4,T,,M,16.96,N,31.41,K*76
$GPGGA,084404.00,5940.34568,N,02453.50702,E,1,12,1.1,15.6,M,21.0,M,,*56
$GPRMC,084404.00,A,5940.34568,N,02453.50702,E,20.82,17.0,140625,,,A*6C
$GPVTG,17.0,T,,M,20.82,N,38.56,K,A*3B
$HEHDT,7.3,T*2B
$VWVHW,7.3,T,,M,16.97,N,31.44,K*75
$GPGGA,084405.00,5940.35064,N,02453.50980,E,1,12,1.1,16.2,M,21.0,M,,*5C
$GPRMC,084405.00,A,5940.35064,N,02453.50980,E,20.77,16.9,140625,,,A*63
$GPVTG,16.9,T,,M,20.77,N,38.47,K,A*39
$HEHDT,6.8,T*21
$VWVHW,6.8,T,,M,16.98,N,31.44,K*70
$GPGSV,2,1,08,03,67,051,46,08,40,106,46,11,19,161,45,14,44,216,46*72
$GPGSV,2,2,08,17,65,273,46,22,23,321,46,28,14,001,46,31,61,131,46*7B
$GAGSV,2,1,05,04,49,081,47,09,32,191,46,12,62,246,46,24,09,296,46*6B
$GAGSV,2,2,05,31,21,031,46*5C
$GPZDA,084405.00,14,06,2025,00,00*6D
$GPGGA,084406.00,5940.35726,N,02453.51394,E,1,12,1.1,16.5,M,21.0,M,,*57
$GPRMC,084406.00,A,5940.35726,N,02453.51394,E,20.85,17.0,140625,,,A*6A
$GPVTG,17.0,T,,M,20.85,N,38.61,K,A*38
$HEHDT,6.9,T*20
$VWVHW,6.9,T,,M,17.02,N,31.52,K*74
$GPGGA,084407.00,5940.36197,N,02453.51653,E,1,12,1.1,15.9,M,21.0,M,,*58
$GPRMC,084407.00,A,5940.36197,N,02453.51653,E,20.80,16.9,140625,,,A*67
$GPVTG,16.9,T,,M,20.80,N,38.53,K,A*34
$HEHDT,7.4,T*2C
$VWVHW,7.4,T,,M,16.87,N,31.24,K*75
$GPGGA,084408.00,5940.36807,N,02453.51997,E,1,12,1.1,16.1,M,21.0,M,,*5B
$GPRMC,084408.00,A,5940.36807,N,02453.51997,E,20.85,17.3,140625,,,A*61
$GPVTG,17.3,T,,M,20.85,N,38.62,K,A*38
$HEHDT,6.9,T*20
$VWVHW,6.9,T,,M,16.98,N,31.44,K*71
$GPGGA,084409.00,5940.37320,N,02453.52334,E,1,12,1.1,16.6,M,21.0,M,,*52
$GPRMC,084409.00,A,5940.37320,N,02453.52334,E,20.72,17.5,140625,,,A*61
$GPVTG,17.5,T,,M,20.72,N,38.38,K,A*39
$HEHDT,7.1,T*29
$VWVHW,7.1,T,,M,16.76,N,31.04,K*7C
$GPGGA,084410.00,5940.37890,N,02453.52693,E,1,12,1.1,16.5,M,21.0,M,,*51
$GPRMC,084410.00,A,5940.37890,N,02453.52693,E,20.90,16.9,140625,,,A*60
$GPVTG,16.9,T,,M,20.90,N,38.70,K,A*34
$HEHDT,6.7,T*2E
$VWVHW,6.7,T,,M,16.91,N,31.32,K*77
$GPGSV,2,1,08,03,67,051,46,08,40,106,46,11,19,161,46,14,44,216,46*71
$GPGSV,2,2,08,17,65,273,45,22,23,321,46,28,14,001,47,31,61,131,45*7A
$GAGSV,2,1,05,04,49,081,46,09,32,191,46,12,62,246,46,24,09,296,46*6A
$GAGSV,2,2,05,31,21,031,46*5C
$GPZDA,084410.00,14,06,2025,00,00*69
$GPGGA,084411.00,5940.38402,N,02453.53047,E,1,12,1.1,16.0,M,21.0,M,,*53
$GPRMC,084411.00,A,5940.38402,N,02453.53047,E,20.68,17.1,140625,,,A*69
$GPVTG,17.1,T,,M,20.68,N,38.30,K,A*3E
$HEHDT,7.4,T*2C
$VWVHW,7.4,T,,M,16.90,N,31.29,K*7E
$GPGGA,084412.00,5940.38947,N,02453.53331,E,1,12,1.1,15.8,M,21.0,M,,*55
$GPRMC,084412.00,A,5940.38947,N,02453.53331,E,20.75,17.1,140625,,,A*68
$GPVTG,17.1,T,,M,20.75,N,38.43,K,A*36
$HEHDT,7.0,T*28
$VWVHW,7.0,T,,M,16.87,N,31.25,K*70
$GPGGA,084413.00,5940.39539,N,02453.53646,E,1,12,1.1,16.0,M,21.0,M,,*5E
$GPRMC,084413.00,A,5940.39539,N,02453.53646,E,20.74,17.0,140625,,,A*68
$GPVTG,17.0,T,,M,20.74,N,38.42,K,A*37
$HEHDT,6.7,T*2E
$VWVHW,6.7,T,,M,17.04,N,31.55,K*7B
$GPGGA,084414.00,5940.40102,N,02453.54030,E,1,12,1.1,15.6,M,21.0,M,,*5E
$GPRMC,084414.00,A,5940.40102,N,02453.54030,E,20.66,17.1,140625,,,A*6F
$GPVTG,17.1,T,,M,20.66,N,38.26,K,A*37
$HEHDT,6.6,T*2F
$VWVHW,6.6,T,,M,17.01,N,31.51,K*7B
$GPGGA,084415.00,5940.40673,N,02453.54337,E,1,12,1.1,16.3,M,21.0,M,,*5C
$GPRMC,084415.00,A,5940.40673,N,02453.54337,E,20.75,17.6,140625,,,A*6E
$GPVTG,17.6,T,,M,20.75,N,38.44,K,A*36
$HEHDT,7.2,T*2A
$VWVHW,7.2,T,,M,17.04,N,31.56,K*7C
$GPGSV,2,1,08,03,67,051,46,08,40,106,47,11,19,161,46,14,44,216,46*70
$GPGSV,2,2,08,17,65,273,46,22,23,321,46,28,14,001,47,31,61,131,46*7A
$GAGSV,2,1,05,04,49,081,47,09,32,191,46,12,62,246,46,24,09,296,46*6B
$GAGSV,2,2,05,31,21,031,46*5C
$GPZDA,084415.00,14,06,2025,00,00*6C
$GPGGA,084416.00,5940.41193,N,02453.54649,E,1,12,1.1,16.1,M,21.0,M,,*59
$GPRMC,084416.00,A,5940.41193,N,02453.54649,E,20.79,17.2,140625,,,A*61
$GPVTG,17.2,T,,M,20.79,N,38.50,K,A*3B
$HEHDT,7.0,T*28
$VWVHW,7.0,T,,M,16.96,N,31.40,K*73
$GPGGA,084417.00,5940.41736,N,02453.55110,E,1,12,1.1,16.1,M,21.0,M,,*5B
$GPRMC,084417.00,A,5940.41736,N,02453.55110,E,20.80,17.3,140625,,,A*64
$GPVTG,17.3,T,,M,20.80,N,38.53,K,A*3F
$HEHDT,6.6,T*2F
$VWVHW,6.6,T,,M,16.95,N,31.39,K*79
$GPGGA,084418.00,5940.42304,N,02453.55327,E,1,12,1.1,15.9,M,21.0,M,,*5F
$GPRMC,084418.00,A,5940.42304,N,02453.55327,E,20.82,16.8,140625,,,A*63
$GPVTG,16.8,T,,M,20.82,N,38.55,K,A*31
$HEHDT,6.8,T*21
$VWVHW,6.8,T,,M,16.99,N,31.47,K*72
$GPGGA,084419.00,5940.42828,N,02453.55701,E,1,12,1.1,15.7,M,21.0,M,,*55
$GPRMC,084419.00,A,5940.42828,N,02453.55701,E,20.97,17.1,140625,,,A*6B
$GPVTG,17.1,T,,M,20.97,N,38.83,K,A*36
$HEHDT,7.1,T*29
$VWVHW,7.1,T,,M,17.05,N,31.57,K*7F
$GPGGA,084420.00,5940.43373,N,02453.56088,E,1,12,1.1,16.2,M,21.0,M,,*58
$GPRMC,084420.00,A,5940.43373,N,02453.56088,E,20.74,17.0,140625,,,A*6C
$GPVTG,17.0,T,,M,20.74,N,38.41,K,A*34
$HEHDT,7.4,T*2C
$VWVHW,7.4,T,,M,16.99,N,31.47,K*7F
$GPGSV,2,1,08,03,68,051,46,08,40,106,46,11,19,161,46,14,44,216,46*7E
$GPGSV,2,2,08,17,65,273,46,22,24,321,46,28,14,001,46,31,61,131,47*7D
$GAGSV,2,1,05,04,49,081,46,09,32,191,46,12,62,246,45,24,09,296,46*69
$GAGSV,2,2,05,31,21,031,46*5C
$GPZDA,084420.00,14,06,2025,00,00*6A
$GPGGA,084421.00,5940.43909,N,02453.56385,E,1,12,1.1,15.8,M,21.0,M,,*59
$GPRMC,084421.00,A,5940.43909,N,02453.56385,E,20.83,17.2,140625,,,A*6E
$GPVTG,17.2,T,,M,20.83,N,38.58,K,A*36
$HEHDT,6.9,T*20
$VWVHW,6.9,T,,M,16.77,N,31.06,K*76
$GPGGA,084422.00,5940.44454,N,02453.56734,E,1,12,1.1,15.7,M,21.0,M,,*59
$GPRMC,084422.00,A,5940.44454,N,02453.56734,E,20.76,17.6,140625,,,A*6F
$GPVTG,17.6,T,,M,20.76,N,38.45,K,A*34
$HEHDT,6.9,T*20
$VWVHW,6.9,T,,M,16.89,N,31.28,K*7B
$GPGGA,084423.00,5940.45014,N,02453.57053,E,1,12,1.1,15.9,M,21.0,M,,*50
$GPRMC,084423.00,A,5940.45014,N,02453.57053,E,20.85,17.1,140625,,,A*63
$GPVTG,17.1,T,,M,20.85,N,38.62,K,A*3A
$HEHDT,7.5,T*2D
$VWVHW,7.5,T,,M,16.88,N,31.27,K*78
$GPGGA,084424.00,5940.45578,N,02453.57328,E,1,12,1.1,15.9,M,21.0,M,,*57
$GPRMC,084424.00,A,5940.45578,N,02453.57328,E,20.79,17.1,140625,,,A*67
$GPVTG,17.1,T,,M,20.79,N,38.50,K,A*38
$HEHDT,6.9,T*20
$VWVHW,6.9,T,,M,17.13,N,31.73,K*77
$GPGGA,084425.00,5940.46109,N,02453.57646,E,1,12,1.1,15.6,M,21.0,M,,*55
$GPRMC,084425.00,A,5940.46109,N,02453.57646,E,20.72,17.6,140625,,,A*66
$GPVTG,17.6,T,,M,20.72,N,38.37,K,A*35
$HEHDT,7.0,T*28
$VWVHW,7.0,T,,M,17.02,N,31.51,K*7F
$GPGSV,2,1,08,03,68,051,46,08,40,106,46,11,19,161,47,14,44,216,46*7F
$GPGSV,2,2,08,17,65,273,46,22,24,321,45,28,14,001,46,31,61,131,46*7F
$GAGSV,2,1,05,04,49,081,47,09,32,191,47,12,62,246,46,24,09,296,47*6B
$GAGSV,2,2,05,31,21,031,46*5C
$GPZDA,084425.00,14,06,2025,00,00*6F
$GPGGA,084426.00,5940.46654,N,02453.57994,E,1,12,1.1,15.9,M,21.0,M,,*56
$GPRMC,084426.00,A,5940.46654,N,02453.57994,E,20.85,17.1,140625,,,A*65
$GPVTG,17.1,T,,M,20.85,N,38.62,K,A*3A
$HEHDT,7.2,T*2A
$VWVHW,7.2,T,,M,16.98,N,31.44,K*7B
$GPGGA,084427.00,5940.47245,N,02453.58301,E,1,12,1.1,16.1,M,21.0,M,,*50
$GPRMC,084427.00,A,5940.47245,N,02453.58301,E,20.84,16.6,140625,,,A*6F
$GPVTG,16.6,T,,M,20.84,N,38.60,K,A*3F
$HEHDT,7.1,T*29
$VWVHW,7.1,T,,M,17.10,N,31.66,K*79
$GPGGA,084428.00,5940.47743,N,02453.58744,E,1,12,1.1,16.2,M,21.0,M,,*5A
$GPRMC,084428.00,A,5940.47743,N,02453.58744,E,20.93,17.3,140625,,,A*64
$GPVTG,17.3,T,,M,20.93,N,38.77,K,A*3B
$HEHDT,7.4,T*2C
$VWVHW,7.4,T,,M,17.06,N,31.60,K*7D
$GPGGA,084429.00,5940.48319,N,02453.59068,E,1,12,1.1,15.8,M,21.0,M,,*5E
$GPRMC,084429.00,A,5940.48319,N,02453.59068,E,20.82,17.5,140625,,,A*6F
$GPVTG,17.5,T,,M,20.82,N,38.56,K,A*3E
$HEHDT,7.3,T*2B
$VWVHW,7.3,T,,M,17.03,N,31.55,K*79
$GPGGA,084430.00,5940.48941,N,02453.59392,E,1,12,1.1,16.0,M,21.0,M,,*5C
$GPRMC,084430.00,A,5940.48941,N,02453.59392,E,20.85,17.2,140625,,,A*66
$GPVTG,17.2,T,,M,20.85,N,38.61,K,A*3A
$HEHDT,6.7,T*2E
$VWVHW,6.7,T,,M,17.19,N,31.83,K*7C
$GPGSV,2,1,08,03,68,051,46,08,40,106,46,11,19,161,46,14,44,216,46*7E
$GPGSV,2,2,08,17,65,273,46,22,24,321,46,28,14,001,45,31,61,131,46*7F
$GAGSV,2,1,05,04,49,081,46,09,32,191,46,12,62,246,46,24,09,296,46*6A
$GAGSV,2,2,05,31,21,031,46*5C
$GPZDA,084430.00,14,06,2025,00,00*6B
$GPGGA,084431.00,5940.49479,N,02453.59734,E,1,12,1.1,15.6,M,21.0,M,,*57
$GPRMC,084431.00,A,5940.49479,N,02453.59734,E,20.87,17.2,140625,,,A*6A
$GPVTG,17.2,T,,M,20.87,N,38.65,K,A*3C
$HEHDT,7.5,T*2D
$VWVHW,7.5,T,,M,17.12,N,31.70,K*78
$GPGGA,084432.00,5940.50002,N,02453.60062,E,1,12,1.1,15.6,M,21.0,M,,*5A
$GPRMC,084432.00,A,5940.50002,N,02453.60062,E,21.00,17.0,140625,,,A*6B
$GPVTG,17.0,T,,M,21.00,N,38.88,K,A*33
$HEHDT,6.7,T*2E
$VWVHW,6.7,T,,M,17.12,N,31.71,K*7A
$GPGGA,084433.00,5940.50540,N,02453.60456,E,1,12,1.1,15.5,M,21.0,M,,*58
$GPRMC,084433.00,A,5940.50540,N,02453.60456,E,20.85,16.9,140625,,,A*6E
$GPVTG,16.9,T,,M,20.85,N,38.62,K,A*33
$HEHDT,7.1,T*29
$VWVHW,7.1,T,,M,16.99,N,31.47,K*7A
$GPGGA,084434.00,5940.51157,N,02453.60817,E,1,12,1.1,15.9,M,21.0,M,,*59
$GPRMC,084434.00,A,5940.51157,N,02453.60817,E,20.74,17.1,140625,,,A*64
$GPVTG,17.1,T,,M,20.74,N,38.41,K,A*35
$HEHDT,7.4,T*2C
$VWVHW,7.4,T,,M,17.06,N,31.59,K*77
$GPGGA,084435.00,5940.51628,N,02453.61167,E,1,12,1.1,15.6,M,21.0,M,,*57
$GPRMC,084435.00,A,5940.51628,N,02453.61167,E,20.97,17.1,140625,,,A*68
$GPVTG,17.1,T,,M,20.97,N,38.84,K,A*31
$HEHDT,6.9,T*20
$VWVHW,6.9,T,,M,17.12,N,31.71,K*74
$GPGSV,2,1,08,03,68,051,46,08,40,106,46,11,19,161,46,14,44,216,46*7E
$GPGSV,2,2,08,17,65,273,47,22,24,321,46,28,14,001,46,31,61,131,46*7D
$GAGSV,2,1,05,04,49,081,46,09,32,191,46,12,62,246,46,24,09,296,45*69
$GAGSV,2,2,05,31,21,031,46*5C
$GPZDA,084435.00,14,06,2025,00,00*6E
$GPGGA,084436.00,5940.52195,N,02453.61478,E,1,12,1.1,16.2,M,21.0,M,,*5A
$GPRMC,084436.00,A,5940.52195,N,02453.61478,E,20.99,16.9,140625,,,A*65
$GPVTG,16.9,T,,M,20.99,N,38.88,K,A*3A
$HEHDT,7.2,T*2A
$VWVHW,7.2,T,,M,17.02,N,31.52,K*7E
$GPGGA,084437.00,5940.52751,N,02453.61882,E,1,12,1.1,16.6,M,21.0,M,,*58
$GPRMC,084437.00,A,5940.52751,N,02453.61882,E,20.85,17.3,140625,,,A*65
$GPVTG,17.3,T,,M,20.85,N,38.61,K,A*3B
$HEHDT,7.5,T*2D
$VWVHW,7.5,T,,M,17.12,N,31.70,K*78
$GPGGA,084438.00,5940.53327,N,02453.62107,E,1,12,1.1,15.8,M,21.0,M,,*59
$GPRMC,084438.00,A,5940.53327,N,02453.62107,E,20.86,16.9,140625,,,A*61
$GPVTG,16.9,T,,M,20.86,N,38.62,K,A*30
$HEHDT,7.3,T*2B
$VWVHW,7.3,T,,M,17.18,N,31.83,K*78
$GPGGA,084439.00,5940.53857,N,02453.62461,E,1,12,1.1,16.2,M,21.0,M,,*58
$GPRMC,084439.00,A,5940.53857,N,02453.62461,E,20.92,17.3,140625,,,A*67
$GPVTG,17.3,T,,M,20.92,N,38.75,K,A*38
$HEHDT,6.8,T*21
$VWVHW,6.8,T,,M,16.99,N,31.46,K*73
$GPGGA,084440.00,5940.54416,N,02453.62774,E,1,12,1.1,16.1,M,21.0,M,,*5C
$GPRMC,084440.00,A,5940.54416,N,02453.62774,E,20.94,17.2,140625,,,A*67
$GPVTG,17.2,T,,M,20.94,N,38.77,K,A*3D
$HEHDT,7.0,T*28
$VWVHW,7.0,T,,M,17.00,N,31.49,K*74
$GPGSV,2,1,08,03,68,051,46,08,40,106,45,11,19,161,45,14,44,216,46*7E
$GPGSV,2,2,08,17,65,273,46,22,24,321,46,28,14,001,46,31,61,131,45*7F
$GAGSV,2,1,05,04,49,081,46,09,32,191,46,12,62,246,46,24,09,296,46*6A
$GAGSV,2,2,05,31,21,031,46*5C
$GPZDA,084440.00,14,06,2025,00,00*6C
$GPGGA,084441.00,5940.54931,N,02453.63165,E,1,12,1.1,15.9,M,21.0,M,,*59
$GPRMC,084441.00,A,5940.54931,N,02453.63165,E,20.82,16.8,140625,,,A*65
$GPVTG,16.8,T,,M,20.82,N,38.55,K,A*31
$HEHDT,6.8,T*21
$VWVHW,6.8,T,,M,16.89,N,31.27,K*75
$GPGGA,084442.00,5940.55488,N,02453.63556,E,1,12,1.1,15.6,M,21.0,M,,*5F
$GPRMC,084442.00,A,5940.55488,N,02453.63556,E,21.00,17.1,140625,,,A*6F
$GPVTG,17.1,T,,M,21.00,N,38.88,K,A*32
$HEHDT,7.4,T*2C
$VWVHW,7.4,T,,M,17.03,N,31.55,K*7E
$GPGGA,084443.00,5940.56026,N,02453.63859,E,1,12,1.1,15.0,M,21.0,M,,*59
$GPRMC,084443.00,A,5940.56026,N,02453.63859,E,20.95,17.0,140625,,,A*63
$GPVTG,17.0,T,,M,20.95,N,38.79,K,A*30
$HEHDT,7.3,T*2B
$VWVHW,7.3,T,,M,17.15,N,31.76,K*7F
$GPGGA,084444.00,5940.56631,N,02453.64184,E,1,12,1.1,15.2,M,21.0,M,,*52
$GPRMC,084444.00,A,5940.56631,N,02453.64184,E,21.05,17.0,140625,,,A*62
$GPVTG,17.0,T,,M,21.05,N,38.98,K,A*37
$HEHDT,7.3,T*2B
$VWVHW,7.3,T,,M,17.12,N,31.71,K*7F
$GPGGA,084445.00,5940.57159,N,02453.64469,E,1,12,1.1,15.8,M,21.0,M,,*57
$GPRMC,084445.00,A,5940.57159,N,02453.64469,E,20.87,17.1,140625,,,A*67
$GPVTG,17.1,T,,M,20.87,N,38.64,K,A*3E
$HEHDT,7.0,T*28
$VWVHW,7.0,T,,M,17.07,N,31.61,K*79
$GPGSV,2,1,08,03,68,051,46,08,40,106,46,11,19,161,46,14,44,216,45*7D
$GPGSV,2,2,08,17,65,273,46,22,24,321,46,28,14,001,46,31,61,131,47*7D
$GAGSV,2,1,05,04,49,081,46,09,32,191,46,12,62,246,46,24,09,296,46*6A
$GAGSV,2,2,05,31,21,031,45*5F
$GPZDA,084445.00,14,06,2025,00,00*69
$GPGGA,084446.00,5940.57707,N,02453.64909,E,1,12,1.1,15.7,M,21.0,M,,*5D
$GPRMC,084446.00,A,5940.57707,N,02453.64909,E,21.01,17.2,140625,,,A*6E
$GPVTG,17.2,T,,M,21.01,N,38.90,K,A*39
$HEHDT,7.1,T*29
$VWVHW,7.1,T,,M,17.16,N,31.77,K*7F
$GPGGA,084447.00,5940.58262,N,02453.65255,E,1,12,1.1,16.2,M,21.0,M,,*50
$GPRMC,084447.00,A,5940.58262,N,02453.65255,E,20.91,17.0,140625,,,A*6F
$GPVTG,17.0,T,,M,20.91,N,38.73,K,A*3E
$HEHDT,7.4,T*2C
$VWVHW,7.4,T,,M,17.20,N,31.85,K*72
$GPGGA,084448.00,5940.58845,N,02453.65642,E,1,12,1.1,16.5,M,21.0,M,,*55
$GPRMC,084448.00,A,5940.58845,N,02453.65642,E,20.72,17.2,140625,,,A*62
$GPVTG,17.2,T,,M,20.72,N,38.38,K,A*3E
$HEHDT,6.8,T*21
$VWVHW,6.8,T,,M,17.03,N,31.55,K*73
$GPGGA,084449.00,5940.59385,N,02453.65828,E,1,12,1.1,15.7,M,21.0,M,,*51
$GPRMC,084449.00,A,5940.59385,N,02453.65828,E,20.99,17.4,140625,,,A*64
$GPVTG,17.4,T,,M,20.99,N,38.88,K,A*36
$HEHDT,7.2,T*2A
$VWVHW,7.2,T,,M,17.18,N,31.82,K*78
$GPGGA,084450.00,5940.59922,N,02453.66170,E,1,12,1.1,15.9,M,21.0,M,,*57
$GPRMC,084450.00,A,5940.59922,N,02453.66170,E,20.96,17.2,140625,,,A*65
$GPVTG,17.2,T,,M,20.96,N,38.83,K,A*34
$HEHDT,6.9,T*20
$VWVHW,6.9,T,,M,17.11,N,31.69,K*7E
$GPGSV,2,1,08,03,68,051,46,08,40,106,46,11,19,161,46,14,44,216,46*7E
$GPGSV,2,2,08,17,65,273,46,22,24,321,46,28,14,001,46,31,61,131,46*7C
$GAGSV,2,1,05,04,49,081,46,09,32,191,47,12,62,246,46,24,09,296,46*6B
$GAGSV,2,2,05,31,21,031,46*5C
$GPZDA,084450.00,14,06,2025,00,00*6D
$GPGGA,084451.00,5940.60516,N,02453.66572,E,1,12,1.1,15.4,M,21.0,M,,*5C
$GPRMC,084451.00,A,5940.60516,N,02453.66572,E,20.86,17.4,140625,,,A*64
$GPVTG,17.4,T,,M,20.86,N,38.63,K,A*3D
$HEHDT,6.9,T*20
$VWVHW,6.9,T,,M,17.14,N,31.75,K*76
$GPGGA,084452.00,5940.61044,N,02453.66909,E,1,12,1.1,16.2,M,21.0,M,,*59
$GPRMC,084452.00,A,5940.61044,N,02453.66909,E,20.82,17.7,140625,,,A*63
$GPVTG,17.7,T,,M,20.82,N,38.55,K,A*3F
$HEHDT,6.9,T*20
$VWVHW,6.9,T,,M,17.07,N,31.61,K*71
$GPGGA,084453.00,5940.61595,N,02453.67135,E,1,12,1.1,16.2,M,21.0,M,,*57
$GPRMC,084453.00,A,5940.61595,N,02453.67135,E,21.02,16.9,140625,,,A*6B
$GPVTG,16.9,T,,M,21.02,N,38.93,K,A*33
$HEHDT,7.3,T*2B
$VWVHW,7.3,T,,M,17.01,N,31.51,K*7F
$GPGGA,084454.00,5940.62163,N,02453.67514,E,1,12,1.1,16.4,M,21.0,M,,*5F
$GPRMC,084454.00,A,5940.62163,N,02453.67514,E,20.89,16.9,140625,,,A*67
$GPVTG,16.9,T,,M,20.89,N,38.68,K,A*35
$HEHDT,6.9,T*20
$VWVHW,6.9,T,,M,17.23,N,31.92,K*7B
$GPGGA,084455.00,5940.62732,N,02453.67874,E,1,12,1.1,16.1,M,21.0,M,,*52
$GPRMC,084455.00,A,5940.62732,N,02453.67874,E,20.97,16.9,140625,,,A*60
$GPVTG,16.9,T,,M,20.97,N,38.84,K,A*38
$HEHDT,7.3,T*2B
$VWVHW,7.3,T,,M,17.10,N,31.68,K*75
$GPGSV,2,1,08,03,68,051,45,08,40,106,46,11,19,161,46,14,44,216,45*7E
$GPGSV,2,2,08,17,65,273,46,22,24,321,46,28,14,001,46,31,61,131,46*7C
$GAGSV,2,1,05,04,49,081,46,09,32,191,46,12,62,246,47,24,09,296,46*6B
$GAGSV,2,2,05,31,21,031,46*5C
$GPZDA,084455.00,14,06,2025,00,00*68
$GPGGA,084456.00,5940.63260,N,02453.68247,E,1,12,1.1,16.8,M,21.0,M,,*5E
$GPRMC,084456.00,A,5940.63260,N,02453.68247,E,20.87,16.9,140625,,,A*64
$GPVTG,16.9,T,,M,20.87,N,38.65,K,A*36
$HEHDT,7.2,T*2A
$VWVHW,7.2,T,,M,17.02,N,31.51,K*7D
$GPGGA,084457.00,5940.63836,N,02453.68562,E,1,12,1.1,16.3,M,21.0,M,,*5D
$GPRMC,084457.00,A,5940.63836,N,02453.68562,E,21.02,17.2,140625,,,A*6A
$GPVTG,17.2,T,,M,21.02,N,38.94,K,A*3E
$HEHDT,6.9,T*20
$VWVHW,6.9,T,,M,17.16,N,31.79,K*78
$GPGGA,084458.00,5940.64381,N,02453.68990,E,1,12,1.1,16.5,M,21.0,M,,*55
$GPRMC,084458.00,A,5940.64381,N,02453.68990,E,21.03,17.1,140625,,,A*66
$GPVTG,17.1,T,,M,21.03,N,38.95,K,A*3D
$HEHDT,6.9,T*20
$VWVHW,6.9,T,,M,17.14,N,31.75,K*76
$GPGGA,084459.00,5940.64970,N,02453.69314,E,1,12,1.1,16.4,M,21.0,M,,*56
$GPRMC,084459.00,A,5940.64970,N,02453.69314,E,21.14,16.7,140625,,,A*65
$GPVTG,16.7,T,,M,21.14,N,39.16,K,A*36
$HEHDT,7.1,T*29
$VWVHW,7.1,T,,M,17.05,N,31.59,K*71
$GPGGA,084500.00,5940.65475,N,02453.69665,E,1,12,1.1,16.4,M,21.0,M,,*51
$GPRMC,084500.00,A,5940.65475,N,02453.69665,E,21.02,16.8,140625,,,A*6A
$GPVTG,16.8,T,,M,21.02,N,38.93,K,A*32
$HEHDT,6.8,T*21
$VWVHW,6.8,T,,M,17.17,N,31.79,K*78
$GPGSV,2,1,08,03,68,051,45,08,40,106,46,11,19,161,46,14,44,216,45*7E
$GPGSV,2,2,08,17,65,273,46,22,24,321,46,28,14,001,45,31,61,131,46*7F
$GAGSV,2,1,05,04,49,081,46,09,32,191,46,12,62,246,47,24,09,296,46*6B
$GAGSV,2,2,05,31,21,031,46*5C
$GPZDA,084500.00,14,06,2025,00,00*69
$GPGGA,084501.00,5940.66100,N,02453.69973,E,1,12,1.1,16.4,M,21.0,M,,*5C
$GPRMC,084501.00,A,5940.66100,N,02453.69973,E,21.00,16.9,140625,,,A*64
$GPVTG,16.9,T,,M,21.00,N,38.89,K,A*3A
$HEHDT,7.3,T*2B
$VWVHW,7.3,T,,M,17.19,N,31.84,K*7E
$GPGGA,084502.00,5940.66581,N,02453.70283,E,1,12,1.1,16.5,M,21.0,M,,*5F
$GPRMC,084502.00,A,5940.66581,N,02453.70283,E,21.18,17.1,140625,,,A*66
$GPVTG,17.1,T,,M,21.18,N,39.22,K,A*3A
$HEHDT,7.5,T*2D
$VWVHW,7.5,T,,M,17.06,N,31.59,K*76
$GPGGA,084503.00,5940.67144,N,02453.70646,E,1,12,1.1,16.6,M,21.0,M,,*5C
$GPRMC,084503.00,A,5940.67144,N,02453.70646,E,21.05,16.7,140625,,,A*6D
$GPVTG,16.7,T,,M,21.05,N,38.98,K,A*31
$HEHDT,7.5,T*2D
$VWVHW,7.5,T,,M,17.12,N,31.70,K*78
$GPGGA,084504.00,5940.67681,N,02453.70990,E,1,12,1.1,16.9,M,21.0,M,,*5E
$GPRMC,084504.00,A,5940.67681,N,02453.70990,E,21.13,16.5,140625,,,A*65
$GPVTG,16.5,T,,M,21.13,N,39.14,K,A*31
$HEHDT,6.9,T*20
$VWVHW,6.9,T,,M,17.15,N,31.76,K*74
$GPGGA,084505.00,5940.68257,N,02453.71351,E,1,12,1.1,16.9,M,21.0,M,,*59
$GPRMC,084505.00,A,5940.68257,N,02453.71351,E,20.86,16.8,140625,,,A*62
$GPVTG,16.8,T,,M,20.86,N,38.64,K,A*37
$HEHDT,7.1,T*29
$VWVHW,7.1,T,,M,17.25,N,31.95,K*73
$GPGSV,2,1,08,03,68,051,45,08,40,106,45,11,19,161,47,14,44,216,46*7F
$GPGSV,2,2,08,17,65,273,47,22,24,321,46,28,14,001,46,31,61,131,46*7D
$GAGSV,2,1,05,04,49,081,46,09,32,191,46,12,62,246,46,24,09,296,46*6A
$GAGSV,2,2,05,31,21,031,46*5C
$GPZDA,084505.00,14,06,2025,00,00*6C
$GPGGA,084506.00,5940.68777,N,02453.71665,E,1,12,1.0,17.1,M,21.0,M,,*57
$GPRMC,084506.00,A,5940.68777,N,02453.71665,E,20.84,17.3,140625,,,A*6C
$GPVTG,17.3,T,,M,20.84,N,38.60,K,A*3B
$HEHDT,7.1,T*29
$VWVHW,7.1,T,,M,17.16,N,31.77,K*7F
$GPGGA,084507.00,5940.69362,N,02453.71970,E,1,12,1.0,16.8,M,21.0,M,,*54
$GPRMC,084507.00,A,5940.69362,N,02453.71970,E,21.01,16.9,140625,,,A*60
$GPVTG,16.9,T,,M,21.01,N,38.91,K,A*32
$HEHDT,7.1,T*29
$VWVHW,7.1,T,,M,17.12,N,31.70,K*7C
$GPGGA,084508.00,5940.69942,N,02453.72370,E,1,12,1.0,16.1,M,21.0,M,,*53
$GPRMC,084508.00,A,5940.69942,N,02453.72370,E,20.99,17.2,140625,,,A*64
$GPVTG,17.2,T,,M,20.99,N,38.87,K,A*3F
$HEHDT,6.8,T*21
$VWVHW,6.8,T,,M,17.22,N,31.88,K*70
$GPGGA,084509.00,5940.70467,N,02453.72727,E,1,12,1.0,17.6,M,21.0,M,,*50
$GPRMC,084509.00,A,5940.70467,N,02453.72727,E,20.92,17.3,140625,,,A*6B
$GPVTG,17.3,T,,M,20.92,N,38.74,K,A*39
$HEHDT,7.6,T*2E
$VWVHW,7.6,T,,M,17.01,N,31.51,K*7A
$GPGGA,084510.00,5940.70985,N,02453.73060,E,1,12,1.0,16.8,M,21.0,M,,*53
$GPRMC,084510.00,A,5940.70985,N,02453.73060,E,20.93,16.9,140625,,,A*6D
$GPVTG,16.9,T,,M,20.93,N,38.76,K,A*31
$HEHDT,7.2,T*2A
$VWVHW,7.2,T,,M,17.19,N,31.84,K*7F
$GPGSV,2,1,08,03,68,051,45,08,40,106,46,11,19,161,46,14,44,216,45*7E
$GPGSV,2,2,08,17,65,273,46,22,24,321,46,28,14,001,46,31,61,131,47*7D
$GAGSV,2,1,05,04,49,081,46,09,32,191,45,12,62,246,46,24,09,296,47*68
$GAGSV,2,2,05,31,21,031,46*5C
$GPZDA,084510.00,14,06,2025,00,00*68
$GPGGA,084511.00,5940.71606,N,02453.73455,E,1,12,1.0,17.2,M,21.0,M,,*5E
$GPRMC,084511.00,A,5940.71606,N,02453.73455,E,20.87,17.6,140625,,,A*60
$GPVTG,17.6,T,,M,20.87,N,38.65,K,A*38
$HEHDT,7.2,T*2A
$VWVHW,7.2,T,,M,17.30,N,32.05,K*7E
$GPGGA,084512.00,5940.72087,N,02453.73737,E,1,12,1.0,16.4,M,21.0,M,,*51
$GPRMC,084512.00,A,5940.72087,N,02453.73737,E,21.02,17.0,140625,,,A*62
$GPVTG,17.0,T,,M,21.02,N,38.93,K,A*3B
$HEHDT,6.9,T*20
$VWVHW,6.9,T,,M,17.15,N,31.76,K*74
$GPGGA,084513.00,5940.72653,N,02453.74144,E,1,12,1.0,16.9,M,21.0,M,,*57
$GPRMC,084513.00,A,5940.72653,N,02453.74144,E,21.05,17.1,140625,,,A*6F
$GPVTG,17.1,T,,M,21.05,N,38.99,K,A*37
$HEHDT,7.3,T*2B
$VWVHW,7.3,T,,M,17.43,N,32.29,K*75
$GPGGA,084514.00,5940.73279,N,02453.74429,E,1,12,1.0,16.5,M,21.0,M,,*5F
$GPRMC,084514.00,A,5940.73279,N,02453.74429,E,20.95,16.7,140625,,,A*64
$GPVTG,16.7,T,,M,20.95,N,38.80,K,A*30
$HEHDT,7.1,T*29
$VWVHW,7.1,T,,M,17.22,N,31.90,K*71
$GPGGA,084515.00,5940.73757,N,02453.74798,E,1,12,1.0,17.0,M,21.0,M,,*5A
$GPRMC,084515.00,A,5940.73757,N,02453.74798,E,21.02,17.0,140625,,,A*6C
$GPVTG,17.0,T,,M,21.02,N,38.92,K,A*3A
$HEHDT,7.0,T*28
$VWVHW,7.0,T,,M,17.24,N,31.92,K*74
$GPGSV,2,1,08,03,68,051,45,08,40,106,46,11,19,161,46,14,44,216,46*7D
$GPGSV,2,2,08,17,65,273,46,22,24,321,45,28,14,001,47,31,61,131,46*7E
$GAGSV,2,1,05,04,49,081,45,09,32,191,46,12,62,246,46,24,09,296,45*6A
$GAGSV,2,2,05,31,21,031,46*5C
$GPZDA,084515.00,14,06,2025,00,00*6D
$GPGGA,084516.00,5940.74341,N,02453.75086,E,1,12,1.0,16.8,M,21.0,M,,*5D
$GPRMC,084516.00,A,5940.74341,N,02453.75086,E,20.96,16.8,140625,,,A*67
$GPVTG,16.8,T,,M,20.96,N,38.82,K,A*3E
$HEHDT,7.4,T*2C
$VWVHW,7.4,T,,M,17.28,N,32.01,K*75
$GPGGA,084517.00,5940.74946,N,02453.75478,E,1,12,1.0,16.9,M,21.0,M,,*55
$GPRMC,084517.00,A,5940.74946,N,02453.75478,E,21.06,17.3,140625,,,A*6C
$GPVTG,17.3,T,,M,21.06,N,39.00,K,A*37
$HEHDT,7.2,T*2A
$VWVHW,7.2,T,,M,17.10,N,31.66,K*7A
$GPGGA,084518.00,5940.75486,N,02453.75740,E,1,12,1.0,17.5,M,21.0,M,,*5F
$GPRMC,084518.00,A,5940.75486,N,02453.75740,E,21.09,16.7,140625,,,A*61
$GPVTG,16.7,T,,M,21.09,N,39.06,K,A*3B
$HEHDT,6.8,T*21
$VWVHW,6.8,T,,M,17.16,N,31.78,K*78
$GPGGA,084519.00,5940.75968,N,02453.76182,E,1,12,1.0,17.8,M,21.0,M,,*55
$GPRMC,084519.00,A,5940.75968,N,02453.76182,E,21.00,17.0,140625,,,A*69
$GPVTG,17.0,T,,M,21.00,N,38.90,K,A*3A
$HEHDT,7.1,T*29
$VWVHW,7.1,T,,M,17.06,N,31.60,K*78
$GPGGA,084520.00,5940.76573,N,02453.76515,E,1,12,1.0,17.0,M,21.0,M,,*58
$GPRMC,084520.00,A,5940.76573,N,02453.76515,E,20.89,17.1,140625,,,A*6D
$GPVTG,17.1,T,,M,20.89,N,38.69,K,A*3D
$HEHDT,7.1,T*29
$VWVHW,7.1,T,,M,17.20,N,31.85,K*77
$GPGSV,2,1,08,03,68,051,46,08,40,106,46,11,19,161,46,14,44,216,46*7E
$GPGSV,2,2,08,17,65,273,46,22,24,321,47,28,14,001,46,31,61,131,45*7E
$GAGSV,2,1,05,04,49,081,46,09,32,191,46,12,62,246,46,24,09,296,46*6A
$GAGSV,2,2,05,31,21,031,46*5C
$GPZDA,084520.00,14,06,2025,00,00*6B
$GPGGA,084521.00,5940.77138,N,02453.76862,E,1,12,1.0,17.5,M,21.0,M,,*5B
$GPRMC,084521.00,A,5940.77138,N,02453.76862,E,20.93,16.9,140625,,,A*69
$GPVTG,16.9,T,,M,20.93,N,38.76,K,A*31
$HEHDT,7.5,T*2D
$VWVHW,7.5,T,,M,17.19,N,31.83,K*7F
$GPGGA,084522.00,5940.77702,N,02453.77141,E,1,12,1.0,17.6,M,21.0,M,,*5D
$GPRMC,084522.00,A,5940.77702,N,02453.77141,E,21.03,16.8,140625,,,A*65
$GPVTG,16.8,T,,M,21.03,N,38.95,K,A*35
$HEHDT,7.4,T*2C
$VWVHW,7.4,T,,M,17.17,N,31.79,K*75
$GPGGA,084523.00,5940.78257,N,02453.77452,E,1,12,1.0,17.1,M,21.0,M,,*56
$GPRMC,084523.00,A,5940.78257,N,02453.77452,E,21.15,17.1,140625,,,A*66
$GPVTG,17.1,T,,M,21.15,N,39.17,K,A*31
$HEHDT,7.4,T*2C
$VWVHW,7.4,T,,M,17.30,N,32.04,K*79
$GPGGA,084524.00,5940.78798,N,02453.77847,E,1,12,1.0,18.1,M,21.0,M,,*50
$GPRMC,084524.00,A,5940.78798,N,02453.77847,E,21.05,16.9,140625,,,A*67
$GPVTG,16.9,T,,M,21.05,N,38.99,K,A*3E
$HEHDT,7.1,T*29
$VWVHW,7.1,T,,M,17.23,N,31.91,K*71
$GPGGA,084525.00,5940.79402,N,02453.78177,E,1,12,1.0,18.3,M,21.0,M,,*57
$GPRMC,084525.00,A,5940.79402,N,02453.78177,E,20.97,17.2,140625,,,A*62
$GPVTG,17.2,T,,M,20.97,N,38.83,K,A*35
$HEHDT,7.6,T*2E
$VWVHW,7.6,T,,M,17.15,N,31.76,K*7A
$GPGSV,2,1,08,03,68,051,46,08,40,106,45,11,19,161,46,14,44,216,46*7D
$GPGSV,2,2,08,17,65,273,46,22,24,321,45,28,14,001,46,31,61,131,46*7F
$GAGSV,2,1,05,04,49,081,46,09,32,191,46,12,62,246,46,24,09,296,46*6A
$GAGSV,2,2,05,31,21,031,46*5C
$GPZDA,084525.00,14,06,2025,00,00*6E
$GPGGA,084526.00,5940.79922,N,02453.78514,E,1,12,1.0,17.6,M,21.0,M,,*50
$GPRMC,084526.00,A,5940.79922,N,02453.78514,E,21.29,17.1,140625,,,A*68
$GPVTG,17.1,T,,M,21.29,N,39.42,K,A*3E
$HEHDT,6.9,T*20
$VWVHW,6.9,T,,M,17.36,N,32.16,K*70
$GPGGA,084527.00,5940.80498,N,02453.78787,E,1,12,1.0,17.4,M,21.0,M,,*51
$GPRMC,084527.00,A,5940.80498,N,02453.78787,E,21.11,17.7,140625,,,A*66
$GPVTG,17.7,T,,M,21.11,N,39.10,K,A*34
$HEHDT,6.9,T*20
$VWVHW,6.9,T,,M,17.39,N,32.21,K*7B
$GPGGA,084528.00,5940.81015,N,02453.79068,E,1,12,1.0,18.6,M,21.0,M,,*54
$GPRMC,084528.00,A,5940.81015,N,02453.79068,E,20.96,16.6,140625,,,A*60
$GPVTG,16.6,T,,M,20.96,N,38.82,K,A*30
$HEHDT,6.9,T*20
$VWVHW,6.9,T,,M,17.23,N,31.91,K*78
$GPGGA,084529.00,5940.81560,N,02453.79405,E,1,12,1.0,17.8,M,21.0,M,,*5C
$GPRMC,084529.00,A,5940.81560,N,02453.79405,E,21.14,17.0,140625,,,A*65
$GPVTG,17.0,T,,M,21.14,N,39.14,K,A*32
$HEHDT,7.0,T*28
$VWVHW,7.0,T,,M,17.20,N,31.85,K*76
$GPGGA,084530.00,5940.82165,N,02453.79721,E,1,12,1.0,17.9,M,21.0,M,,*52
$GPRMC,084530.00,A,5940.82165,N,02453.79721,E,21.13,17.0,140625,,,A*6D
$GPVTG,17.0,T,,M,21.13,N,39.13,K,A*32
$HEHDT,7.5,T*2D
$VWVHW,7.5,T,,M,17.29,N,32.02,K*76
$GPGSV,2,1,08,03,68,051,46,08,40,106,46,11,19,161,46,14,44,216,47*7F
$GPGSV,2,2,08,17,65,273,46,22,24,321,46,28,14,001,46,31,61,131,46*7C
$GAGSV,2,1,05,04,49,081,46,09,32,191,45,12,62,246,47,24,09,296,45*6B
$GAGSV,2,2,05,31,21,031,46*5C
$GPZDA,084530.00,14,06,2025,00,00*6A
$GPGGA,084531.00,5940.82733,N,02453.80108,E,1,12,1.0,18.4,M,21.0,M,,*5F
$GPRMC,084531.00,A,5940.82733,N,02453.80108,E,21.05,17.1,140625,,,A*64
$GPVTG,17.1,T,,M,21.05,N,38.98,K,A*36
$HEHDT,7.6,T*2E
$VWVHW,7.6,T,,M,17.32,N,32.07,K*7A
$GPGGA,084532.00,5940.83262,N,02453.80468,E,1,12,1.0,18.2,M,21.0,M,,*59
$GPRMC,084532.00,A,5940.83262,N,02453.80468,E,21.12,17.0,140625,,,A*63
$GPVTG,17.0,T,,M,21.12,N,39.12,K,A*32
$HEHDT,7.2,T*2A
$VWVHW,7.2,T,,M,17.29,N,32.01,K*72
$GPGGA,084533.00,5940.83826,N,02453.80857,E,1,12,1.0,18.0,M,21.0,M,,*50
$GPRMC,084533.00,A,5940.83826,N,02453.80857,E,21.07,16.9,140625,,,A*64
$GPVTG,16.9,T,,M,21.07,N,39.03,K,A*3E
$HEHDT,6.9,T*20
$VWVHW,6.9,T,,M,17.31,N,32.06,K*76
$GPGGA,084534.00,5940.84377,N,02453.81248,E,1,12,1.0,17.8,M,21.0,M,,*5D
$GPRMC,084534.00,A,5940.84377,N,02453.81248,E,21.06,17.0,140625,,,A*67
$GPVTG,17.0,T,,M,21.06,N,39.00,K,A*34
$HEHDT,6.9,T*20
$VWVHW,6.9,T,,M,17.31,N,32.06,K*76
$GPGGA,084535.00,5940.84969,N,02453.81604,E,1,12,1.0,18.1,M,21.0,M,,*53
$GPRMC,084535.00,A,5940.84969,N,02453.81604,E,21.14,17.0,140625,,,A*6C
$GPVTG,17.0,T,,M,21.14,N,39.15,K,A*33
$HEHDT,7.0,T*28
$VWVHW,7.0,T,,M,17.29,N,32.02,K*73
$GPGSV,2,1,08,03,68,051,46,08,40,106,46,11,19,161,46,14,44,216,46*7E
$GPGSV,2,2,08,17,65,273,46,22,24,321,46,28,14,001,46,31,61,131,47*7D
$GAGSV,2,1,05,04,49,081,46,09,32,191,46,12,62,246,46,24,09,296,46*6A
$GAGSV,2,2,05,31,21,031,46*5C
$GPZDA,084535.00,14,06,2025,00,00*6F
$GPGGA,084536.00,5940.85493,N,02453.81822,E,1,12,1.0,18.2,M,21.0,M,,*50
$GPRMC,084536.00,A,5940.85493,N,02453.81822,E,21.10,17.1,140625,,,A*69
$GPVTG,17.1,T,,M,21.10,N,39.07,K,A*35
$HEHDT,6.9,T*20
$VWVHW,6.9,T,,M,17.37,N,32.17,K*70
$GPGGA,084537.00,5940.86068,N,02453.82188,E,1,12,1.0,18.4,M,21.0,M,,*5E
$GPRMC,084537.00,A,5940.86068,N,02453.82188,E,21.16,17.0,140625,,,A*66
$GPVTG,17.0,T,,M,21.16,N,39.18,K,A*3C
$HEHDT,7.3,T*2B
$VWVHW,7.3,T,,M,17.27,N,31.99,K*7F
$GPGGA,084538.00,5940.86622,N,02453.82434,E,1,12,1.0,17.5,M,21.0,M,,*55
$GPRMC,084538.00,A,5940.86622,N,02453.82434,E,20.88,16.5,140625,,,A*61
$GPVTG,16.5,T,,M,20.88,N,38.68,K,A*38
$HEHDT,7.3,T*2B
$VWVHW,7.3,T,,M,17.45,N,32.31,K*7A
$GPGGA,084539.00,5940.87175,N,02453.82840,E,1,12,1.0,18.2,M,21.0,M,,*57
$GPRMC,084539.00,A,5940.87175,N,02453.82840,E,21.03,17.2,140625,,,A*6F
$GPVTG,17.2,T,,M,21.03,N,38.94,K,A*3F
$HEHDT,7.1,T*29
$VWVHW,7.1,T,,M,17.38,N,32.19,K*78
$GPGGA,084540.00,5940.87734,N,02453.83142,E,1,12,1.0,17.4,M,21.0,M,,*59
$GPRMC,084540.00,A,5940.87734,N,02453.83142,E,21.21,16.9,140625,,,A*62
$GPVTG,16.9,T,,M,21.21,N,39.29,K,A*32
$HEHDT,6.6,T*2F
$VWVHW,6.6,T,,M,17.18,N,31.82,K*7D
$GPGSV,2,1,08,03,68,051,46,08,40,106,45,11,19,161,46,14,44,216,46*7D
$GPGSV,2,2,08,17,65,273,46,22,24,321,46,28,14,001,46,31,61,131,46*7C
$GAGSV,2,1,05,04,49,081,46,09,32,191,45,12,62,246,45,24,09,296,46*6A
$GAGSV,2,2,05,31,21,031,46*5C
$GPZDA,084540.00,14,06,2025,00,00*6D
$GPGGA,084541.00,5940.88325,N,02453.83484,E,1,12,1.0,18.0,M,21.0,M,,*57
$GPRMC,084541.00,A,5940.88325,N,02453.83484,E,21.25,17.1,140625,,,A*6A
$GPVTG,17.1,T,,M,21.25,N,39.36,K,A*31
$HEHDT,7.5,T*2D
$VWVHW,7.5,T,,M,17.39,N,32.21,K*76
$GPGGA,084542.00,5940.88842,N,02453.83906,E,1,12,1.0,17.9,M,21.0,M,,*5F
$GPRMC,084542.00,A,5940.88842,N,02453.83906,E,21.16,17.0,140625,,,A*65
$GPVTG,17.0,T,,M,21.16,N,39.19,K,A*3D
$HEHDT,7.4,T*2C
$VWVHW,7.4,T,,M,17.23,N,31.91,K*74
$GPGGA,084543.00,5940.89425,N,02453.84127,E,1,12,1.0,17.5,M,21.0,M,,*52
$GPRMC,084543.00,A,5940.89425,N,02453.84127,E,20.99,17.2,140625,,,A*60
$GPVTG,17.2,T,,M,20.99,N,38.87,K,A*3F
$HEHDT,7.3,T*2B
$VWVHW,7.3,T,,M,17.52,N,32.44,K*7E
$GPGGA,084544.00,5940.89975,N,02453.84567,E,1,12,1.0,17.7,M,21.0,M,,*5F
$GPRMC,084544.00,A,5940.89975,N,02453.84567,E,21.02,17.3,140625,,,A*6D
$GPVTG,17.3,T,,M,21.02,N,38.92,K,A*39
$HEHDT,7.0,T*28
$VWVHW,7.0,T,,M,17.15,N,31.77,K*7D
$GPGGA,084545.00,5940.90518,N,02453.84824,E,1,12,1.0,17.6,M,21.0,M,,*5A
$GPRMC,084545.00,A,5940.90518,N,02453.84824,E,21.29,16.9,140625,,,A*6B
$GPVTG,16.9,T,,M,21.29,N,39.43,K,A*36
$HEHDT,7.1,T*29
$VWVHW,7.1,T,,M,17.41,N,32.24,K*78
$GPGSV,2,1,08,03,68,051,46,08,40,106,46,11,19,161,46,14,44,216,46*7E
$GPGSV,2,2,08,17,65,273,46,22,24,321,46,28,14,001,46,31,61,131,46*7C
$GAGSV,2,1,05,04,49,081,46,09,32,191,46,12,62,246,45,24,09,296,45*6A
$GAGSV,2,2,05,31,21,031,46*5C
$GPZDA,084545.00,14,06,2025,00,00*68
$GPGGA,084546.00,5940.91158,N,02453.85183,E,1,12,1.0,17.9,M,21.0,M,,*52
$GPRMC,084546.00,A,5940.91158,N,02453.85183,E,21.00,17.3,140625,,,A*6C
$GPVTG,17.3,T,,M,21.00,N,38.90,K,A*39
$HEHDT,7.1,T*29
$VWVHW,7.1,T,,M,17.28,N,32.00,K*71
$GPGGA,084547.00,5940.91693,N,02453.85540,E,1,12,1.0,17.9,M,21.0,M,,*58
$GPRMC,084547.00,A,5940.91693,N,02453.85540,E,21.20,16.9,140625,,,A*6F
$GPVTG,16.9,T,,M,21.20,N,39.26,K,A*3C
$HEHDT,7.2,T*2A
$VWVHW,7.2,T,,M,17.32,N,32.07,K*7E
$GPGGA,084548.00,5940.92278,N,02453.85948,E,1,12,1.0,17.6,M,21.0,M,,*5E
$GPRMC,084548.00,A,5940.92278,N,02453.85948,E,20.99,16.8,140625,,,A*64
$GPVTG,16.8,T,,M,20.99,N,38.88,K,A*3B
$HEHDT,7.3,T*2B
$VWVHW,7.3,T,,M,17.29,N,32.02,K*70
$GPGGA,084549.00,5940.92831,N,02453.86234,E,1,12,1.0,17.6,M,21.0,M,,*5B
$GPRMC,084549.00,A,5940.92831,N,02453.86234,E,21.07,16.7,140625,,,A*68
$GPVTG,16.7,T,,M,21.07,N,39.02,K,A*31
$HEHDT,7.2,T*2A
$VWVHW,7.2,T,,M,17.28,N,32.00,K*72
$GPGGA,084550.00,5940.93369,N,02453.86474,E,1,12,1.0,17.6,M,21.0,M,,*56
$GPRMC,084550.00,A,5940.93369,N,02453.86474,E,21.24,16.7,140625,,,A*64
$GPVTG,16.7,T,,M,21.24,N,39.34,K,A*35
$HEHDT,7.4,T*2C
$VWVHW,7.4,T,,M,17.16,N,31.78,K*75
$GPGSV,2,1,08,03,68,051,46,08,40,106,46,11,19,161,46,14,44,216,46*7E
$GPGSV,2,2,08,17,65,273,46,22,24,321,45,28,14,001,47,31,61,131,45*7D
$GAGSV,2,1,05,04,49,081,46,09,32,191,47,12,62,246,46,24,09,296,46*6B
$GAGSV,2,2,05,31,21,031,46*5C
$GPZDA,084550.00,14,06,2025,00,00*6C
$GPGGA,084551.00,5940.93928,N,02453.86800,E,1,12,1.0,17.3,M,21.0,M,,*52
$GPRMC,084551.00,A,5940.93928,N,02453.86800,E,21.21,17.3,140625,,,A*65
$GPVTG,17.3,T,,M,21.21,N,39.27,K,A*37
$HEHDT,7.1,T*29
$VWVHW,7.1,T,,M,17.46,N,32.34,K*7E
$GPGGA,084552.00,5940.94504,N,02453.87253,E,1,12,1.0,17.3,M,21.0,M,,*59
$GPRMC,084552.00,A,5940.94504,N,02453.87253,E,21.08,17.0,140625,,,A*66
$GPVTG,17.0,T,,M,21.08,N,39.05,K,A*3F
$HEHDT,7.1,T*29
$VWVHW,7.1,T,,M,17.34,N,32.11,K*7C
$GPGGA,084553.00,5940.95082,N,02453.87568,E,1,12,1.0,17.6,M,21.0,M,,*58
$GPRMC,084553.00,A,5940.95082,N,02453.87568,E,21.08,17.1,140625,,,A*63
$GPVTG,17.1,T,,M,21.08,N,39.04,K,A*3F
$HEHDT,7.4,T*2C
$VWVHW,7.4,T,,M,17.34,N,32.12,K*7A
$GPGGA,084554.00,5940.95610,N,02453.87800,E,1,12,1.0,17.3,M,21.0,M,,*54
$GPRMC,084554.00,A,5940.95610,N,02453.87800,E,21.22,17.0,140625,,,A*63
$GPVTG,17.0,T,,M,21.22,N,39.30,K,A*31
$HEHDT,6.8,T*21
$VWVHW,6.8,T,,M,17.27,N,31.98,K*74
$GPGGA,084555.00,5940.96218,N,02453.88197,E,1,12,1.0,18.0,M,21.0,M,,*5E
$GPRMC,084555.00,A,5940.96218,N,02453.88197,E,21.28,17.0,140625,,,A*6F
$GPVTG,17.0,T,,M,21.28,N,39.41,K,A*3D
$HEHDT,6.9,T*20
$VWVHW,6.9,T,,M,17.45,N,32.32,K*72
$GPGSV,2,1,08,03,68,051,46,08,40,106,45,11,19,161,46,14,44,216,46*7D
$GPGSV,2,2,08,17,65,273,46,22,24,321,46,28,14,001,46,31,61,131,46*7C
$GAGSV,2,1,05,04,49,081,46,09,32,191,46,12,62,246,46,24,09,296,46*6A
$GAGSV,2,2,05,31,21,031,46*5C
$GPZDA,084555.00,14,06,2025,00,00*69
$GPGGA,084556.00,5940.96756,N,02453.88599,E,1,12,1.0,17.8,M,21.0,M,,*5F
$GPRMC,084556.00,A,5940.96756,N,02453.88599,E,21.28,17.5,140625,,,A*6C
$GPVTG,17.5,T,,M,21.28,N,39.41,K,A*38
$HEHDT,6.9,T*20
$VWVHW,6.9,T,,M,17.23,N,31.91,K*78
$GPGGA,084557.00,5940.97317,N,02453.88980,E,1,12,1.0,18.2,M,21.0,M,,*5F
$GPRMC,084557.00,A,5940.97317,N,02453.88980,E,21.08,17.0,140625,,,A*6E
$GPVTG,17.0,T,,M,21.08,N,39.05,K,A*3F
$HEHDT,6.6,T*2F
$VWVHW,6.6,T,,M,17.25,N,31.95,K*75
$GPGGA,084558.00,5940.97850,N,02453.89289,E,1,12,1.0,17.1,M,21.0,M,,*57
$GPRMC,084558.00,A,5940.97850,N,02453.89289,E,21.26,17.2,140625,,,A*64
$GPVTG,17.2,T,,M,21.26,N,39.38,K,A*3F
$HEHDT,6.6,T*2F
$VWVHW,6.6,T,,M,17.36,N,32.14,K*7D
$GPGGA,084559.00,5940.98418,N,02453.89592,E,1,12,1.0,17.7,M,21.0,M,,*52
$GPRMC,084559.00,A,5940.98418,N,02453.89592,E,21.18,17.2,140625,,,A*6A
$GPVTG,17.2,T,,M,21.18,N,39.22,K,A*39
$HEHDT,6.8,T*21
$VWVHW,6.8,T,,M,17.21,N,31.87,K*7C
$GPGGA,084600.00,5940.98999,N,02453.89944,E,1,12,1.0,17.8,M,21.0,M,,*51
$GPRMC,084600.00,A,5940.98999,N,02453.89944,E,21.10,17.1,140625,,,A*6D
$GPVTG,17.1,T,,M,21.10,N,39.08,K,A*3A
$HEHDT,7.2,T*2A
$VWVHW,7.2,T,,M,17.28,N,32.00,K*72
$GPGSV,2,1,08,03,68,051,46,08,40,106,46,11,19,161,46,14,44,216,46*7E
$GPGSV,2,2,08,17,65,273,46,22,24,321,46,28,14,001,46,31,61,131,46*7C
$GAGSV,2,1,05,04,49,081,45,09,32,191,46,12,62,246,46,24,09,296,45*6A
$GAGSV,2,2,05,31,21,031,47*5D
$GPZDA,084600.00,14,06,2025,00,00*6A
$GPGGA,084601.00,5940.99546,N,02453.90318,E,1,12,1.0,17.4,M,21.0,M,,*58
$GPRMC,084601.00,A,5940.99546,N,02453.90318,E,21.08,17.1,140625,,,A*61
$GPVTG,17.1,T,,M,21.08,N,39.03,K,A*38
$HEHDT,7.2,T*2A
$VWVHW,7.2,T,,M,17.32,N,32.07,K*7E
$GPGGA,084602.00,5941.00110,N,02453.90755,E,1,12,1.0,18.4,M,21.0,M,,*5F
$GPRMC,084602.00,A,5941.00110,N,02453.90755,E,21.30,16.8,140625,,,A*6A
$GPVTG,16.8,T,,M,21.30,N,39.45,K,A*39
$HEHDT,7.4,T*2C
$VWVHW,7.4,T,,M,17.37,N,32.17,K*7C
$GPGGA,084603.00,5941.00703,N,02453.90970,E,1,12,1.0,18.0,M,21.0,M,,*57
$GPRMC,084603.00,A,5941.00703,N,02453.90970,E,21.17,16.9,140625,,,A*62
$GPVTG,16.9,T,,M,21.17,N,39.20,K,A*3E
$HEHDT,7.1,T*29
$VWVHW,7.1,T,,M,17.34,N,32.11,K*7C
$GPGGA,084604.00,5941.01215,N,02453.91351,E,1,12,1.0,18.2,M,21.0,M,,*59
$GPRMC,084604.00,A,5941.01215,N,02453.91351,E,21.07,17.0,140625,,,A*67
$GPVTG,17.0,T,,M,21.07,N,39.03,K,A*36
$HEHDT,7.1,T*29
$VWVHW,7.1,T,,M,17.25,N,31.95,K*73
$GPGGA,084605.00,5941.01784,N,02453.91691,E,1,12,1.0,17.8,M,21.0,M,,*59
$GPRMC,084605.00,A,5941.01784,N,02453.91691,E,21.09,17.0,140625,,,A*6C
$GPVTG,17.0,T,,M,21.09,N,39.06,K,A*3D
$HEHDT,6.8,T*21
$VWVHW,6.8,T,,M,17.28,N,32.00,K*79
$GPGSV,2,1,08,03,68,051,45,08,40,106,46,11,19,161,46,14,44,216,46*7D
$GPGSV,2,2,08,17,65,273,46,22,24,321,46,28,14,001,46,31,61,131,46*7C
$GAGSV,2,1,05,04,49,081,46,09,32,191,46,12,62,246,46,24,09,296,46*6A
$GAGSV,2,2,05,31,21,031,46*5C
$GPZDA,084605.00,14,06,2025,00,00*6F
$GPGGA,084606.00,5941.02347,N,02453.92010,E,1,12,1.0,17.7,M,21.0,M,,*51
$GPRMC,084606.00,A,5941.02347,N,02453.92010,E,21.08,16.8,140625,,,A*63
$GPVTG,16.8,T,,M,21.08,N,39.04,K,A*37
$HEHDT,7.3,T*2B
$VWVHW,7.3,T,,M,17.28,N,32.00,K*73
$GPGGA,084607.00,5941.02917,N,02453.92334,E,1,12,1.0,17.9,M,21.0,M,,*54
$GPRMC,084607.00,A,5941.02917,N,02453.92334,E,21.13,17.1,140625,,,A*6A
$GPVTG,17.1,T,,M,21.13,N,39.12,K,A*32
$HEHDT,6.7,T*2E
$VWVHW,6.7,T,,M,17.43,N,32.27,K*7E
$GPGGA,084608.00,5941.03481,N,02453.92689,E,1,12,1.0,17.9,M,21.0,M,,*5B
$GPRMC,084608.00,A,5941.03481,N,02453.92689,E,21.28,16.9,140625,,,A*64
$GPVTG,16.9,T,,M,21.28,N,39.41,K,A*35
$HEHDT,7.1,T*29
$VWVHW,7.1,T,,M,17.32,N,32.08,K*72
$GPGGA,084609.00,5941.04021,N,02453.93074,E,1,12,1.0,17.6,M,21.0,M,,*59
$GPRMC,084609.00,A,5941.04021,N,02453.93074,E,21.11,17.1,140625,,,A*6A
$GPVTG,17.1,T,,M,21.11,N,39.10,K,A*32
$HEHDT,6.7,T*2E
$VWVHW,6.7,T,,M,17.30,N,32.05,K*7A
$GPGGA,084610.00,5941.04532,N,02453.93377,E,1,12,1.0,17.5,M,21.0,M,,*55
$GPRMC,084610.00,A,5941.04532,N,02453.93377,E,21.37,16.8,140625,,,A*69
$GPVTG,16.8,T,,M,21.37,N,39.57,K,A*3D
$HEHDT,7.1,T*29
$VWVHW,7.1,T,,M,17.44,N,32.29,K*70
$GPGSV,2,1,08,03,68,051,46,08,40,106,46,11,19,161,46,14,44,216,47*7F
$GPGSV,2,2,08,17,65,273,45,22,24,321,47,28,14,001,46,31,61,131,46*7E
$GAGSV,2,1,05,04,49,081,46,09,32,191,47,12,62,246,45,24,09,296,46*68
$GAGSV,2,2,05,31,21,031,46*5C
$GPZDA,084610.00,14,06,2025,00,00*6B
$GPGGA,084611.00,5941.05160,N,02453.93753,E,1,12,1.0,17.8,M,21.0,M,,*59
$GPRMC,084611.00,A,5941.05160,N,02453.93753,E,21.21,16.8,140625,,,A*6F
$GPVTG,16.8,T,,M,21.21,N,39.28,K,A*32
$HEHDT,7.4,T*2C
$VWVHW,7.4,T,,M,17.50,N,32.41,K*7E
$GPGGA,084612.00,5941.05668,N,02453.94099,E,1,12,0.9,18.3,M,21.0,M,,*5F
$GPRMC,084612.00,A,5941.05668,N,02453.94099,E,21.21,17.1,140625,,,A*6D
$GPVTG,17.1,T,,M,21.21,N,39.28,K,A*3A
$HEHDT,7.0,T*28
$VWVHW,7.0,T,,M,17.30,N,32.04,K*7D
$GPGGA,084613.00,5941.06257,N,02453.94472,E,1,12,0.9,18.1,M,21.0,M,,*56
$GPRMC,084613.00,A,5941.06257,N,02453.94472,E,21.34,17.4,140625,,,A*67
$GPVTG,17.4,T,,M,21.34,N,39.52,K,A*36
$HEHDT,7.5,T*2D
$VWVHW,7.5,T,,M,17.30,N,32.05,K*79
$GPGGA,084614.00,5941.06778,N,02453.94830,E,1,12,0.9,18.3,M,21.0,M,,*51
$GPRMC,084614.00,A,5941.06778,N,02453.94830,E,21.18,17.0,140625,,,A*68
$GPVTG,17.0,T,,M,21.18,N,39.22,K,A*3B
$HEHDT,7.3,T*2B
$VWVHW,7.3,T,,M,17.28,N,32.00,K*73
$GPGGA,084615.00,5941.07342,N,02453.95135,E,1,12,0.9,17.9,M,21.0,M,,*54
$GPRMC,084615.00,A,5941.07342,N,02453.95135,E,21.25,17.2,140625,,,A*64
$GPVTG,17.2,T,,M,21.25,N,39.36,K,A*32
$HEHDT,6.9,T*20
$VWVHW,6.9,T,,M,17.36,N,32.14,K*72
$GPGSV,2,1,08,03,68,051,46,08,40,106,46,11,19,161,45,14,44,216,47*7C
$GPGSV,2,2,08,17,65,273,46,22,24,321,45,28,14,001,47,31,61,131,45*7D
$GAGSV,2,1,05,04,49,081,46,09,32,191,46,12,62,246,46,24,09,296,46*6A
$GAGSV,2,2,05,31,21,031,47*5D
$GPZDA,084615.00,14,06,2025,00,00*6E
$GPGGA,084616.00,5941.07876,N,02453.95443,E,1,12,0.9,17.8,M,21.0,M,,*5E
$GPRMC,084616.00,A,5941.07876,N,02453.95443,E,21.04,17.2,140625,,,A*6C
$GPVTG,17.2,T,,M,21.04,N,38.96,K,A*3A
$HEHDT,6.9,T*20
$VWVHW,6.9,T,,M,17.24,N,31.93,K*7D
$GPGGA,084617.00,5941.08460,N,02453.95806,E,1,12,0.9,17.9,M,21.0,M,,*57
$GPRMC,084617.00,A,5941.08460,N,02453.95806,E,21.16,16.7,140625,,,A*63
$GPVTG,16.7,T,,M,21.16,N,39.18,K,A*3A
$HEHDT,7.7,T*2F
$VWVHW,7.7,T,,M,17.32,N,32.08,K*74
$GPGGA,084618.00,5941.09065,N,02453.96176,E,1,12,0.9,17.3,M,21.0,M,,*5F
$GPRMC,084618.00,A,5941.09065,N,02453.96176,E,21.05,17.4,140625,,,A*61
$GPVTG,17.4,T,,M,21.05,N,38.98,K,A*33
$HEHDT,6.8,T*21
$VWVHW,6.8,T,,M,17.37,N,32.17,K*71
$GPGGA,084619.00,5941.09561,N,02453.96542,E,1,12,0.9,17.5,M,21.0,M,,*5A
$GPRMC,084619.00,A,5941.09561,N,02453.96542,E,21.10,17.2,140625,,,A*60
$GPVTG,17.2,T,,M,21.10,N,39.07,K,A*36
$HEHDT,6.9,T*20
$VWVHW,6.9,T,,M,17.32,N,32.08,K*7B
$GPGGA,084620.00,5941.10154,N,02453.96879,E,1,12,0.9,17.3,M,21.0,M,,*59
$GPRMC,084620.00,A,5941.10154,N,02453.96879,E,21.30,17.0,140625,,,A*65
$GPVTG,17.0,T,,M,21.30,N,39.45,K,A*30
$HEHDT,7.3,T*2B
$VWVHW,7.3,T,,M,17.34,N,32.12,K*7D
$GPGSV,2,1,08,03,68,051,46,08,40,106,46,11,19,161,46,14,44,216,46*7E
$GPGSV,2,2,08,17,65,273,46,22,24,321,46,28,14,001,46,31,61,131,46*7C
$GAGSV,2,1,05,04,49,081,46,09,32,191,46,12,62,246,46,24,09,296,47*6B
$GAGSV,2,2,05,31,21,031,46*5C
$GPZDA,084620.00,14,06,2025,00,00*68
$GPGGA,084621.00,5941.10724,N,02453.97134,E,1,12,0.9,16.8,M,21.0,M,,*52
$GPRMC,084621.00,A,5941.10724,N,02453.97134,E,21.21,17.0,140625,,,A*64
$GPVTG,17.0,T,,M,21.21,N,39.28,K,A*3B
$HEHDT,7.4,T*2C
$VWVHW,7.4,T,,M,17.44,N,32.29,K*75
$GPGGA,084622.00,5941.11206,N,02453.97512,E,1,12,0.9,17.4,M,21.0,M,,*58
$GPRMC,084622.00,A,5941.11206,N,02453.97512,E,21.14,16.7,140625,,,A*63
$GPVTG,16.7,T,,M,21.14,N,39.16,K,A*36
$HEHDT,7.2,T*2A
$VWVHW,7.2,T,,M,17.40,N,32.23,K*7D
$GPGGA,084623.00,5941.11817,N,02453.97814,E,1,12,0.9,17.4,M,21.0,M,,*58
$GPRMC,084623.00,A,5941.11817,N,02453.97814,E,21.18,16.9,140625,,,A*61
$GPVTG,16.9,T,,M,21.18,N,39.22,K,A*33
$HEHDT,6.8,T*21
$VWVHW,6.8,T,,M,17.25,N,31.95,K*7B
$GPGGA,084624.00,5941.12405,N,02453.98176,E,1,12,0.9,17.3,M,21.0,M,,*56
$GPRMC,084624.00,A,5941.12405,N,02453.98176,E,21.22,17.0,140625,,,A*69
$GPVTG,17.0,T,,M,21.22,N,39.31,K,A*30
$HEHDT,6.9,T*20
$VWVHW,6.9,T,,M,17.19,N,31.84,K*75
$GPGGA,084625.00,5941.12976,N,02453.98559,E,1,12,0.9,17.7,M,21.0,M,,*53
$GPRMC,084625.00,A,5941.12976,N,02453.98559,E,21.14,17.1,140625,,,A*6C
$GPVTG,17.1,T,,M,21.14,N,39.16,K,A*31
$HEHDT,7.5,T*2D
$VWVHW,7.5,T,,M,17.34,N,32.12,K*7B
$GPGSV,2,1,08,03,68,051,45,08,40,106,46,11,19,161,45,14,44,216,46*7E
$GPGSV,2,2,08,17,65,273,45,22,24,321,46,28,14,001,46,31,61,131,46*7F
$GAGSV,2,1,05,04,49,081,46,09,32,191,47,12,62,246,46,24,09,296,46*6B
$GAGSV,2,2,05,31,21,031,46*5C
$GPZDA,084625.00,14,06,2025,00,00*6D
$GPGGA,084626.00,5941.13543,N,02453.98800,E,1,12,0.9,16.9,M,21.0,M,,*55
$GPRMC,084626.00,A,5941.13543,N,02453.98800,E,21.23,17.1,140625,,,A*61
$GPVTG,17.1,T,,M,21.23,N,39.31,K,A*30
$HEHDT,7.1,T*29
$VWVHW,7.1,T,,M,17.41,N,32.25,K*79
$GPGGA,084627.00,5941.14116,N,02453.99185,E,1,12,0.9,17.3,M,21.0,M,,*59
$GPRMC,084627.00,A,5941.14116,N,02453.99185,E,21.15,17.0,140625,,,A*62
$GPVTG,17.0,T,,M,21.15,N,39.17,K,A*30
$HEHDT,7.4,T*2C
$VWVHW,7.4,T,,M,17.40,N,32.23,K*7B
$GPGGA,084628.00,5941.14634,N,02453.99517,E,1,12,0.9,17.8,M,21.0,M,,*55
$GPRMC,084628.00,A,5941.14634,N,02453.99517,E,21.22,17.3,140625,,,A*62
$GPVTG,17.3,T,,M,21.22,N,39.30,K,A*32
$HEHDT,7.1,T*29
$VWVHW,7.1,T,,M,17.24,N,31.93,K*74
$GPGGA,084629.00,5941.15215,N,02453.99875,E,1,12,0.9,16.7,M,21.0,M,,*55
$GPRMC,084629.00,A,5941.15215,N,02453.99875,E,21.21,16.7,140625,,,A*6A
$GPVTG,16.7,T,,M,21.21,N,39.27,K,A*32
$HEHDT,6.9,T*20
$VWVHW,6.9,T,,M,17.35,N,32.13,K*76
$GPGGA,084630.00,5941.15742,N,02454.00184,E,1,12,0.9,17.2,M,21.0,M,,*5E
$GPRMC,084630.00,A,5941.15742,N,02454.00184,E,21.25,17.1,140625,,,A*66
$GPVTG,17.1,T,,M,21.25,N,39.36,K,A*31
$HEHDT,7.5,T*2D
$VWVHW,7.5,T,,M,17.37,N,32.17,K*7D
$GPGSV,2,1,08,03,68,051,46,08,40,106,46,11,19,161,46,14,44,216,46*7E
$GPGSV,2,2,08,17,65,273,45,22,24,321,46,28,14,001,46,31,61,131,46*7F
$GAGSV,2,1,05,04,49,081,46,09,32,191,46,12,62,246,46,24,09,296,46*6A
$GAGSV,2,2,05,31,21,031,46*5C
$GPZDA,084630.00,14,06,2025,00,00*69
$GPGGA,084631.00,5941.16292,N,02454.00445,E,1,12,0.9,16.9,M,21.0,M,,*56
$GPRMC,084631.00,A,5941.16292,N,02454.00445,E,21.18,17.1,140625,,,A*6A
$GPVTG,17.1,T,,M,21.18,N,39.23,K,A*3B
$HEHDT,7.2,T*2A
$VWVHW,7.2,T,,M,17.42,N,32.27,K*7B
$GPGGA,084632.00,5941.16847,N,02454.00799,E,1,12,0.9,16.6,M,21.0,M,,*5A
$GPRMC,084632.00,A,5941.16847,N,02454.00799,E,21.17,17.3,140625,,,A*64
$GPVTG,17.3,T,,M,21.17,N,39.21,K,A*34
$HEHDT,7.3,T*2B
$VWVHW,7.3,T,,M,17.34,N,32.10,K*7F
$GPGGA,084633.00,5941.17433,N,02454.01230,E,1,12,0.9,16.4,M,21.0,M,,*50
$GPRMC,084633.00,A,5941.17433,N,02454.01230,E,21.06,16.9,140625,,,A*67
$GPVTG,16.9,T,,M,21.06,N,39.00,K,A*3C
$HEHDT,7.4,T*2C
$VWVHW,7.4,T,,M,17.44,N,32.30,K*7D
$GPGGA,084634.00,5941.17962,N,02454.01574,E,1,12,0.9,16.4,M,21.0,M,,*59
$GPRMC,084634.00,A,5941.17962,N,02454.01574,E,21.15,17.2,140625,,,A*66
$GPVTG,17.2,T,,M,21.15,N,39.17,K,A*32
$HEHDT,7.1,T*29
$VWVHW,7.1,T,,M,17.28,N,32.01,K*70
$GPGGA,084635.00,5941.18592,N,02454.01752,E,1,12,0.9,16.7,M,21.0,M,,*51
$GPRMC,084635.00,A,5941.18592,N,02454.01752,E,21.16,16.8,140625,,,A*65
$GPVTG,16.8,T,,M,21.16,N,39.19,K,A*34
$HEHDT,7.4,T*2C
$VWVHW,7.4,T,,M,17.31,N,32.05,K*79
$GPGSV,2,1,08,03,68,051,45,08,40,106,46,11,19,161,46,14,44,216,46*7D
$GPGSV,2,2,08,17,65,273,46,22,24,321,47,28,14,001,46,31,61,131,46*7D
$GAGSV,2,1,05,04,49,081,46,09,32,191,47,12,62,246,46,24,09,296,46*6B
$GAGSV,2,2,05,31,21,031,46*5C
$GPZDA,084635.00,14,06,2025,00,00*6C
$GPGGA,084636.00,5941.19090,N,02454.02215,E,1,12,0.9,16.4,M,21.0,M,,*52
$GPRMC,084636.00,A,5941.19090,N,02454.02215,E,21.26,16.6,140625,,,A*68
$GPVTG,16.6,T,,M,21.26,N,39.37,K,A*35
$HEHDT,6.6,T*2F
$VWVHW,6.6,T,,M,17.38,N,32.18,K*7F
$GPGGA,084637.00,5941.19634,N,02454.02530,E,1,12,0.9,17.2,M,21.0,M,,*5C
$GPRMC,084637.00,A,5941.19634,N,02454.02530,E,21.19,16.7,140625,,,A*6C
$GPVTG,16.7,T,,M,21.19,N,39.25,K,A*3B
$HEHDT,7.5,T*2D
$VWVHW,7.5,T,,M,17.28,N,32.00,K*75
$GPGGA,084638.00,5941.20190,N,02454.02925,E,1,12,0.9,16.7,M,21.0,M,,*5C
$GPRMC,084638.00,A,5941.20190,N,02454.02925,E,21.19,16.3,140625,,,A*6C
$GPVTG,16.3,T,,M,21.19,N,39.24,K,A*3E
$HEHDT,7.2,T*2A
$VWVHW,7.2,T,,M,17.32,N,32.07,K*7E
$GPGGA,084639.00,5941.20782,N,02454.03215,E,1,12,0.9,16.5,M,21.0,M,,*53
$GPRMC,084639.00,A,5941.20782,N,02454.03215,E,21.08,16.7,140625,,,A*65
$GPVTG,16.7,T,,M,21.08,N,39.04,K,A*38
$HEHDT,7.0,T*28
$VWVHW,7.0,T,,M,17.34,N,32.11,K*7D
$GPGGA,084640.00,5941.21352,N,02454.03573,E,1,12,0.9,16.3,M,21.0,M,,*54
$GPRMC,084640.00,A,5941.21352,N,02454.03573,E,21.27,17.0,140625,,,A*6F
$GPVTG,17.0,T,,M,21.27,N,39.39,K,A*3D
$HEHDT,6.9,T*20
$VWVHW,6.9,T,,M,17.40,N,32.23,K*77
$GPGSV,2,1,08,03,68,051,47,08,40,106,46,11,19,161,46,14,44,216,47*7E
$GPGSV,2,2,08,17,65,273,46,22,24,321,46,28,14,001,46,31,61,131,45*7F
$GAGSV,2,1,05,04,49,081,47,09,32,191,46,12,62,246,46,24,09,296,46*6B
$GAGSV,2,2,05,31,21,031,46*5C
$GPZDA,084640.00,14,06,2025,00,00*6E
$GPGGA,084641.00,5941.21907,N,02454.03822,E,1,12,0.9,16.8,M,21.0,M,,*5D
$GPRMC,084641.00,A,5941.21907,N,02454.03822,E,21.15,16.8,140625,,,A*65
$GPVTG,16.8,T,,M,21.15,N,39.18,K,A*36
$HEHDT,7.2,T*2A
$VWVHW,7.2,T,,M,17.37,N,32.17,K*7A
$GPGGA,084642.00,5941.22471,N,02454.04150,E,1,12,0.9,16.5,M,21.0,M,,*57
$GPRMC,084642.00,A,5941.22471,N,02454.04150,E,21.15,16.7,140625,,,A*6D
$GPVTG,16.7,T,,M,21.15,N,39.18,K,A*39
$HEHDT,6.9,T*20
$VWVHW,6.9,T,,M,17.21,N,31.88,K*72
$GPGGA,084643.00,5941.23013,N,02454.04416,E,1,12,0.9,16.5,M,21.0,M,,*50
$GPRMC,084643.00,A,5941.23013,N,02454.04416,E,21.11,17.0,140625,,,A*68
$GPVTG,17.0,T,,M,21.11,N,39.10,K,A*33
$HEHDT,7.1,T*29
$VWVHW,7.1,T,,M,17.30,N,32.03,K*7B
$GPGGA,084644.00,5941.23550,N,02454.04809,E,1,12,0.9,16.3,M,21.0,M,,*51
$GPRMC,084644.00,A,5941.23550,N,02454.04809,E,21.24,16.9,140625,,,A*61
$GPVTG,16.9,T,,M,21.24,N,39.34,K,A*3B
$HEHDT,6.6,T*2F
$VWVHW,6.6,T,,M,17.29,N,32.02,K*74
$GPGGA,084645.00,5941.24099,N,02454.05219,E,1,12,0.9,16.6,M,21.0,M,,*58
$GPRMC,084645.00,A,5941.24099,N,02454.05219,E,21.05,17.0,140625,,,A*66
$GPVTG,17.0,T,,M,21.05,N,38.99,K,A*36
$HEHDT,7.7,T*2F
$VWVHW,7.7,T,,M,17.31,N,32.07,K*78
$GPGSV,2,1,08,03,68,051,46,08,40,106,46,11,19,161,46,14,44,216,47*7F
$GPGSV,2,2,08,17,65,273,46,22,24,321,46,28,14,001,45,31,61,131,46*7F
$GAGSV,2,1,05,04,49,081,47,09,32,191,45,12,62,246,47,24,09,296,47*68
$GAGSV,2,2,05,31,21,031,46*5C
$GPZDA,084645.00,14,06,2025,00,00*6B
$GPGGA,084646.00,5941.24675,N,02454.05492,E,1,12,0.9,16.5,M,21.0,M,,*59
$GPRMC,084646.00,A,5941.24675,N,02454.05492,E,21.07,16.9,140625,,,A*6E
$GPVTG,16.9,T,,M,21.07,N,39.02,K,A*3F
$HEHDT,7.1,T*29
$VWVHW,7.1,T,,M,17.20,N,31.86,K*74
$GPGGA,084647.00,5941.25262,N,02454.05870,E,1,12,0.9,16.8,M,21.0,M,,*56
$GPRMC,084647.00,A,5941.25262,N,02454.05870,E,21.08,17.1,140625,,,A*6A
$GPVTG,17.1,T,,M,21.08,N,39.04,K,A*3F
$HEHDT,7.5,T*2D
$VWVHW,7.5,T,,M,17.28,N,32.00,K*75
$GPGGA,084648.00,5941.25791,N,02454.06244,E,1,12,0.9,17.2,M,21.0,M,,*55
$GPRMC,084648.00,A,5941.25791,N,02454.06244,E,21.08,16.9,140625,,,A*6B
$GPVTG,16.9,T,,M,21.08,N,39.04,K,A*36
$HEHDT,7.1,T*29
$VWVHW,7.1,T,,M,17.24,N,31.93,K*74
$GPGGA,084649.00,5941.26355,N,02454.06599,E,1,12,0.9,16.7,M,21.0,M,,*58
$GPRMC,084649.00,A,5941.26355,N,02454.06599,E,21.08,17.0,140625,,,A*6A
$GPVTG,17.0,T,,M,21.08,N,39.04,K,A*3E
$HEHDT,7.3,T*2B
$VWVHW,7.3,T,,M,17.15,N,31.76,K*7F
$GPGGA,084650.00,5941.26884,N,02454.06925,E,1,12,0.9,16.4,M,21.0,M,,*5F
$GPRMC,084650.00,A,5941.26884,N,02454.06925,E,21.15,16.9,140625,,,A*6A
$GPVTG,16.9,T,,M,21.15,N,39.16,K,A*39
$HEHDT,7.0,T*28
$VWVHW,7.0,T,,M,17.30,N,32.04,K*7D
$GPGSV,2,1,08,03,68,051,47,08,40,106,46,11,19,161,46,14,44,216,46*7F
$GPGSV,2,2,08,17,65,273,47,22,24,321,46,28,14,001,46,31,61,131,46*7D
$GAGSV,2,1,05,04,49,081,46,09,32,191,47,12,62,246,46,24,09,296,46*6B
$GAGSV,2,2,05,31,21,031,46*5C
$GPZDA,084650.00,14,06,2025,00,00*6F
$GPGGA,084651.00,5941.27507,N,02454.07152,E,1,12,0.9,16.8,M,21.0,M,,*5C
$GPRMC,084651.00,A,5941.27507,N,02454.07152,E,21.13,16.7,140625,,,A*6D
$GPVTG,16.7,T,,M,21.13,N,39.13,K,A*34
$HEHDT,6.9,T*20
$VWVHW,6.9,T,,M,17.35,N,32.13,K*76
$GPGGA,084652.00,5941.28023,N,02454.07539,E,1,12,0.9,17.0,M,21.0,M,,*53
$GPRMC,084652.00,A,5941.28023,N,02454.07539,E,21.12,16.8,140625,,,A*65
$GPVTG,16.8,T,,M,21.12,N,39.11,K,A*38
$HEHDT,7.7,T*2F
$VWVHW,7.7,T,,M,17.32,N,32.08,K*74
$GPGGA,084653.00,5941.28596,N,02454.07820,E,1,12,0.9,16.4,M,21.0,M,,*59
$GPRMC,084653.00,A,5941.28596,N,02454.07820,E,21.03,16.6,140625,,,A*64
$GPVTG,16.6,T,,M,21.03,N,38.94,K,A*3A
$HEHDT,7.0,T*28
$VWVHW,7.0,T,,M,17.28,N,32.00,K*70
$GPGGA,084654.00,5941.29143,N,02454.08159,E,1,12,0.9,17.1,M,21.0,M,,*5F
$GPRMC,084654.00,A,5941.29143,N,02454.08159,E,20.98,16.9,140625,,,A*6A
$GPVTG,16.9,T,,M,20.98,N,38.86,K,A*35
$HEHDT,7.3,T*2B
$VWVHW,7.3,T,,M,17.14,N,31.74,K*7C
$GPGGA,084655.00,5941.29721,N,02454.08524,E,1,12,0.9,17.1,M,21.0,M,,*52
$GPRMC,084655.00,A,5941.29721,N,02454.08524,E,20.95,17.2,140625,,,A*60
$GPVTG,17.2,T,,M,20.95,N,38.80,K,A*34
$HEHDT,7.2,T*2A
$VWVHW,7.2,T,,M,17.34,N,32.11,K*7F
$GPGSV,2,1,08,03,68,051,46,08,40,106,46,11,19,161,46,14,44,216,46*7E
$GPGSV,2,2,08,17,65,273,46,22,24,321,47,28,14,001,46,31,61,131,45*7E
$GAGSV,2,1,05,04,49,081,46,09,32,191,46,12,62,246,46,24,09,296,45*69
$GAGSV,2,2,05,31,21,031,46*5C
$GPZDA,084655.00,14,06,2025,00,00*6A
$GPGGA,084656.00,5941.30290,N,02454.08888,E,1,12,0.9,16.7,M,21.0,M,,*5A
$GPRMC,084656.00,A,5941.30290,N,02454.08888,E,21.18,17.1,140625,,,A*68
$GPVTG,17.1,T,,M,21.18,N,39.22,K,A*3A
$HEHDT,6.9,T*20
$VWVHW,6.9,T,,M,17.35,N,32.13,K*76
$GPGGA,084657.00,5941.30857,N,02454.09069,E,1,12,0.9,17.1,M,21.0,M,,*5B
$GPRMC,084657.00,A,5941.30857,N,02454.09069,E,21.12,16.9,140625,,,A*6D
$GPVTG,16.9,T,,M,21.12,N,39.11,K,A*39
$HEHDT,7.1,T*29
$VWVHW,7.1,T,,M,17.30,N,32.04,K*7C
$GPGGA,084658.00,5941.31365,N,02454.09543,E,1,12,0.9,17.1,M,21.0,M,,*52
$GPRMC,084658.00,A,5941.31365,N,02454.09543,E,21.12,16.9,140625,,,A*64
$GPVTG,16.9,T,,M,21.12,N,39.11,K,A*39
$HEHDT,7.0,T*28
$VWVHW,7.0,T,,M,17.36,N,32.15,K*7B
$GPGGA,084659.00,5941.31908,N,02454.09902,E,1,12,0.9,17.1,M,21.0,M,,*5B
$GPRMC,084659.00,A,5941.31908,N,02454.09902,E,21.12,17.0,140625,,,A*65
$GPVTG,17.0,T,,M,21.12,N,39.11,K,A*31
$HEHDT,7.0,T*28
$VWVHW,7.0,T,,M,17.24,N,31.93,K*75
$GPGGA,084700.00,5941.32479,N,02454.10116,E,1,12,0.9,18.1,M,21.0,M,,*54
$GPRMC,084700.00,A,5941.32479,N,02454.10116,E,21.01,16.8,140625,,,A*6E
$GPVTG,16.8,T,,M,21.01,N,38.91,K,A*33
$HEHDT,7.1,T*29
$VWVHW,7.1,T,,M,17.30,N,32.04,K*7C
$GPGSV,2,1,08,03,68,051,46,08,40,106,45,11,19,161,46,14,44,216,46*7D
$GPGSV,2,2,08,17,65,273,46,22,24,321,46,28,14,001,47,31,61,131,46*7D
$GAGSV,2,1,05,04,49,081,46,09,32,191,46,12,62,246,46,24,09,296,46*6A
$GAGSV,2,2,05,31,21,031,46*5C
$GPZDA,084700.00,14,06,2025,00,00*6B
$GPGGA,084701.00,5941.33044,N,02454.10520,E,1,12,0.9,17.3,M,21.0,M,,*52
$GPRMC,084701.00,A,5941.33044,N,02454.10520,E,21.07,17.0,140625,,,A*6A
$GPVTG,17.0,T,,M,21.07,N,39.02,K,A*37
$HEHDT,7.0,T*28
$VWVHW,7.0,T,,M,17.19,N,31.83,K*7A
$GPGGA,084702.00,5941.33611,N,02454.10869,E,1,12,0.9,18.1,M,21.0,M,,*5A
$GPRMC,084702.00,A,5941.33611,N,02454.10869,E,21.04,16.9,140625,,,A*64
$GPVTG,16.9,T,,M,21.04,N,38.97,K,A*31
$HEHDT,7.3,T*2B
$VWVHW,7.3,T,,M,17.22,N,31.90,K*73
$GPGGA,084703.00,5941.34147,N,02454.11167,E,1,12,0.9,17.3,M,21.0,M,,*53
$GPRMC,084703.00,A,5941.34147,N,02454.11167,E,21.11,16.8,140625,,,A*65
$GPVTG,16.8,T,,M,21.11,N,39.10,K,A*3A
$HEHDT,7.2,T*2A
$VWVHW,7.2,T,,M,17.35,N,32.13,K*7C
$GPGGA,084704.00,5941.34727,N,02454.11503,E,1,12,0.9,17.9,M,21.0,M,,*58
$GPRMC,084704.00,A,5941.34727,N,02454.11503,E,20.97,17.0,140625,,,A*62
$GPVTG,17.0,T,,M,20.97,N,38.84,K,A*30
$HEHDT,7.0,T*28
$VWVHW,7.0,T,,M,17.12,N,31.71,K*7C
$GPGGA,084705.00,5941.35249,N,02454.11862,E,1,12,0.9,18.1,M,21.0,M,,*58
$GPRMC,084705.00,A,5941.35249,N,02454.11862,E,20.84,16.8,140625,,,A*6E
$GPVTG,16.8,T,,M,20.84,N,38.60,K,A*31
$HEHDT,7.4,T*2C
$VWVHW,7.4,T,,M,17.36,N,32.16,K*7C
$GPGSV,2,1,08,03,68,051,45,08,40,106,46,11,19,161,46,14,44,216,46*7D
$GPGSV,2,2,08,17,65,273,46,22,24,321,46,28,14,001,46,31,61,131,47*7D
$GAGSV,2,1,05,04,49,081,46,09,32,191,46,12,62,246,47,24,09,296,46*6B
$GAGSV,2,2,05,31,21,031,46*5C
$GPZDA,084705.00,14,06,2025,00,00*6E
$GPGGA,084706.00,5941.35832,N,02454.12240,E,1,12,0.9,18.1,M,21.0,M,,*54
$GPRMC,084706.00,A,5941.35832,N,02454.12240,E,21.09,16.9,140625,,,A*67
$GPVTG,16.9,T,,M,21.09,N,39.05,K,A*36
$HEHDT,7.2,T*2A
$VWVHW,7.2,T,,M,17.30,N,32.04,K*7F
$GPGGA,084707.00,5941.36420,N,02454.12567,E,1,12,0.9,18.1,M,21.0,M,,*5B
$GPRMC,084707.00,A,5941.36420,N,02454.12567,E,21.11,17.3,140625,,,A*6A
$GPVTG,17.3,T,,M,21.11,N,39.09,K,A*38
$HEHDT,7.3,T*2B
$VWVHW,7.3,T,,M,17.13,N,31.72,K*7D
$GPGGA,084708.00,5941.36961,N,02454.12859,E,1,12,0.9,17.8,M,21.0,M,,*5A
$GPRMC,084708.00,A,5941.36961,N,02454.12859,E,21.07,16.8,140625,,,A*60
$GPVTG,16.8,T,,M,21.07,N,39.03,K,A*3F
$HEHDT,7.3,T*2B
$VWVHW,7.3,T,,M,17.43,N,32.27,K*7B
$GPGGA,084709.00,5941.37549,N,02454.13144,E,1,12,1.0,17.2,M,21.0,M,,*5A
$GPRMC,084709.00,A,5941.37549,N,02454.13144,E,21.15,17.3,140625,,,A*6B
$GPVTG,17.3,T,,M,21.15,N,39.16,K,A*32
$HEHDT,7.6,T*2E
$VWVHW,7.6,T,,M,17.22,N,31.89,K*7E
$GPGGA,084710.00,5941.38066,N,02454.13438,E,1,12,1.0,17.0,M,21.0,M,,*59
$GPRMC,084710.00,A,5941.38066,N,02454.13438,E,21.18,17.1,140625,,,A*65
$GPVTG,17.1,T,,M,21.18,N,39.22,K,A*3A
$HEHDT,7.4,T*2C
$VWVHW,7.4,T,,M,17.09,N,31.65,K*77
$GPGSV,2,1,08,03,68,051,46,08,40,106,46,11,19,161,46,14,44,216,46*7E
$GPGSV,2,2,08,17,65,273,46,22,24,321,46,28,14,001,46,31,61,131,46*7C
$GAGSV,2,1,05,04,49,081,46,09,32,191,45,12,62,246,46,24,09,296,46*69
$GAGSV,2,2,05,31,21,031,46*5C
$GPZDA,084710.00,14,06,2025,00,00*6A
$GPGGA,084711.00,5941.38653,N,02454.13859,E,1,12,1.0,17.8,M,21.0,M,,*5B
$GPRMC,084711.00,A,5941.38653,N,02454.13859,E,21.09,16.9,140625,,,A*66
$GPVTG,16.9,T,,M,21.09,N,39.06,K,A*35
$HEHDT,6.9,T*20
$VWVHW,6.9,T,,M,17.20,N,31.86,K*7D
$GPGGA,084712.00,5941.39176,N,02454.14135,E,1,12,1.0,18.0,M,21.0,M,,*5A
$GPRMC,084712.00,A,5941.39176,N,02454.14135,E,20.95,17.1,140625,,,A*6D
$GPVTG,17.1,T,,M,20.95,N,38.79,K,A*31
$HEHDT,7.3,T*2B
$VWVHW,7.3,T,,M,17.11,N,31.69,K*75
$GPGGA,084713.00,5941.39764,N,02454.14622,E,1,12,1.0,17.9,M,21.0,M,,*59
$GPRMC,084713.00,A,5941.39764,N,02454.14622,E,21.05,17.3,140625,,,A*62
$GPVTG,17.3,T,,M,21.05,N,38.99,K,A*35
$HEHDT,6.9,T*20
$VWVHW,6.9,T,,M,17.22,N,31.90,K*78
$GPGGA,084714.00,5941.40336,N,02454.14912,E,1,12,1.0,16.9,M,21.0,M,,*5E
$GPRMC,084714.00,A,5941.40336,N,02454.14912,E,21.01,16.8,140625,,,A*6A
$GPVTG,16.8,T,,M,21.01,N,38.91,K,A*33
$HEHDT,7.6,T*2E
$VWVHW,7.6,T,,M,17.13,N,31.73,K*79
$GPGGA,084715.00,5941.40873,N,02454.15234,E,1,12,1.0,18.3,M,21.0,M,,*5F
$GPRMC,084715.00,A,5941.40873,N,02454.15234,E,21.00,17.2,140625,,,A*65
$GPVTG,17.2,T,,M,21.00,N,38.89,K,A*30
$HEHDT,6.7,T*2E
$VWVHW,6.7,T,,M,17.13,N,31.73,K*79
$GPGSV,2,1,08,03,68,051,45,08,40,106,46,11,19,161,46,14,44,216,46*7D
$GPGSV,2,2,08,17,65,273,46,22,24,321,46,28,14,001,46,31,61,131,47*7D
$GAGSV,2,1,05,04,49,081,46,09,32,191,46,12,62,246,46,24,09,296,46*6A
$GAGSV,2,2,05,31,21,031,45*5F
$GPZDA,084715.00,14,06,2025,00,00*6F
$GPGGA,084716.00,5941.41425,N,02454.15626,E,1,12,1.0,17.5,M,21.0,M,,*5C
$GPRMC,084716.00,A,5941.41425,N,02454.15626,E,21.09,17.0,140625,,,A*64
$GPVTG,17.0,T,,M,21.09,N,39.07,K,A*3C
$HEHDT,6.9,T*20
$VWVHW,6.9,T,,M,17.04,N,31.56,K*76
$GPGGA,084717.00,5941.41968,N,02454.15969,E,1,12,1.0,17.4,M,21.0,M,,*5C
$GPRMC,084717.00,A,5941.41968,N,02454.15969,E,20.99,17.0,140625,,,A*6D
$GPVTG,17.0,T,,M,20.99,N,38.88,K,A*32
$HEHDT,6.8,T*21
$VWVHW,6.8,T,,M,17.23,N,31.91,K*79
$GPGGA,084718.00,5941.42558,N,02454.16271,E,1,12,1.0,17.7,M,21.0,M,,*5D
$GPRMC,084718.00,A,5941.42558,N,02454.16271,E,21.03,16.8,140625,,,A*64
$GPVTG,16.8,T,,M,21.03,N,38.96,K,A*36
$HEHDT,7.2,T*2A
$VWVHW,7.2,T,,M,17.22,N,31.90,K*72
$GPGGA,084719.00,5941.43138,N,02454.16567,E,1,12,1.0,17.5,M,21.0,M,,*5D
$GPRMC,084719.00,A,5941.43138,N,02454.16567,E,20.94,16.7,140625,,,A*66
$GPVTG,16.7,T,,M,20.94,N,38.78,K,A*36
$HEHDT,6.8,T*21
$VWVHW,6.8,T,,M,17.13,N,31.72,K*77
$GPGGA,084720.00,5941.43607,N,02454.16940,E,1,12,1.0,17.6,M,21.0,M,,*56
$GPRMC,084720.00,A,5941.43607,N,02454.16940,E,20.99,17.4,140625,,,A*61
$GPVTG,17.4,T,,M,20.99,N,38.88,K,A*36
$HEHDT,7.6,T*2E
$VWVHW,7.6,T,,M,17.13,N,31.72,K*78
$GPGSV,2,1,08,03,68,051,46,08,40,106,47,11,19,161,46,14,44,216,46*7F
$GPGSV,2,2,08,17,65,273,46,22,24,321,46,28,14,001,46,31,61,131,46*7C
$GAGSV,2,1,05,04,49,081,47,09,32,191,46,12,62,246,46,24,09,296,46*6B
$GAGSV,2,2,05,31,21,031,45*5F
$GPZDA,084720.00,14,06,2025,00,00*69
$GPGGA,084721.00,5941.44245,N,02454.17276,E,1,12,1.0,17.7,M,21.0,M,,*5C
$GPRMC,084721.00,A,5941.44245,N,02454.17276,E,21.08,16.9,140625,,,A*6F
$GPVTG,16.9,T,,M,21.08,N,39.04,K,A*36
$HEHDT,7.0,T*28
$VWVHW,7.0,T,,M,17.14,N,31.75,K*7E
$GPGGA,084722.00,5941.44819,N,02454.17585,E,1,12,1.0,17.5,M,21.0,M,,*55
$GPRMC,084722.00,A,5941.44819,N,02454.17585,E,21.15,17.2,140625,,,A*62
$GPVTG,17.2,T,,M,21.15,N,39.17,K,A*32
$HEHDT,7.2,T*2A
$VWVHW,7.2,T,,M,17.09,N,31.64,K*70
$GPGGA,084723.00,5941.45300,N,02454.17912,E,1,12,1.0,18.1,M,21.0,M,,*5F
$GPRMC,084723.00,A,5941.45300,N,02454.17912,E,21.02,17.3,140625,,,A*64
$GPVTG,17.3,T,,M,21.02,N,38.93,K,A*38
$HEHDT,7.1,T*29
$VWVHW,7.1,T,,M,17.12,N,31.71,K*7D
$GPGGA,084724.00,5941.45929,N,02454.18264,E,1,12,1.0,17.8,M,21.0,M,,*5A
$GPRMC,084724.00,A,5941.45929,N,02454.18264,E,20.99,16.8,140625,,,A*6E
$GPVTG,16.8,T,,M,20.99,N,38.87,K,A*34
$HEHDT,7.2,T*2A
$VWVHW,7.2,T,,M,17.09,N,31.65,K*71
$GPGGA,084725.00,5941.46448,N,02454.18617,E,1,12,1.0,17.7,M,21.0,M,,*5D
$GPRMC,084725.00,A,5941.46448,N,02454.18617,E,20.86,16.6,140625,,,A*66
$GPVTG,16.6,T,,M,20.86,N,38.63,K,A*3E
$HEHDT,7.1,T*29
$VWVHW,7.1,T,,M,16.95,N,31.39,K*7F
$GPGSV,2,1,08,03,68,051,46,08,40,106,47,11,19,161,46,14,44,216,46*7F
$GPGSV,2,2,08,17,65,273,46,22,24,321,46,28,14,001,46,31,61,131,46*7C
$GAGSV,2,1,05,04,49,081,46,09,31,191,46,12,62,246,46,24,09,296,46*69
$GAGSV,2,2,05,31,21,031,46*5C
$GPZDA,084725.00,14,06,2025,00,00*6C
$GPGGA,084726.00,5941.47013,N,02454.18902,E,1,12,1.0,17.2,M,21.0,M,,*5B
$GPRMC,084726.00,A,5941.47013,N,02454.18902,E,20.94,17.0,140625,,,A*61
$GPVTG,17.0,T,,M,20.94,N,38.78,K,A*30
$HEHDT,7.0,T*28
$VWVHW,7.0,T,,M,17.27,N,31.99,K*7C
$GPGGA,084727.00,5941.47584,N,02454.19338,E,1,12,1.0,18.0,M,21.0,M,,*5E
$GPRMC,084727.00,A,5941.47584,N,02454.19338,E,21.04,16.9,140625,,,A*69
$GPVTG,16.9,T,,M,21.04,N,38.97,K,A*31
$HEHDT,7.3,T*2B
$VWVHW,7.3,T,,M,17.29,N,32.02,K*70
$GPGGA,084728.00,5941.48129,N,02454.19625,E,1,12,1.0,17.8,M,21.0,M,,*53
$GPRMC,084728.00,A,5941.48129,N,02454.19625,E,20.94,17.1,140625,,,A*62
$GPVTG,17.1,T,,M,20.94,N,38.78,K,A*31
$HEHDT,6.8,T*21
$VWVHW,6.8,T,,M,17.17,N,31.79,K*78
$GPGGA,084729.00,5941.48620,N,02454.19914,E,1,12,1.0,18.0,M,21.0,M,,*56
$GPRMC,084729.00,A,5941.48620,N,02454.19914,E,21.01,17.6,140625,,,A*6A
$GPVTG,17.6,T,,M,21.01,N,38.91,K,A*3C
$HEHDT,6.9,T*20
$VWVHW,6.9,T,,M,17.05,N,31.58,K*79
$GPGGA,084730.00,5941.49228,N,02454.20242,E,1,12,1.0,17.7,M,21.0,M,,*59
$GPRMC,084730.00,A,5941.49228,N,02454.20242,E,21.03,17.2,140625,,,A*6B
$GPVTG,17.2,T,,M,21.03,N,38.94,K,A*3F
$HEHDT,7.7,T*2F
$VWVHW,7.7,T,,M,17.21,N,31.87,K*72
$GPGSV,2,1,08,03,68,051,46,08,40,106,46,11,19,161,46,14,44,216,47*7F
$GPGSV,2,2,08,17,65,273,46,22,24,321,47,28,14,001,46,31,61,131,46*7D
$GAGSV,2,1,05,04,49,081,46,09,31,191,47,12,62,246,47,24,09,296,46*69
$GAGSV,2,2,05,31,21,031,46*5C
$GPZDA,084730.00,14,06,2025,00,00*68
$GPGGA,084731.00,5941.49751,N,02454.20614,E,1,12,1.0,17.7,M,21.0,M,,*54
$GPRMC,084731.00,A,5941.49751,N,02454.20614,E,21.03,17.2,140625,,,A*66
$GPVTG,17.2,T,,M,21.03,N,38.95,K,A*3E
$HEHDT,6.9,T*20
$VWVHW,6.9,T,,M,17.15,N,31.76,K*74
$GPGGA,084732.00,5941.50332,N,02454.20999,E,1,12,1.0,16.6,M,21.0,M,,*54
$GPRMC,084732.00,A,5941.50332,N,02454.20999,E,21.02,17.1,140625,,,A*64
$GPVTG,17.1,T,,M,21.02,N,38.93,K,A*3A
$HEHDT,6.9,T*20
$VWVHW,6.9,T,,M,17.16,N,31.78,K*79
$GPGGA,084733.00,5941.50888,N,02454.21273,E,1,12,1.0,18.1,M,21.0,M,,*58
$GPRMC,084733.00,A,5941.50888,N,02454.21273,E,20.93,16.5,140625,,,A*6D
$GPVTG,16.5,T,,M,20.93,N,38.76,K,A*3D
$HEHDT,6.7,T*2E
$VWVHW,6.7,T,,M,17.35,N,32.14,K*7F
$GPGGA,084734.00,5941.51471,N,02454.21614,E,1,12,1.0,18.1,M,21.0,M,,*51
$GPRMC,084734.00,A,5941.51471,N,02454.21614,E,20.95,17.3,140625,,,A*65
$GPVTG,17.3,T,,M,20.95,N,38.81,K,A*34
$HEHDT,7.6,T*2E
$VWVHW,7.6,T,,M,17.07,N,31.61,K*7F
$GPGGA,084735.00,5941.52039,N,02454.21922,E,1,12,1.0,17.5,M,21.0,M,,*5A
$GPRMC,084735.00,A,5941.52039,N,02454.21922,E,20.81,17.0,140625,,,A*63
$GPVTG,17.0,T,,M,20.81,N,38.54,K,A*3A
$HEHDT,7.1,T*29
$VWVHW,7.1,T,,M,17.13,N,31.72,K*7F
$GPGSV,2,1,08,03,68,051,46,08,40,106,45,11,19,161,46,14,44,216,46*7D
$GPGSV,2,2,08,17,65,273,45,22,24,321,45,28,14,001,46,31,61,131,46*7C
$GAGSV,2,1,05,04,49,081,46,09,31,191,46,12,62,246,46,24,09,296,46*69
$GAGSV,2,2,05,31,21,031,45*5F
$GPZDA,084735.00,14,06,2025,00,00*6D
$GPGGA,084736.00,5941.52549,N,02454.22219,E,1,12,1.0,17.8,M,21.0,M,,*56
$GPRMC,084736.00,A,5941.52549,N,02454.22219,E,20.94,17.3,140625,,,A*65
$GPVTG,17.3,T,,M,20.94,N,38.78,K,A*33
$HEHDT,7.3,T*2B
$VWVHW,7.3,T,,M,17.21,N,31.88,K*79
$GPGGA,084737.00,5941.53086,N,02454.22632,E,1,12,1.0,17.7,M,21.0,M,,*52
$GPRMC,084737.00,A,5941.53086,N,02454.22632,E,20.92,17.2,140625,,,A*69
$GPVTG,17.2,T,,M,20.92,N,38.75,K,A*39
$HEHDT,7.3,T*2B
$VWVHW,7.3,T,,M,17.03,N,31.55,K*79
$GPGGA,084738.00,5941.53675,N,02454.22928,E,1,12,1.0,17.1,M,21.0,M,,*55
$GPRMC,084738.00,A,5941.53675,N,02454.22928,E,21.08,16.4,140625,,,A*6D
$GPVTG,16.4,T,,M,21.08,N,39.04,K,A*3B
$HEHDT,7.6,T*2E
$VWVHW,7.6,T,,M,17.10,N,31.67,K*7F
$GPGGA,084739.00,5941.54177,N,02454.23319,E,1,12,1.0,17.2,M,21.0,M,,*5C
$GPRMC,084739.00,A,5941.54177,N,02454.23319,E,20.90,17.0,140625,,,A*62
$GPVTG,17.0,T,,M,20.90,N,38.70,K,A*3C
$HEHDT,6.9,T*20
$VWVHW,6.9,T,,M,17.10,N,31.68,K*7E
$GPGGA,084740.00,5941.54770,N,02454.23518,E,1,12,1.0,17.9,M,21.0,M,,*5F
$GPRMC,084740.00,A,5941.54770,N,02454.23518,E,20.81,17.1,140625,,,A*6B
$GPVTG,17.1,T,,M,20.81,N,38.53,K,A*3C
$HEHDT,7.2,T*2A
$VWVHW,7.2,T,,M,17.20,N,31.85,K*74
$GPGSV,2,1,08,03,68,051,47,08,40,106,46,11,19,161,46,14,44,216,46*7F
$GPGSV,2,2,08,17,65,273,47,22,24,321,46,28,14,001,46,31,61,131,46*7D
$GAGSV,2,1,05,04,49,081,46,09,31,191,46,12,62,246,46,24,09,296,46*69
$GAGSV,2,2,05,31,21,031,45*5F
$GPZDA,084740.00,14,06,2025,00,00*6F
$GPGGA,084741.00,5941.55348,N,02454.23846,E,1,12,1.0,17.7,M,21.0,M,,*58
$GPRMC,084741.00,A,5941.55348,N,02454.23846,E,20.88,17.1,140625,,,A*6B
$GPVTG,17.1,T,,M,20.88,N,38.67,K,A*32
$HEHDT,7.0,T*28
$VWVHW,7.0,T,,M,17.15,N,31.76,K*7C
$GPGGA,084742.00,5941.55865,N,02454.24193,E,1,12,1.0,17.3,M,21.0,M,,*5D
$GPRMC,084742.00,A,5941.55865,N,02454.24193,E,20.90,17.0,140625,,,A*62
$GPVTG,17.0,T,,M,20.90,N,38.71,K,A*3D
$HEHDT,7.2,T*2A
$VWVHW,7.2,T,,M,17.00,N,31.48,K*77
$GPGGA,084743.00,5941.56411,N,02454.24574,E,1,12,1.0,17.3,M,21.0,M,,*5D
$GPRMC,084743.00,A,5941.56411,N,02454.24574,E,20.92,17.2,140625,,,A*62
$GPVTG,17.2,T,,M,20.92,N,38.74,K,A*38
$HEHDT,7.2,T*2A
$VWVHW,7.2,T,,M,17.19,N,31.83,K*78
$GPGGA,084744.00,5941.56973,N,02454.24894,E,1,12,1.0,18.0,M,21.0,M,,*5C
$GPRMC,084744.00,A,5941.56973,N,02454.24894,E,20.91,16.7,140625,,,A*68
$GPVTG,16.7,T,,M,20.91,N,38.72,K,A*39
$HEHDT,7.4,T*2C
$VWVHW,7.4,T,,M,17.06,N,31.59,K*77
$GPGGA,084745.00,5941.57513,N,02454.25284,E,1,12,1.0,17.6,M,21.0,M,,*55
$GPRMC,084745.00,A,5941.57513,N,02454.25284,E,20.93,16.8,140625,,,A*65
$GPVTG,16.8,T,,M,20.93,N,38.77,K,A*31
$HEHDT,7.2,T*2A
$VWVHW,7.2,T,,M,17.03,N,31.53,K*7E
$GPGSV,2,1,08,03,68,051,46,08,40,106,46,11,19,161,45,14,44,216,47*7C
$GPGSV,2,2,08,17,65,273,46,22,24,321,46,28,14,001,45,31,61,131,46*7F
$GAGSV,2,1,05,04,49,081,46,09,31,191,46,12,62,246,46,24,09,296,46*69
$GAGSV,2,2,05,31,21,031,46*5C
$GPZDA,084745.00,14,06,2025,00,00*6A
$GPGGA,084746.00,5941.58095,N,02454.25567,E,1,12,1.0,17.7,M,21.0,M,,*59
$GPRMC,084746.00,A,5941.58095,N,02454.25567,E,20.85,17.3,140625,,,A*65
$GPVTG,17.3,T,,M,20.85,N,38.61,K,A*3B
$HEHDT,7.2,T*2A
$VWVHW,7.2,T,,M,17.06,N,31.59,K*71
$GPGGA,084747.00,5941.58623,N,02454.25965,E,1,12,1.0,17.1,M,21.0,M,,*5B
$GPRMC,084747.00,A,5941.58623,N,02454.25965,E,20.78,17.2,140625,,,A*62
$GPVTG,17.2,T,,M,20.78,N,38.49,K,A*32
$HEHDT,6.8,T*21
$VWVHW,6.8,T,,M,17.17,N,31.81,K*7F
$GPGGA,084748.00,5941.59098,N,02454.26296,E,1,12,1.0,17.3,M,21.0,M,,*55
$GPRMC,084748.00,A,5941.59098,N,02454.26296,E,20.92,17.1,140625,,,A*69
$GPVTG,17.1,T,,M,20.92,N,38.75,K,A*3A
$HEHDT,6.9,T*20
$VWVHW,6.9,T,,M,17.10,N,31.66,K*70
$GPGGA,084749.00,5941.59688,N,02454.26638,E,1,12,1.0,18.3,M,21.0,M,,*5C
$GPRMC,084749.00,A,5941.59688,N,02454.26638,E,20.83,17.0,140625,,,A*6E
$GPVTG,17.0,T,,M,20.83,N,38.57,K,A*3B
$HEHDT,7.3,T*2B
$VWVHW,7.3,T,,M,16.98,N,31.45,K*7B
$GPGGA,084750.00,5941.60259,N,02454.26957,E,1,12,1.0,17.9,M,21.0,M,,*55
$GPRMC,084750.00,A,5941.60259,N,02454.26957,E,20.95,17.1,140625,,,A*64
$GPVTG,17.1,T,,M,20.95,N,38.80,K,A*37
$HEHDT,7.2,T*2A
$VWVHW,7.2,T,,M,17.13,N,31.72,K*7C
$GPGSV,2,1,08,03,68,051,46,08,40,106,45,11,19,161,46,14,44,216,46*7D
$GPGSV,2,2,08,17,65,273,47,22,24,321,46,28,14,001,46,31,61,131,46*7D
$GAGSV,2,1,05,04,49,081,46,09,31,191,46,12,62,246,46,24,09,296,46*69
$GAGSV,2,2,05,31,21,031,46*5C
$GPZDA,084750.00,14,06,2025,00,00*6E
$GPGGA,084751.00,5941.60840,N,02454.27179,E,1,12,1.0,17.0,M,21.0,M,,*5A
$GPRMC,084751.00,A,5941.60840,N,02454.27179,E,21.02,17.3,140625,,,A*6F
$GPVTG,17.3,T,,M,21.02,N,38.93,K,A*38
$HEHDT,7.2,T*2A
$VWVHW,7.2,T,,M,17.02,N,31.52,K*7E
$GPGGA,084752.00,5941.61400,N,02454.27613,E,1,12,1.0,17.7,M,21.0,M,,*5C
$GPRMC,084752.00,A,5941.61400,N,02454.27613,E,20.90,16.8,140625,,,A*6E
$GPVTG,16.8,T,,M,20.90,N,38.71,K,A*34
$HEHDT,7.1,T*29
$VWVHW,7.1,T,,M,17.05,N,31.58,K*70
$GPGGA,084753.00,5941.61928,N,02454.27924,E,1,12,1.0,17.6,M,21.0,M,,*50
$GPRMC,084753.00,A,5941.61928,N,02454.27924,E,20.91,17.3,140625,,,A*68
$GPVTG,17.3,T,,M,20.91,N,38.73,K,A*3D
$HEHDT,7.3,T*2B
$VWVHW,7.3,T,,M,17.19,N,31.83,K*79
$GPGGA,084754.00,5941.62466,N,02454.28277,E,1,12,1.0,17.8,M,21.0,M,,*5F
$GPRMC,084754.00,A,5941.62466,N,02454.28277,E,20.84,17.1,140625,,,A*6F
$GPVTG,17.1,T,,M,20.84,N,38.60,K,A*39
$HEHDT,6.9,T*20
$VWVHW,6.9,T,,M,16.94,N,31.38,K*76
$GPGGA,084755.00,5941.63040,N,02454.28611,E,1,12,1.0,17.8,M,21.0,M,,*5B
$GPRMC,084755.00,A,5941.63040,N,02454.28611,E,20.80,17.2,140625,,,A*6C
$GPVTG,17.2,T,,M,20.80,N,38.52,K,A*3F
$HEHDT,7.3,T*2B
$VWVHW,7.3,T,,M,17.04,N,31.56,K*7D
$GPGSV,2,1,08,03,68,052,46,08,40,106,45,11,19,162,46,14,44,216,47*7C
$GPGSV,2,2,08,17,65,274,46,22,24,322,46,28,14,002,46,31,61,132,46*78
$GAGSV,2,1,05,04,49,082,46,09,31,192,46,12,62,246,46,24,09,296,46*69
$GAGSV,2,2,05,31,21,032,47*5E
$GPZDA,084755.00,14,06,2025,00,00*6B
$GPGGA,084756.00,5941.63607,N,02454.28924,E,1,12,1.0,17.8,M,21.0,M,,*54
$GPRMC,084756.00,A,5941.63607,N,02454.28924,E,20.74,17.1,140625,,,A*6B
$GPVTG,17.1,T,,M,20.74,N,38.42,K,A*36
$HEHDT,7.3,T*2B
$VWVHW,7.3,T,,M,16.96,N,31.40,K*70
$GPGGA,084757.00,5941.64144,N,02454.29318,E,1,12,1.0,17.8,M,21.0,M,,*56
$GPRMC,084757.00,A,5941.64144,N,02454.29318,E,20.62,17.3,140625,,,A*6C
$GPVTG,17.3,T,,M,20.62,N,38.19,K,A*3D
$HEHDT,7.4,T*2C
$VWVHW,7.4,T,,M,16.95,N,31.40,K*74
$GPGGA,084758.00,5941.64650,N,02454.29666,E,1,12,1.0,17.9,M,21.0,M,,*56
$GPRMC,084758.00,A,5941.64650,N,02454.29666,E,20.78,17.2,140625,,,A*67
$GPVTG,17.2,T,,M,20.78,N,38.48,K,A*33
$HEHDT,7.0,T*28
$VWVHW,7.0,T,,M,17.04,N,31.55,K*7D
$GPGGA,084759.00,5941.65208,N,02454.29964,E,1,12,1.0,18.6,M,21.0,M,,*52
$GPRMC,084759.00,A,5941.65208,N,02454.29964,E,20.95,16.9,140625,,,A*6A
$GPVTG,16.9,T,,M,20.95,N,38.79,K,A*38
$HEHDT,7.1,T*29
$VWVHW,7.1,T,,M,17.10,N,31.67,K*78
$GPGGA,084800.00,5941.65767,N,02454.30239,E,1,12,1.0,18.0,M,21.0,M,,*50
$GPRMC,084800.00,A,5941.65767,N,02454.30239,E,20.81,17.5,140625,,,A*66
$GPVTG,17.5,T,,M,20.81,N,38.54,K,A*3F
$HEHDT,7.1,T*29
$VWVHW,7.1,T,,M,16.90,N,31.29,K*7B
$GPGSV,2,1,08,03,68,052,46,08,40,107,46,11,19,162,46,14,44,217,46*7E
$GPGSV,2,2,08,17,65,274,45,22,24,322,46,28,14,002,47,31,61,132,46*7A
$GAGSV,2,1,05,04,49,082,46,09,31,192,45,12,62,247,46,24,09,297,45*69
$GAGSV,2,2,05,31,21,032,46*5F
$GPZDA,084800.00,14,06,2025,00,00*64
$GPGGA,084801.00,5941.66324,N,02454.30638,E,1,12,1.0,18.6,M,21.0,M,,*52
$GPRMC,084801.00,A,5941.66324,N,02454.30638,E,20.97,17.3,140625,,,A*63
$GPVTG,17.3,T,,M,20.97,N,38.84,K,A*33
$HEHDT,7.2,T*2A
$VWVHW,7.2,T,,M,17.10,N,31.66,K*7A
$GPGGA,084802.00,5941.66861,N,02454.30947,E,1,12,1.0,18.6,M,21.0,M,,*5C
$GPRMC,084802.00,A,5941.66861,N,02454.30947,E,20.81,17.0,140625,,,A*69
$GPVTG,17.0,T,,M,20.81,N,38.54,K,A*3A
$HEHDT,6.6,T*2F
$VWVHW,6.6,T,,M,17.12,N,31.70,K*7A
$GPGGA,084803.00,5941.67401,N,02454.31357,E,1,12,1.0,18.5,M,21.0,M,,*5F
$GPRMC,084803.00,A,5941.67401,N,02454.31357,E,20.78,17.2,140625,,,A*6D
$GPVTG,17.2,T,,M,20.78,N,38.48,K,A*33
$HEHDT,7.0,T*28
$VWVHW,7.0,T,,M,17.11,N,31.68,K*77
$GPGGA,084804.00,5941.67965,N,02454.31619,E,1,12,1.0,18.7,M,21.0,M,,*5A
$GPRMC,084804.00,A,5941.67965,N,02454.31619,E,20.80,17.0,140625,,,A*6F
$GPVTG,17.0,T,,M,20.80,N,38.52,K,A*3D
$HEHDT,7.4,T*2C
$VWVHW,7.4,T,,M,16.97,N,31.43,K*75
$GPGGA,084805.00,5941.68510,N,02454.31940,E,1,12,1.0,18.4,M,21.0,M,,*5A
$GPRMC,084805.00,A,5941.68510,N,02454.31940,E,20.73,17.3,140625,,,A*63
$GPVTG,17.3,T,,M,20.73,N,38.39,K,A*3F
$HEHDT,7.0,T*28
$VWVHW,7.0,T,,M,17.10,N,31.67,K*79
$GPGSV,2,1,08,03,68,052,46,08,40,107,46,11,18,162,47,14,44,217,46*7E
$GPGSV,2,2,08,17,65,274,46,22,24,322,46,28,14,002,46,31,61,132,46*78
$GAGSV,2,1,05,04,49,082,46,09,31,192,46,12,62,247,45,24,09,297,45*69
$GAGSV,2,2,05,31,21,032,47*5E
$GPZDA,084805.00,14,06,2025,00,00*61
$GPGGA,084806.00,5941.69068,N,02454.32282,E,1,12,1.0,18.5,M,21.0,M,,*55
$GPRMC,084806.00,A,5941.69068,N,02454.32282,E,20.75,16.9,140625,,,A*60
$GPVTG,16.9,T,,M,20.75,N,38.43,K,A*3F
$HEHDT,7.4,T*2C
$VWVHW,7.4,T,,M,17.03,N,31.54,K*7F
$GPGGA,084807.00,5941.69601,N,02454.32672,E,1,12,1.0,18.5,M,21.0,M,,*56
$GPRMC,084807.00,A,5941.69601,N,02454.32672,E,20.90,17.0,140625,,,A*60
$GPVTG,17.0,T,,M,20.90,N,38.70,K,A*3C
$HEHDT,7.0,T*28
$VWVHW,7.0,T,,M,17.05,N,31.58,K*71
$GPGGA,084808.00,5941.70159,N,02454.32926,E,1,12,1.0,17.9,M,21.0,M,,*56
$GPRMC,084808.00,A,5941.70159,N,02454.32926,E,20.88,16.7,140625,,,A*6C
$GPVTG,16.7,T,,M,20.88,N,38.67,K,A*35
$HEHDT,7.3,T*2B
$VWVHW,7.3,T,,M,16.97,N,31.43,K*72
$GPGGA,084809.00,5941.70712,N,02454.33314,E,1,12,1.0,18.5,M,21.0,M,,*57
$GPRMC,084809.00,A,5941.70712,N,02454.33314,E,20.87,17.5,140625,,,A*62
$GPVTG,17.5,T,,M,20.87,N,38.66,K,A*38
$HEHDT,6.9,T*20
$VWVHW,6.9,T,,M,17.15,N,31.77,K*75
$GPGGA,084810.00,5941.71266,N,02454.33609,E,1,12,1.0,18.0,M,21.0,M,,*54
$GPRMC,084810.00,A,5941.71266,N,02454.33609,E,20.83,17.6,140625,,,A*63
$GPVTG,17.6,T,,M,20.83,N,38.58,K,A*32
$HEHDT,7.0,T*28
$VWVHW,7.0,T,,M,17.01,N,31.51,K*7C
$GPGSV,2,1,08,03,68,052,45,08,40,107,46,11,18,162,46,14,44,217,46*7C
$GPGSV,2,2,08,17,65,274,46,22,24,322,46,28,14,002,46,31,61,132,46*78
$GAGSV,2,1,05,04,49,082,46,09,31,192,46,12,62,247,46,24,09,297,45*6A
$GAGSV,2,2,05,31,21,032,46*5F
$GPZDA,084810.00,14,06,2025,00,00*65
$GPGGA,084811.00,5941.71812,N,02454.33926,E,1,12,1.0,18.4,M,21.0,M,,*5A
$GPRMC,084811.00,A,5941.71812,N,02454.33926,E,20.85,17.0,140625,,,A*69
$GPVTG,17.0,T,,M,20.85,N,38.62,K,A*3B
$HEHDT,7.1,T*29
$VWVHW,7.1,T,,M,16.80,N,31.12,K*72
$GPGGA,084812.00,5941.72378,N,02454.34265,E,1,12,1.0,18.5,M,21.0,M,,*57
$GPRMC,084812.00,A,5941.72378,N,02454.34265,E,20.72,17.2,140625,,,A*6F
$GPVTG,17.2,T,,M,20.72,N,38.37,K,A*31
$HEHDT,6.8,T*21
$VWVHW,6.8,T,,M,16.94,N,31.37,K*78
$GPGGA,084813.00,5941.72972,N,02454.34656,E,1,12,1.0,18.4,M,21.0,M,,*53
$GPRMC,084813.00,A,5941.72972,N,02454.34656,E,20.78,16.9,140625,,,A*6A
$GPVTG,16.9,T,,M,20.78,N,38.49,K,A*38
$HEHDT,7.2,T*2A
$VWVHW,7.2,T,,M,16.99,N,31.46,K*78
$GPGGA,084814.00,5941.73507,N,02454.34968,E,1,12,1.0,18.0,M,21.0,M,,*5D
$GPRMC,084814.00,A,5941.73507,N,02454.34968,E,20.71,17.0,140625,,,A*61
$GPVTG,17.0,T,,M,20.71,N,38.35,K,A*32
$HEHDT,7.0,T*28
$VWVHW,7.0,T,,M,17.08,N,31.63,K*74
$GPGGA,084815.00,5941.74064,N,02454.35295,E,1,12,1.1,18.3,M,21.0,M,,*51
$GPRMC,084815.00,A,5941.74064,N,02454.35295,E,20.74,16.9,140625,,,A*62
$GPVTG,16.9,T,,M,20.74,N,38.40,K,A*3D
$HEHDT,6.9,T*20
$VWVHW,6.9,T,,M,16.78,N,31.08,K*77
$GPGSV,2,1,08,03,68,052,46,08,40,107,46,11,18,162,46,14,44,217,46*7F
$GPGSV,2,2,08,17,65,274,46,22,24,322,46,28,14,002,46,31,61,132,46*78
$GAGSV,2,1,05,04,49,082,47,09,31,192,46,12,62,247,46,24,09,297,46*68
$GAGSV,2,2,05,31,21,032,46*5F
$GPZDA,084815.00,14,06,2025,00,00*60
$GPGGA,084816.00,5941.74587,N,02454.35622,E,1,12,1.1,18.7,M,21.0,M,,*56
$GPRMC,084816.00,A,5941.74587,N,02454.35622,E,20.76,17.1,140625,,,A*6A
$GPVTG,17.1,T,,M,20.76,N,38.45,K,A*33
$HEHDT,7.6,T*2E
$VWVHW,7.6,T,,M,16.87,N,31.24,K*77
$GPGGA,084817.00,5941.75166,N,02454.35940,E,1,12,1.1,19.1,M,21.0,M,,*51
$GPRMC,084817.00,A,5941.75166,N,02454.35940,E,20.68,17.2,140625,,,A*66
$GPVTG,17.2,T,,M,20.68,N,38.30,K,A*3D
$HEHDT,7.2,T*2A
$VWVHW,7.2,T,,M,17.04,N,31.55,K*7F
$GPGGA,084818.00,5941.75696,N,02454.36274,E,1,12,1.1,19.0,M,21.0,M,,*58
$GPRMC,084818.00,A,5941.75696,N,02454.36274,E,20.72,16.6,140625,,,A*60
$GPVTG,16.6,T,,M,20.72,N,38.38,K,A*3B
$HEHDT,6.9,T*20
$VWVHW,6.9,T,,M,16.98,N,31.45,K*70
$GPGGA,084819.00,5941.76204,N,02454.36670,E,1,12,1.1,18.6,M,21.0,M,,*52
$GPRMC,084819.00,A,5941.76204,N,02454.36670,E,20.79,17.4,140625,,,A*65
$GPVTG,17.4,T,,M,20.79,N,38.50,K,A*3D
$HEHDT,6.9,T*20
$VWVHW,6.9,T,,M,17.14,N,31.74,K*77
$GPGGA,084820.00,5941.76752,N,02454.36978,E,1,12,1.1,18.2,M,21.0,M,,*5D
$GPRMC,084820.00,A,5941.76752,N,02454.36978,E,20.81,17.1,140625,,,A*6C
$GPVTG,17.1,T,,M,20.81,N,38.54,K,A*3B
$HEHDT,7.1,T*29
$VWVHW,7.1,T,,M,16.89,N,31.29,K*73
$GPGSV,2,1,08,03,68,052,46,08,40,107,46,11,18,162,46,14,44,217,46*7F
$GPGSV,2,2,08,17,65,274,45,22,24,322,46,28,14,002,46,31,61,132,45*78
$GAGSV,2,1,05,04,49,082,46,09,31,192,46,12,62,247,45,24,09,297,46*6A
$GAGSV,2,2,05,31,21,032,46*5F
$GPZDA,084820.00,14,06,2025,00,00*66
$GPGGA,084821.00,5941.77317,N,02454.37281,E,1,12,1.1,18.7,M,21.0,M,,*51
$GPRMC,084821.00,A,5941.77317,N,02454.37281,E,20.77,17.1,140625,,,A*6C
$GPVTG,17.1,T,,M,20.77,N,38.46,K,A*31
$HEHDT,6.6,T*2F
$VWVHW,6.6,T,,M,16.92,N,31.34,K*73
$GPGGA,084822.00,5941.77891,N,02454.37551,E,1,12,1.1,19.0,M,21.0,M,,*5B
$GPRMC,084822.00,A,5941.77891,N,02454.37551,E,20.89,17.2,140625,,,A*62
$GPVTG,17.2,T,,M,20.89,N,38.69,K,A*3E
$HEHDT,7.4,T*2C
$VWVHW,7.4,T,,M,16.90,N,31.31,K*77
$GPGGA,084823.00,5941.78451,N,02454.38008,E,1,12,1.1,19.0,M,21.0,M,,*53
$GPRMC,084823.00,A,5941.78451,N,02454.38008,E,20.81,17.4,140625,,,A*64
$GPVTG,17.4,T,,M,20.81,N,38.55,K,A*3F
$HEHDT,7.4,T*2C
$VWVHW,7.4,T,,M,17.01,N,31.50,K*79
$GPGGA,084824.00,5941.78984,N,02454.38277,E,1,12,1.1,18.8,M,21.0,M,,*52
$GPRMC,084824.00,A,5941.78984,N,02454.38277,E,20.81,17.2,140625,,,A*6A
$GPVTG,17.2,T,,M,20.81,N,38.54,K,A*38
$HEHDT,7.1,T*29
$VWVHW,7.1,T,,M,16.86,N,31.22,K*77
$GPGGA,084825.00,5941.79541,N,02454.38676,E,1,12,1.1,18.9,M,21.0,M,,*53
$GPRMC,084825.00,A,5941.79541,N,02454.38676,E,20.81,17.5,140625,,,A*6D
$GPVTG,17.5,T,,M,20.81,N,38.54,K,A*3F
$HEHDT,6.7,T*2E
$VWVHW,6.7,T,,M,16.98,N,31.45,K*7E
$GPGSV,2,1,08,03,68,052,46,08,40,107,46,11,18,162,46,14,44,217,46*7F
$GPGSV,2,2,08,17,65,274,46,22,24,322,46,28,14,002,46,31,61,132,46*78
$GAGSV,2,1,05,04,49,082,46,09,31,192,46,12,62,247,46,24,09,297,46*69
$GAGSV,2,2,05,31,21,032,47*5E
$GPZDA,084825.00,14,06,2025,00,00*63
$GPGGA,084826.00,5941.80099,N,02454.38958,E,1,12,1.1,18.4,M,21.0,M,,*58
$GPRMC,084826.00,A,5941.80099,N,02454.38958,E,20.87,17.3,140625,,,A*6B
$GPVTG,17.3,T,,M,20.87,N,38.65,K,A*3D
$HEHDT,6.6,T*2F
$VWVHW,6.6,T,,M,17.01,N,31.50,K*7A
$GPGGA,084827.00,5941.80637,N,02454.39316,E,1,12,1.1,18.9,M,21.0,M,,*57
$GPRMC,084827.00,A,5941.80637,N,02454.39316,E,20.73,17.2,140625,,,A*63
$GPVTG,17.2,T,,M,20.73,N,38.40,K,A*30
$HEHDT,7.2,T*2A
$VWVHW,7.2,T,,M,16.98,N,31.44,K*7B
$GPGGA,084828.00,5941.81189,N,02454.39672,E,1,12,1.1,17.9,M,21.0,M,,*53
$GPRMC,084828.00,A,5941.81189,N,02454.39672,E,20.89,17.1,140625,,,A*6E
$GPVTG,17.1,T,,M,20.89,N,38.70,K,A*35
$HEHDT,7.1,T*29
$VWVHW,7.1,T,,M,16.81,N,31.13,K*72
$GPGGA,084829.00,5941.81748,N,02454.40009,E,1,12,1.1,19.3,M,21.0,M,,*59
$GPRMC,084829.00,A,5941.81748,N,02454.40009,E,20.70,17.0,140625,,,A*67
$GPVTG,17.0,T,,M,20.70,N,38.34,K,A*32
$HEHDT,7.6,T*2E
$VWVHW,7.6,T,,M,16.91,N,31.31,K*74
$GPGGA,084830.00,5941.82315,N,02454.40348,E,1,12,1.1,18.6,M,21.0,M,,*5C
$GPRMC,084830.00,A,5941.82315,N,02454.40348,E,20.78,16.9,140625,,,A*66
$GPVTG,16.9,T,,M,20.78,N,38.48,K,A*39
$HEHDT,6.9,T*20
$VWVHW,6.9,T,,M,16.89,N,31.28,K*7B
$GPGSV,2,1,08,03,68,052,46,08,40,107,46,11,18,162,46,14,44,217,46*7F
$GPGSV,2,2,08,17,65,274,46,22,24,322,46,28,14,002,46,31,61,132,46*78
$GAGSV,2,1,05,04,49,082,46,09,31,192,46,12,62,247,45,24,09,297,46*6A
$GAGSV,2,2,05,31,21,032,47*5E
$GPZDA,084830.00,14,06,2025,00,00*67
$GPGGA,084831.00,5941.82864,N,02454.40685,E,1,12,1.1,18.8,M,21.0,M,,*5A
$GPRMC,084831.00,A,5941.82864,N,02454.40685,E,20.73,17.0,140625,,,A*6D
$GPVTG,17.0,T,,M,20.73,N,38.39,K,A*3C
$HEHDT,6.7,T*2E
$VWVHW,6.7,T,,M,17.02,N,31.52,K*7A
$GPGGA,084832.00,5941.83437,N,02454.40983,E,1,12,1.1,18.6,M,21.0,M,,*55
$GPRMC,084832.00,A,5941.83437,N,02454.40983,E,20.86,16.9,140625,,,A*6E
$GPVTG,16.9,T,,M,20.86,N,38.62,K,A*30
$HEHDT,7.4,T*2C
$VWVHW,7.4,T,,M,16.91,N,31.31,K*76
$GPGGA,084833.00,5941.83994,N,02454.41382,E,1,12,1.1,18.8,M,21.0,M,,*54
$GPRMC,084833.00,A,5941.83994,N,02454.41382,E,20.85,17.4,140625,,,A*6E
$GPVTG,17.4,T,,M,20.85,N,38.61,K,A*3C
$HEHDT,7.1,T*29
$VWVHW,7.1,T,,M,16.89,N,31.28,K*72
$GPGGA,084834.00,5941.84565,N,02454.41649,E,1,12,1.1,18.2,M,21.0,M,,*5E
$GPRMC,084834.00,A,5941.84565,N,02454.41649,E,20.71,17.1,140625,,,A*60
$GPVTG,17.1,T,,M,20.71,N,38.36,K,A*30
$HEHDT,6.8,T*21
$VWVHW,6.8,T,,M,16.95,N,31.39,K*77
$GPGGA,084835.00,5941.85083,N,02454.42065,E,1,12,1.1,18.8,M,21.0,M,,*52
$GPRMC,084835.00,A,5941.85083,N,02454.42065,E,20.85,17.3,140625,,,A*6F
$GPVTG,17.3,T,,M,20.85,N,38.62,K,A*38
$HEHDT,7.2,T*2A
$VWVHW,7.2,T,,M,17.13,N,31.72,K*7C
$GPGSV,2,1,08,03,68,052,45,08,40,107,47,11,18,162,46,14,44,217,46*7D
$GPGSV,2,2,08,17,65,274,46,22,24,322,46,28,14,002,47,31,61,132,47*78
$GAGSV,2,1,05,04,49,082,46,09,31,192,46,12,62,247,46,24,09,297,46*69
$GAGSV,2,2,05,31,21,032,46*5F
$GPZDA,084835.00,14,06,2025,00,00*62
$GPGGA,084836.00,5941.85637,N,02454.42327,E,1,12,1.1,19.3,M,21.0,M,,*57
$GPRMC,084836.00,A,5941.85637,N,02454.42327,E,20.71,17.5,140625,,,A*6D
$GPVTG,17.5,T,,M,20.71,N,38.35,K,A*37
$HEHDT,7.3,T*2B
$VWVHW,7.3,T,,M,17.00,N,31.48,K*76
$GPGGA,084837.00,5941.86216,N,02454.42745,E,1,12,1.1,18.8,M,21.0,M,,*58
$GPRMC,084837.00,A,5941.86216,N,02454.42745,E,20.81,17.1,140625,,,A*63
$GPVTG,17.1,T,,M,20.81,N,38.55,K,A*3A
$HEHDT,7.3,T*2B
$VWVHW,7.3,T,,M,17.09,N,31.66,K*73
$GPGGA,084838.00,5941.86720,N,02454.43030,E,1,12,1.1,19.7,M,21.0,M,,*5D
$GPRMC,084838.00,A,5941.86720,N,02454.43030,E,20.81,17.4,140625,,,A*6D
$GPVTG,17.4,T,,M,20.81,N,38.53,K,A*39
$HEHDT,6.9,T*20
$VWVHW,6.9,T,,M,17.03,N,31.54,K*73
$GPGGA,084839.00,5941.87240,N,02454.43436,E,1,12,1.1,19.4,M,21.0,M,,*5F
$GPRMC,084839.00,A,5941.87240,N,02454.43436,E,20.63,16.9,140625,,,A*6C
$GPVTG,16.9,T,,M,20.63,N,38.21,K,A*3C
$HEHDT,7.2,T*2A
$VWVHW,7.2,T,,M,16.91,N,31.32,K*73
$GPGGA,084840.00,5941.87848,N,02454.43811,E,1,12,1.1,19.3,M,21.0,M,,*5D
$GPRMC,084840.00,A,5941.87848,N,02454.43811,E,20.80,16.9,140625,,,A*64
$GPVTG,16.9,T,,M,20.80,N,38.52,K,A*35
$HEHDT,6.9,T*20
$VWVHW,6.9,T,,M,16.96,N,31.41,K*7A
$GPGSV,2,1,08,03,68,052,46,08,40,107,45,11,18,162,46,14,44,217,46*7C
$GPGSV,2,2,08,17,65,274,46,22,24,322,45,28,14,002,47,31,61,132,46*7A
$GAGSV,2,1,05,04,49,082,47,09,31,192,46,12,61,247,45,24,09,297,46*68
$GAGSV,2,2,05,31,21,032,45*5C
$GPZDA,084840.00,14,06,2025,00,00*60
$GPGGA,084841.00,5941.88375,N,02454.44122,E,1,12,1.1,19.1,M,21.0,M,,*5A
$GPRMC,084841.00,A,5941.88375,N,02454.44122,E,20.78,17.1,140625,,,A*6F
$GPVTG,17.1,T,,M,20.78,N,38.48,K,A*30
$HEHDT,7.0,T*28
$VWVHW,7.0,T,,M,16.82,N,31.15,K*76
$GPGGA,084842.00,5941.88906,N,02454.44506,E,1,12,1.1,18.7,M,21.0,M,,*52
$GPRMC,084842.00,A,5941.88906,N,02454.44506,E,20.71,17.5,140625,,,A*6D
$GPVTG,17.5,T,,M,20.71,N,38.35,K,A*37
$HEHDT,6.8,T*21
$VWVHW,6.8,T,,M,16.88,N,31.26,K*75
$GPGGA,084843.00,5941.89465,N,02454.44797,E,1,12,1.1,18.1,M,21.0,M,,*56
$GPRMC,084843.00,A,5941.89465,N,02454.44797,E,20.69,16.9,140625,,,A*6B
$GPVTG,16.9,T,,M,20.69,N,38.32,K,A*34
$HEHDT,7.0,T*28
$VWVHW,7.0,T,,M,16.80,N,31.11,K*70
$GPGGA,084844.00,5941.89965,N,02454.45131,E,1,12,1.1,17.9,M,21.0,M,,*50
$GPRMC,084844.00,A,5941.89965,N,02454.45131,E,20.69,17.3,140625,,,A*61
$GPVTG,17.3,T,,M,20.69,N,38.31,K,A*3C
$HEHDT,6.9,T*20
$VWVHW,6.9,T,,M,17.01,N,31.50,K*75
$GPGGA,084845.00,5941.90526,N,02454.45468,E,1,12,1.1,18.3,M,21.0,M,,*5E
$GPRMC,084845.00,A,5941.90526,N,02454.45468,E,20.82,17.1,140625,,,A*6D
$GPVTG,17.1,T,,M,20.82,N,38.57,K,A*3B
$HEHDT,7.4,T*2C
$VWVHW,7.4,T,,M,16.93,N,31.35,K*70
$GPGSV,2,1,08,03,68,052,45,08,40,107,46,11,18,162,46,14,44,217,46*7C
$GPGSV,2,2,08,17,65,274,46,22,24,322,46,28,14,002,47,31,61,132,47*78
$GAGSV,2,1,05,04,49,082,46,09,31,192,46,12,61,247,46,24,09,297,46*6A
$GAGSV,2,2,05,31,21,032,46*5F
$GPZDA,084845.00,14,06,2025,00,00*65
$GPGGA,084846.00,5941.91115,N,02454.45776,E,1,12,1.1,18.1,M,21.0,M,,*56
$GPRMC,084846.00,A,5941.91115,N,02454.45776,E,20.77,17.0,140625,,,A*6C
$GPVTG,17.0,T,,M,20.77,N,38.47,K,A*31
$HEHDT,7.2,T*2A
$VWVHW,7.2,T,,M,17.09,N,31.64,K*70
$GPGGA,084847.00,5941.91628,N,02454.46061,E,1,12,1.1,19.1,M,21.0,M,,*5D
$GPRMC,084847.00,A,5941.91628,N,02454.46061,E,20.80,17.1,140625,,,A*6F
$GPVTG,17.1,T,,M,20.80,N,38.52,K,A*3C
$HEHDT,6.7,T*2E
$VWVHW,6.7,T,,M,16.91,N,31.33,K*76
$GPGGA,084848.00,5941.92185,N,02454.46399,E,1,12,1.1,18.5,M,21.0,M,,*50
$GPRMC,084848.00,A,5941.92185,N,02454.46399,E,20.74,17.4,140625,,,A*69
$GPVTG,17.4,T,,M,20.74,N,38.40,K,A*31
$HEHDT,7.1,T*29
$VWVHW,7.1,T,,M,17.06,N,31.60,K*78
$GPGGA,084849.00,5941.92708,N,02454.46793,E,1,12,1.1,18.4,M,21.0,M,,*5D
$GPRMC,084849.00,A,5941.92708,N,02454.46793,E,20.78,17.3,140625,,,A*6E
$GPVTG,17.3,T,,M,20.78,N,38.49,K,A*33
$HEHDT,6.3,T*2A
$VWVHW,6.3,T,,M,16.74,N,31.00,K*79
$GPGGA,084850.00,5941.93274,N,02454.47000,E,1,12,1.1,17.9,M,21.0,M,,*54
$GPRMC,084850.00,A,5941.93274,N,02454.47000,E,20.63,17.1,140625,,,A*6D
$GPVTG,17.1,T,,M,20.63,N,38.21,K,A*35
$HEHDT,6.6,T*2F
$VWVHW,6.6,T,,M,16.98,N,31.45,K*7F
$GPGSV,2,1,08,03,68,052,46,08,40,107,45,11,18,162,46,14,44,217,47*7D
$GPGSV,2,2,08,17,65,274,46,22,24,322,46,28,14,002,45,31,61,132,46*7B
$GAGSV,2,1,05,04,49,082,46,09,31,192,45,12,61,247,46,24,09,297,46*69
$GAGSV,2,2,05,31,21,032,47*5E
$GPZDA,084850.00,14,06,2025,00,00*61
$GPGGA,084851.00,5941.93804,N,02454.47451,E,1,12,1.1,18.2,M,21.0,M,,*5C
$GPRMC,084851.00,A,5941.93804,N,02454.47451,E,20.74,17.0,140625,,,A*66
$GPVTG,17.0,T,,M,20.74,N,38.41,K,A*34
$HEHDT,7.0,T*28
$VWVHW,7.0,T,,M,17.01,N,31.49,K*75
$GPGGA,084852.00,5941.94346,N,02454.47800,E,1,12,1.1,18.6,M,21.0,M,,*59
$GPRMC,084852.00,A,5941.94346,N,02454.47800,E,20.88,17.1,140625,,,A*65
$GPVTG,17.1,T,,M,20.88,N,38.67,K,A*32
$HEHDT,7.1,T*29
$VWVHW,7.1,T,,M,16.94,N,31.37,K*70
$GPGGA,084853.00,5941.94882,N,02454.48024,E,1,12,1.1,18.4,M,21.0,M,,*58
$GPRMC,084853.00,A,5941.94882,N,02454.48024,E,20.82,17.2,140625,,,A*6F
$GPVTG,17.2,T,,M,20.82,N,38.56,K,A*39
$HEHDT,6.8,T*21
$VWVHW,6.8,T,,M,16.86,N,31.22,K*7F
$GPGGA,084854.00,5941.95471,N,02454.48382,E,1,12,1.1,18.4,M,21.0,M,,*51
$GPRMC,084854.00,A,5941.95471,N,02454.48382,E,20.78,17.2,140625,,,A*63
$GPVTG,17.2,T,,M,20.78,N,38.49,K,A*32
$HEHDT,7.2,T*2A
$VWVHW,7.2,T,,M,16.79,N,31.10,K*75
$GPGGA,084855.00,5941.96001,N,02454.48762,E,1,12,1.1,18.6,M,21.0,M,,*58
$GPRMC,084855.00,A,5941.96001,N,02454.48762,E,20.71,17.4,140625,,,A*67
$GPVTG,17.4,T,,M,20.71,N,38.36,K,A*35
$HEHDT,7.0,T*28
$VWVHW,7.0,T,,M,17.06,N,31.60,K*79
$GPGSV,2,1,08,03,68,052,46,08,40,107,46,11,18,162,45,14,44,217,45*7F
$GPGSV,2,2,08,17,65,274,46,22,24,322,46,28,14,002,46,31,61,132,45*7B
$GAGSV,2,1,05,04,49,082,46,09,31,192,46,12,61,247,46,24,09,297,46*6A
$GAGSV,2,2,05,31,21,032,46*5F
$GPZDA,084855.00,14,06,2025,00,00*64
$GPGGA,084856.00,5941.96534,N,02454.49139,E,1,12,1.1,18.3,M,21.0,M,,*54
$GPRMC,084856.00,A,5941.96534,N,02454.49139,E,20.75,17.2,140625,,,A*6C
$GPVTG,17.2,T,,M,20.75,N,38.44,K,A*32
$HEHDT,7.3,T*2B
$VWVHW,7.3,T,,M,16.98,N,31.45,K*7B
$GPGGA,084857.00,5941.97110,N,02454.49424,E,1,12,1.1,18.8,M,21.0,M,,*54
$GPRMC,084857.00,A,5941.97110,N,02454.49424,E,20.66,17.5,140625,,,A*62
$GPVTG,17.5,T,,M,20.66,N,38.27,K,A*32
$HEHDT,7.0,T*28
$VWVHW,7.0,T,,M,16.93,N,31.35,K*74
$GPGGA,084858.00,5941.97681,N,02454.49788,E,1,12,1.1,18.8,M,21.0,M,,*51
$GPRMC,084858.00,A,5941.97681,N,02454.49788,E,20.78,17.1,140625,,,A*6C
$GPVTG,17.1,T,,M,20.78,N,38.49,K,A*31
$HEHDT,7.4,T*2C
$VWVHW,7.4,T,,M,16.93,N,31.36,K*73
$GPGGA,084859.00,5941.98176,N,02454.50094,E,1,12,1.1,18.3,M,21.0,M,,*59
$GPRMC,084859.00,A,5941.98176,N,02454.50094,E,20.72,17.1,140625,,,A*65
$GPVTG,17.1,T,,M,20.72,N,38.37,K,A*32
$HEHDT,6.9,T*20
$VWVHW,6.9,T,,M,17.06,N,31.60,K*71
$GPGGA,084900.00,5941.98713,N,02454.50472,E,1,12,1.1,18.8,M,21.0,M,,*56
$GPRMC,084900.00,A,5941.98713,N,02454.50472,E,20.88,16.7,140625,,,A*63
$GPVTG,16.7,T,,M,20.88,N,38.66,K,A*34
$HEHDT,6.9,T*20
$VWVHW,6.9,T,,M,17.01,N,31.50,K*75
$GPGSV,2,1,08,03,68,052,46,08,40,107,47,11,18,162,46,14,44,217,46*7E
$GPGSV,2,2,08,17,65,274,46,22,24,322,45,28,14,002,46,31,61,132,47*7A
$GAGSV,2,1,05,04,49,082,46,09,31,192,46,12,61,247,46,24,09,297,46*6A
$GAGSV,2,2,05,31,21,032,46*5F
$GPZDA,084900.00,14,06,2025,00,00*65
$GPGGA,084901.00,5941.99261,N,02454.50777,E,1,12,1.1,18.4,M,21.0,M,,*5C
$GPRMC,084901.00,A,5941.99261,N,02454.50777,E,20.72,16.9,140625,,,A*6E
$GPVTG,16.9,T,,M,20.72,N,38.38,K,A*34
$HEHDT,7.3,T*2B
$VWVHW,7.3,T,,M,16.92,N,31.34,K*77
$GPGGA,084902.00,5941.99804,N,02454.51175,E,1,12,1.1,17.9,M,21.0,M,,*51
$GPRMC,084902.00,A,5941.99804,N,02454.51175,E,20.81,17.2,140625,,,A*67
$GPVTG,17.2,T,,M,20.81,N,38.53,K,A*3F
$HEHDT,7.2,T*2A
$VWVHW,7.2,T,,M,16.99,N,31.47,K*79
$GPGGA,084903.00,5942.00383,N,02454.51464,E,1,12,1.1,18.4,M,21.0,M,,*50
$GPRMC,084903.00,A,5942.00383,N,02454.51464,E,20.69,17.1,140625,,,A*61
$GPVTG,17.1,T,,M,20.69,N,38.31,K,A*3E
$HEHDT,7.0,T*28
$VWVHW,7.0,T,,M,17.06,N,31.60,K*79
$GPGGA,084904.00,5942.00926,N,02454.51876,E,1,12,1.1,18.5,M,21.0,M,,*5C
$GPRMC,084904.00,A,5942.00926,N,02454.51876,E,20.71,16.8,140625,,,A*6D
$GPVTG,16.8,T,,M,20.71,N,38.35,K,A*3B
$HEHDT,7.0,T*28
$VWVHW,7.0,T,,M,16.95,N,31.39,K*7E
$GPGGA,084905.00,5942.01452,N,02454.52156,E,1,12,1.1,18.0,M,21.0,M,,*5F
$GPRMC,084905.00,A,5942.01452,N,02454.52156,E,20.71,16.9,140625,,,A*6A
$GPVTG,16.9,T,,M,20.71,N,38.36,K,A*39
$HEHDT,7.1,T*29
$VWVHW,7.1,T,,M,17.05,N,31.58,K*70
$GPGSV,2,1,08,03,68,052,46,08,40,107,46,11,18,162,46,14,44,217,46*7F
$GPGSV,2,2,08,17,65,274,45,22,24,322,46,28,14,002,46,31,61,132,46*7B
$GAGSV,2,1,05,04,49,082,46,09,31,192,46,12,61,247,46,24,09,297,45*69
$GAGSV,2,2,05,31,21,032,46*5F
$GPZDA,084905.00,14,06,2025,00,00*60
$GPGGA,084906.00,5942.01974,N,02454.52438,E,1,12,1.1,18.2,M,21.0,M,,*5A
$GPRMC,084906.00,A,5942.01974,N,02454.52438,E,20.70,17.0,140625,,,A*64
$GPVTG,17.0,T,,M,20.70,N,38.34,K,A*32
$HEHDT,6.7,T*2E
$VWVHW,6.7,T,,M,16.96,N,31.41,K*74
$GPGGA,084907.00,5942.02571,N,02454.52837,E,1,12,1.1,18.5,M,21.0,M,,*55
$GPRMC,084907.00,A,5942.02571,N,02454.52837,E,20.68,17.0,140625,,,A*65
$GPVTG,17.0,T,,M,20.68,N,38.30,K,A*3F
$HEHDT,6.3,T*2A
$VWVHW,6.3,T,,M,16.98,N,31.45,K*7A
$GPGGA,084908.00,5942.03117,N,02454.53156,E,1,12,1.1,18.2,M,21.0,M,,*57
$GPRMC,084908.00,A,5942.03117,N,02454.53156,E,20.81,17.4,140625,,,A*63
$GPVTG,17.4,T,,M,20.81,N,38.53,K,A*39
$HEHDT,7.0,T*28
$VWVHW,7.0,T,,M,16.96,N,31.41,K*72
$GPGGA,084909.00,5942.03690,N,02454.53391,E,1,12,1.1,18.0,M,21.0,M,,*55
$GPRMC,084909.00,A,5942.03690,N,02454.53391,E,20.72,17.0,140625,,,A*6B
$GPVTG,17.0,T,,M,20.72,N,38.37,K,A*33
$HEHDT,7.3,T*2B
$VWVHW,7.3,T,,M,16.94,N,31.38,K*7D
$GPGGA,084910.00,5942.04254,N,02454.53792,E,1,12,1.1,17.9,M,21.0,M,,*57
$GPRMC,084910.00,A,5942.04254,N,02454.53792,E,20.76,17.4,140625,,,A*6F
$GPVTG,17.4,T,,M,20.76,N,38.44,K,A*37
$HEHDT,7.0,T*28
$VWVHW,7.0,T,,M,16.97,N,31.42,K*70
$GPGSV,2,1,08,03,68,052,45,08,40,107,46,11,18,162,46,14,44,217,45*7F
$GPGSV,2,2,08,17,65,274,46,22,24,322,45,28,14,002,46,31,61,132,47*7A
$GAGSV,2,1,05,04,49,082,46,09,31,192,46,12,61,247,46,24,09,297,46*6A
$GAGSV,2,2,05,31,21,032,46*5F
$GPZDA,084910.00,14,06,2025,00,00*64
$GPGGA,084911.00,5942.04794,N,02454.54106,E,1,12,1.1,17.9,M,21.0,M,,*53
$GPRMC,084911.00,A,5942.04794,N,02454.54106,E,20.85,17.4,140625,,,A*67
$GPVTG,17.4,T,,M,20.85,N,38.62,K,A*3F
$HEHDT,6.9,T*20
$VWVHW,6.9,T,,M,17.00,N,31.49,K*7C
$GPGGA,084912.00,5942.05358,N,02454.54521,E,1,12,1.1,17.5,M,21.0,M,,*58
$GPRMC,084912.00,A,5942.05358,N,02454.54521,E,20.83,17.4,140625,,,A*66
$GPVTG,17.4,T,,M,20.83,N,38.58,K,A*30
$HEHDT,7.1,T*29
$VWVHW,7.1,T,,M,17.01,N,31.50,K*7C
$GPGGA,084913.00,5942.05900,N,02454.54782,E,1,12,1.1,17.6,M,21.0,M,,*56
$GPRMC,084913.00,A,5942.05900,N,02454.54782,E,20.83,17.0,140625,,,A*6F
$GPVTG,17.0,T,,M,20.83,N,38.58,K,A*34
$HEHDT,7.3,T*2B
$VWVHW,7.3,T,,M,17.09,N,31.66,K*73
$GPGGA,084914.00,5942.06420,N,02454.55037,E,1,12,1.1,18.0,M,21.0,M,,*5C
$GPRMC,084914.00,A,5942.06420,N,02454.55037,E,20.76,17.1,140625,,,A*67
$GPVTG,17.1,T,,M,20.76,N,38.45,K,A*33
$HEHDT,6.6,T*2F
$VWVHW,6.6,T,,M,16.78,N,31.07,K*77
$GPGGA,084915.00,5942.06952,N,02454.55473,E,1,12,1.1,17.6,M,21.0,M,,*58
$GPRMC,084915.00,A,5942.06952,N,02454.55473,E,20.79,17.0,140625,,,A*64
$GPVTG,17.0,T,,M,20.79,N,38.50,K,A*39
$HEHDT,7.2,T*2A
$VWVHW,7.2,T,,M,16.99,N,31.46,K*78
$GPGSV,2,1,08,03,68,052,46,08,40,107,46,11,18,162,46,14,44,217,45*7C
$GPGSV,2,2,08,17,65,274,46,22,24,322,47,28,14,002,46,31,61,132,46*79
$GAGSV,2,1,05,04,49,082,46,09,31,192,46,12,61,247,46,24,09,297,46*6A
$GAGSV,2,2,05,31,21,032,47*5E
$GPZDA,084915.00,14,06,2025,00,00*61
$GPGGA,084916.00,5942.07494,N,02454.55749,E,1,12,1.1,18.2,M,21.0,M,,*5C
$GPRMC,084916.00,A,5942.07494,N,02454.55749,E,20.77,16.9,140625,,,A*6D
$GPVTG,16.9,T,,M,20.77,N,38.48,K,A*36
$HEHDT,7.1,T*29
$VWVHW,7.1,T,,M,17.06,N,31.60,K*78
$GPGGA,084917.00,5942.08057,N,02454.56157,E,1,12,1.1,18.0,M,21.0,M,,*51
$GPRMC,084917.00,A,5942.08057,N,02454.56157,E,20.76,17.0,140625,,,A*6B
$GPVTG,17.0,T,,M,20.76,N,38.44,K,A*33
$HEHDT,6.4,T*2D
$VWVHW,6.4,T,,M,17.05,N,31.58,K*74
$GPGGA,084918.00,5942.08590,N,02454.56469,E,1,12,1.1,17.9,M,21.0,M,,*5E
$GPRMC,084918.00,A,5942.08590,N,02454.56469,E,20.81,17.0,140625,,,A*6A
$GPVTG,17.0,T,,M,20.81,N,38.54,K,A*3A
$HEHDT,7.1,T*29
$VWVHW,7.1,T,,M,17.05,N,31.58,K*70
$GPGGA,084919.00,5942.09130,N,02454.56914,E,1,12,1.1,17.1,M,21.0,M,,*5F
$GPRMC,084919.00,A,5942.09130,N,02454.56914,E,20.89,16.8,140625,,,A*62
$GPVTG,16.8,T,,M,20.89,N,38.68,K,A*34
$HEHDT,7.2,T*2A
$VWVHW,7.2,T,,M,17.08,N,31.64,K*71
$GPGGA,084920.00,5942.09692,N,02454.57171,E,1,12,1.1,17.1,M,21.0,M,,*50
$GPRMC,084920.00,A,5942.09692,N,02454.57171,E,20.83,17.3,140625,,,A*6D
$GPVTG,17.3,T,,M,20.83,N,38.58,K,A*37
$HEHDT,6.9,T*20
$VWVHW,6.9,T,,M,17.19,N,31.84,K*75
$GPGSV,2,1,08,03,68,052,46,08,40,107,46,11,18,162,46,14,43,217,47*79
$GPGSV,2,2,08,17,65,274,46,22,24,322,46,28,14,002,46,31,61,132,46*78
$GAGSV,2,1,05,04,49,082,46,09,31,192,46,12,61,247,46,24,09,297,46*6A
$GAGSV,2,2,05,31,21,032,46*5F
$GPZDA,084920.00,14,06,2025,00,00*67
$GPGGA,084921.00,5942.10260,N,02454.57492,E,1,12,1.1,17.1,M,21.0,M,,*58
$GPRMC,084921.00,A,5942.10260,N,02454.57492,E,20.82,17.2,140625,,,A*65
$GPVTG,17.2,T,,M,20.82,N,38.56,K,A*39
$HEHDT,7.2,T*2A
$VWVHW,7.2,T,,M,16.87,N,31.24,K*73
$GPGGA,084922.00,5942.10845,N,02454.57842,E,1,12,1.1,17.8,M,21.0,M,,*5E
$GPRMC,084922.00,A,5942.10845,N,02454.57842,E,20.81,17.0,140625,,,A*6B
$GPVTG,17.0,T,,M,20.81,N,38.54,K,A*3A
$HEHDT,7.0,T*28
$VWVHW,7.0,T,,M,17.00,N,31.49,K*74
$GPGGA,084923.00,5942.11336,N,02454.58163,E,1,12,1.1,17.7,M,21.0,M,,*5B
$GPRMC,084923.00,A,5942.11336,N,02454.58163,E,20.87,17.1,140625,,,A*66
$GPVTG,17.1,T,,M,20.87,N,38.66,K,A*3C
$HEHDT,7.0,T*28
$VWVHW,7.0,T,,M,17.16,N,31.79,K*70
$GPGGA,084924.00,5942.11884,N,02454.58563,E,1,12,1.1,17.5,M,21.0,M,,*58
$GPRMC,084924.00,A,5942.11884,N,02454.58563,E,20.84,17.4,140625,,,A*61
$GPVTG,17.4,T,,M,20.84,N,38.60,K,A*3C
$HEHDT,6.9,T*20
$VWVHW,6.9,T,,M,16.98,N,31.45,K*70
$GPGGA,084925.00,5942.12452,N,02454.58773,E,1,12,1.1,16.9,M,21.0,M,,*53
$GPRMC,084925.00,A,5942.12452,N,02454.58773,E,20.81,17.2,140625,,,A*64
$GPVTG,17.2,T,,M,20.81,N,38.55,K,A*39
$HEHDT,7.1,T*29
$VWVHW,7.1,T,,M,17.11,N,31.69,K*77
$GPGSV,2,1,08,03,68,052,46,08,40,107,46,11,18,162,46,14,43,217,45*7B
$GPGSV,2,2,08,17,65,274,46,22,24,322,46,28,14,002,46,31,61,132,45*7B
$GAGSV,2,1,05,04,49,082,46,09,31,192,46,12,61,247,47,24,09,297,46*6B
$GAGSV,2,2,05,31,21,032,46*5F
$GPZDA,084925.00,14,06,2025,00,00*62
$GPGGA,084926.00,5942.12990,N,02454.59168,E,1,12,1.1,17.6,M,21.0,M,,*50
$GPRMC,084926.00,A,5942.12990,N,02454.59168,E,20.91,17.1,140625,,,A*6B
$GPVTG,17.1,T,,M,20.91,N,38.72,K,A*3E
$HEHDT,7.1,T*29
$VWVHW,7.1,T,,M,17.08,N,31.64,K*72
$GPGGA,084927.00,5942.13515,N,02454.59516,E,1,12,1.1,16.9,M,21.0,M,,*52
$GPRMC,084927.00,A,5942.13515,N,02454.59516,E,20.95,17.0,140625,,,A*62
$GPVTG,17.0,T,,M,20.95,N,38.79,K,A*30
$HEHDT,7.5,T*2D
$VWVHW,7.5,T,,M,17.04,N,31.56,K*7B
$GPGGA,084928.00,5942.14109,N,02454.59901,E,1,12,1.1,17.2,M,21.0,M,,*53
$GPRMC,084928.00,A,5942.14109,N,02454.59901,E,20.90,17.5,140625,,,A*69
$GPVTG,17.5,T,,M,20.90,N,38.71,K,A*38
$HEHDT,7.3,T*2B
$VWVHW,7.3,T,,M,17.13,N,31.72,K*7D
$GPGGA,084929.00,5942.14674,N,02454.60113,E,1,12,1.1,16.7,M,21.0,M,,*5A
$GPRMC,084929.00,A,5942.14674,N,02454.60113,E,20.87,17.2,140625,,,A*65
$GPVTG,17.2,T,,M,20.87,N,38.65,K,A*3C
$HEHDT,7.1,T*29
$VWVHW,7.1,T,,M,16.97,N,31.43,K*70
$GPGGA,084930.00,5942.15202,N,02454.60516,E,1,12,1.1,17.2,M,21.0,M,,*53
$GPRMC,084930.00,A,5942.15202,N,02454.60516,E,20.83,17.5,140625,,,A*6B
$GPVTG,17.5,T,,M,20.83,N,38.57,K,A*3E
$HEHDT,6.8,T*21
$VWVHW,6.8,T,,M,17.04,N,31.57,K*76
$GPGSV,2,1,08,03,68,052,46,08,40,107,46,11,18,162,46,14,43,217,46*78
$GPGSV,2,2,08,17,65,274,45,22,24,322,46,28,14,002,47,31,61,132,45*79
$GAGSV,2,1,05,04,49,082,46,09,31,192,46,12,61,247,46,24,09,297,46*6A
$GAGSV,2,2,05,31,21,032,46*5F
$GPZDA,084930.00,14,06,2025,00,00*66
$GPGGA,084931.00,5942.15743,N,02454.60751,E,1,12,1.1,16.8,M,21.0,M,,*58
$GPRMC,084931.00,A,5942.15743,N,02454.60751,E,20.80,17.3,140625,,,A*6E
$GPVTG,17.3,T,,M,20.80,N,38.51,K,A*3D
$HEHDT,7.4,T*2C
$VWVHW,7.4,T,,M,17.04,N,31.56,K*7A
$GPGGA,084932.00,5942.16292,N,02454.61173,E,1,12,1.1,17.7,M,21.0,M,,*58
$GPRMC,084932.00,A,5942.16292,N,02454.61173,E,20.74,16.9,140625,,,A*60
$GPVTG,16.9,T,,M,20.74,N,38.42,K,A*3F
$HEHDT,7.1,T*29
$VWVHW,7.1,T,,M,17.01,N,31.50,K*7C
$GPGGA,084933.00,5942.16832,N,02454.61552,E,1,12,1.1,16.7,M,21.0,M,,*5F
$GPRMC,084933.00,A,5942.16832,N,02454.61552,E,20.92,16.7,140625,,,A*60
$GPVTG,16.7,T,,M,20.92,N,38.74,K,A*3C
$HEHDT,7.3,T*2B
$VWVHW,7.3,T,,M,17.17,N,31.81,K*75
$GPGGA,084934.00,5942.17400,N,02454.61838,E,1,12,1.1,17.0,M,21.0,M,,*53
$GPRMC,084934.00,A,5942.17400,N,02454.61838,E,20.91,17.2,140625,,,A*6D
$GPVTG,17.2,T,,M,20.91,N,38.72,K,A*3D
$HEHDT,7.1,T*29
$VWVHW,7.1,T,,M,17.01,N,31.51,K*7D
$GPGGA,084935.00,5942.17924,N,02454.62144,E,1,12,1.1,16.7,M,21.0,M,,*5E
$GPRMC,084935.00,A,5942.17924,N,02454.62144,E,20.87,17.0,140625,,,A*63
$GPVTG,17.0,T,,M,20.87,N,38.65,K,A*3E
$HEHDT,7.5,T*2D
$VWVHW,7.5,T,,M,17.08,N,31.63,K*71
$GPGSV,2,1,08,03,68,052,45,08,40,107,46,11,18,162,45,14,43,217,46*78
$GPGSV,2,2,08,17,65,274,47,22,24,322,46,28,14,002,46,31,61,132,46*79
$GAGSV,2,1,05,04,49,082,46,09,31,192,46,12,61,247,46,24,09,297,46*6A
$GAGSV,2,2,05,31,21,032,46*5F
$GPZDA,084935.00,14,06,2025,00,00*63
$GPGGA,084936.00,5942.18500,N,02454.62496,E,1,12,1.1,16.8,M,21.0,M,,*5D
$GPRMC,084936.00,A,5942.18500,N,02454.62496,E,20.81,17.3,140625,,,A*6A
$GPVTG,17.3,T,,M,20.81,N,38.53,K,A*3E
$HEHDT,7.0,T*28
$VWVHW,7.0,T,,M,17.13,N,31.73,K*7F
$GPGGA,084937.00,5942.19031,N,02454.62847,E,1,12,1.1,16.9,M,21.0,M,,*5B
$GPRMC,084937.00,A,5942.19031,N,02454.62847,E,20.79,17.4,140625,,,A*6D
$GPVTG,17.4,T,,M,20.79,N,38.51,K,A*3C
$HEHDT,7.5,T*2D
$VWVHW,7.5,T,,M,17.06,N,31.60,K*7C
$GPGGA,084938.00,5942.19564,N,02454.63197,E,1,12,1.1,17.1,M,21.0,M,,*5D
$GPRMC,084938.00,A,5942.19564,N,02454.63197,E,20.95,16.8,140625,,,A*6D
$GPVTG,16.8,T,,M,20.95,N,38.79,K,A*39
$HEHDT,7.2,T*2A
$VWVHW,7.2,T,,M,17.05,N,31.57,K*7C
$GPGGA,084939.00,5942.20130,N,02454.63538,E,1,12,1.1,17.6,M,21.0,M,,*55
$GPRMC,084939.00,A,5942.20130,N,02454.63538,E,20.91,17.0,140625,,,A*6F
$GPVTG,17.0,T,,M,20.91,N,38.72,K,A*3F
$HEHDT,7.2,T*2A
$VWVHW,7.2,T,,M,17.19,N,31.84,K*7F
$GPGGA,084940.00,5942.20694,N,02454.63888,E,1,12,1.1,16.8,M,21.0,M,,*5B
$GPRMC,084940.00,A,5942.20694,N,02454.63888,E,20.86,16.8,140625,,,A*61
$GPVTG,16.8,T,,M,20.86,N,38.63,K,A*30
$HEHDT,7.0,T*28
$VWVHW,7.0,T,,M,17.12,N,31.71,K*7C
$GPGSV,2,1,08,03,68,052,46,08,40,107,46,11,18,162,46,14,43,217,46*78
$GPGSV,2,2,08,17,65,274,46,22,24,322,47,28,14,002,45,31,61,132,46*7A
$GAGSV,2,1,05,04,49,082,46,09,31,192,46,12,61,247,46,24,09,297,45*69
$GAGSV,2,2,05,31,21,032,46*5F
$GPZDA,084940.00,14,06,2025,00,00*61
$GPGGA,084941.00,5942.21243,N,02454.64199,E,1,12,1.1,17.2,M,21.0,M,,*50
$GPRMC,084941.00,A,5942.21243,N,02454.64199,E,20.84,16.9,140625,,,A*62
$GPVTG,16.9,T,,M,20.84,N,38.59,K,A*3A
$HEHDT,7.1,T*29
$VWVHW,7.1,T,,M,17.01,N,31.49,K*74
$GPGGA,084942.00,5942.21797,N,02454.64555,E,1,12,1.1,17.2,M,21.0,M,,*5B
$GPRMC,084942.00,A,5942.21797,N,02454.64555,E,20.85,16.8,140625,,,A*69
$GPVTG,16.8,T,,M,20.85,N,38.61,K,A*31
$HEHDT,7.2,T*2A
$VWVHW,7.2,T,,M,17.18,N,31.82,K*78
$GPGGA,084943.00,5942.22361,N,02454.64842,E,1,12,1.1,16.6,M,21.0,M,,*5A
$GPRMC,084943.00,A,5942.22361,N,02454.64842,E,20.79,16.9,140625,,,A*6F
$GPVTG,16.9,T,,M,20.79,N,38.50,K,A*31
$HEHDT,7.2,T*2A
$VWVHW,7.2,T,,M,17.14,N,31.75,K*7C
$GPGGA,084944.00,5942.22942,N,02454.65156,E,1,12,1.1,17.5,M,21.0,M,,*59
$GPRMC,084944.00,A,5942.22942,N,02454.65156,E,20.94,17.2,140625,,,A*67
$GPVTG,17.2,T,,M,20.94,N,38.79,K,A*33
$HEHDT,7.2,T*2A
$VWVHW,7.2,T,,M,17.09,N,31.65,K*71
$GPGGA,084945.00,5942.23423,N,02454.65482,E,1,12,1.1,16.4,M,21.0,M,,*5F
$GPRMC,084945.00,A,5942.23423,N,02454.65482,E,20.82,17.2,140625,,,A*66
$GPVTG,17.2,T,,M,20.82,N,38.56,K,A*39
$HEHDT,7.6,T*2E
$VWVHW,7.6,T,,M,17.10,N,31.67,K*7F
$GPGSV,2,1,08,03,68,052,46,08,40,107,46,11,18,162,46,14,43,217,46*78
$GPGSV,2,2,08,17,65,274,46,22,24,322,46,28,14,002,46,31,61,132,46*78
$GAGSV,2,1,05,04,49,082,46,09,31,192,46,12,61,247,45,24,09,297,46*69
$GAGSV,2,2,05,31,21,032,45*5C
$GPZDA,084945.00,14,06,2025,00,00*64
$GPGGA,084946.00,5942.23994,N,02454.65864,E,1,12,1.1,17.2,M,21.0,M,,*5E
$GPRMC,084946.00,A,5942.23994,N,02454.65864,E,20.88,16.8,140625,,,A*61
$GPVTG,16.8,T,,M,20.88,N,38.66,K,A*3B
$HEHDT,7.1,T*29
$VWVHW,7.1,T,,M,16.98,N,31.45,K*79
$GPGGA,084947.00,5942.24545,N,02454.66249,E,1,12,1.1,16.7,M,21.0,M,,*5A
$GPRMC,084947.00,A,5942.24545,N,02454.66249,E,20.94,17.0,140625,,,A*65
$GPVTG,17.0,T,,M,20.94,N,38.79,K,A*31
$HEHDT,6.8,T*21
$VWVHW,6.8,T,,M,17.13,N,31.73,K*76
$GPGGA,084948.00,5942.25117,N,02454.66570,E,1,12,1.1,16.5,M,21.0,M,,*58
$GPRMC,084948.00,A,5942.25117,N,02454.66570,E,20.99,17.0,140625,,,A*68
$GPVTG,17.0,T,,M,20.99,N,38.88,K,A*32
$HEHDT,7.5,T*2D
$VWVHW,7.5,T,,M,17.11,N,31.68,K*72
$GPGGA,084949.00,5942.25673,N,02454.66867,E,1,12,1.1,16.4,M,21.0,M,,*56
$GPRMC,084949.00,A,5942.25673,N,02454.66867,E,20.99,17.1,140625,,,A*66
$GPVTG,17.1,T,,M,20.99,N,38.87,K,A*3C
$HEHDT,7.1,T*29
$VWVHW,7.1,T,,M,16.94,N,31.38,K*7F
$GPGGA,084950.00,5942.26208,N,02454.67243,E,1,12,1.1,16.6,M,21.0,M,,*5A
$GPRMC,084950.00,A,5942.26208,N,02454.67243,E,21.08,17.1,140625,,,A*61
$GPVTG,17.1,T,,M,21.08,N,39.04,K,A*3F
$HEHDT,6.9,T*20
$VWVHW,6.9,T,,M,17.05,N,31.58,K*79
$GPGSV,2,1,08,03,68,052,46,08,40,107,45,11,18,162,46,14,43,217,47*7A
$GPGSV,2,2,08,17,65,274,46,22,24,322,46,28,14,002,46,31,61,132,45*7B
$GAGSV,2,1,05,04,49,082,46,09,31,192,45,12,61,247,46,24,09,297,46*69
$GAGSV,2,2,05,31,21,032,46*5F
$GPZDA,084950.00,14,06,2025,00,00*60
$GPGGA,084951.00,5942.26764,N,02454.67607,E,1,12,1.1,17.0,M,21.0,M,,*57
$GPRMC,084951.00,A,5942.26764,N,02454.67607,E,20.77,17.3,140625,,,A*60
$GPVTG,17.3,T,,M,20.77,N,38.47,K,A*32
$HEHDT,7.1,T*29
$VWVHW,7.1,T,,M,17.12,N,31.71,K*7D
$GPGGA,084952.00,5942.27314,N,02454.67973,E,1,12,1.1,16.8,M,21.0,M,,*53
$GPRMC,084952.00,A,5942.27314,N,02454.67973,E,21.01,16.8,140625,,,A*67
$GPVTG,16.8,T,,M,21.01,N,38.91,K,A*33
$HEHDT,7.2,T*2A
$VWVHW,7.2,T,,M,17.12,N,31.71,K*7E
$GPGGA,084953.00,5942.27859,N,02454.68255,E,1,12,1.1,17.6,M,21.0,M,,*5F
$GPRMC,084953.00,A,5942.27859,N,02454.68255,E,21.07,17.4,140625,,,A*6F
$GPVTG,17.4,T,,M,21.07,N,39.01,K,A*30
$HEHDT,7.3,T*2B
$VWVHW,7.3,T,,M,17.22,N,31.90,K*73
$GPGGA,084954.00,5942.28449,N,02454.68579,E,1,12,1.1,16.8,M,21.0,M,,*5C
$GPRMC,084954.00,A,5942.28449,N,02454.68579,E,20.95,17.1,140625,,,A*6C
$GPVTG,17.1,T,,M,20.95,N,38.80,K,A*37
$HEHDT,6.8,T*21
$VWVHW,6.8,T,,M,17.22,N,31.88,K*70
$GPGGA,084955.00,5942.29000,N,02454.68919,E,1,12,1.1,16.7,M,21.0,M,,*50
$GPRMC,084955.00,A,5942.29000,N,02454.68919,E,20.77,17.0,140625,,,A*62
$GPVTG,17.0,T,,M,20.77,N,38.46,K,A*30
$HEHDT,7.5,T*2D
$VWVHW,7.5,T,,M,17.21,N,31.87,K*70
$GPGSV,2,1,08,03,68,052,46,08,40,107,46,11,18,162,47,14,43,217,46*79
$GPGSV,2,2,08,17,65,274,46,22,24,322,46,28,14,002,46,31,61,132,46*78
$GAGSV,2,1,05,04,49,082,46,09,31,192,46,12,61,247,46,24,09,297,46*6A
$GAGSV,2,2,05,31,21,032,46*5F
$GPZDA,084955.00,14,06,2025,00,00*65
$GPGGA,084956.00,5942.29568,N,02454.69163,E,1,12,1.1,17.0,M,21.0,M,,*5A
$GPRMC,084956.00,A,5942.29568,N,02454.69163,E,20.91,16.8,140625,,,A*6F
$GPVTG,16.8,T,,M,20.91,N,38.72,K,A*36
$HEHDT,7.1,T*29
$VWVHW,7.1,T,,M,17.18,N,31.81,K*78
$GPGGA,084957.00,5942.30137,N,02454.69619,E,1,12,1.1,17.1,M,21.0,M,,*56
$GPRMC,084957.00,A,5942.30137,N,02454.69619,E,20.94,17.2,140625,,,A*6C
$GPVTG,17.2,T,,M,20.94,N,38.78,K,A*32
$HEHDT,7.1,T*29
$VWVHW,7.1,T,,M,17.07,N,31.62,K*7B
$GPGGA,084958.00,5942.30740,N,02454.69910,E,1,12,1.1,17.4,M,21.0,M,,*5C
$GPRMC,084958.00,A,5942.30740,N,02454.69910,E,20.85,16.9,140625,,,A*69
$GPVTG,16.9,T,,M,20.85,N,38.61,K,A*30
$HEHDT,7.1,T*29
$VWVHW,7.1,T,,M,17.16,N,31.79,K*71
$GPGGA,084959.00,5942.31246,N,02454.70246,E,1,12,1.1,17.6,M,21.0,M,,*5D
$GPRMC,084959.00,A,5942.31246,N,02454.70246,E,20.89,16.8,140625,,,A*67
$GPVTG,16.8,T,,M,20.89,N,38.69,K,A*35
$HEHDT,7.0,T*28
$VWVHW,7.0,T,,M,17.11,N,31.69,K*76
$GPGGA,085000.00,5942.31819,N,02454.70599,E,1,12,1.1,17.1,M,21.0,M,,*5B
$GPRMC,085000.00,A,5942.31819,N,02454.70599,E,21.01,17.0,140625,,,A*6E
$GPVTG,17.0,T,,M,21.01,N,38.91,K,A*3A
$HEHDT,7.1,T*29
$VWVHW,7.1,T,,M,17.09,N,31.64,K*73
$GPGSV,2,1,08,03,68,052,47,08,40,107,46,11,18,162,46,14,43,217,47*78
$GPGSV,2,2,08,17,65,274,46,22,24,322,46,28,14,002,46,31,61,132,46*78
$GAGSV,2,1,05,04,49,082,46,09,31,192,46,12,61,247,47,24,09,297,46*6B
$GAGSV,2,2,05,31,21,032,46*5F
$GPZDA,085000.00,14,06,2025,00,00*6D
